# MvsR for poly none
#   Gamma = 2.000000e+00
#   K     = 1.000000e+02
# rho_c, R_iso, M, Mb, R, Lambda, e_c, R_inv
 2.236068e-04 1.134474e+01 4.691064e-01 4.786103e-01 1.181870e+01 1.314205e+06 2.286068e-04 1.211264e+01
 2.243804e-04 1.134107e+01 4.704544e-01 4.800153e-01 1.181640e+01 1.292999e+06 2.294151e-04 1.211124e+01
 2.251568e-04 1.133739e+01 4.718055e-01 4.814237e-01 1.181410e+01 1.272145e+06 2.302263e-04 1.210984e+01
 2.259358e-04 1.133370e+01 4.731595e-01 4.828355e-01 1.181180e+01 1.251637e+06 2.310405e-04 1.210845e+01
 2.267175e-04 1.133002e+01 4.745166e-01 4.842505e-01 1.180950e+01 1.231470e+06 2.318576e-04 1.210706e+01
 2.275019e-04 1.132642e+01 4.758767e-01 4.856690e-01 1.180730e+01 1.211723e+06 2.326776e-04 1.210578e+01
 2.282890e-04 1.132273e+01 4.772399e-01 4.870907e-01 1.180500e+01 1.192218e+06 2.335006e-04 1.210439e+01
 2.290789e-04 1.131903e+01 4.786060e-01 4.885158e-01 1.180270e+01 1.173037e+06 2.343266e-04 1.210301e+01
 2.298714e-04 1.131523e+01 4.799752e-01 4.899442e-01 1.180030e+01 1.154092e+06 2.351555e-04 1.210153e+01
 2.306668e-04 1.131153e+01 4.813474e-01 4.913760e-01 1.179800e+01 1.135542e+06 2.359875e-04 1.210015e+01
 2.314648e-04 1.130783e+01 4.827226e-01 4.928112e-01 1.179570e+01 1.117300e+06 2.368224e-04 1.209878e+01
 2.322657e-04 1.130412e+01 4.841009e-01 4.942497e-01 1.179340e+01 1.099360e+06 2.376604e-04 1.209741e+01
 2.330693e-04 1.130030e+01 4.854822e-01 4.956915e-01 1.179100e+01 1.081640e+06 2.385014e-04 1.209594e+01
 2.338756e-04 1.129659e+01 4.868665e-01 4.971367e-01 1.178870e+01 1.064289e+06 2.393454e-04 1.209457e+01
 2.346848e-04 1.129277e+01 4.882538e-01 4.985853e-01 1.178630e+01 1.047152e+06 2.401925e-04 1.209311e+01
 2.354968e-04 1.128905e+01 4.896442e-01 5.000373e-01 1.178400e+01 1.030372e+06 2.410427e-04 1.209175e+01
 2.363116e-04 1.128522e+01 4.910376e-01 5.014926e-01 1.178160e+01 1.013797e+06 2.418959e-04 1.209028e+01
 2.371292e-04 1.128139e+01 4.924340e-01 5.029512e-01 1.177920e+01 9.974976e+05 2.427522e-04 1.208883e+01
 2.379496e-04 1.127756e+01 4.938335e-01 5.044133e-01 1.177680e+01 9.814681e+05 2.436116e-04 1.208737e+01
 2.387729e-04 1.127383e+01 4.952360e-01 5.058787e-01 1.177450e+01 9.657726e+05 2.444741e-04 1.208602e+01
 2.395990e-04 1.126999e+01 4.966415e-01 5.073475e-01 1.177210e+01 9.502688e+05 2.453398e-04 1.208457e+01
 2.404280e-04 1.126615e+01 4.980501e-01 5.088197e-01 1.176970e+01 9.350217e+05 2.462085e-04 1.208312e+01
 2.412598e-04 1.126230e+01 4.994617e-01 5.102952e-01 1.176730e+01 9.200270e+05 2.470805e-04 1.208168e+01
 2.420945e-04 1.125835e+01 5.008764e-01 5.117742e-01 1.176480e+01 9.052163e+05 2.479555e-04 1.208013e+01
 2.429322e-04 1.125450e+01 5.022941e-01 5.132565e-01 1.176240e+01 8.907145e+05 2.488338e-04 1.207870e+01
 2.437727e-04 1.125065e+01 5.037148e-01 5.147422e-01 1.176000e+01 8.764525e+05 2.497152e-04 1.207726e+01
 2.446161e-04 1.124679e+01 5.051386e-01 5.162313e-01 1.175760e+01 8.624262e+05 2.505998e-04 1.207583e+01
 2.454624e-04 1.124283e+01 5.065654e-01 5.177238e-01 1.175510e+01 8.485715e+05 2.514876e-04 1.207429e+01
 2.463117e-04 1.123896e+01 5.079952e-01 5.192197e-01 1.175270e+01 8.350056e+05 2.523786e-04 1.207286e+01
 2.471639e-04 1.123500e+01 5.094281e-01 5.207190e-01 1.175020e+01 8.216054e+05 2.532729e-04 1.207134e+01
 2.480190e-04 1.123103e+01 5.108640e-01 5.222216e-01 1.174770e+01 8.084272e+05 2.541704e-04 1.206981e+01
 2.488771e-04 1.122715e+01 5.123030e-01 5.237277e-01 1.174530e+01 7.955235e+05 2.550711e-04 1.206839e+01
 2.497382e-04 1.122318e+01 5.137450e-01 5.252372e-01 1.174280e+01 7.827771e+05 2.559751e-04 1.206687e+01
 2.506023e-04 1.121920e+01 5.151900e-01 5.267500e-01 1.174030e+01 7.702416e+05 2.568824e-04 1.206535e+01
 2.514693e-04 1.121521e+01 5.166381e-01 5.282663e-01 1.173780e+01 7.579134e+05 2.577930e-04 1.206384e+01
 2.523394e-04 1.121123e+01 5.180892e-01 5.297860e-01 1.173530e+01 7.457890e+05 2.587069e-04 1.206232e+01
 2.532124e-04 1.120724e+01 5.195434e-01 5.313091e-01 1.173280e+01 7.338649e+05 2.596241e-04 1.206082e+01
 2.540885e-04 1.120324e+01 5.210006e-01 5.328356e-01 1.173030e+01 7.221377e+05 2.605446e-04 1.205931e+01
 2.549676e-04 1.119925e+01 5.224608e-01 5.343655e-01 1.172780e+01 7.106042e+05 2.614685e-04 1.205781e+01
 2.558498e-04 1.119525e+01 5.239241e-01 5.358988e-01 1.172530e+01 6.992610e+05 2.623957e-04 1.205631e+01
 2.567350e-04 1.119114e+01 5.253904e-01 5.374355e-01 1.172270e+01 6.880562e+05 2.633262e-04 1.205470e+01
 2.576232e-04 1.118714e+01 5.268598e-01 5.389757e-01 1.172020e+01 6.770849e+05 2.642602e-04 1.205321e+01
 2.585146e-04 1.118303e+01 5.283322e-01 5.405192e-01 1.171760e+01 6.662472e+05 2.651975e-04 1.205161e+01
 2.594090e-04 1.117902e+01 5.298076e-01 5.420662e-01 1.171510e+01 6.556352e+05 2.661383e-04 1.205012e+01
 2.603065e-04 1.117490e+01 5.312861e-01 5.436166e-01 1.171250e+01 6.451522e+05 2.670824e-04 1.204853e+01
 2.612071e-04 1.117088e+01 5.327676e-01 5.451704e-01 1.171000e+01 6.348875e+05 2.680300e-04 1.204705e+01
 2.621109e-04 1.116676e+01 5.342521e-01 5.467276e-01 1.170740e+01 6.247474e+05 2.689811e-04 1.204547e+01
 2.630177e-04 1.116263e+01 5.357397e-01 5.482883e-01 1.170480e+01 6.147748e+05 2.699355e-04 1.204388e+01
 2.639277e-04 1.115850e+01 5.372304e-01 5.498524e-01 1.170220e+01 6.049668e+05 2.708935e-04 1.204231e+01
 2.648409e-04 1.115437e+01 5.387240e-01 5.514199e-01 1.169960e+01 5.953206e+05 2.718549e-04 1.204073e+01
 2.657572e-04 1.115024e+01 5.402207e-01 5.529908e-01 1.169700e+01 5.858335e+05 2.728199e-04 1.203916e+01
 2.666767e-04 1.114610e+01 5.417205e-01 5.545651e-01 1.169440e+01 5.765027e+05 2.737883e-04 1.203759e+01
 2.675993e-04 1.114196e+01 5.432232e-01 5.561429e-01 1.169180e+01 5.673258e+05 2.747603e-04 1.203602e+01
 2.685252e-04 1.113781e+01 5.447290e-01 5.577241e-01 1.168920e+01 5.583000e+05 2.757357e-04 1.203446e+01
 2.694542e-04 1.113356e+01 5.462379e-01 5.593087e-01 1.168650e+01 5.493838e+05 2.767148e-04 1.203279e+01
 2.703865e-04 1.112941e+01 5.477497e-01 5.608968e-01 1.168390e+01 5.406533e+05 2.776974e-04 1.203123e+01
 2.713220e-04 1.112516e+01 5.492646e-01 5.624882e-01 1.168120e+01 5.320287e+05 2.786836e-04 1.202957e+01
 2.722607e-04 1.112100e+01 5.507825e-01 5.640832e-01 1.167860e+01 5.235835e+05 2.796733e-04 1.202802e+01
 2.732027e-04 1.111674e+01 5.523035e-01 5.656815e-01 1.167590e+01 5.152407e+05 2.806667e-04 1.202637e+01
 2.741479e-04 1.111247e+01 5.538275e-01 5.672833e-01 1.167320e+01 5.070354e+05 2.816637e-04 1.202472e+01
 2.750965e-04 1.110830e+01 5.553545e-01 5.688885e-01 1.167060e+01 4.990008e+05 2.826643e-04 1.202317e+01
 2.760483e-04 1.110403e+01 5.568845e-01 5.704971e-01 1.166790e+01 4.910632e+05 2.836685e-04 1.202153e+01
 2.770033e-04 1.109976e+01 5.584175e-01 5.721092e-01 1.166520e+01 4.832564e+05 2.846764e-04 1.201989e+01
 2.779617e-04 1.109548e+01 5.599536e-01 5.737247e-01 1.166250e+01 4.755782e+05 2.856880e-04 1.201825e+01
 2.789234e-04 1.109120e+01 5.614927e-01 5.753436e-01 1.165980e+01 4.680262e+05 2.867033e-04 1.201661e+01
 2.798885e-04 1.108692e+01 5.630348e-01 5.769660e-01 1.165710e+01 4.605986e+05 2.877222e-04 1.201498e+01
 2.808568e-04 1.108253e+01 5.645799e-01 5.785918e-01 1.165430e+01 4.532609e+05 2.887449e-04 1.201324e+01
 2.818286e-04 1.107824e+01 5.661281e-01 5.802210e-01 1.165160e+01 4.460759e+05 2.897713e-04 1.201162e+01
 2.828036e-04 1.107395e+01 5.676792e-01 5.818537e-01 1.164890e+01 4.390089e+05 2.908014e-04 1.200999e+01
 2.837821e-04 1.106955e+01 5.692334e-01 5.834898e-01 1.164610e+01 4.320273e+05 2.918353e-04 1.200827e+01
 2.847639e-04 1.106525e+01 5.707906e-01 5.851293e-01 1.164340e+01 4.251910e+05 2.928730e-04 1.200665e+01
 2.857492e-04 1.106085e+01 5.723508e-01 5.867723e-01 1.164060e+01 4.184371e+05 2.939144e-04 1.200493e+01
 2.867378e-04 1.105644e+01 5.739140e-01 5.884187e-01 1.163780e+01 4.117944e+05 2.949597e-04 1.200321e+01
 2.877299e-04 1.105213e+01 5.754802e-01 5.900685e-01 1.163510e+01 4.052898e+05 2.960088e-04 1.200161e+01
 2.887254e-04 1.104772e+01 5.770494e-01 5.917218e-01 1.163230e+01 3.988634e+05 2.970616e-04 1.199990e+01
 2.897244e-04 1.104330e+01 5.786216e-01 5.933785e-01 1.162950e+01 3.925427e+05 2.981184e-04 1.199819e+01
 2.907268e-04 1.103888e+01 5.801968e-01 5.950386e-01 1.162670e+01 3.863259e+05 2.991790e-04 1.199648e+01
 2.917326e-04 1.103446e+01 5.817750e-01 5.967021e-01 1.162390e+01 3.802111e+05 3.002434e-04 1.199478e+01
 2.927420e-04 1.103003e+01 5.833562e-01 5.983691e-01 1.162110e+01 3.741968e+05 3.013118e-04 1.199309e+01
 2.937548e-04 1.102550e+01 5.849404e-01 6.000396e-01 1.161820e+01 3.682551e+05 3.023840e-04 1.199128e+01
 2.947712e-04 1.102107e+01 5.865276e-01 6.017134e-01 1.161540e+01 3.624369e+05 3.034602e-04 1.198959e+01
 2.957910e-04 1.101663e+01 5.881178e-01 6.033907e-01 1.161260e+01 3.567141e+05 3.045403e-04 1.198790e+01
 2.968144e-04 1.101209e+01 5.897109e-01 6.050714e-01 1.160970e+01 3.510601e+05 3.056243e-04 1.198611e+01
 2.978414e-04 1.100765e+01 5.913071e-01 6.067555e-01 1.160690e+01 3.455237e+05 3.067123e-04 1.198443e+01
 2.988718e-04 1.100311e+01 5.929062e-01 6.084431e-01 1.160400e+01 3.400538e+05 3.078043e-04 1.198265e+01
 2.999059e-04 1.099866e+01 5.945083e-01 6.101341e-01 1.160120e+01 3.346975e+05 3.089002e-04 1.198097e+01
 3.009435e-04 1.099411e+01 5.961133e-01 6.118285e-01 1.159830e+01 3.294055e+05 3.100002e-04 1.197919e+01
 3.019847e-04 1.098955e+01 5.977214e-01 6.135263e-01 1.159540e+01 3.242003e+05 3.111042e-04 1.197742e+01
 3.030296e-04 1.098499e+01 5.993324e-01 6.152276e-01 1.159250e+01 3.190805e+05 3.122123e-04 1.197565e+01
 3.040780e-04 1.098043e+01 6.009464e-01 6.169323e-01 1.158960e+01 3.140447e+05 3.133243e-04 1.197388e+01
 3.051301e-04 1.097587e+01 6.025633e-01 6.186404e-01 1.158670e+01 3.090914e+05 3.144405e-04 1.197211e+01
 3.061858e-04 1.097130e+01 6.041832e-01 6.203519e-01 1.158380e+01 3.042193e+05 3.155607e-04 1.197035e+01
 3.072451e-04 1.096673e+01 6.058061e-01 6.220669e-01 1.158090e+01 2.994269e+05 3.166851e-04 1.196859e+01
 3.083081e-04 1.096205e+01 6.074319e-01 6.237852e-01 1.157790e+01 2.946921e+05 3.178135e-04 1.196673e+01
 3.093748e-04 1.095748e+01 6.090607e-01 6.255070e-01 1.157500e+01 2.900557e+05 3.189461e-04 1.196498e+01
 3.104452e-04 1.095280e+01 6.106924e-01 6.272322e-01 1.157200e+01 2.854747e+05 3.200829e-04 1.196312e+01
 3.115193e-04 1.094821e+01 6.123271e-01 6.289608e-01 1.156910e+01 2.809890e+05 3.212238e-04 1.196137e+01
 3.125971e-04 1.094352e+01 6.139647e-01 6.306928e-01 1.156610e+01 2.765568e+05 3.223688e-04 1.195953e+01
 3.136787e-04 1.093893e+01 6.156052e-01 6.324282e-01 1.156320e+01 2.722167e+05 3.235181e-04 1.195779e+01
 3.147640e-04 1.093424e+01 6.172487e-01 6.341671e-01 1.156020e+01 2.679283e+05 3.246716e-04 1.195594e+01
 3.158530e-04 1.092954e+01 6.188951e-01 6.359093e-01 1.155720e+01 2.637102e+05 3.258293e-04 1.195410e+01
 3.169458e-04 1.092484e+01 6.205445e-01 6.376550e-01 1.155420e+01 2.595611e+05 3.269913e-04 1.195227e+01
 3.180424e-04 1.092014e+01 6.221968e-01 6.394040e-01 1.155120e+01 2.554799e+05 3.281575e-04 1.195044e+01
 3.191428e-04 1.091543e+01 6.238519e-01 6.411564e-01 1.154820e+01 2.514655e+05 3.293280e-04 1.194861e+01
 3.202469e-04 1.091072e+01 6.255100e-01 6.429123e-01 1.154520e+01 2.475167e+05 3.305028e-04 1.194678e+01
 3.213550e-04 1.090591e+01 6.271711e-01 6.446715e-01 1.154210e+01 2.436151e+05 3.316819e-04 1.194485e+01
 3.224668e-04 1.090120e+01 6.288350e-01 6.464342e-01 1.153910e+01 2.397945e+05 3.328653e-04 1.194303e+01
 3.235825e-04 1.089648e+01 6.305018e-01 6.482002e-01 1.153610e+01 2.360362e+05 3.340530e-04 1.194122e+01
 3.247020e-04 1.089166e+01 6.321716e-01 6.499696e-01 1.153300e+01 2.323228e+05 3.352452e-04 1.193930e+01
 3.258254e-04 1.088683e+01 6.338442e-01 6.517424e-01 1.152990e+01 2.286701e+05 3.364417e-04 1.193738e+01
 3.269528e-04 1.088210e+01 6.355197e-01 6.535186e-01 1.152690e+01 2.250932e+05 3.376426e-04 1.193557e+01
 3.280840e-04 1.087727e+01 6.371981e-01 6.552982e-01 1.152380e+01 2.215589e+05 3.388479e-04 1.193367e+01
 3.292191e-04 1.087244e+01 6.388794e-01 6.570811e-01 1.152070e+01 2.180823e+05 3.400576e-04 1.193176e+01
 3.303581e-04 1.086760e+01 6.405636e-01 6.588675e-01 1.151760e+01 2.146624e+05 3.412718e-04 1.192986e+01
 3.315011e-04 1.086276e+01 6.422506e-01 6.606572e-01 1.151450e+01 2.112985e+05 3.424904e-04 1.192796e+01
 3.326481e-04 1.085791e+01 6.439406e-01 6.624502e-01 1.151140e+01 2.079894e+05 3.437135e-04 1.192606e+01
 3.337990e-04 1.085306e+01 6.456334e-01 6.642467e-01 1.150830e+01 2.047344e+05 3.449412e-04 1.192417e+01
 3.349539e-04 1.084821e+01 6.473290e-01 6.660465e-01 1.150520e+01 2.015324e+05 3.461733e-04 1.192228e+01
 3.361128e-04 1.084326e+01 6.490275e-01 6.678497e-01 1.150200e+01 1.983684e+05 3.474099e-04 1.192029e+01
 3.372757e-04 1.083840e+01 6.507289e-01 6.696562e-01 1.149890e+01 1.952701e+05 3.486511e-04 1.191841e+01
 3.384426e-04 1.083354e+01 6.524331e-01 6.714661e-01 1.149580e+01 1.922223e+05 3.498969e-04 1.191653e+01
 3.396135e-04 1.082858e+01 6.541401e-01 6.732793e-01 1.149260e+01 1.892105e+05 3.511473e-04 1.191454e+01
 3.407886e-04 1.082361e+01 6.558500e-01 6.750959e-01 1.148940e+01 1.862480e+05 3.524022e-04 1.191257e+01
 3.419676e-04 1.081875e+01 6.575627e-01 6.769159e-01 1.148630e+01 1.833468e+05 3.536618e-04 1.191070e+01
 3.431508e-04 1.081377e+01 6.592783e-01 6.787392e-01 1.148310e+01 1.804799e+05 3.549260e-04 1.190872e+01
 3.443380e-04 1.080880e+01 6.609966e-01 6.805658e-01 1.147990e+01 1.776598e+05 3.561949e-04 1.190676e+01
 3.455294e-04 1.080382e+01 6.627178e-01 6.823958e-01 1.147670e+01 1.748856e+05 3.574685e-04 1.190479e+01
 3.467249e-04 1.079884e+01 6.644418e-01 6.842291e-01 1.147350e+01 1.721566e+05 3.587467e-04 1.190283e+01
 3.479245e-04 1.079385e+01 6.661686e-01 6.860657e-01 1.147030e+01 1.694721e+05 3.600296e-04 1.190087e+01
 3.491283e-04 1.078876e+01 6.678982e-01 6.879057e-01 1.146700e+01 1.668193e+05 3.613173e-04 1.189881e+01
 3.503362e-04 1.078377e+01 6.696306e-01 6.897489e-01 1.146380e+01 1.642215e+05 3.626097e-04 1.189686e+01
 3.515483e-04 1.077878e+01 6.713658e-01 6.915955e-01 1.146060e+01 1.616659e+05 3.639069e-04 1.189491e+01
 3.527646e-04 1.077368e+01 6.731038e-01 6.934454e-01 1.145730e+01 1.591406e+05 3.652089e-04 1.189286e+01
 3.539851e-04 1.076868e+01 6.748445e-01 6.952987e-01 1.145410e+01 1.566675e+05 3.665157e-04 1.189091e+01
 3.552099e-04 1.076358e+01 6.765881e-01 6.971552e-01 1.145080e+01 1.542236e+05 3.678273e-04 1.188887e+01
 3.564388e-04 1.075847e+01 6.783343e-01 6.990150e-01 1.144750e+01 1.518194e+05 3.691437e-04 1.188683e+01
 3.576720e-04 1.075336e+01 6.800834e-01 7.008781e-01 1.144420e+01 1.494544e+05 3.704650e-04 1.188479e+01
 3.589095e-04 1.074825e+01 6.818352e-01 7.027446e-01 1.144090e+01 1.471279e+05 3.717911e-04 1.188276e+01
 3.601513e-04 1.074314e+01 6.835897e-01 7.046143e-01 1.143760e+01 1.448392e+05 3.731222e-04 1.188072e+01
 3.613974e-04 1.073802e+01 6.853470e-01 7.064873e-01 1.143430e+01 1.425877e+05 3.744582e-04 1.187870e+01
 3.626478e-04 1.073290e+01 6.871070e-01 7.083635e-01 1.143100e+01 1.403727e+05 3.757991e-04 1.187667e+01
 3.639025e-04 1.072777e+01 6.888698e-01 7.102431e-01 1.142770e+01 1.381937e+05 3.771450e-04 1.187465e+01
 3.651615e-04 1.072264e+01 6.906353e-01 7.121259e-01 1.142440e+01 1.360500e+05 3.784958e-04 1.187263e+01
 3.664249e-04 1.071741e+01 6.924035e-01 7.140120e-01 1.142100e+01 1.339315e+05 3.798516e-04 1.187051e+01
 3.676927e-04 1.071228e+01 6.941744e-01 7.159014e-01 1.141770e+01 1.318569e+05 3.812125e-04 1.186850e+01
 3.689649e-04 1.070704e+01 6.959480e-01 7.177940e-01 1.141430e+01 1.298067e+05 3.825784e-04 1.186639e+01
 3.702414e-04 1.070180e+01 6.977243e-01 7.196898e-01 1.141090e+01 1.277897e+05 3.839493e-04 1.186428e+01
 3.715224e-04 1.069656e+01 6.995033e-01 7.215889e-01 1.140750e+01 1.258056e+05 3.853253e-04 1.186217e+01
 3.728078e-04 1.069142e+01 7.012849e-01 7.234913e-01 1.140420e+01 1.238624e+05 3.867064e-04 1.186018e+01
 3.740977e-04 1.068617e+01 7.030693e-01 7.253969e-01 1.140080e+01 1.219420e+05 3.880926e-04 1.185808e+01
 3.753920e-04 1.068091e+01 7.048563e-01 7.273057e-01 1.139740e+01 1.200527e+05 3.894839e-04 1.185598e+01
 3.766908e-04 1.067556e+01 7.066460e-01 7.292177e-01 1.139390e+01 1.181856e+05 3.908804e-04 1.185378e+01
 3.779941e-04 1.067030e+01 7.084383e-01 7.311330e-01 1.139050e+01 1.163572e+05 3.922820e-04 1.185169e+01
 3.793019e-04 1.066504e+01 7.102333e-01 7.330514e-01 1.138710e+01 1.145583e+05 3.936889e-04 1.184960e+01
 3.806142e-04 1.065978e+01 7.120309e-01 7.349731e-01 1.138370e+01 1.127886e+05 3.951009e-04 1.184752e+01
 3.819311e-04 1.065441e+01 7.138311e-01 7.368980e-01 1.138020e+01 1.110395e+05 3.965182e-04 1.184534e+01
 3.832525e-04 1.064914e+01 7.156340e-01 7.388261e-01 1.137680e+01 1.093267e+05 3.979408e-04 1.184326e+01
 3.845785e-04 1.064377e+01 7.174395e-01 7.407573e-01 1.137330e+01 1.076338e+05 3.993686e-04 1.184108e+01
 3.859091e-04 1.063840e+01 7.192476e-01 7.426918e-01 1.136980e+01 1.059684e+05 4.008017e-04 1.183891e+01
 3.872443e-04 1.063302e+01 7.210583e-01 7.446294e-01 1.136630e+01 1.043299e+05 4.022401e-04 1.183674e+01
 3.885841e-04 1.062764e+01 7.228716e-01 7.465702e-01 1.136280e+01 1.027180e+05 4.036838e-04 1.183457e+01
 3.899285e-04 1.062225e+01 7.246875e-01 7.485142e-01 1.135930e+01 1.011321e+05 4.051329e-04 1.183240e+01
 3.912776e-04 1.061687e+01 7.265059e-01 7.504613e-01 1.135580e+01 9.957191e+04 4.065874e-04 1.183024e+01
 3.926314e-04 1.061148e+01 7.283269e-01 7.524116e-01 1.135230e+01 9.803692e+04 4.080473e-04 1.182808e+01
 3.939898e-04 1.060608e+01 7.301505e-01 7.543651e-01 1.134880e+01 9.652672e+04 4.095126e-04 1.182593e+01
 3.953530e-04 1.060059e+01 7.319767e-01 7.563216e-01 1.134520e+01 9.503413e+04 4.109834e-04 1.182367e+01
 3.967208e-04 1.059519e+01 7.338053e-01 7.582814e-01 1.134170e+01 9.357238e+04 4.124596e-04 1.182152e+01
 3.980934e-04 1.058979e+01 7.356366e-01 7.602442e-01 1.133820e+01 9.213421e+04 4.139413e-04 1.181938e+01
 3.994708e-04 1.058428e+01 7.374703e-01 7.622101e-01 1.133460e+01 9.071274e+04 4.154285e-04 1.181713e+01
 4.008529e-04 1.057878e+01 7.393066e-01 7.641792e-01 1.133100e+01 8.931426e+04 4.169212e-04 1.181489e+01
 4.022398e-04 1.057327e+01 7.411454e-01 7.661514e-01 1.132740e+01 8.793838e+04 4.184194e-04 1.181265e+01
 4.036315e-04 1.056775e+01 7.429866e-01 7.681267e-01 1.132380e+01 8.658472e+04 4.199233e-04 1.181041e+01
 4.050280e-04 1.056224e+01 7.448304e-01 7.701051e-01 1.132020e+01 8.525292e+04 4.214327e-04 1.180818e+01
 4.064293e-04 1.055672e+01 7.466767e-01 7.720865e-01 1.131660e+01 8.394260e+04 4.229478e-04 1.180595e+01
 4.078355e-04 1.055120e+01 7.485254e-01 7.740710e-01 1.131300e+01 8.265341e+04 4.244685e-04 1.180372e+01
 4.092465e-04 1.054568e+01 7.503766e-01 7.760587e-01 1.130940e+01 8.138499e+04 4.259948e-04 1.180150e+01
 4.106625e-04 1.054015e+01 7.522303e-01 7.780493e-01 1.130580e+01 8.013701e+04 4.275268e-04 1.179928e+01
 4.120833e-04 1.053452e+01 7.540864e-01 7.800431e-01 1.130210e+01 7.890347e+04 4.290646e-04 1.179696e+01
 4.135090e-04 1.052899e+01 7.559449e-01 7.820398e-01 1.129850e+01 7.769541e+04 4.306080e-04 1.179475e+01
 4.149397e-04 1.052335e+01 7.578059e-01 7.840396e-01 1.129480e+01 7.650130e+04 4.321572e-04 1.179243e+01
 4.163753e-04 1.051771e+01 7.596693e-01 7.860425e-01 1.129110e+01 7.532646e+04 4.337122e-04 1.179012e+01
 4.178159e-04 1.051217e+01 7.615351e-01 7.880484e-01 1.128750e+01 7.417585e+04 4.352730e-04 1.178792e+01
 4.192615e-04 1.050653e+01 7.634033e-01 7.900573e-01 1.128380e+01 7.303850e+04 4.368395e-04 1.178561e+01
 4.207121e-04 1.050088e+01 7.652739e-01 7.920691e-01 1.128010e+01 7.191946e+04 4.384120e-04 1.178331e+01
 4.221677e-04 1.049523e+01 7.671469e-01 7.940840e-01 1.127640e+01 7.081842e+04 4.399903e-04 1.178102e+01
 4.236283e-04 1.048948e+01 7.690222e-01 7.961019e-01 1.127260e+01 6.973012e+04 4.415744e-04 1.177861e+01
 4.250940e-04 1.048383e+01 7.709000e-01 7.981228e-01 1.126890e+01 6.866428e+04 4.431645e-04 1.177632e+01
 4.265648e-04 1.047817e+01 7.727800e-01 8.001467e-01 1.126520e+01 6.761557e+04 4.447605e-04 1.177404e+01
 4.280406e-04 1.047241e+01 7.746624e-01 8.021735e-01 1.126140e+01 6.657894e+04 4.463625e-04 1.177165e+01
 4.295216e-04 1.046675e+01 7.765472e-01 8.042032e-01 1.125770e+01 6.556368e+04 4.479705e-04 1.176937e+01
 4.310077e-04 1.046098e+01 7.784342e-01 8.062360e-01 1.125390e+01 6.456010e+04 4.495844e-04 1.176698e+01
 4.324989e-04 1.045532e+01 7.803236e-01 8.082716e-01 1.125020e+01 6.357721e+04 4.512044e-04 1.176471e+01
 4.339953e-04 1.044955e+01 7.822153e-01 8.103102e-01 1.124640e+01 6.260558e+04 4.528305e-04 1.176234e+01
 4.354968e-04 1.044377e+01 7.841092e-01 8.123517e-01 1.124260e+01 6.164957e+04 4.544626e-04 1.175996e+01
 4.370036e-04 1.043800e+01 7.860055e-01 8.143962e-01 1.123880e+01 6.070891e+04 4.561008e-04 1.175759e+01
 4.385156e-04 1.043222e+01 7.879040e-01 8.164435e-01 1.123500e+01 5.978335e+04 4.577451e-04 1.175523e+01
 4.400328e-04 1.042644e+01 7.898048e-01 8.184937e-01 1.123120e+01 5.887264e+04 4.593956e-04 1.175287e+01
 4.415552e-04 1.042055e+01 7.917078e-01 8.205468e-01 1.122730e+01 5.797238e+04 4.610523e-04 1.175040e+01
 4.430829e-04 1.041477e+01 7.936130e-01 8.226028e-01 1.122350e+01 5.709068e+04 4.627152e-04 1.174805e+01
 4.446159e-04 1.040898e+01 7.955205e-01 8.246617e-01 1.121970e+01 5.622310e+04 4.643842e-04 1.174569e+01
 4.461542e-04 1.040309e+01 7.974302e-01 8.267234e-01 1.121580e+01 5.536545e+04 4.660596e-04 1.174324e+01
 4.476978e-04 1.039719e+01 7.993421e-01 8.287880e-01 1.121190e+01 5.452157e+04 4.677412e-04 1.174079e+01
 4.492468e-04 1.039140e+01 8.012562e-01 8.308553e-01 1.120810e+01 5.369506e+04 4.694291e-04 1.173845e+01
 4.508011e-04 1.038550e+01 8.031724e-01 8.329256e-01 1.120420e+01 5.287797e+04 4.711233e-04 1.173600e+01
 4.523608e-04 1.037960e+01 8.050909e-01 8.349986e-01 1.120030e+01 5.207398e+04 4.728239e-04 1.173356e+01
 4.539259e-04 1.037369e+01 8.070114e-01 8.370745e-01 1.119640e+01 5.128286e+04 4.745308e-04 1.173113e+01
 4.554965e-04 1.036779e+01 8.089342e-01 8.391531e-01 1.119250e+01 5.050441e+04 4.762442e-04 1.172869e+01
 4.570724e-04 1.036188e+01 8.108591e-01 8.412345e-01 1.118860e+01 4.973841e+04 4.779639e-04 1.172626e+01
 4.586538e-04 1.035587e+01 8.127860e-01 8.433187e-01 1.118460e+01 4.898115e+04 4.796901e-04 1.172373e+01
 4.602407e-04 1.034995e+01 8.147151e-01 8.454057e-01 1.118070e+01 4.823948e+04 4.814228e-04 1.172131e+01
 4.618330e-04 1.034404e+01 8.166463e-01 8.474954e-01 1.117680e+01 4.750966e+04 4.831620e-04 1.171889e+01
 4.634309e-04 1.033802e+01 8.185796e-01 8.495879e-01 1.117280e+01 4.678813e+04 4.849077e-04 1.171637e+01
 4.650343e-04 1.033199e+01 8.205150e-01 8.516831e-01 1.116880e+01 4.607815e+04 4.866600e-04 1.171385e+01
 4.666433e-04 1.032607e+01 8.224524e-01 8.537810e-01 1.116490e+01 4.538278e+04 4.884189e-04 1.171144e+01
 4.682578e-04 1.032004e+01 8.243919e-01 8.558817e-01 1.116090e+01 4.469529e+04 4.901843e-04 1.170893e+01
 4.698779e-04 1.031402e+01 8.263334e-01 8.579850e-01 1.115690e+01 4.401877e+04 4.919564e-04 1.170642e+01
 4.715036e-04 1.030798e+01 8.282769e-01 8.600910e-01 1.115290e+01 4.335306e+04 4.937352e-04 1.170391e+01
 4.731349e-04 1.030195e+01 8.302224e-01 8.621997e-01 1.114890e+01 4.269798e+04 4.955206e-04 1.170141e+01
 4.747719e-04 1.029581e+01 8.321700e-01 8.643111e-01 1.114480e+01 4.205033e+04 4.973127e-04 1.169881e+01
 4.764145e-04 1.028978e+01 8.341195e-01 8.664251e-01 1.114080e+01 4.141601e+04 4.991116e-04 1.169631e+01
 4.780629e-04 1.028374e+01 8.360710e-01 8.685418e-01 1.113680e+01 4.079179e+04 5.009173e-04 1.169382e+01
 4.797169e-04 1.027759e+01 8.380245e-01 8.706611e-01 1.113270e+01 4.017463e+04 5.027297e-04 1.169123e+01
 4.813766e-04 1.027145e+01 8.399799e-01 8.727830e-01 1.112860e+01 3.956733e+04 5.045490e-04 1.168864e+01
 4.830421e-04 1.026540e+01 8.419372e-01 8.749076e-01 1.112460e+01 3.897251e+04 5.063751e-04 1.168616e+01
 4.847134e-04 1.025925e+01 8.438965e-01 8.770347e-01 1.112050e+01 3.838438e+04 5.082081e-04 1.168358e+01
 4.863904e-04 1.025310e+01 8.458577e-01 8.791644e-01 1.111640e+01 3.780564e+04 5.100480e-04 1.168100e+01
 4.880732e-04 1.024694e+01 8.478207e-01 8.812967e-01 1.111230e+01 3.723611e+04 5.118948e-04 1.167842e+01
 4.897619e-04 1.024079e+01 8.497857e-01 8.834315e-01 1.110820e+01 3.667565e+04 5.137486e-04 1.167585e+01
 4.914564e-04 1.023463e+01 8.517525e-01 8.855689e-01 1.110410e+01 3.612410e+04 5.156093e-04 1.167328e+01
 4.931568e-04 1.022846e+01 8.537212e-01 8.877088e-01 1.110000e+01 3.558132e+04 5.174771e-04 1.167071e+01
 4.948630e-04 1.022220e+01 8.556917e-01 8.898513e-01 1.109580e+01 3.504465e+04 5.193520e-04 1.166804e+01
 4.965752e-04 1.021604e+01 8.576640e-01 8.919962e-01 1.109170e+01 3.451901e+04 5.212339e-04 1.166549e+01
 4.982932e-04 1.020977e+01 8.596381e-01 8.941437e-01 1.108750e+01 3.399927e+04 5.231229e-04 1.166282e+01
 5.000173e-04 1.020350e+01 8.616141e-01 8.962936e-01 1.108330e+01 3.348781e+04 5.250190e-04 1.166017e+01
 5.017473e-04 1.019732e+01 8.635918e-01 8.984460e-01 1.107920e+01 3.298684e+04 5.269223e-04 1.165762e+01
 5.034832e-04 1.019105e+01 8.655713e-01 9.006008e-01 1.107500e+01 3.249148e+04 5.288328e-04 1.165497e+01
 5.052252e-04 1.018477e+01 8.675526e-01 9.027581e-01 1.107080e+01 3.200399e+04 5.307504e-04 1.165232e+01
 5.069732e-04 1.017849e+01 8.695356e-01 9.049179e-01 1.106660e+01 3.152424e+04 5.326754e-04 1.164968e+01
 5.087273e-04 1.017221e+01 8.715203e-01 9.070800e-01 1.106240e+01 3.105210e+04 5.346076e-04 1.164704e+01
 5.104874e-04 1.016583e+01 8.735067e-01 9.092446e-01 1.105810e+01 3.058525e+04 5.365471e-04 1.164429e+01
 5.122536e-04 1.015954e+01 8.754949e-01 9.114115e-01 1.105390e+01 3.012799e+04 5.384940e-04 1.164166e+01
 5.140259e-04 1.015326e+01 8.774847e-01 9.135809e-01 1.104970e+01 2.967797e+04 5.404482e-04 1.163903e+01
 5.158044e-04 1.014687e+01 8.794762e-01 9.157525e-01 1.104540e+01 2.923297e+04 5.424098e-04 1.163629e+01
 5.175890e-04 1.014058e+01 8.814693e-01 9.179266e-01 1.104120e+01 2.879710e+04 5.443788e-04 1.163367e+01
 5.193797e-04 1.013418e+01 8.834641e-01 9.201029e-01 1.103690e+01 2.836609e+04 5.463553e-04 1.163095e+01
 5.211767e-04 1.012779e+01 8.854605e-01 9.222816e-01 1.103260e+01 2.794190e+04 5.483392e-04 1.162822e+01
 5.229799e-04 1.012139e+01 8.874585e-01 9.244626e-01 1.102830e+01 2.752444e+04 5.503307e-04 1.162550e+01
 5.247893e-04 1.011499e+01 8.894581e-01 9.266459e-01 1.102400e+01 2.711359e+04 5.523297e-04 1.162279e+01
 5.266050e-04 1.010859e+01 8.914593e-01 9.288315e-01 1.101970e+01 2.670924e+04 5.543363e-04 1.162008e+01
 5.284270e-04 1.010218e+01 8.934620e-01 9.310193e-01 1.101540e+01 2.631127e+04 5.563505e-04 1.161737e+01
 5.302553e-04 1.009568e+01 8.954663e-01 9.332094e-01 1.101100e+01 2.591774e+04 5.583723e-04 1.161455e+01
 5.320899e-04 1.008927e+01 8.974721e-01 9.354017e-01 1.100670e+01 2.553228e+04 5.604018e-04 1.161185e+01
 5.339308e-04 1.008286e+01 8.994795e-01 9.375962e-01 1.100240e+01 2.515290e+04 5.624390e-04 1.160916e+01
 5.357782e-04 1.007635e+01 9.014883e-01 9.397930e-01 1.099800e+01 2.477772e+04 5.644840e-04 1.160635e+01
 5.376319e-04 1.006984e+01 9.034986e-01 9.419919e-01 1.099360e+01 2.440848e+04 5.665367e-04 1.160355e+01
 5.394920e-04 1.006332e+01 9.055104e-01 9.441930e-01 1.098920e+01 2.404507e+04 5.685972e-04 1.160076e+01
 5.413586e-04 1.005690e+01 9.075237e-01 9.463963e-01 1.098490e+01 2.368911e+04 5.706655e-04 1.159808e+01
 5.432316e-04 1.005038e+01 9.095383e-01 9.486017e-01 1.098050e+01 2.333706e+04 5.727416e-04 1.159529e+01
 5.451111e-04 1.004376e+01 9.115544e-01 9.508092e-01 1.097600e+01 2.298892e+04 5.748257e-04 1.159240e+01
 5.469971e-04 1.003724e+01 9.135719e-01 9.530188e-01 1.097160e+01 2.264792e+04 5.769177e-04 1.158962e+01
 5.488896e-04 1.003072e+01 9.155908e-01 9.552306e-01 1.096720e+01 2.231228e+04 5.790176e-04 1.158684e+01
 5.507887e-04 1.002419e+01 9.176111e-01 9.574444e-01 1.096280e+01 2.198193e+04 5.811255e-04 1.158407e+01
 5.526943e-04 1.001756e+01 9.196327e-01 9.596603e-01 1.095830e+01 2.165522e+04 5.832414e-04 1.158119e+01
 5.546066e-04 1.001103e+01 9.216557e-01 9.618782e-01 1.095390e+01 2.133520e+04 5.853654e-04 1.157842e+01
 5.565254e-04 1.000440e+01 9.236799e-01 9.640982e-01 1.094940e+01 2.101870e+04 5.874975e-04 1.157555e+01
 5.584509e-04 9.997766e+00 9.257055e-01 9.663201e-01 1.094490e+01 2.070718e+04 5.896377e-04 1.157269e+01
 5.603831e-04 9.991131e+00 9.277324e-01 9.685441e-01 1.094040e+01 2.040057e+04 5.917860e-04 1.156982e+01
 5.623219e-04 9.984495e+00 9.297605e-01 9.707701e-01 1.093590e+01 2.009879e+04 5.939425e-04 1.156696e+01
 5.642675e-04 9.977856e+00 9.317899e-01 9.729980e-01 1.093140e+01 1.980175e+04 5.961072e-04 1.156411e+01
 5.662197e-04 9.971216e+00 9.338205e-01 9.752279e-01 1.092690e+01 1.950938e+04 5.982802e-04 1.156125e+01
 5.681788e-04 9.964574e+00 9.358524e-01 9.774597e-01 1.092240e+01 1.922160e+04 6.004615e-04 1.155840e+01
 5.701446e-04 9.957831e+00 9.378854e-01 9.796935e-01 1.091780e+01 1.893697e+04 6.026511e-04 1.155545e+01
 5.721172e-04 9.951186e+00 9.399196e-01 9.819291e-01 1.091330e+01 1.865817e+04 6.048490e-04 1.155261e+01
 5.740966e-04 9.944439e+00 9.419550e-01 9.841666e-01 1.090870e+01 1.838241e+04 6.070553e-04 1.154966e+01
 5.760829e-04 9.937791e+00 9.439916e-01 9.864060e-01 1.090420e+01 1.811229e+04 6.092701e-04 1.154683e+01
 5.780761e-04 9.931041e+00 9.460292e-01 9.886472e-01 1.089960e+01 1.784512e+04 6.114933e-04 1.154389e+01
 5.800761e-04 9.924290e+00 9.480680e-01 9.908903e-01 1.089500e+01 1.758214e+04 6.137250e-04 1.154095e+01
 5.820831e-04 9.917537e+00 9.501079e-01 9.931352e-01 1.089040e+01 1.732328e+04 6.159652e-04 1.153802e+01
 5.840970e-04 9.910782e+00 9.521489e-01 9.953818e-01 1.088580e+01 1.706849e+04 6.182140e-04 1.153509e+01
 5.861179e-04 9.904027e+00 9.541909e-01 9.976303e-01 1.088120e+01 1.681768e+04 6.204713e-04 1.153217e+01
 5.881458e-04 9.897269e+00 9.562340e-01 9.998805e-01 1.087660e+01 1.657080e+04 6.227374e-04 1.152925e+01
 5.901807e-04 9.890410e+00 9.582780e-01 1.002132e+00 1.087190e+01 1.632660e+04 6.250120e-04 1.152622e+01
 5.922226e-04 9.883650e+00 9.603231e-01 1.004386e+00 1.086730e+01 1.608740e+04 6.272954e-04 1.152331e+01
 5.942716e-04 9.876788e+00 9.623692e-01 1.006642e+00 1.086260e+01 1.585079e+04 6.295875e-04 1.152029e+01
 5.963277e-04 9.869925e+00 9.644163e-01 1.008899e+00 1.085790e+01 1.561789e+04 6.318884e-04 1.151727e+01
 5.983909e-04 9.863160e+00 9.664643e-01 1.011157e+00 1.085330e+01 1.538974e+04 6.341981e-04 1.151437e+01
 6.004613e-04 9.856294e+00 9.685132e-01 1.013418e+00 1.084860e+01 1.516406e+04 6.365166e-04 1.151136e+01
 6.025388e-04 9.849427e+00 9.705630e-01 1.015680e+00 1.084390e+01 1.494190e+04 6.388441e-04 1.150835e+01
 6.046235e-04 9.842559e+00 9.726138e-01 1.017943e+00 1.083920e+01 1.472322e+04 6.411804e-04 1.150535e+01
 6.067154e-04 9.835689e+00 9.746654e-01 1.020209e+00 1.083450e+01 1.450795e+04 6.435257e-04 1.150235e+01
 6.088145e-04 9.828717e+00 9.767178e-01 1.022475e+00 1.082970e+01 1.429500e+04 6.458800e-04 1.149925e+01
 6.109209e-04 9.821845e+00 9.787711e-01 1.024744e+00 1.082500e+01 1.408641e+04 6.482434e-04 1.149626e+01
 6.130346e-04 9.814971e+00 9.808253e-01 1.027014e+00 1.082030e+01 1.388106e+04 6.506158e-04 1.149327e+01
 6.151556e-04 9.807996e+00 9.828802e-01 1.029285e+00 1.081550e+01 1.367793e+04 6.529973e-04 1.149018e+01
 6.172840e-04 9.801019e+00 9.849359e-01 1.031558e+00 1.081070e+01 1.347797e+04 6.553879e-04 1.148709e+01
 6.194197e-04 9.794142e+00 9.869923e-01 1.033833e+00 1.080600e+01 1.328208e+04 6.577878e-04 1.148411e+01
 6.215628e-04 9.787163e+00 9.890495e-01 1.036108e+00 1.080120e+01 1.308829e+04 6.601968e-04 1.148103e+01
 6.237133e-04 9.780183e+00 9.911074e-01 1.038386e+00 1.079640e+01 1.289753e+04 6.626151e-04 1.147795e+01
 6.258712e-04 9.773202e+00 9.931661e-01 1.040664e+00 1.079160e+01 1.270973e+04 6.650427e-04 1.147488e+01
 6.280367e-04 9.766220e+00 9.952254e-01 1.042945e+00 1.078680e+01 1.252485e+04 6.674797e-04 1.147181e+01
 6.302096e-04 9.759137e+00 9.972853e-01 1.045226e+00 1.078190e+01 1.234196e+04 6.699260e-04 1.146863e+01
 6.323900e-04 9.752152e+00 9.993459e-01 1.047509e+00 1.077710e+01 1.216280e+04 6.723817e-04 1.146557e+01
 6.345780e-04 9.745167e+00 1.001407e+00 1.049793e+00 1.077230e+01 1.198641e+04 6.748469e-04 1.146251e+01
 6.367735e-04 9.738080e+00 1.003469e+00 1.052079e+00 1.076740e+01 1.181191e+04 6.773216e-04 1.145934e+01
 6.389767e-04 9.730992e+00 1.005531e+00 1.054366e+00 1.076250e+01 1.164013e+04 6.798058e-04 1.145618e+01
 6.411874e-04 9.724004e+00 1.007594e+00 1.056654e+00 1.075770e+01 1.147185e+04 6.822996e-04 1.145313e+01
 6.434058e-04 9.716914e+00 1.009658e+00 1.058943e+00 1.075280e+01 1.130535e+04 6.848030e-04 1.144997e+01
 6.456319e-04 9.709824e+00 1.011722e+00 1.061234e+00 1.074790e+01 1.114144e+04 6.873160e-04 1.144682e+01
 6.478657e-04 9.702732e+00 1.013786e+00 1.063526e+00 1.074300e+01 1.098007e+04 6.898387e-04 1.144367e+01
 6.501072e-04 9.695640e+00 1.015852e+00 1.065819e+00 1.073810e+01 1.082120e+04 6.923712e-04 1.144053e+01
 6.523565e-04 9.688446e+00 1.017917e+00 1.068113e+00 1.073310e+01 1.066402e+04 6.949134e-04 1.143728e+01
 6.546136e-04 9.681352e+00 1.019983e+00 1.070408e+00 1.072820e+01 1.051004e+04 6.974655e-04 1.143414e+01
 6.568784e-04 9.674157e+00 1.022049e+00 1.072705e+00 1.072320e+01 1.035770e+04 7.000274e-04 1.143089e+01
 6.591511e-04 9.667061e+00 1.024116e+00 1.075003e+00 1.071830e+01 1.020846e+04 7.025992e-04 1.142776e+01
 6.614317e-04 9.659864e+00 1.026183e+00 1.077301e+00 1.071330e+01 1.006079e+04 7.051809e-04 1.142453e+01
 6.637201e-04 9.652766e+00 1.028251e+00 1.079601e+00 1.070840e+01 9.916127e+03 7.077726e-04 1.142140e+01
 6.660165e-04 9.645568e+00 1.030318e+00 1.081902e+00 1.070340e+01 9.772989e+03 7.103743e-04 1.141817e+01
 6.683208e-04 9.638368e+00 1.032387e+00 1.084204e+00 1.069840e+01 9.632064e+03 7.129861e-04 1.141495e+01
 6.706331e-04 9.631168e+00 1.034455e+00 1.086507e+00 1.069340e+01 9.493317e+03 7.156080e-04 1.141172e+01
 6.729534e-04 9.623867e+00 1.036524e+00 1.088811e+00 1.068830e+01 9.356038e+03 7.182400e-04 1.140839e+01
 6.752817e-04 9.616666e+00 1.038593e+00 1.091115e+00 1.068330e+01 9.221550e+03 7.208823e-04 1.140518e+01
 6.776181e-04 9.609464e+00 1.040662e+00 1.093421e+00 1.067830e+01 9.089136e+03 7.235347e-04 1.140197e+01
 6.799626e-04 9.602160e+00 1.042731e+00 1.095728e+00 1.067320e+01 8.958114e+03 7.261975e-04 1.139865e+01
 6.823151e-04 9.594957e+00 1.044801e+00 1.098036e+00 1.066820e+01 8.829755e+03 7.288705e-04 1.139544e+01
 6.846758e-04 9.587653e+00 1.046870e+00 1.100344e+00 1.066310e+01 8.702741e+03 7.315539e-04 1.139213e+01
 6.870447e-04 9.580348e+00 1.048940e+00 1.102653e+00 1.065800e+01 8.577687e+03 7.342478e-04 1.138882e+01
 6.894218e-04 9.573143e+00 1.051010e+00 1.104963e+00 1.065300e+01 8.455171e+03 7.369520e-04 1.138563e+01
 6.918071e-04 9.565837e+00 1.053080e+00 1.107274e+00 1.064790e+01 8.333933e+03 7.396668e-04 1.138233e+01
 6.942006e-04 9.558530e+00 1.055150e+00 1.109586e+00 1.064280e+01 8.214561e+03 7.423921e-04 1.137903e+01
 6.966025e-04 9.551123e+00 1.057221e+00 1.111899e+00 1.063760e+01 8.096440e+03 7.451280e-04 1.137562e+01
 6.990126e-04 9.543816e+00 1.059291e+00 1.114212e+00 1.063250e+01 7.980719e+03 7.478745e-04 1.137233e+01
 7.014311e-04 9.536508e+00 1.061361e+00 1.116526e+00 1.062740e+01 7.866774e+03 7.506316e-04 1.136905e+01
 7.038579e-04 9.529099e+00 1.063431e+00 1.118840e+00 1.062220e+01 7.754016e+03 7.533995e-04 1.136565e+01
 7.062932e-04 9.521791e+00 1.065502e+00 1.121156e+00 1.061710e+01 7.643547e+03 7.561782e-04 1.136237e+01
 7.087368e-04 9.514381e+00 1.067572e+00 1.123472e+00 1.061190e+01 7.534225e+03 7.589676e-04 1.135898e+01
 7.111890e-04 9.506971e+00 1.069642e+00 1.125788e+00 1.060670e+01 7.426583e+03 7.617679e-04 1.135560e+01
 7.136496e-04 9.499561e+00 1.071712e+00 1.128105e+00 1.060150e+01 7.320594e+03 7.645791e-04 1.135222e+01
 7.161187e-04 9.492151e+00 1.073782e+00 1.130423e+00 1.059630e+01 7.216231e+03 7.674013e-04 1.134884e+01
 7.185963e-04 9.484740e+00 1.075851e+00 1.132741e+00 1.059110e+01 7.113468e+03 7.702344e-04 1.134547e+01
 7.210826e-04 9.477329e+00 1.077921e+00 1.135060e+00 1.058590e+01 7.012279e+03 7.730786e-04 1.134210e+01
 7.235774e-04 9.469918e+00 1.079990e+00 1.137379e+00 1.058070e+01 6.912638e+03 7.759338e-04 1.133873e+01
 7.260809e-04 9.462507e+00 1.082059e+00 1.139699e+00 1.057550e+01 6.814521e+03 7.788002e-04 1.133537e+01
 7.285930e-04 9.454995e+00 1.084128e+00 1.142019e+00 1.057020e+01 6.717417e+03 7.816778e-04 1.133190e+01
 7.311138e-04 9.447583e+00 1.086197e+00 1.144340e+00 1.056500e+01 6.622280e+03 7.845666e-04 1.132854e+01
 7.336434e-04 9.440071e+00 1.088265e+00 1.146661e+00 1.055970e+01 6.528122e+03 7.874666e-04 1.132508e+01
 7.361817e-04 9.432558e+00 1.090333e+00 1.148983e+00 1.055440e+01 6.435405e+03 7.903780e-04 1.132162e+01
 7.387288e-04 9.425046e+00 1.092401e+00 1.151304e+00 1.054910e+01 6.344106e+03 7.933008e-04 1.131816e+01
 7.412846e-04 9.417533e+00 1.094468e+00 1.153627e+00 1.054380e+01 6.254202e+03 7.962349e-04 1.131471e+01
 7.438494e-04 9.410020e+00 1.096535e+00 1.155949e+00 1.053850e+01 6.165669e+03 7.991806e-04 1.131126e+01
 7.464230e-04 9.402507e+00 1.098602e+00 1.158272e+00 1.053320e+01 6.078488e+03 8.021377e-04 1.130781e+01
 7.490055e-04 9.394995e+00 1.100668e+00 1.160595e+00 1.052790e+01 5.992634e+03 8.051064e-04 1.130437e+01
 7.515969e-04 9.387382e+00 1.102734e+00 1.162918e+00 1.052250e+01 5.907660e+03 8.080867e-04 1.130082e+01
 7.541974e-04 9.379869e+00 1.104799e+00 1.165241e+00 1.051720e+01 5.824406e+03 8.110787e-04 1.129738e+01
 7.568068e-04 9.372256e+00 1.106864e+00 1.167565e+00 1.051180e+01 5.742002e+03 8.140824e-04 1.129384e+01
 7.594252e-04 9.364743e+00 1.108928e+00 1.169889e+00 1.050650e+01 5.661264e+03 8.170979e-04 1.129041e+01
 7.620527e-04 9.357131e+00 1.110992e+00 1.172212e+00 1.050110e+01 5.581347e+03 8.201251e-04 1.128687e+01
 7.646893e-04 9.349518e+00 1.113055e+00 1.174536e+00 1.049570e+01 5.502646e+03 8.231642e-04 1.128333e+01
 7.673350e-04 9.341905e+00 1.115117e+00 1.176861e+00 1.049030e+01 5.425143e+03 8.262153e-04 1.127980e+01
 7.699899e-04 9.334293e+00 1.117179e+00 1.179185e+00 1.048490e+01 5.348817e+03 8.292783e-04 1.127628e+01
 7.726539e-04 9.326681e+00 1.119241e+00 1.181509e+00 1.047950e+01 5.273651e+03 8.323533e-04 1.127275e+01
 7.753272e-04 9.319069e+00 1.121301e+00 1.183833e+00 1.047410e+01 5.199625e+03 8.354404e-04 1.126923e+01
 7.780097e-04 9.311357e+00 1.123361e+00 1.186157e+00 1.046860e+01 5.126349e+03 8.385396e-04 1.126560e+01
 7.807015e-04 9.303746e+00 1.125420e+00 1.188481e+00 1.046320e+01 5.054555e+03 8.416510e-04 1.126209e+01
 7.834026e-04 9.296034e+00 1.127479e+00 1.190805e+00 1.045770e+01 4.983485e+03 8.447746e-04 1.125847e+01
 7.861130e-04 9.288323e+00 1.129537e+00 1.193129e+00 1.045220e+01 4.913494e+03 8.479104e-04 1.125485e+01
 7.888329e-04 9.280713e+00 1.131594e+00 1.195453e+00 1.044680e+01 4.844917e+03 8.510586e-04 1.125135e+01
 7.915621e-04 9.273002e+00 1.133650e+00 1.197776e+00 1.044130e+01 4.777028e+03 8.542192e-04 1.124773e+01
 7.943008e-04 9.265292e+00 1.135705e+00 1.200100e+00 1.043580e+01 4.710167e+03 8.573922e-04 1.124412e+01
 7.970490e-04 9.257583e+00 1.137760e+00 1.202423e+00 1.043030e+01 4.644317e+03 8.605777e-04 1.124052e+01
 7.998066e-04 9.249873e+00 1.139813e+00 1.204746e+00 1.042480e+01 4.579463e+03 8.637757e-04 1.123692e+01
 8.025738e-04 9.242064e+00 1.141866e+00 1.207068e+00 1.041920e+01 4.515261e+03 8.669863e-04 1.123320e+01
 8.053506e-04 9.234356e+00 1.143918e+00 1.209391e+00 1.041370e+01 4.452355e+03 8.702096e-04 1.122961e+01
 8.081370e-04 9.226649e+00 1.145969e+00 1.211713e+00 1.040820e+01 4.390397e+03 8.734456e-04 1.122602e+01
 8.109331e-04 9.218841e+00 1.148018e+00 1.214034e+00 1.040260e+01 4.329058e+03 8.766943e-04 1.122232e+01
 8.137388e-04 9.211034e+00 1.150067e+00 1.216356e+00 1.039700e+01 4.268646e+03 8.799558e-04 1.121862e+01
 8.165542e-04 9.203328e+00 1.152115e+00 1.218677e+00 1.039150e+01 4.209452e+03 8.832302e-04 1.121504e+01
 8.193793e-04 9.195522e+00 1.154162e+00 1.220997e+00 1.038590e+01 4.150846e+03 8.865176e-04 1.121134e+01
 8.222143e-04 9.187717e+00 1.156207e+00 1.223317e+00 1.038030e+01 4.093123e+03 8.898179e-04 1.120766e+01
 8.250590e-04 9.179913e+00 1.158252e+00 1.225637e+00 1.037470e+01 4.036269e+03 8.931312e-04 1.120397e+01
 8.279136e-04 9.172109e+00 1.160296e+00 1.227956e+00 1.036910e+01 3.980271e+03 8.964577e-04 1.120029e+01
 8.307780e-04 9.164206e+00 1.162338e+00 1.230275e+00 1.036340e+01 3.924829e+03 8.997972e-04 1.119650e+01
 8.336524e-04 9.156404e+00 1.164379e+00 1.232593e+00 1.035780e+01 3.870505e+03 9.031500e-04 1.119282e+01
 8.365367e-04 9.148602e+00 1.166419e+00 1.234910e+00 1.035220e+01 3.816996e+03 9.065161e-04 1.118915e+01
 8.394310e-04 9.140701e+00 1.168458e+00 1.237227e+00 1.034650e+01 3.764016e+03 9.098954e-04 1.118537e+01
 8.423353e-04 9.132801e+00 1.170495e+00 1.239543e+00 1.034080e+01 3.711832e+03 9.132882e-04 1.118159e+01
 8.452497e-04 9.125002e+00 1.172531e+00 1.241858e+00 1.033520e+01 3.660699e+03 9.166944e-04 1.117793e+01
 8.481741e-04 9.117104e+00 1.174566e+00 1.244173e+00 1.032950e+01 3.610068e+03 9.201140e-04 1.117416e+01
 8.511086e-04 9.109206e+00 1.176600e+00 1.246487e+00 1.032380e+01 3.560196e+03 9.235472e-04 1.117039e+01
 8.540534e-04 9.101310e+00 1.178632e+00 1.248800e+00 1.031810e+01 3.511072e+03 9.269941e-04 1.116662e+01
 8.570082e-04 9.093414e+00 1.180663e+00 1.251113e+00 1.031240e+01 3.462683e+03 9.304546e-04 1.116286e+01
 8.599734e-04 9.085419e+00 1.182692e+00 1.253424e+00 1.030660e+01 3.414770e+03 9.339288e-04 1.115899e+01
 8.629487e-04 9.077525e+00 1.184720e+00 1.255735e+00 1.030090e+01 3.367821e+03 9.374168e-04 1.115524e+01
 8.659344e-04 9.069633e+00 1.186746e+00 1.258045e+00 1.029520e+01 3.321573e+03 9.409187e-04 1.115148e+01
 8.689304e-04 9.061641e+00 1.188771e+00 1.260354e+00 1.028940e+01 3.275777e+03 9.444344e-04 1.114762e+01
 8.719368e-04 9.053750e+00 1.190795e+00 1.262662e+00 1.028370e+01 3.230901e+03 9.479642e-04 1.114387e+01
 8.749536e-04 9.045760e+00 1.192817e+00 1.264969e+00 1.027790e+01 3.186462e+03 9.515079e-04 1.114002e+01
 8.779808e-04 9.037772e+00 1.194837e+00 1.267275e+00 1.027210e+01 3.142686e+03 9.550658e-04 1.113616e+01
 8.810184e-04 9.029784e+00 1.196856e+00 1.269580e+00 1.026630e+01 3.099564e+03 9.586378e-04 1.113231e+01
 8.840666e-04 9.021798e+00 1.198873e+00 1.271884e+00 1.026050e+01 3.057085e+03 9.622240e-04 1.112847e+01
 8.871254e-04 9.013813e+00 1.200889e+00 1.274187e+00 1.025470e+01 3.015240e+03 9.658245e-04 1.112462e+01
 8.901947e-04 9.005829e+00 1.202903e+00 1.276489e+00 1.024890e+01 2.974017e+03 9.694394e-04 1.112078e+01
 8.932746e-04 8.997746e+00 1.204915e+00 1.278790e+00 1.024300e+01 2.933193e+03 9.730686e-04 1.111683e+01
 8.963652e-04 8.989765e+00 1.206926e+00 1.281089e+00 1.023720e+01 2.893189e+03 9.767123e-04 1.111300e+01
 8.994665e-04 8.981785e+00 1.208935e+00 1.283388e+00 1.023140e+01 2.853779e+03 9.803705e-04 1.110917e+01
 9.025785e-04 8.973706e+00 1.210942e+00 1.285685e+00 1.022550e+01 2.814749e+03 9.840433e-04 1.110523e+01
 9.057013e-04 8.965629e+00 1.212947e+00 1.287981e+00 1.021960e+01 2.776299e+03 9.877308e-04 1.110129e+01
 9.088349e-04 8.957653e+00 1.214950e+00 1.290275e+00 1.021380e+01 2.738621e+03 9.914330e-04 1.109746e+01
 9.119793e-04 8.949578e+00 1.216952e+00 1.292568e+00 1.020790e+01 2.701302e+03 9.951500e-04 1.109353e+01
 9.151347e-04 8.941505e+00 1.218951e+00 1.294860e+00 1.020200e+01 2.664538e+03 9.988818e-04 1.108960e+01
 9.183009e-04 8.933433e+00 1.220949e+00 1.297151e+00 1.019610e+01 2.628318e+03 1.002629e-03 1.108568e+01
 9.214781e-04 8.925263e+00 1.222945e+00 1.299440e+00 1.019010e+01 2.592446e+03 1.006390e-03 1.108164e+01
 9.246662e-04 8.917194e+00 1.224939e+00 1.301728e+00 1.018420e+01 2.557294e+03 1.010167e-03 1.107772e+01
 9.278654e-04 8.909127e+00 1.226931e+00 1.304014e+00 1.017830e+01 2.522661e+03 1.013959e-03 1.107380e+01
 9.310757e-04 8.900961e+00 1.228921e+00 1.306299e+00 1.017230e+01 2.488358e+03 1.017766e-03 1.106977e+01
 9.342971e-04 8.892897e+00 1.230909e+00 1.308582e+00 1.016640e+01 2.454742e+03 1.021588e-03 1.106586e+01
 9.375296e-04 8.884734e+00 1.232895e+00 1.310863e+00 1.016040e+01 2.421445e+03 1.025426e-03 1.106184e+01
 9.407733e-04 8.876573e+00 1.234879e+00 1.313144e+00 1.015440e+01 2.388641e+03 1.029279e-03 1.105782e+01
 9.440283e-04 8.868514e+00 1.236860e+00 1.315422e+00 1.014850e+01 2.356493e+03 1.033147e-03 1.105391e+01
 9.472945e-04 8.860357e+00 1.238840e+00 1.317699e+00 1.014250e+01 2.324648e+03 1.037031e-03 1.104990e+01
 9.505720e-04 8.852201e+00 1.240817e+00 1.319974e+00 1.013650e+01 2.293273e+03 1.040931e-03 1.104589e+01
 9.538608e-04 8.844047e+00 1.242793e+00 1.322247e+00 1.013050e+01 2.262360e+03 1.044846e-03 1.104188e+01
 9.571610e-04 8.835794e+00 1.244766e+00 1.324519e+00 1.012440e+01 2.231739e+03 1.048777e-03 1.103776e+01
 9.604726e-04 8.827644e+00 1.246736e+00 1.326789e+00 1.011840e+01 2.201731e+03 1.052723e-03 1.103376e+01
 9.637957e-04 8.819496e+00 1.248705e+00 1.329057e+00 1.011240e+01 2.172163e+03 1.056686e-03 1.102976e+01
 9.671303e-04 8.811249e+00 1.250671e+00 1.331323e+00 1.010630e+01 2.142873e+03 1.060664e-03 1.102565e+01
 9.704765e-04 8.803104e+00 1.252635e+00 1.333588e+00 1.010030e+01 2.114169e+03 1.064659e-03 1.102166e+01
 9.738342e-04 8.794861e+00 1.254597e+00 1.335850e+00 1.009420e+01 2.085733e+03 1.068669e-03 1.101755e+01
 9.772035e-04 8.786620e+00 1.256556e+00 1.338111e+00 1.008810e+01 2.057715e+03 1.072696e-03 1.101345e+01
 9.805845e-04 8.778381e+00 1.258513e+00 1.340370e+00 1.008200e+01 2.030108e+03 1.076739e-03 1.100935e+01
 9.839771e-04 8.770144e+00 1.260467e+00 1.342626e+00 1.007590e+01 2.002907e+03 1.080798e-03 1.100525e+01
 9.873815e-04 8.761909e+00 1.262419e+00 1.344881e+00 1.006980e+01 1.976103e+03 1.084874e-03 1.100116e+01
 9.907977e-04 8.753676e+00 1.264368e+00 1.347134e+00 1.006370e+01 1.949693e+03 1.088966e-03 1.099707e+01
 9.942257e-04 8.745445e+00 1.266315e+00 1.349384e+00 1.005760e+01 1.923668e+03 1.093074e-03 1.099298e+01
 9.976656e-04 8.737116e+00 1.268260e+00 1.351632e+00 1.005140e+01 1.897885e+03 1.097199e-03 1.098878e+01
 1.001117e-03 8.728889e+00 1.270202e+00 1.353879e+00 1.004530e+01 1.872617e+03 1.101341e-03 1.098469e+01
 1.004581e-03 8.720665e+00 1.272141e+00 1.356123e+00 1.003920e+01 1.847717e+03 1.105499e-03 1.098061e+01
 1.008057e-03 8.712343e+00 1.274078e+00 1.358365e+00 1.003300e+01 1.823047e+03 1.109675e-03 1.097642e+01
 1.011545e-03 8.704022e+00 1.276012e+00 1.360604e+00 1.002680e+01 1.798737e+03 1.113867e-03 1.097223e+01
 1.015044e-03 8.695704e+00 1.277943e+00 1.362842e+00 1.002060e+01 1.774782e+03 1.118076e-03 1.096804e+01
 1.018556e-03 8.687489e+00 1.279872e+00 1.365077e+00 1.001450e+01 1.751305e+03 1.122302e-03 1.096398e+01
 1.022080e-03 8.679176e+00 1.281798e+00 1.367310e+00 1.000830e+01 1.728042e+03 1.126545e-03 1.095979e+01
 1.025617e-03 8.670765e+00 1.283721e+00 1.369540e+00 1.000200e+01 1.704993e+03 1.130805e-03 1.095550e+01
 1.029165e-03 8.662456e+00 1.285642e+00 1.371768e+00 9.995800e+00 1.682404e+03 1.135083e-03 1.095132e+01
 1.032726e-03 8.654150e+00 1.287559e+00 1.373994e+00 9.989600e+00 1.660143e+03 1.139378e-03 1.094715e+01
 1.036299e-03 8.645846e+00 1.289474e+00 1.376217e+00 9.983400e+00 1.638205e+03 1.143690e-03 1.094298e+01
 1.039884e-03 8.637445e+00 1.291386e+00 1.378437e+00 9.977100e+00 1.616467e+03 1.148020e-03 1.093870e+01
 1.043482e-03 8.629146e+00 1.293295e+00 1.380656e+00 9.970900e+00 1.595162e+03 1.152368e-03 1.093453e+01
 1.047092e-03 8.620750e+00 1.295202e+00 1.382871e+00 9.964600e+00 1.574050e+03 1.156733e-03 1.093025e+01
 1.050715e-03 8.612356e+00 1.297105e+00 1.385084e+00 9.958300e+00 1.553244e+03 1.161115e-03 1.092598e+01
 1.054350e-03 8.604065e+00 1.299005e+00 1.387295e+00 9.952100e+00 1.532853e+03 1.165516e-03 1.092182e+01
 1.057998e-03 8.595676e+00 1.300903e+00 1.389502e+00 9.945800e+00 1.512645e+03 1.169934e-03 1.091755e+01
 1.061659e-03 8.587290e+00 1.302797e+00 1.391707e+00 9.939500e+00 1.492729e+03 1.174371e-03 1.091328e+01
 1.065332e-03 8.578907e+00 1.304689e+00 1.393910e+00 9.933200e+00 1.473102e+03 1.178825e-03 1.090901e+01
 1.069018e-03 8.570526e+00 1.306577e+00 1.396109e+00 9.926900e+00 1.453758e+03 1.183298e-03 1.090475e+01
 1.072717e-03 8.562048e+00 1.308462e+00 1.398306e+00 9.920500e+00 1.434588e+03 1.187789e-03 1.090037e+01
 1.076428e-03 8.553673e+00 1.310344e+00 1.400500e+00 9.914200e+00 1.415800e+03 1.192298e-03 1.089612e+01
 1.080152e-03 8.545300e+00 1.312223e+00 1.402691e+00 9.907900e+00 1.397282e+03 1.196825e-03 1.089186e+01
 1.083889e-03 8.536830e+00 1.314099e+00 1.404879e+00 9.901500e+00 1.378930e+03 1.201371e-03 1.088749e+01
 1.087640e-03 8.528363e+00 1.315972e+00 1.407065e+00 9.895100e+00 1.360842e+03 1.205936e-03 1.088313e+01
 1.091403e-03 8.519999e+00 1.317841e+00 1.409247e+00 9.888800e+00 1.343114e+03 1.210519e-03 1.087888e+01
 1.095179e-03 8.511538e+00 1.319707e+00 1.411427e+00 9.882400e+00 1.325543e+03 1.215120e-03 1.087452e+01
 1.098968e-03 8.503079e+00 1.321570e+00 1.413603e+00 9.876000e+00 1.308225e+03 1.219741e-03 1.087016e+01
 1.102770e-03 8.494624e+00 1.323430e+00 1.415777e+00 9.869600e+00 1.291156e+03 1.224380e-03 1.086580e+01
 1.106586e-03 8.486171e+00 1.325286e+00 1.417947e+00 9.863200e+00 1.274332e+03 1.229039e-03 1.086145e+01
 1.110414e-03 8.477722e+00 1.327139e+00 1.420114e+00 9.856800e+00 1.257749e+03 1.233716e-03 1.085709e+01
 1.114256e-03 8.469276e+00 1.328989e+00 1.422278e+00 9.850400e+00 1.241404e+03 1.238413e-03 1.085274e+01
 1.118111e-03 8.460732e+00 1.330835e+00 1.424439e+00 9.843900e+00 1.225203e+03 1.243128e-03 1.084828e+01
 1.121980e-03 8.452292e+00 1.332677e+00 1.426597e+00 9.837500e+00 1.209324e+03 1.247864e-03 1.084394e+01
 1.125862e-03 8.443855e+00 1.334517e+00 1.428752e+00 9.831100e+00 1.193672e+03 1.252618e-03 1.083959e+01
 1.129757e-03 8.435320e+00 1.336353e+00 1.430903e+00 9.824600e+00 1.178157e+03 1.257392e-03 1.083514e+01
 1.133666e-03 8.426789e+00 1.338185e+00 1.433051e+00 9.818100e+00 1.162864e+03 1.262185e-03 1.083068e+01
 1.137588e-03 8.418361e+00 1.340014e+00 1.435196e+00 9.811700e+00 1.147874e+03 1.266999e-03 1.082635e+01
 1.141524e-03 8.409837e+00 1.341839e+00 1.437337e+00 9.805200e+00 1.133014e+03 1.271832e-03 1.082190e+01
 1.145473e-03 8.401315e+00 1.343660e+00 1.439475e+00 9.798700e+00 1.118366e+03 1.276684e-03 1.081745e+01
 1.149437e-03 8.392797e+00 1.345478e+00 1.441610e+00 9.792200e+00 1.103927e+03 1.281557e-03 1.081300e+01
 1.153413e-03 8.384282e+00 1.347293e+00 1.443741e+00 9.785700e+00 1.089694e+03 1.286450e-03 1.080856e+01
 1.157404e-03 8.375771e+00 1.349104e+00 1.445868e+00 9.779200e+00 1.075664e+03 1.291362e-03 1.080412e+01
 1.161409e-03 8.367162e+00 1.350911e+00 1.447992e+00 9.772600e+00 1.061755e+03 1.296295e-03 1.079956e+01
 1.165427e-03 8.358657e+00 1.352714e+00 1.450113e+00 9.766100e+00 1.048121e+03 1.301249e-03 1.079513e+01
 1.169459e-03 8.350156e+00 1.354513e+00 1.452230e+00 9.759600e+00 1.034682e+03 1.306222e-03 1.079069e+01
 1.173505e-03 8.341558e+00 1.356309e+00 1.454343e+00 9.753000e+00 1.021357e+03 1.311217e-03 1.078614e+01
 1.177565e-03 8.333064e+00 1.358101e+00 1.456453e+00 9.746500e+00 1.008296e+03 1.316231e-03 1.078171e+01
 1.181640e-03 8.324472e+00 1.359890e+00 1.458559e+00 9.739900e+00 9.953465e+02 1.321267e-03 1.077717e+01
 1.185728e-03 8.315885e+00 1.361674e+00 1.460661e+00 9.733300e+00 9.825808e+02 1.326323e-03 1.077262e+01
 1.189830e-03 8.307301e+00 1.363454e+00 1.462759e+00 9.726700e+00 9.699962e+02 1.331400e-03 1.076808e+01
 1.193947e-03 8.298720e+00 1.365231e+00 1.464854e+00 9.720100e+00 9.575897e+02 1.336498e-03 1.076354e+01
 1.198078e-03 8.290143e+00 1.367004e+00 1.466945e+00 9.713500e+00 9.453589e+02 1.341617e-03 1.075901e+01
 1.202223e-03 8.281570e+00 1.368772e+00 1.469032e+00 9.706900e+00 9.333009e+02 1.346757e-03 1.075447e+01
 1.206382e-03 8.273001e+00 1.370537e+00 1.471115e+00 9.700300e+00 9.214131e+02 1.351918e-03 1.074994e+01
 1.210556e-03 8.264435e+00 1.372298e+00 1.473194e+00 9.693700e+00 9.096930e+02 1.357101e-03 1.074541e+01
 1.214745e-03 8.255873e+00 1.374055e+00 1.475270e+00 9.687100e+00 8.981381e+02 1.362305e-03 1.074088e+01
 1.218948e-03 8.247214e+00 1.375807e+00 1.477341e+00 9.680400e+00 8.866802e+02 1.367531e-03 1.073624e+01
 1.223165e-03 8.238660e+00 1.377556e+00 1.479408e+00 9.673800e+00 8.754489e+02 1.372778e-03 1.073171e+01
 1.227397e-03 8.230009e+00 1.379301e+00 1.481472e+00 9.667100e+00 8.643114e+02 1.378047e-03 1.072707e+01
 1.231643e-03 8.221362e+00 1.381041e+00 1.483531e+00 9.660400e+00 8.533309e+02 1.383338e-03 1.072243e+01
 1.235905e-03 8.212819e+00 1.382777e+00 1.485586e+00 9.653800e+00 8.425672e+02 1.388651e-03 1.071792e+01
 1.240181e-03 8.204179e+00 1.384509e+00 1.487637e+00 9.647100e+00 8.318927e+02 1.393986e-03 1.071328e+01
 1.244472e-03 8.195544e+00 1.386237e+00 1.489684e+00 9.640400e+00 8.213681e+02 1.399343e-03 1.070865e+01
 1.248777e-03 8.186912e+00 1.387961e+00 1.491726e+00 9.633700e+00 8.109912e+02 1.404722e-03 1.070402e+01
 1.253098e-03 8.178285e+00 1.389680e+00 1.493765e+00 9.627000e+00 8.007598e+02 1.410123e-03 1.069939e+01
 1.257433e-03 8.169662e+00 1.391395e+00 1.495799e+00 9.620300e+00 7.906716e+02 1.415547e-03 1.069476e+01
 1.261784e-03 8.160942e+00 1.393106e+00 1.497829e+00 9.613500e+00 7.806667e+02 1.420994e-03 1.069002e+01
 1.266150e-03 8.152326e+00 1.394813e+00 1.499854e+00 9.606800e+00 7.708593e+02 1.426463e-03 1.068539e+01
 1.270530e-03 8.143715e+00 1.396515e+00 1.501875e+00 9.600100e+00 7.611888e+02 1.431955e-03 1.068077e+01
 1.274926e-03 8.135007e+00 1.398213e+00 1.503892e+00 9.593300e+00 7.515975e+02 1.437470e-03 1.067603e+01
 1.279337e-03 8.126405e+00 1.399906e+00 1.505904e+00 9.586600e+00 7.421952e+02 1.443007e-03 1.067142e+01
 1.283763e-03 8.117705e+00 1.401595e+00 1.507912e+00 9.579800e+00 7.328695e+02 1.448568e-03 1.066668e+01
 1.288205e-03 8.109111e+00 1.403280e+00 1.509915e+00 9.573100e+00 7.237276e+02 1.454152e-03 1.066207e+01
 1.292662e-03 8.100420e+00 1.404960e+00 1.511914e+00 9.566300e+00 7.146596e+02 1.459760e-03 1.065733e+01
 1.297134e-03 8.091734e+00 1.406635e+00 1.513908e+00 9.559500e+00 7.057179e+02 1.465390e-03 1.065261e+01
 1.301622e-03 8.083052e+00 1.408306e+00 1.515898e+00 9.552700e+00 6.969006e+02 1.471044e-03 1.064788e+01
 1.306126e-03 8.074374e+00 1.409973e+00 1.517883e+00 9.545900e+00 6.882058e+02 1.476722e-03 1.064315e+01
 1.310645e-03 8.065700e+00 1.411635e+00 1.519863e+00 9.539100e+00 6.796317e+02 1.482424e-03 1.063843e+01
 1.315179e-03 8.057031e+00 1.413292e+00 1.521839e+00 9.532300e+00 6.711766e+02 1.488149e-03 1.063370e+01
 1.319730e-03 8.048366e+00 1.414945e+00 1.523810e+00 9.525500e+00 6.628385e+02 1.493898e-03 1.062898e+01
 1.324296e-03 8.039606e+00 1.416593e+00 1.525776e+00 9.518600e+00 6.545673e+02 1.499672e-03 1.062414e+01
 1.328878e-03 8.030950e+00 1.418236e+00 1.527738e+00 9.511800e+00 6.464588e+02 1.505469e-03 1.061942e+01
 1.333475e-03 8.022198e+00 1.419875e+00 1.529694e+00 9.504900e+00 6.384150e+02 1.511291e-03 1.061459e+01
 1.338089e-03 8.013551e+00 1.421509e+00 1.531646e+00 9.498100e+00 6.305293e+02 1.517137e-03 1.060987e+01
 1.342719e-03 8.004808e+00 1.423138e+00 1.533593e+00 9.491200e+00 6.227061e+02 1.523008e-03 1.060504e+01
 1.347364e-03 7.996171e+00 1.424763e+00 1.535535e+00 9.484400e+00 6.150367e+02 1.528903e-03 1.060033e+01
 1.352026e-03 7.987437e+00 1.426383e+00 1.537472e+00 9.477500e+00 6.074275e+02 1.534823e-03 1.059550e+01
 1.356704e-03 7.978708e+00 1.427998e+00 1.539404e+00 9.470600e+00 5.999233e+02 1.540768e-03 1.059067e+01
 1.361398e-03 7.969984e+00 1.429608e+00 1.541331e+00 9.463700e+00 5.925225e+02 1.546738e-03 1.058584e+01
 1.366108e-03 7.961264e+00 1.431213e+00 1.543253e+00 9.456800e+00 5.852236e+02 1.552733e-03 1.058102e+01
 1.370834e-03 7.952549e+00 1.432813e+00 1.545170e+00 9.449900e+00 5.780250e+02 1.558753e-03 1.057619e+01
 1.375577e-03 7.943839e+00 1.434409e+00 1.547082e+00 9.443000e+00 5.709252e+02 1.564799e-03 1.057137e+01
 1.380337e-03 7.935133e+00 1.435999e+00 1.548988e+00 9.436100e+00 5.639228e+02 1.570870e-03 1.056655e+01
 1.385112e-03 7.926332e+00 1.437585e+00 1.550890e+00 9.429100e+00 5.569749e+02 1.576966e-03 1.056161e+01
 1.389905e-03 7.917636e+00 1.439166e+00 1.552786e+00 9.422200e+00 5.501635e+02 1.583088e-03 1.055679e+01
 1.394713e-03 7.908945e+00 1.440741e+00 1.554677e+00 9.415300e+00 5.434452e+02 1.589236e-03 1.055197e+01
 1.399539e-03 7.900158e+00 1.442312e+00 1.556563e+00 9.408300e+00 5.367786e+02 1.595410e-03 1.054704e+01
 1.404381e-03 7.891477e+00 1.443877e+00 1.558444e+00 9.401400e+00 5.302429e+02 1.601610e-03 1.054222e+01
 1.409240e-03 7.882700e+00 1.445438e+00 1.560319e+00 9.394400e+00 5.237572e+02 1.607836e-03 1.053729e+01
 1.414116e-03 7.873928e+00 1.446993e+00 1.562189e+00 9.387400e+00 5.173602e+02 1.614088e-03 1.053236e+01
 1.419009e-03 7.865262e+00 1.448544e+00 1.564053e+00 9.380500e+00 5.110886e+02 1.620367e-03 1.052755e+01
 1.423918e-03 7.856500e+00 1.450089e+00 1.565912e+00 9.373500e+00 5.048645e+02 1.626672e-03 1.052262e+01
 1.428845e-03 7.847743e+00 1.451629e+00 1.567766e+00 9.366500e+00 4.987252e+02 1.633004e-03 1.051769e+01
 1.433788e-03 7.838991e+00 1.453164e+00 1.569614e+00 9.359500e+00 4.926695e+02 1.639363e-03 1.051276e+01
 1.438749e-03 7.830244e+00 1.454693e+00 1.571457e+00 9.352500e+00 4.866962e+02 1.645749e-03 1.050784e+01
 1.443727e-03 7.821502e+00 1.456218e+00 1.573294e+00 9.345500e+00 4.808039e+02 1.652161e-03 1.050291e+01
 1.448722e-03 7.812765e+00 1.457737e+00 1.575125e+00 9.338500e+00 4.749915e+02 1.658601e-03 1.049799e+01
 1.453734e-03 7.803933e+00 1.459251e+00 1.576951e+00 9.331400e+00 4.692229e+02 1.665068e-03 1.049294e+01
 1.458764e-03 7.795206e+00 1.460760e+00 1.578772e+00 9.324400e+00 4.635673e+02 1.671563e-03 1.048802e+01
 1.463811e-03 7.786485e+00 1.462263e+00 1.580586e+00 9.317400e+00 4.579881e+02 1.678085e-03 1.048310e+01
 1.468876e-03 7.777669e+00 1.463761e+00 1.582395e+00 9.310300e+00 4.524505e+02 1.684635e-03 1.047806e+01
 1.473958e-03 7.768958e+00 1.465254e+00 1.584198e+00 9.303300e+00 4.470213e+02 1.691213e-03 1.047314e+01
 1.479057e-03 7.760152e+00 1.466741e+00 1.585996e+00 9.296200e+00 4.416322e+02 1.697818e-03 1.046810e+01
 1.484175e-03 7.751351e+00 1.468223e+00 1.587787e+00 9.289100e+00 4.363160e+02 1.704452e-03 1.046307e+01
 1.489310e-03 7.742656e+00 1.469700e+00 1.589573e+00 9.282100e+00 4.311038e+02 1.711114e-03 1.045815e+01
 1.494462e-03 7.733866e+00 1.471171e+00 1.591353e+00 9.275000e+00 4.259297e+02 1.717804e-03 1.045312e+01
 1.499633e-03 7.725081e+00 1.472636e+00 1.593128e+00 9.267900e+00 4.208253e+02 1.724523e-03 1.044808e+01
 1.504822e-03 7.716302e+00 1.474097e+00 1.594896e+00 9.260800e+00 4.157896e+02 1.731270e-03 1.044305e+01
 1.510028e-03 7.707528e+00 1.475551e+00 1.596658e+00 9.253700e+00 4.108216e+02 1.738046e-03 1.043801e+01
 1.515252e-03 7.698759e+00 1.477000e+00 1.598414e+00 9.246600e+00 4.059203e+02 1.744851e-03 1.043298e+01
 1.520495e-03 7.689996e+00 1.478444e+00 1.600165e+00 9.239500e+00 4.010847e+02 1.751686e-03 1.042795e+01
 1.525756e-03 7.681239e+00 1.479882e+00 1.601909e+00 9.232400e+00 3.963139e+02 1.758549e-03 1.042292e+01
 1.531035e-03 7.672487e+00 1.481315e+00 1.603647e+00 9.225300e+00 3.916069e+02 1.765441e-03 1.041789e+01
 1.536332e-03 7.663639e+00 1.482741e+00 1.605380e+00 9.218100e+00 3.869338e+02 1.772363e-03 1.041274e+01
 1.541647e-03 7.654898e+00 1.484163e+00 1.607106e+00 9.211000e+00 3.823520e+02 1.779315e-03 1.040771e+01
 1.546981e-03 7.646163e+00 1.485578e+00 1.608826e+00 9.203900e+00 3.778313e+02 1.786296e-03 1.040269e+01
 1.552333e-03 7.637333e+00 1.486988e+00 1.610539e+00 9.196700e+00 3.733428e+02 1.793307e-03 1.039754e+01
 1.557704e-03 7.628609e+00 1.488393e+00 1.612247e+00 9.189600e+00 3.689420e+02 1.800348e-03 1.039251e+01
 1.563094e-03 7.619789e+00 1.489791e+00 1.613948e+00 9.182400e+00 3.645723e+02 1.807420e-03 1.038736e+01
 1.568502e-03 7.610976e+00 1.491184e+00 1.615643e+00 9.175200e+00 3.602608e+02 1.814521e-03 1.038222e+01
 1.573929e-03 7.602269e+00 1.492571e+00 1.617332e+00 9.168100e+00 3.560335e+02 1.821654e-03 1.037719e+01
 1.579374e-03 7.593467e+00 1.493952e+00 1.619015e+00 9.160900e+00 3.518358e+02 1.828816e-03 1.037205e+01
 1.584838e-03 7.584671e+00 1.495328e+00 1.620691e+00 9.153700e+00 3.476938e+02 1.836010e-03 1.036690e+01
 1.590322e-03 7.575880e+00 1.496698e+00 1.622361e+00 9.146500e+00 3.436067e+02 1.843234e-03 1.036176e+01
 1.595824e-03 7.567095e+00 1.498062e+00 1.624024e+00 9.139300e+00 3.395739e+02 1.850489e-03 1.035662e+01
 1.601345e-03 7.558316e+00 1.499420e+00 1.625681e+00 9.132100e+00 3.355944e+02 1.857776e-03 1.035147e+01
 1.606886e-03 7.549543e+00 1.500772e+00 1.627331e+00 9.124900e+00 3.316676e+02 1.865094e-03 1.034633e+01
 1.612445e-03 7.540776e+00 1.502119e+00 1.628975e+00 9.117700e+00 3.277926e+02 1.872443e-03 1.034119e+01
 1.618024e-03 7.532015e+00 1.503459e+00 1.630613e+00 9.110500e+00 3.239687e+02 1.879824e-03 1.033605e+01
 1.623622e-03 7.523260e+00 1.504794e+00 1.632244e+00 9.103300e+00 3.201953e+02 1.887237e-03 1.033091e+01
 1.629240e-03 7.514409e+00 1.506122e+00 1.633868e+00 9.096000e+00 3.164477e+02 1.894682e-03 1.032564e+01
 1.634877e-03 7.505666e+00 1.507445e+00 1.635486e+00 9.088800e+00 3.127731e+02 1.902159e-03 1.032050e+01
 1.640533e-03 7.496827e+00 1.508762e+00 1.637097e+00 9.081500e+00 3.091235e+02 1.909668e-03 1.031524e+01
 1.646209e-03 7.488096e+00 1.510073e+00 1.638701e+00 9.074300e+00 3.055450e+02 1.917210e-03 1.031010e+01
 1.651905e-03 7.479270e+00 1.511377e+00 1.640299e+00 9.067000e+00 3.019906e+02 1.924784e-03 1.030484e+01
 1.657620e-03 7.470550e+00 1.512676e+00 1.641890e+00 9.059800e+00 2.985055e+02 1.932391e-03 1.029970e+01
 1.663355e-03 7.461736e+00 1.513969e+00 1.643475e+00 9.052500e+00 2.950436e+02 1.940030e-03 1.029444e+01
 1.669110e-03 7.452928e+00 1.515256e+00 1.645052e+00 9.045200e+00 2.916272e+02 1.947703e-03 1.028918e+01
 1.674885e-03 7.444227e+00 1.516536e+00 1.646623e+00 9.038000e+00 2.882772e+02 1.955409e-03 1.028404e+01
 1.680680e-03 7.435431e+00 1.517811e+00 1.648187e+00 9.030700e+00 2.849494e+02 1.963148e-03 1.027878e+01
 1.686495e-03 7.426641e+00 1.519079e+00 1.649744e+00 9.023400e+00 2.816651e+02 1.970921e-03 1.027352e+01
 1.692330e-03 7.417858e+00 1.520341e+00 1.651294e+00 9.016100e+00 2.784236e+02 1.978728e-03 1.026826e+01
 1.698185e-03 7.409080e+00 1.521597e+00 1.652838e+00 9.008800e+00 2.752244e+02 1.986568e-03 1.026300e+01
 1.704060e-03 7.400309e+00 1.522847e+00 1.654374e+00 9.001500e+00 2.720669e+02 1.994443e-03 1.025774e+01
 1.709956e-03 7.391544e+00 1.524091e+00 1.655904e+00 8.994200e+00 2.689504e+02 2.002351e-03 1.025248e+01
 1.715872e-03 7.382786e+00 1.525329e+00 1.657426e+00 8.986900e+00 2.658744e+02 2.010294e-03 1.024722e+01
 1.721809e-03 7.374033e+00 1.526560e+00 1.658942e+00 8.979600e+00 2.628383e+02 2.018272e-03 1.024196e+01
 1.727766e-03 7.365287e+00 1.527785e+00 1.660450e+00 8.972300e+00 2.598415e+02 2.026284e-03 1.023670e+01
 1.733744e-03 7.356447e+00 1.529004e+00 1.661952e+00 8.964900e+00 2.568642e+02 2.034331e-03 1.023132e+01
 1.739743e-03 7.347713e+00 1.530217e+00 1.663446e+00 8.957600e+00 2.539447e+02 2.042413e-03 1.022606e+01
 1.745762e-03 7.338986e+00 1.531423e+00 1.664933e+00 8.950300e+00 2.510629e+02 2.050530e-03 1.022080e+01
 1.751802e-03 7.330165e+00 1.532624e+00 1.666413e+00 8.942900e+00 2.481995e+02 2.058683e-03 1.021541e+01
 1.757863e-03 7.321450e+00 1.533817e+00 1.667886e+00 8.935600e+00 2.453917e+02 2.066871e-03 1.021015e+01
 1.763945e-03 7.312642e+00 1.535005e+00 1.669352e+00 8.928200e+00 2.426017e+02 2.075095e-03 1.020477e+01
 1.770048e-03 7.303940e+00 1.536186e+00 1.670810e+00 8.920900e+00 2.398658e+02 2.083355e-03 1.019951e+01
 1.776172e-03 7.295144e+00 1.537361e+00 1.672262e+00 8.913500e+00 2.371471e+02 2.091651e-03 1.019413e+01
 1.782317e-03 7.286355e+00 1.538529e+00 1.673706e+00 8.906100e+00 2.344635e+02 2.099983e-03 1.018874e+01
 1.788484e-03 7.277673e+00 1.539691e+00 1.675142e+00 8.898800e+00 2.318319e+02 2.108351e-03 1.018348e+01
 1.794672e-03 7.268897e+00 1.540847e+00 1.676572e+00 8.891400e+00 2.292166e+02 2.116756e-03 1.017810e+01
 1.800881e-03 7.260127e+00 1.541996e+00 1.677994e+00 8.884000e+00 2.266349e+02 2.125198e-03 1.017271e+01
 1.807112e-03 7.251363e+00 1.543139e+00 1.679409e+00 8.876600e+00 2.240862e+02 2.133677e-03 1.016732e+01
 1.813364e-03 7.242607e+00 1.544275e+00 1.680816e+00 8.869200e+00 2.215702e+02 2.142193e-03 1.016194e+01
 1.819638e-03 7.233856e+00 1.545405e+00 1.682216e+00 8.861800e+00 2.190864e+02 2.150746e-03 1.015655e+01
 1.825934e-03 7.225113e+00 1.546529e+00 1.683609e+00 8.854400e+00 2.166343e+02 2.159337e-03 1.015117e+01
 1.832251e-03 7.216376e+00 1.547646e+00 1.684994e+00 8.847000e+00 2.142134e+02 2.167966e-03 1.014578e+01
 1.838590e-03 7.207646e+00 1.548756e+00 1.686371e+00 8.839600e+00 2.118235e+02 2.176632e-03 1.014039e+01
 1.844952e-03 7.198922e+00 1.549860e+00 1.687741e+00 8.832200e+00 2.094639e+02 2.185336e-03 1.013500e+01
 1.851335e-03 7.190205e+00 1.550958e+00 1.689104e+00 8.824800e+00 2.071343e+02 2.194079e-03 1.012962e+01
 1.857740e-03 7.181495e+00 1.552049e+00 1.690459e+00 8.817400e+00 2.048343e+02 2.202860e-03 1.012423e+01
 1.864168e-03 7.172690e+00 1.553133e+00 1.691806e+00 8.809900e+00 2.025480e+02 2.211680e-03 1.011871e+01
 1.870618e-03 7.163994e+00 1.554211e+00 1.693146e+00 8.802500e+00 2.003061e+02 2.220539e-03 1.011333e+01
 1.877090e-03 7.155304e+00 1.555282e+00 1.694478e+00 8.795100e+00 1.980925e+02 2.229436e-03 1.010794e+01
 1.883584e-03 7.146519e+00 1.556347e+00 1.695803e+00 8.787600e+00 1.958920e+02 2.238373e-03 1.010242e+01
 1.890101e-03 7.137843e+00 1.557405e+00 1.697120e+00 8.780200e+00 1.937341e+02 2.247349e-03 1.009703e+01
 1.896640e-03 7.129173e+00 1.558456e+00 1.698429e+00 8.772800e+00 1.916034e+02 2.256365e-03 1.009164e+01
 1.903203e-03 7.120409e+00 1.559501e+00 1.699731e+00 8.765300e+00 1.894851e+02 2.265420e-03 1.008612e+01
 1.909787e-03 7.111652e+00 1.560539e+00 1.701025e+00 8.757800e+00 1.873935e+02 2.274516e-03 1.008060e+01
 1.916395e-03 7.103003e+00 1.561571e+00 1.702311e+00 8.750400e+00 1.853424e+02 2.283652e-03 1.007521e+01
 1.923025e-03 7.094259e+00 1.562596e+00 1.703589e+00 8.742900e+00 1.833031e+02 2.292828e-03 1.006969e+01
 1.929679e-03 7.085624e+00 1.563614e+00 1.704859e+00 8.735500e+00 1.813033e+02 2.302045e-03 1.006429e+01
 1.936355e-03 7.076894e+00 1.564625e+00 1.706122e+00 8.728000e+00 1.793148e+02 2.311302e-03 1.005877e+01
 1.943055e-03 7.068172e+00 1.565630e+00 1.707377e+00 8.720500e+00 1.773513e+02 2.320601e-03 1.005325e+01
 1.949777e-03 7.059456e+00 1.566628e+00 1.708624e+00 8.713000e+00 1.754124e+02 2.329940e-03 1.004773e+01
 1.956523e-03 7.050848e+00 1.567619e+00 1.709863e+00 8.705600e+00 1.735110e+02 2.339322e-03 1.004233e+01
 1.963292e-03 7.042146e+00 1.568604e+00 1.711094e+00 8.698100e+00 1.716202e+02 2.348744e-03 1.003681e+01
 1.970085e-03 7.033451e+00 1.569582e+00 1.712317e+00 8.690600e+00 1.697530e+02 2.358209e-03 1.003128e+01
 1.976901e-03 7.024764e+00 1.570553e+00 1.713533e+00 8.683100e+00 1.679091e+02 2.367715e-03 1.002575e+01
 1.983741e-03 7.016083e+00 1.571517e+00 1.714740e+00 8.675600e+00 1.660881e+02 2.377264e-03 1.002023e+01
 1.990605e-03 7.007409e+00 1.572475e+00 1.715939e+00 8.668100e+00 1.642898e+02 2.386855e-03 1.001470e+01
 1.997492e-03 6.998742e+00 1.573425e+00 1.717131e+00 8.660600e+00 1.625139e+02 2.396489e-03 1.000917e+01
 2.004403e-03 6.990082e+00 1.574369e+00 1.718314e+00 8.653100e+00 1.607600e+02 2.406166e-03 1.000364e+01
 2.011338e-03 6.981429e+00 1.575307e+00 1.719489e+00 8.645600e+00 1.590279e+02 2.415886e-03 9.998108e+00
 2.018297e-03 6.972784e+00 1.576237e+00 1.720657e+00 8.638100e+00 1.573172e+02 2.425649e-03 9.992576e+00
 2.025280e-03 6.964145e+00 1.577160e+00 1.721816e+00 8.630600e+00 1.556276e+02 2.435455e-03 9.987042e+00
 2.032287e-03 6.955413e+00 1.578077e+00 1.722967e+00 8.623000e+00 1.539472e+02 2.445306e-03 9.981382e+00
 2.039318e-03 6.946788e+00 1.578987e+00 1.724110e+00 8.615500e+00 1.522992e+02 2.455200e-03 9.975847e+00
 2.046374e-03 6.938171e+00 1.579890e+00 1.725245e+00 8.608000e+00 1.506715e+02 2.465139e-03 9.970310e+00
 2.053454e-03 6.929561e+00 1.580786e+00 1.726371e+00 8.600500e+00 1.490639e+02 2.475121e-03 9.964772e+00
 2.060559e-03 6.920857e+00 1.581675e+00 1.727490e+00 8.592900e+00 1.474647e+02 2.485149e-03 9.959107e+00
 2.067688e-03 6.912261e+00 1.582557e+00 1.728600e+00 8.585400e+00 1.458964e+02 2.495221e-03 9.953566e+00
 2.074842e-03 6.903673e+00 1.583433e+00 1.729702e+00 8.577900e+00 1.443474e+02 2.505339e-03 9.948025e+00
 2.082021e-03 6.894990e+00 1.584301e+00 1.730796e+00 8.570300e+00 1.428063e+02 2.515501e-03 9.942356e+00
 2.089224e-03 6.886416e+00 1.585163e+00 1.731881e+00 8.562800e+00 1.412950e+02 2.525710e-03 9.936812e+00
 2.096452e-03 6.877748e+00 1.586018e+00 1.732959e+00 8.555200e+00 1.397915e+02 2.535964e-03 9.931140e+00
 2.103706e-03 6.869188e+00 1.586865e+00 1.734028e+00 8.547700e+00 1.383170e+02 2.546264e-03 9.925593e+00
 2.110984e-03 6.860535e+00 1.587706e+00 1.735088e+00 8.540100e+00 1.368499e+02 2.556610e-03 9.919918e+00
 2.118288e-03 6.851989e+00 1.588540e+00 1.736141e+00 8.532600e+00 1.354112e+02 2.567002e-03 9.914369e+00
 2.125617e-03 6.843350e+00 1.589367e+00 1.737185e+00 8.525000e+00 1.339797e+02 2.577442e-03 9.908691e+00
 2.132971e-03 6.834820e+00 1.590187e+00 1.738220e+00 8.517500e+00 1.325758e+02 2.587928e-03 9.903138e+00
 2.140351e-03 6.826195e+00 1.591000e+00 1.739248e+00 8.509900e+00 1.311789e+02 2.598461e-03 9.897458e+00
 2.147756e-03 6.817578e+00 1.591806e+00 1.740267e+00 8.502300e+00 1.297989e+02 2.609042e-03 9.891776e+00
 2.155187e-03 6.809069e+00 1.592605e+00 1.741277e+00 8.494800e+00 1.284456e+02 2.619670e-03 9.886219e+00
 2.162644e-03 6.800467e+00 1.593397e+00 1.742279e+00 8.487200e+00 1.270988e+02 2.630347e-03 9.880534e+00
 2.170126e-03 6.791871e+00 1.594182e+00 1.743273e+00 8.479600e+00 1.257684e+02 2.641071e-03 9.874847e+00
 2.177635e-03 6.783283e+00 1.594960e+00 1.744258e+00 8.472000e+00 1.244540e+02 2.651844e-03 9.869158e+00
 2.185169e-03 6.774804e+00 1.595731e+00 1.745235e+00 8.464500e+00 1.231651e+02 2.662665e-03 9.863595e+00
 2.192729e-03 6.766231e+00 1.596495e+00 1.746203e+00 8.456900e+00 1.218822e+02 2.673535e-03 9.857903e+00
 2.200316e-03 6.757665e+00 1.597252e+00 1.747163e+00 8.449300e+00 1.206148e+02 2.684455e-03 9.852209e+00
 2.207928e-03 6.749107e+00 1.598002e+00 1.748114e+00 8.441700e+00 1.193626e+02 2.695423e-03 9.846514e+00
 2.215568e-03 6.740556e+00 1.598745e+00 1.749057e+00 8.434100e+00 1.181255e+02 2.706442e-03 9.840817e+00
 2.223233e-03 6.732012e+00 1.599481e+00 1.749991e+00 8.426500e+00 1.169033e+02 2.717510e-03 9.835118e+00
 2.230925e-03 6.723476e+00 1.600210e+00 1.750917e+00 8.418900e+00 1.156957e+02 2.728628e-03 9.829417e+00
 2.238644e-03 6.714947e+00 1.600932e+00 1.751834e+00 8.411300e+00 1.145026e+02 2.739796e-03 9.823715e+00
 2.246389e-03 6.706527e+00 1.601647e+00 1.752742e+00 8.403800e+00 1.133325e+02 2.751016e-03 9.818137e+00
 2.254161e-03 6.698013e+00 1.602354e+00 1.753642e+00 8.396200e+00 1.121676e+02 2.762286e-03 9.812431e+00
 2.261960e-03 6.689507e+00 1.603055e+00 1.754533e+00 8.388600e+00 1.110167e+02 2.773607e-03 9.806723e+00
 2.269786e-03 6.681008e+00 1.603749e+00 1.755416e+00 8.381000e+00 1.098794e+02 2.784980e-03 9.801012e+00
 2.277640e-03 6.672415e+00 1.604435e+00 1.756290e+00 8.373300e+00 1.087473e+02 2.796404e-03 9.795173e+00
 2.285520e-03 6.663931e+00 1.605115e+00 1.757155e+00 8.365700e+00 1.076370e+02 2.807880e-03 9.789459e+00
 2.293427e-03 6.655455e+00 1.605787e+00 1.758012e+00 8.358100e+00 1.065400e+02 2.819408e-03 9.783743e+00
 2.301362e-03 6.646986e+00 1.606452e+00 1.758860e+00 8.350500e+00 1.054559e+02 2.830989e-03 9.778024e+00
 2.309325e-03 6.638524e+00 1.607110e+00 1.759699e+00 8.342900e+00 1.043846e+02 2.842623e-03 9.772304e+00
 2.317315e-03 6.630070e+00 1.607761e+00 1.760530e+00 8.335300e+00 1.033261e+02 2.854309e-03 9.766582e+00
 2.325332e-03 6.621624e+00 1.608405e+00 1.761352e+00 8.327700e+00 1.022800e+02 2.866049e-03 9.760857e+00
 2.333377e-03 6.613185e+00 1.609042e+00 1.762165e+00 8.320100e+00 1.012463e+02 2.877843e-03 9.755131e+00
 2.341451e-03 6.604753e+00 1.609672e+00 1.762969e+00 8.312500e+00 1.002247e+02 2.889690e-03 9.749402e+00
 2.349552e-03 6.596228e+00 1.610294e+00 1.763765e+00 8.304800e+00 9.920746e+01 2.901591e-03 9.743543e+00
 2.357681e-03 6.587811e+00 1.610910e+00 1.764552e+00 8.297200e+00 9.820986e+01 2.913547e-03 9.737810e+00
 2.365838e-03 6.579403e+00 1.611518e+00 1.765330e+00 8.289600e+00 9.722395e+01 2.925557e-03 9.732075e+00
 2.374023e-03 6.571002e+00 1.612120e+00 1.766099e+00 8.282000e+00 9.624961e+01 2.937622e-03 9.726337e+00
 2.382237e-03 6.562608e+00 1.612714e+00 1.766860e+00 8.274400e+00 9.528666e+01 2.949743e-03 9.720597e+00
 2.390479e-03 6.554120e+00 1.613301e+00 1.767611e+00 8.266700e+00 9.432763e+01 2.961919e-03 9.714727e+00
 2.398750e-03 6.545742e+00 1.613881e+00 1.768354e+00 8.259100e+00 9.338712e+01 2.974150e-03 9.708982e+00
 2.407049e-03 6.537371e+00 1.614454e+00 1.769088e+00 8.251500e+00 9.245757e+01 2.986438e-03 9.703235e+00
 2.415377e-03 6.529008e+00 1.615019e+00 1.769814e+00 8.243900e+00 9.153884e+01 2.998782e-03 9.697486e+00
 2.423734e-03 6.520551e+00 1.615578e+00 1.770530e+00 8.236200e+00 9.062373e+01 3.011183e-03 9.691606e+00
 2.432120e-03 6.512202e+00 1.616129e+00 1.771237e+00 8.228600e+00 8.972630e+01 3.023641e-03 9.685851e+00
 2.440535e-03 6.503862e+00 1.616673e+00 1.771936e+00 8.221000e+00 8.883927e+01 3.036156e-03 9.680095e+00
 2.448979e-03 6.495428e+00 1.617210e+00 1.772626e+00 8.213300e+00 8.795565e+01 3.048728e-03 9.674207e+00
 2.457452e-03 6.487102e+00 1.617740e+00 1.773307e+00 8.205700e+00 8.708910e+01 3.061359e-03 9.668445e+00
 2.465954e-03 6.478785e+00 1.618263e+00 1.773979e+00 8.198100e+00 8.623256e+01 3.074047e-03 9.662681e+00
 2.474486e-03 6.470373e+00 1.618779e+00 1.774642e+00 8.190400e+00 8.537923e+01 3.086794e-03 9.656786e+00
 2.483047e-03 6.462071e+00 1.619288e+00 1.775296e+00 8.182800e+00 8.454238e+01 3.099600e-03 9.651016e+00
 2.491638e-03 6.453776e+00 1.619789e+00 1.775941e+00 8.175200e+00 8.371516e+01 3.112464e-03 9.645244e+00
 2.500259e-03 6.445387e+00 1.620283e+00 1.776577e+00 8.167500e+00 8.289097e+01 3.125389e-03 9.639341e+00
 2.508910e-03 6.437108e+00 1.620770e+00 1.777205e+00 8.159900e+00 8.208270e+01 3.138372e-03 9.633564e+00
 2.517590e-03 6.428735e+00 1.621250e+00 1.777823e+00 8.152200e+00 8.127733e+01 3.151416e-03 9.627655e+00
 2.526300e-03 6.420471e+00 1.621723e+00 1.778433e+00 8.144600e+00 8.048753e+01 3.164520e-03 9.621872e+00
 2.535041e-03 6.412214e+00 1.622189e+00 1.779033e+00 8.137000e+00 7.970675e+01 3.177684e-03 9.616087e+00
 2.543812e-03 6.403864e+00 1.622647e+00 1.779625e+00 8.129300e+00 7.892870e+01 3.190910e-03 9.610170e+00
 2.552613e-03 6.395623e+00 1.623099e+00 1.780207e+00 8.121700e+00 7.816569e+01 3.204197e-03 9.604379e+00
 2.561445e-03 6.387287e+00 1.623543e+00 1.780781e+00 8.114000e+00 7.740530e+01 3.217545e-03 9.598456e+00
 2.570307e-03 6.379062e+00 1.623980e+00 1.781345e+00 8.106400e+00 7.665961e+01 3.230955e-03 9.592659e+00
 2.579200e-03 6.370843e+00 1.624410e+00 1.781901e+00 8.098800e+00 7.592238e+01 3.244427e-03 9.586859e+00
 2.588124e-03 6.362531e+00 1.624833e+00 1.782447e+00 8.091100e+00 7.518761e+01 3.257962e-03 9.580928e+00
 2.597078e-03 6.354329e+00 1.625249e+00 1.782985e+00 8.083500e+00 7.446705e+01 3.271559e-03 9.575122e+00
 2.606064e-03 6.346032e+00 1.625657e+00 1.783514e+00 8.075800e+00 7.374885e+01 3.285220e-03 9.569185e+00
 2.615080e-03 6.337844e+00 1.626059e+00 1.784033e+00 8.068200e+00 7.304453e+01 3.298945e-03 9.563373e+00
 2.624128e-03 6.329665e+00 1.626453e+00 1.784544e+00 8.060600e+00 7.234816e+01 3.312733e-03 9.557559e+00
 2.633207e-03 6.321391e+00 1.626840e+00 1.785045e+00 8.052900e+00 7.165400e+01 3.326585e-03 9.551612e+00
 2.642318e-03 6.313226e+00 1.627220e+00 1.785538e+00 8.045300e+00 7.097327e+01 3.340502e-03 9.545792e+00
 2.651460e-03 6.304968e+00 1.627593e+00 1.786021e+00 8.037600e+00 7.029466e+01 3.354483e-03 9.539839e+00
 2.660633e-03 6.296819e+00 1.627959e+00 1.786495e+00 8.030000e+00 6.962917e+01 3.368530e-03 9.534012e+00
 2.669839e-03 6.288576e+00 1.628318e+00 1.786961e+00 8.022300e+00 6.896571e+01 3.382642e-03 9.528053e+00
 2.679076e-03 6.280442e+00 1.628670e+00 1.787417e+00 8.014700e+00 6.831509e+01 3.396821e-03 9.522220e+00
 2.688345e-03 6.272316e+00 1.629014e+00 1.787864e+00 8.007100e+00 6.767175e+01 3.411065e-03 9.516384e+00
 2.697646e-03 6.264096e+00 1.629351e+00 1.788303e+00 7.999400e+00 6.703029e+01 3.425376e-03 9.510415e+00
 2.706980e-03 6.255986e+00 1.629682e+00 1.788732e+00 7.991800e+00 6.640126e+01 3.439754e-03 9.504573e+00
 2.716345e-03 6.247781e+00 1.630005e+00 1.789152e+00 7.984100e+00 6.577404e+01 3.454199e-03 9.498597e+00
 2.725744e-03 6.239686e+00 1.630321e+00 1.789563e+00 7.976500e+00 6.515896e+01 3.468711e-03 9.492748e+00
 2.735174e-03 6.231598e+00 1.630630e+00 1.789965e+00 7.968900e+00 6.455071e+01 3.483292e-03 9.486896e+00
 2.744638e-03 6.223416e+00 1.630932e+00 1.790357e+00 7.961200e+00 6.394416e+01 3.497941e-03 9.480911e+00
 2.754134e-03 6.215344e+00 1.631226e+00 1.790741e+00 7.953600e+00 6.334935e+01 3.512659e-03 9.475052e+00
 2.763662e-03 6.207280e+00 1.631514e+00 1.791116e+00 7.946000e+00 6.276112e+01 3.527446e-03 9.469189e+00
 2.773224e-03 6.199121e+00 1.631795e+00 1.791481e+00 7.938300e+00 6.217447e+01 3.542302e-03 9.463194e+00
 2.782819e-03 6.191072e+00 1.632068e+00 1.791838e+00 7.930700e+00 6.159919e+01 3.557228e-03 9.457324e+00
 2.792447e-03 6.183030e+00 1.632334e+00 1.792185e+00 7.923100e+00 6.103024e+01 3.572224e-03 9.451452e+00
 2.802109e-03 6.174895e+00 1.632594e+00 1.792524e+00 7.915400e+00 6.046276e+01 3.587290e-03 9.445446e+00
 2.811804e-03 6.166869e+00 1.632846e+00 1.792853e+00 7.907800e+00 5.990629e+01 3.602428e-03 9.439566e+00
 2.821532e-03 6.158850e+00 1.633091e+00 1.793173e+00 7.900200e+00 5.935592e+01 3.617637e-03 9.433683e+00
 2.831294e-03 6.150738e+00 1.633330e+00 1.793484e+00 7.892500e+00 5.880691e+01 3.632917e-03 9.427666e+00
 2.841090e-03 6.142735e+00 1.633561e+00 1.793786e+00 7.884900e+00 5.826855e+01 3.648269e-03 9.421776e+00
 2.850920e-03 6.134739e+00 1.633785e+00 1.794079e+00 7.877300e+00 5.773608e+01 3.663694e-03 9.415882e+00
 2.860784e-03 6.126649e+00 1.634002e+00 1.794363e+00 7.869600e+00 5.720487e+01 3.679192e-03 9.409854e+00
 2.870681e-03 6.118669e+00 1.634212e+00 1.794638e+00 7.862000e+00 5.668398e+01 3.694763e-03 9.403953e+00
 2.880614e-03 6.110697e+00 1.634415e+00 1.794903e+00 7.854400e+00 5.616875e+01 3.710407e-03 9.398048e+00
 2.890580e-03 6.102732e+00 1.634611e+00 1.795160e+00 7.846800e+00 5.565912e+01 3.726125e-03 9.392139e+00
 2.900581e-03 6.094673e+00 1.634800e+00 1.795408e+00 7.839100e+00 5.515063e+01 3.741918e-03 9.386096e+00
 2.910617e-03 6.086723e+00 1.634982e+00 1.795646e+00 7.831500e+00 5.465202e+01 3.757786e-03 9.380180e+00
 2.920687e-03 6.078781e+00 1.635157e+00 1.795875e+00 7.823900e+00 5.415880e+01 3.773728e-03 9.374261e+00
 2.930792e-03 6.070847e+00 1.635325e+00 1.796095e+00 7.816300e+00 5.367091e+01 3.789746e-03 9.368337e+00
 2.940932e-03 6.062920e+00 1.635486e+00 1.796307e+00 7.808700e+00 5.318829e+01 3.805840e-03 9.362410e+00
 2.951107e-03 6.054900e+00 1.635640e+00 1.796509e+00 7.801000e+00 5.270666e+01 3.822011e-03 9.356347e+00
 2.961318e-03 6.046988e+00 1.635787e+00 1.796702e+00 7.793400e+00 5.223440e+01 3.838258e-03 9.350412e+00
 2.971563e-03 6.039084e+00 1.635927e+00 1.796886e+00 7.785800e+00 5.176722e+01 3.854582e-03 9.344473e+00
 2.981845e-03 6.031188e+00 1.636060e+00 1.797060e+00 7.778200e+00 5.130505e+01 3.870984e-03 9.338530e+00
 2.992161e-03 6.023300e+00 1.636186e+00 1.797226e+00 7.770600e+00 5.084783e+01 3.887464e-03 9.332583e+00
 3.002514e-03 6.015419e+00 1.636305e+00 1.797383e+00 7.763000e+00 5.039550e+01 3.904023e-03 9.326632e+00
 3.012902e-03 6.007545e+00 1.636417e+00 1.797530e+00 7.755400e+00 4.994800e+01 3.920660e-03 9.320678e+00
 3.023326e-03 5.999680e+00 1.636523e+00 1.797669e+00 7.747800e+00 4.950528e+01 3.937376e-03 9.314719e+00
 3.033786e-03 5.991821e+00 1.636621e+00 1.797799e+00 7.740200e+00 4.906727e+01 3.954172e-03 9.308756e+00
 3.044283e-03 5.983971e+00 1.636712e+00 1.797919e+00 7.732600e+00 4.863392e+01 3.971049e-03 9.302789e+00
 3.054816e-03 5.976128e+00 1.636797e+00 1.798030e+00 7.725000e+00 4.820518e+01 3.988005e-03 9.296817e+00
 3.065385e-03 5.968292e+00 1.636875e+00 1.798133e+00 7.717400e+00 4.778099e+01 4.005043e-03 9.290842e+00
 3.075991e-03 5.960464e+00 1.636945e+00 1.798226e+00 7.709800e+00 4.736129e+01 4.022162e-03 9.284863e+00
 3.086633e-03 5.952644e+00 1.637009e+00 1.798310e+00 7.702200e+00 4.694603e+01 4.039363e-03 9.278879e+00
 3.097312e-03 5.944831e+00 1.637066e+00 1.798386e+00 7.694600e+00 4.653516e+01 4.056647e-03 9.272891e+00
 3.108029e-03 5.937026e+00 1.637116e+00 1.798452e+00 7.687000e+00 4.612862e+01 4.074013e-03 9.266899e+00
 3.118782e-03 5.929228e+00 1.637160e+00 1.798509e+00 7.679400e+00 4.572637e+01 4.091462e-03 9.260902e+00
 3.129572e-03 5.921438e+00 1.637196e+00 1.798557e+00 7.671800e+00 4.532835e+01 4.108995e-03 9.254902e+00
 3.140400e-03 5.913758e+00 1.637226e+00 1.798596e+00 7.664300e+00 4.493812e+01 4.126612e-03 9.249029e+00
 3.151266e-03 5.905982e+00 1.637249e+00 1.798627e+00 7.656700e+00 4.454839e+01 4.144313e-03 9.243020e+00
 3.162168e-03 5.898215e+00 1.637265e+00 1.798648e+00 7.649100e+00 4.416274e+01 4.162099e-03 9.237006e+00
 3.173109e-03 5.890455e+00 1.637274e+00 1.798660e+00 7.641500e+00 4.378112e+01 4.179971e-03 9.230988e+00
 3.184088e-03 5.882702e+00 1.637276e+00 1.798663e+00 7.633900e+00 4.340349e+01 4.197929e-03 9.224965e+00
 3.195104e-03 5.875059e+00 1.637272e+00 1.798657e+00 7.626400e+00 4.303327e+01 4.215973e-03 9.219071e+00
 3.206159e-03 5.867321e+00 1.637260e+00 1.798642e+00 7.618800e+00 4.266345e+01 4.234104e-03 9.213040e+00
 3.217251e-03 5.859591e+00 1.637242e+00 1.798619e+00 7.611200e+00 4.229747e+01 4.252322e-03 9.207004e+00
 3.228383e-03 5.851970e+00 1.637218e+00 1.798586e+00 7.603700e+00 4.193868e+01 4.270628e-03 9.201096e+00
 3.239552e-03 5.844255e+00 1.637186e+00 1.798544e+00 7.596100e+00 4.158024e+01 4.289022e-03 9.195051e+00
 3.250761e-03 5.836649e+00 1.637148e+00 1.798494e+00 7.588600e+00 4.122884e+01 4.307505e-03 9.189134e+00
 3.262008e-03 5.828949e+00 1.637103e+00 1.798434e+00 7.581000e+00 4.087776e+01 4.326077e-03 9.183080e+00
 3.273294e-03 5.821358e+00 1.637052e+00 1.798366e+00 7.573500e+00 4.053358e+01 4.344739e-03 9.177154e+00
 3.284619e-03 5.813672e+00 1.636993e+00 1.798288e+00 7.565900e+00 4.018968e+01 4.363491e-03 9.171091e+00
 3.295983e-03 5.806096e+00 1.636928e+00 1.798202e+00 7.558400e+00 3.985255e+01 4.382334e-03 9.165156e+00
 3.307387e-03 5.798425e+00 1.636856e+00 1.798107e+00 7.550800e+00 3.951568e+01 4.401268e-03 9.159083e+00
 3.318830e-03 5.790864e+00 1.636778e+00 1.798002e+00 7.543300e+00 3.918543e+01 4.420293e-03 9.153139e+00
 3.330313e-03 5.783310e+00 1.636693e+00 1.797889e+00 7.535800e+00 3.885856e+01 4.439411e-03 9.147190e+00
 3.341835e-03 5.775661e+00 1.636601e+00 1.797767e+00 7.528200e+00 3.853190e+01 4.458621e-03 9.141103e+00
 3.353397e-03 5.768122e+00 1.636503e+00 1.797637e+00 7.520700e+00 3.821168e+01 4.477925e-03 9.135144e+00
 3.364999e-03 5.760590e+00 1.636398e+00 1.797497e+00 7.513200e+00 3.789471e+01 4.497322e-03 9.129181e+00
 3.376642e-03 5.752963e+00 1.636286e+00 1.797348e+00 7.505600e+00 3.757791e+01 4.516813e-03 9.123080e+00
 3.388325e-03 5.745446e+00 1.636168e+00 1.797191e+00 7.498100e+00 3.726736e+01 4.536399e-03 9.117107e+00
 3.400048e-03 5.737936e+00 1.636043e+00 1.797025e+00 7.490600e+00 3.695996e+01 4.556080e-03 9.111129e+00
 3.411811e-03 5.730434e+00 1.635912e+00 1.796850e+00 7.483100e+00 3.665567e+01 4.575857e-03 9.105147e+00
 3.423616e-03 5.722938e+00 1.635774e+00 1.796666e+00 7.475600e+00 3.635444e+01 4.595730e-03 9.099160e+00
 3.435461e-03 5.715450e+00 1.635630e+00 1.796474e+00 7.468100e+00 3.605625e+01 4.615700e-03 9.093167e+00
 3.447347e-03 5.707970e+00 1.635479e+00 1.796272e+00 7.460600e+00 3.576106e+01 4.635767e-03 9.087170e+00
 3.459274e-03 5.700496e+00 1.635321e+00 1.796062e+00 7.453100e+00 3.546884e+01 4.655932e-03 9.081168e+00
 3.471243e-03 5.693030e+00 1.635157e+00 1.795843e+00 7.445600e+00 3.517955e+01 4.676196e-03 9.075161e+00
 3.483253e-03 5.685571e+00 1.634987e+00 1.795615e+00 7.438100e+00 3.489316e+01 4.696558e-03 9.069149e+00
 3.495304e-03 5.678119e+00 1.634810e+00 1.795379e+00 7.430600e+00 3.460964e+01 4.717020e-03 9.063132e+00
 3.507398e-03 5.670674e+00 1.634626e+00 1.795134e+00 7.423100e+00 3.432895e+01 4.737581e-03 9.057109e+00
 3.519533e-03 5.663237e+00 1.634436e+00 1.794880e+00 7.415600e+00 3.405106e+01 4.758244e-03 9.051082e+00
 3.531710e-03 5.655909e+00 1.634240e+00 1.794617e+00 7.408200e+00 3.377870e+01 4.779007e-03 9.045184e+00
 3.543929e-03 5.648486e+00 1.634037e+00 1.794346e+00 7.400700e+00 3.350629e+01 4.799872e-03 9.039146e+00
 3.556190e-03 5.641070e+00 1.633828e+00 1.794066e+00 7.393200e+00 3.323660e+01 4.820839e-03 9.033103e+00
 3.568494e-03 5.633764e+00 1.633612e+00 1.793777e+00 7.385800e+00 3.297227e+01 4.841909e-03 9.027190e+00
 3.580841e-03 5.626362e+00 1.633390e+00 1.793480e+00 7.378300e+00 3.270788e+01 4.863083e-03 9.021137e+00
 3.593230e-03 5.618968e+00 1.633162e+00 1.793174e+00 7.370800e+00 3.244610e+01 4.884360e-03 9.015079e+00
 3.605662e-03 5.611682e+00 1.632927e+00 1.792859e+00 7.363400e+00 3.218954e+01 4.905742e-03 9.009149e+00
 3.618137e-03 5.604302e+00 1.632686e+00 1.792536e+00 7.355900e+00 3.193288e+01 4.927228e-03 9.003081e+00
 3.630655e-03 5.597031e+00 1.632439e+00 1.792204e+00 7.348500e+00 3.168135e+01 4.948821e-03 8.997141e+00
 3.643217e-03 5.589767e+00 1.632185e+00 1.791864e+00 7.341100e+00 3.143229e+01 4.970519e-03 8.991196e+00
 3.655822e-03 5.582408e+00 1.631925e+00 1.791515e+00 7.333600e+00 3.118309e+01 4.992325e-03 8.985111e+00
 3.668470e-03 5.575159e+00 1.631659e+00 1.791157e+00 7.326200e+00 3.093888e+01 5.014238e-03 8.979156e+00
 3.681163e-03 5.567916e+00 1.631386e+00 1.790791e+00 7.318800e+00 3.069705e+01 5.036258e-03 8.973195e+00
 3.693899e-03 5.560578e+00 1.631107e+00 1.790417e+00 7.311300e+00 3.045507e+01 5.058388e-03 8.967094e+00
 3.706679e-03 5.553349e+00 1.630822e+00 1.790033e+00 7.303900e+00 3.021794e+01 5.080626e-03 8.961123e+00
 3.719504e-03 5.546128e+00 1.630531e+00 1.789642e+00 7.296500e+00 2.998311e+01 5.102975e-03 8.955146e+00
 3.732373e-03 5.538913e+00 1.630233e+00 1.789242e+00 7.289100e+00 2.975055e+01 5.125433e-03 8.949163e+00
 3.745286e-03 5.531705e+00 1.629929e+00 1.788833e+00 7.281700e+00 2.952025e+01 5.148003e-03 8.943175e+00
 3.758244e-03 5.524504e+00 1.629619e+00 1.788416e+00 7.274300e+00 2.929217e+01 5.170684e-03 8.937182e+00
 3.771247e-03 5.517310e+00 1.629303e+00 1.787990e+00 7.266900e+00 2.906629e+01 5.193478e-03 8.931183e+00
 3.784295e-03 5.510123e+00 1.628981e+00 1.787556e+00 7.259500e+00 2.884258e+01 5.216384e-03 8.925179e+00
 3.797388e-03 5.502943e+00 1.628653e+00 1.787114e+00 7.252100e+00 2.862103e+01 5.239404e-03 8.919169e+00
 3.810527e-03 5.495770e+00 1.628318e+00 1.786663e+00 7.244700e+00 2.840160e+01 5.262538e-03 8.913154e+00
 3.823710e-03 5.488706e+00 1.627978e+00 1.786204e+00 7.237400e+00 2.818661e+01 5.285787e-03 8.907268e+00
 3.836940e-03 5.481546e+00 1.627631e+00 1.785737e+00 7.230000e+00 2.797135e+01 5.309151e-03 8.901241e+00
 3.850215e-03 5.474394e+00 1.627278e+00 1.785261e+00 7.222600e+00 2.775815e+01 5.332631e-03 8.895209e+00
 3.863536e-03 5.467350e+00 1.626919e+00 1.784777e+00 7.215300e+00 2.754927e+01 5.356228e-03 8.889306e+00
 3.876904e-03 5.460211e+00 1.626554e+00 1.784284e+00 7.207900e+00 2.734010e+01 5.379942e-03 8.883263e+00
 3.890317e-03 5.453181e+00 1.626183e+00 1.783783e+00 7.200600e+00 2.713518e+01 5.403774e-03 8.877349e+00
 3.903777e-03 5.446056e+00 1.625807e+00 1.783274e+00 7.193200e+00 2.692996e+01 5.427725e-03 8.871294e+00
 3.917283e-03 5.439039e+00 1.625424e+00 1.782757e+00 7.185900e+00 2.672891e+01 5.451794e-03 8.865368e+00
 3.930837e-03 5.431927e+00 1.625035e+00 1.782231e+00 7.178500e+00 2.652754e+01 5.475984e-03 8.859302e+00
 3.944437e-03 5.424924e+00 1.624640e+00 1.781698e+00 7.171200e+00 2.633028e+01 5.500295e-03 8.853365e+00
 3.958084e-03 5.417928e+00 1.624239e+00 1.781156e+00 7.163900e+00 2.613486e+01 5.524727e-03 8.847422e+00
 3.971778e-03 5.410939e+00 1.623832e+00 1.780605e+00 7.156600e+00 2.594129e+01 5.549281e-03 8.841474e+00
 3.985520e-03 5.403854e+00 1.623420e+00 1.780047e+00 7.149200e+00 2.574738e+01 5.573957e-03 8.835384e+00
 3.999309e-03 5.396877e+00 1.623001e+00 1.779481e+00 7.141900e+00 2.555742e+01 5.598757e-03 8.829424e+00
 4.013146e-03 5.389908e+00 1.622577e+00 1.778906e+00 7.134600e+00 2.536925e+01 5.623681e-03 8.823459e+00
 4.027031e-03 5.382945e+00 1.622147e+00 1.778323e+00 7.127300e+00 2.518282e+01 5.648729e-03 8.817487e+00
 4.040964e-03 5.375989e+00 1.621711e+00 1.777732e+00 7.120000e+00 2.499814e+01 5.673903e-03 8.811509e+00
 4.054945e-03 5.369039e+00 1.621269e+00 1.777133e+00 7.112700e+00 2.481517e+01 5.699203e-03 8.805526e+00
 4.068975e-03 5.362198e+00 1.620821e+00 1.776527e+00 7.105500e+00 2.463597e+01 5.724630e-03 8.799672e+00
 4.083053e-03 5.355262e+00 1.620368e+00 1.775912e+00 7.098200e+00 2.445637e+01 5.750185e-03 8.793677e+00
 4.097180e-03 5.348332e+00 1.619909e+00 1.775289e+00 7.090900e+00 2.427844e+01 5.775868e-03 8.787675e+00
 4.111355e-03 5.341408e+00 1.619444e+00 1.774658e+00 7.083600e+00 2.410215e+01 5.801679e-03 8.781668e+00
 4.125580e-03 5.334593e+00 1.618973e+00 1.774019e+00 7.076400e+00 2.392950e+01 5.827621e-03 8.775790e+00
 4.139854e-03 5.327683e+00 1.618496e+00 1.773372e+00 7.069100e+00 2.375644e+01 5.853693e-03 8.769771e+00
 4.154177e-03 5.320881e+00 1.618014e+00 1.772717e+00 7.061900e+00 2.358695e+01 5.879896e-03 8.763881e+00
 4.168550e-03 5.313983e+00 1.617527e+00 1.772054e+00 7.054600e+00 2.341704e+01 5.906231e-03 8.757850e+00
 4.182972e-03 5.307195e+00 1.617033e+00 1.771383e+00 7.047400e+00 2.325065e+01 5.932698e-03 8.751948e+00
 4.197445e-03 5.300412e+00 1.616534e+00 1.770705e+00 7.040200e+00 2.308578e+01 5.959299e-03 8.746041e+00
 4.211967e-03 5.293534e+00 1.616029e+00 1.770018e+00 7.032900e+00 2.292048e+01 5.986034e-03 8.739991e+00
 4.226540e-03 5.286764e+00 1.615519e+00 1.769324e+00 7.025700e+00 2.275861e+01 6.012904e-03 8.734071e+00
 4.241163e-03 5.280001e+00 1.615003e+00 1.768622e+00 7.018500e+00 2.259821e+01 6.039910e-03 8.728145e+00
 4.255837e-03 5.273244e+00 1.614482e+00 1.767912e+00 7.011300e+00 2.243926e+01 6.067052e-03 8.722213e+00
 4.270562e-03 5.266493e+00 1.613955e+00 1.767195e+00 7.004100e+00 2.228175e+01 6.094331e-03 8.716274e+00
 4.285337e-03 5.259749e+00 1.613422e+00 1.766469e+00 6.996900e+00 2.212567e+01 6.121749e-03 8.710330e+00
 4.300164e-03 5.253011e+00 1.612884e+00 1.765736e+00 6.989700e+00 2.197099e+01 6.149305e-03 8.704379e+00
 4.315042e-03 5.246382e+00 1.612341e+00 1.764995e+00 6.982600e+00 2.181955e+01 6.177000e-03 8.698558e+00
 4.329971e-03 5.239656e+00 1.611792e+00 1.764247e+00 6.975400e+00 2.166764e+01 6.204836e-03 8.692595e+00
 4.344952e-03 5.232937e+00 1.611237e+00 1.763491e+00 6.968200e+00 2.151709e+01 6.232813e-03 8.686626e+00
 4.359985e-03 5.226224e+00 1.610677e+00 1.762727e+00 6.961000e+00 2.136789e+01 6.260932e-03 8.680650e+00
 4.375070e-03 5.219619e+00 1.610112e+00 1.761956e+00 6.953900e+00 2.122183e+01 6.289194e-03 8.674804e+00
 4.390207e-03 5.212918e+00 1.609541e+00 1.761177e+00 6.946700e+00 2.107528e+01 6.317599e-03 8.668816e+00
 4.405396e-03 5.206326e+00 1.608965e+00 1.760390e+00 6.939600e+00 2.093182e+01 6.346148e-03 8.662958e+00
 4.420639e-03 5.199740e+00 1.608384e+00 1.759596e+00 6.932500e+00 2.078963e+01 6.374843e-03 8.657093e+00
 4.435933e-03 5.193058e+00 1.607797e+00 1.758794e+00 6.925300e+00 2.064694e+01 6.403684e-03 8.651086e+00
 4.451281e-03 5.186484e+00 1.607205e+00 1.757985e+00 6.918200e+00 2.050727e+01 6.432671e-03 8.645208e+00
 4.466682e-03 5.179916e+00 1.606607e+00 1.757169e+00 6.911100e+00 2.036883e+01 6.461806e-03 8.639325e+00
 4.482136e-03 5.173354e+00 1.606005e+00 1.756345e+00 6.904000e+00 2.023161e+01 6.491090e-03 8.633434e+00
 4.497643e-03 5.166799e+00 1.605397e+00 1.755513e+00 6.896900e+00 2.009560e+01 6.520523e-03 8.627538e+00
 4.513204e-03 5.160249e+00 1.604783e+00 1.754675e+00 6.889800e+00 1.996079e+01 6.550106e-03 8.621635e+00
 4.528819e-03 5.153705e+00 1.604165e+00 1.753828e+00 6.882700e+00 1.982716e+01 6.579840e-03 8.615726e+00
 4.544488e-03 5.147167e+00 1.603542e+00 1.752975e+00 6.875600e+00 1.969471e+01 6.609726e-03 8.609810e+00
 4.560212e-03 5.140635e+00 1.602913e+00 1.752114e+00 6.868500e+00 1.956341e+01 6.639765e-03 8.603887e+00
 4.575989e-03 5.134212e+00 1.602279e+00 1.751246e+00 6.861500e+00 1.943492e+01 6.669957e-03 8.598095e+00
 4.591822e-03 5.127692e+00 1.601640e+00 1.750370e+00 6.854400e+00 1.930589e+01 6.700304e-03 8.592160e+00
 4.607709e-03 5.121280e+00 1.600996e+00 1.749487e+00 6.847400e+00 1.917964e+01 6.730806e-03 8.586355e+00
 4.623651e-03 5.114772e+00 1.600346e+00 1.748597e+00 6.840300e+00 1.905284e+01 6.761465e-03 8.580406e+00
 4.639648e-03 5.108372e+00 1.599692e+00 1.747700e+00 6.833300e+00 1.892877e+01 6.792281e-03 8.574588e+00
 4.655700e-03 5.101875e+00 1.599032e+00 1.746796e+00 6.826200e+00 1.880415e+01 6.823255e-03 8.568626e+00
 4.671808e-03 5.095487e+00 1.598368e+00 1.745884e+00 6.819200e+00 1.868222e+01 6.854387e-03 8.562795e+00
 4.687972e-03 5.089104e+00 1.597698e+00 1.744966e+00 6.812200e+00 1.856134e+01 6.885680e-03 8.556957e+00
 4.704192e-03 5.082727e+00 1.597024e+00 1.744040e+00 6.805200e+00 1.844149e+01 6.917133e-03 8.551113e+00
 4.720467e-03 5.076356e+00 1.596345e+00 1.743107e+00 6.798200e+00 1.832268e+01 6.948749e-03 8.545262e+00
 4.736799e-03 5.069991e+00 1.595660e+00 1.742167e+00 6.791200e+00 1.820488e+01 6.980526e-03 8.539404e+00
 4.753188e-03 5.063631e+00 1.594971e+00 1.741220e+00 6.784200e+00 1.808809e+01 7.012468e-03 8.533539e+00
 4.769633e-03 5.057277e+00 1.594276e+00 1.740266e+00 6.777200e+00 1.797230e+01 7.044574e-03 8.527668e+00
 4.786136e-03 5.050929e+00 1.593577e+00 1.739305e+00 6.770200e+00 1.785749e+01 7.076845e-03 8.521790e+00
 4.802695e-03 5.044688e+00 1.592873e+00 1.738337e+00 6.763300e+00 1.774520e+01 7.109283e-03 8.516043e+00
 4.819312e-03 5.038351e+00 1.592164e+00 1.737363e+00 6.756300e+00 1.763233e+01 7.141888e-03 8.510152e+00
 4.835986e-03 5.032122e+00 1.591451e+00 1.736381e+00 6.749400e+00 1.752193e+01 7.174661e-03 8.504391e+00
 4.852717e-03 5.025796e+00 1.590732e+00 1.735392e+00 6.742400e+00 1.741096e+01 7.207604e-03 8.498486e+00
 4.869507e-03 5.019578e+00 1.590009e+00 1.734397e+00 6.735500e+00 1.730242e+01 7.240717e-03 8.492712e+00
 4.886355e-03 5.013365e+00 1.589281e+00 1.733395e+00 6.728600e+00 1.719480e+01 7.274001e-03 8.486931e+00
 4.903261e-03 5.007056e+00 1.588548e+00 1.732386e+00 6.721600e+00 1.708660e+01 7.307458e-03 8.481006e+00
 4.920225e-03 5.000854e+00 1.587810e+00 1.731370e+00 6.714700e+00 1.698079e+01 7.341087e-03 8.475211e+00
 4.937249e-03 4.994658e+00 1.587068e+00 1.730347e+00 6.707800e+00 1.687586e+01 7.374891e-03 8.469410e+00
 4.954331e-03 4.988467e+00 1.586321e+00 1.729318e+00 6.700900e+00 1.677180e+01 7.408870e-03 8.463601e+00
 4.971472e-03 4.982282e+00 1.585569e+00 1.728282e+00 6.694000e+00 1.666862e+01 7.443025e-03 8.457786e+00
 4.988673e-03 4.976205e+00 1.584813e+00 1.727239e+00 6.687200e+00 1.656773e+01 7.477358e-03 8.452102e+00
 5.005933e-03 4.970030e+00 1.584052e+00 1.726190e+00 6.680300e+00 1.646625e+01 7.511869e-03 8.446273e+00
 5.023252e-03 4.963861e+00 1.583287e+00 1.725134e+00 6.673400e+00 1.636561e+01 7.546559e-03 8.440437e+00
 5.040632e-03 4.957800e+00 1.582517e+00 1.724072e+00 6.666600e+00 1.626723e+01 7.581429e-03 8.434732e+00
 5.058072e-03 4.951641e+00 1.581742e+00 1.723003e+00 6.659700e+00 1.616824e+01 7.616481e-03 8.428883e+00
 5.075572e-03 4.945590e+00 1.580963e+00 1.721928e+00 6.652900e+00 1.607148e+01 7.651715e-03 8.423164e+00
 5.093133e-03 4.939545e+00 1.580179e+00 1.720846e+00 6.646100e+00 1.597551e+01 7.687133e-03 8.417439e+00
 5.110754e-03 4.933402e+00 1.579391e+00 1.719757e+00 6.639200e+00 1.587894e+01 7.722735e-03 8.411568e+00
 5.128437e-03 4.927366e+00 1.578598e+00 1.718662e+00 6.632400e+00 1.578454e+01 7.758523e-03 8.405828e+00
 5.146180e-03 4.921336e+00 1.577801e+00 1.717561e+00 6.625600e+00 1.569092e+01 7.794498e-03 8.400082e+00
 5.163985e-03 4.915311e+00 1.577000e+00 1.716453e+00 6.618800e+00 1.559806e+01 7.830660e-03 8.394328e+00
 5.181852e-03 4.909292e+00 1.576194e+00 1.715339e+00 6.612000e+00 1.550596e+01 7.867011e-03 8.388568e+00
 5.199780e-03 4.903277e+00 1.575383e+00 1.714219e+00 6.605200e+00 1.541460e+01 7.903552e-03 8.382800e+00
 5.217771e-03 4.897370e+00 1.574569e+00 1.713092e+00 6.598500e+00 1.532534e+01 7.940284e-03 8.377163e+00
 5.235824e-03 4.891366e+00 1.573750e+00 1.711959e+00 6.591700e+00 1.523546e+01 7.977208e-03 8.371382e+00
 5.253939e-03 4.885366e+00 1.572926e+00 1.710820e+00 6.584900e+00 1.514630e+01 8.014326e-03 8.365593e+00
 5.272117e-03 4.879474e+00 1.572099e+00 1.709675e+00 6.578200e+00 1.505920e+01 8.051638e-03 8.359935e+00
 5.290357e-03 4.873587e+00 1.571267e+00 1.708523e+00 6.571500e+00 1.497279e+01 8.089145e-03 8.354271e+00
 5.308661e-03 4.867603e+00 1.570431e+00 1.707366e+00 6.564700e+00 1.488576e+01 8.126849e-03 8.348460e+00
 5.327028e-03 4.861726e+00 1.569590e+00 1.706202e+00 6.558000e+00 1.480074e+01 8.164751e-03 8.342781e+00
 5.345459e-03 4.855853e+00 1.568746e+00 1.705032e+00 6.551300e+00 1.471641e+01 8.202852e-03 8.337095e+00
 5.363953e-03 4.849986e+00 1.567897e+00 1.703856e+00 6.544600e+00 1.463274e+01 8.241153e-03 8.331402e+00
 5.382512e-03 4.844124e+00 1.567044e+00 1.702674e+00 6.537900e+00 1.454974e+01 8.279655e-03 8.325702e+00
 5.401135e-03 4.838266e+00 1.566187e+00 1.701486e+00 6.531200e+00 1.446741e+01 8.318360e-03 8.319994e+00
 5.419822e-03 4.832413e+00 1.565326e+00 1.700292e+00 6.524500e+00 1.438573e+01 8.357268e-03 8.314280e+00
 5.438573e-03 4.826565e+00 1.564460e+00 1.699092e+00 6.517800e+00 1.430469e+01 8.396382e-03 8.308558e+00
 5.457390e-03 4.820825e+00 1.563591e+00 1.697886e+00 6.511200e+00 1.422556e+01 8.435701e-03 8.302967e+00
 5.476272e-03 4.814986e+00 1.562717e+00 1.696675e+00 6.504500e+00 1.414580e+01 8.475227e-03 8.297231e+00
 5.495219e-03 4.809255e+00 1.561840e+00 1.695457e+00 6.497900e+00 1.406792e+01 8.514962e-03 8.291626e+00
 5.514232e-03 4.803529e+00 1.560958e+00 1.694234e+00 6.491300e+00 1.399065e+01 8.554907e-03 8.286014e+00
 5.533310e-03 4.797705e+00 1.560073e+00 1.693005e+00 6.484600e+00 1.391275e+01 8.595062e-03 8.280256e+00
 5.552454e-03 4.791987e+00 1.559184e+00 1.691770e+00 6.478000e+00 1.383669e+01 8.635429e-03 8.274629e+00
 5.571665e-03 4.786275e+00 1.558290e+00 1.690529e+00 6.471400e+00 1.376123e+01 8.676010e-03 8.268995e+00
 5.590942e-03 4.780567e+00 1.557393e+00 1.689283e+00 6.464800e+00 1.368636e+01 8.716806e-03 8.263354e+00
 5.610286e-03 4.774864e+00 1.556492e+00 1.688031e+00 6.458200e+00 1.361207e+01 8.757817e-03 8.257706e+00
 5.629697e-03 4.769165e+00 1.555586e+00 1.686773e+00 6.451600e+00 1.353836e+01 8.799045e-03 8.252050e+00
 5.649175e-03 4.763573e+00 1.554677e+00 1.685509e+00 6.445100e+00 1.346642e+01 8.840492e-03 8.246526e+00
 5.668720e-03 4.757883e+00 1.553765e+00 1.684241e+00 6.438500e+00 1.339385e+01 8.882159e-03 8.240856e+00
 5.688333e-03 4.752301e+00 1.552848e+00 1.682966e+00 6.432000e+00 1.332303e+01 8.924046e-03 8.235317e+00
 5.708014e-03 4.746620e+00 1.551928e+00 1.681686e+00 6.425400e+00 1.325156e+01 8.966156e-03 8.229632e+00
 5.727763e-03 4.741046e+00 1.551004e+00 1.680401e+00 6.418900e+00 1.318183e+01 9.008489e-03 8.224078e+00
 5.747580e-03 4.735477e+00 1.550076e+00 1.679110e+00 6.412400e+00 1.311264e+01 9.051047e-03 8.218518e+00
 5.767465e-03 4.729912e+00 1.549144e+00 1.677813e+00 6.405900e+00 1.304398e+01 9.093831e-03 8.212949e+00
 5.787420e-03 4.724351e+00 1.548209e+00 1.676512e+00 6.399400e+00 1.297584e+01 9.136843e-03 8.207374e+00
 5.807444e-03 4.718795e+00 1.547270e+00 1.675204e+00 6.392900e+00 1.290822e+01 9.180084e-03 8.201791e+00
 5.827536e-03 4.713243e+00 1.546327e+00 1.673892e+00 6.386400e+00 1.284112e+01 9.223555e-03 8.196201e+00
 5.847699e-03 4.707695e+00 1.545381e+00 1.672574e+00 6.379900e+00 1.277453e+01 9.267257e-03 8.190603e+00
 5.867931e-03 4.702151e+00 1.544431e+00 1.671251e+00 6.373400e+00 1.270845e+01 9.311193e-03 8.184998e+00
 5.888233e-03 4.696715e+00 1.543477e+00 1.669923e+00 6.367000e+00 1.264401e+01 9.355362e-03 8.179525e+00
 5.908606e-03 4.691180e+00 1.542520e+00 1.668589e+00 6.360500e+00 1.257892e+01 9.399768e-03 8.173904e+00
 5.929048e-03 4.685751e+00 1.541560e+00 1.667251e+00 6.354100e+00 1.251545e+01 9.444410e-03 8.168416e+00
 5.949562e-03 4.680327e+00 1.540596e+00 1.665907e+00 6.347700e+00 1.245246e+01 9.489291e-03 8.162921e+00
 5.970147e-03 4.674907e+00 1.539628e+00 1.664558e+00 6.341300e+00 1.238995e+01 9.534412e-03 8.157418e+00
 5.990802e-03 4.669491e+00 1.538657e+00 1.663204e+00 6.334900e+00 1.232790e+01 9.579774e-03 8.151907e+00
 6.011530e-03 4.664079e+00 1.537682e+00 1.661845e+00 6.328500e+00 1.226632e+01 9.625379e-03 8.146389e+00
 6.032329e-03 4.658672e+00 1.536704e+00 1.660481e+00 6.322100e+00 1.220520e+01 9.671228e-03 8.140863e+00
 6.053200e-03 4.653268e+00 1.535723e+00 1.659111e+00 6.315700e+00 1.214454e+01 9.717322e-03 8.135330e+00
 6.074143e-03 4.647868e+00 1.534738e+00 1.657737e+00 6.309300e+00 1.208433e+01 9.763664e-03 8.129790e+00
 6.095158e-03 4.642575e+00 1.533750e+00 1.656358e+00 6.303000e+00 1.202566e+01 9.810254e-03 8.124381e+00
 6.116247e-03 4.637183e+00 1.532759e+00 1.654974e+00 6.296600e+00 1.196634e+01 9.857094e-03 8.118825e+00
 6.137408e-03 4.631898e+00 1.531764e+00 1.653586e+00 6.290300e+00 1.190854e+01 9.904186e-03 8.113402e+00
 6.158643e-03 4.626616e+00 1.530766e+00 1.652192e+00 6.284000e+00 1.185117e+01 9.951530e-03 8.107971e+00
 6.179951e-03 4.621236e+00 1.529765e+00 1.650794e+00 6.277600e+00 1.179315e+01 9.999129e-03 8.102392e+00
 6.201332e-03 4.615962e+00 1.528760e+00 1.649390e+00 6.271300e+00 1.173663e+01 1.004698e-02 8.096946e+00
 6.222788e-03 4.610693e+00 1.527752e+00 1.647982e+00 6.265000e+00 1.168052e+01 1.009510e-02 8.091492e+00
 6.244318e-03 4.605529e+00 1.526741e+00 1.646570e+00 6.258800e+00 1.162589e+01 1.014347e-02 8.086171e+00
 6.265922e-03 4.600267e+00 1.525727e+00 1.645153e+00 6.252500e+00 1.157060e+01 1.019210e-02 8.080702e+00
 6.287601e-03 4.595009e+00 1.524710e+00 1.643731e+00 6.246200e+00 1.151572e+01 1.024099e-02 8.075225e+00
 6.309356e-03 4.589856e+00 1.523689e+00 1.642304e+00 6.240000e+00 1.146228e+01 1.029015e-02 8.069880e+00
 6.331185e-03 4.584605e+00 1.522666e+00 1.640873e+00 6.233700e+00 1.140819e+01 1.033958e-02 8.064389e+00
 6.353090e-03 4.579461e+00 1.521639e+00 1.639437e+00 6.227500e+00 1.135553e+01 1.038927e-02 8.059029e+00
 6.375071e-03 4.574320e+00 1.520609e+00 1.637997e+00 6.221300e+00 1.130326e+01 1.043922e-02 8.053662e+00
 6.397127e-03 4.569079e+00 1.519576e+00 1.636552e+00 6.215000e+00 1.125033e+01 1.048945e-02 8.048147e+00
 6.419261e-03 4.563945e+00 1.518540e+00 1.635103e+00 6.208800e+00 1.119882e+01 1.053995e-02 8.042765e+00
 6.441470e-03 4.558918e+00 1.517502e+00 1.633650e+00 6.202700e+00 1.114870e+01 1.059072e-02 8.037514e+00
 6.463757e-03 4.553791e+00 1.516460e+00 1.632192e+00 6.196500e+00 1.109792e+01 1.064177e-02 8.032117e+00
 6.486120e-03 4.548668e+00 1.515415e+00 1.630729e+00 6.190300e+00 1.104751e+01 1.069310e-02 8.026711e+00
 6.508561e-03 4.543548e+00 1.514367e+00 1.629263e+00 6.184100e+00 1.099746e+01 1.074470e-02 8.021298e+00
 6.531080e-03 4.538534e+00 1.513317e+00 1.627792e+00 6.178000e+00 1.094877e+01 1.079658e-02 8.016017e+00
 6.553677e-03 4.533524e+00 1.512263e+00 1.626317e+00 6.171900e+00 1.090044e+01 1.084874e-02 8.010729e+00
 6.576351e-03 4.528414e+00 1.511207e+00 1.624837e+00 6.165700e+00 1.085145e+01 1.090119e-02 8.005292e+00
 6.599104e-03 4.523411e+00 1.510148e+00 1.623354e+00 6.159600e+00 1.080381e+01 1.095392e-02 7.999989e+00
 6.621936e-03 4.518411e+00 1.509086e+00 1.621866e+00 6.153500e+00 1.075651e+01 1.100694e-02 7.994677e+00
 6.644847e-03 4.513414e+00 1.508021e+00 1.620374e+00 6.147400e+00 1.070954e+01 1.106025e-02 7.989358e+00
 6.667837e-03 4.508421e+00 1.506953e+00 1.618878e+00 6.141300e+00 1.066291e+01 1.111384e-02 7.984031e+00
 6.690907e-03 4.503534e+00 1.505883e+00 1.617378e+00 6.135300e+00 1.061759e+01 1.116773e-02 7.978836e+00
 6.714057e-03 4.498547e+00 1.504810e+00 1.615874e+00 6.129200e+00 1.057161e+01 1.122191e-02 7.973494e+00
 6.737286e-03 4.493563e+00 1.503734e+00 1.614366e+00 6.123100e+00 1.052595e+01 1.127639e-02 7.968144e+00
 6.760596e-03 4.488685e+00 1.502655e+00 1.612854e+00 6.117100e+00 1.048160e+01 1.133116e-02 7.962926e+00
 6.783987e-03 4.483811e+00 1.501574e+00 1.611338e+00 6.111100e+00 1.043755e+01 1.138623e-02 7.957701e+00
 6.807458e-03 4.478940e+00 1.500491e+00 1.609818e+00 6.105100e+00 1.039381e+01 1.144161e-02 7.952468e+00
 6.831011e-03 4.473968e+00 1.499404e+00 1.608295e+00 6.099000e+00 1.034942e+01 1.149728e-02 7.947087e+00
 6.854646e-03 4.469103e+00 1.498315e+00 1.606767e+00 6.093000e+00 1.030630e+01 1.155326e-02 7.941838e+00
 6.878362e-03 4.464344e+00 1.497224e+00 1.605236e+00 6.087100e+00 1.026443e+01 1.160955e-02 7.936722e+00
 6.902160e-03 4.459485e+00 1.496129e+00 1.603701e+00 6.081100e+00 1.022191e+01 1.166614e-02 7.931458e+00
 6.926040e-03 4.454629e+00 1.495033e+00 1.602162e+00 6.075100e+00 1.017968e+01 1.172304e-02 7.926186e+00
 6.950003e-03 4.449879e+00 1.493934e+00 1.600619e+00 6.069200e+00 1.013869e+01 1.178026e-02 7.921047e+00
 6.974049e-03 4.445029e+00 1.492832e+00 1.599073e+00 6.063200e+00 1.009704e+01 1.183779e-02 7.915759e+00
 6.998178e-03 4.440284e+00 1.491728e+00 1.597523e+00 6.057300e+00 1.005662e+01 1.189563e-02 7.910604e+00
 7.022391e-03 4.435543e+00 1.490621e+00 1.595970e+00 6.051400e+00 1.001649e+01 1.195379e-02 7.905442e+00
 7.046687e-03 4.430805e+00 1.489512e+00 1.594413e+00 6.045500e+00 9.976626e+00 1.201227e-02 7.900271e+00
