# MvsR for pwp /home/gieg/projects/BAM_old/src/projects/eos/tab/pwpfits/eos_h4.pwp
# rho_c, R_iso, M, Mb, R, Lambda, e_c, R_inv
 3.075292e-04 8.879270e+00 2.118663e-01 2.138640e-01 9.092400e+00 8.727791e+06 3.128142e-04 9.257872e+00
 3.082604e-04 8.872237e+00 2.128864e-01 2.149088e-01 9.086400e+00 8.537282e+06 3.135699e-04 9.252400e+00
 3.089932e-04 8.865398e+00 2.139117e-01 2.159591e-01 9.080600e+00 8.350800e+06 3.143274e-04 9.247134e+00
 3.097278e-04 8.858554e+00 2.149423e-01 2.170149e-01 9.074800e+00 8.168527e+06 3.150868e-04 9.241868e+00
 3.104642e-04 8.851704e+00 2.159781e-01 2.180763e-01 9.069000e+00 7.990235e+06 3.158480e-04 9.236604e+00
 3.112023e-04 8.845050e+00 2.170192e-01 2.191432e-01 9.063400e+00 7.815835e+06 3.166112e-04 9.231546e+00
 3.119422e-04 8.838389e+00 2.180655e-01 2.202156e-01 9.057800e+00 7.645369e+06 3.173763e-04 9.226489e+00
 3.126838e-04 8.831824e+00 2.191172e-01 2.212937e-01 9.052300e+00 7.478746e+06 3.181432e-04 9.221535e+00
 3.134272e-04 8.825353e+00 2.201742e-01 2.223773e-01 9.046900e+00 7.315634e+06 3.189121e-04 9.216685e+00
 3.141723e-04 8.818876e+00 2.212366e-01 2.234666e-01 9.041500e+00 7.156200e+06 3.196829e-04 9.211836e+00
 3.149193e-04 8.812494e+00 2.223043e-01 2.245615e-01 9.036200e+00 7.000359e+06 3.204557e-04 9.207091e+00
 3.156680e-04 8.806206e+00 2.233773e-01 2.256621e-01 9.031000e+00 6.847912e+06 3.212303e-04 9.202450e+00
 3.164184e-04 8.799913e+00 2.244558e-01 2.267684e-01 9.025800e+00 6.698784e+06 3.220069e-04 9.197809e+00
 3.171707e-04 8.793714e+00 2.255397e-01 2.278803e-01 9.020700e+00 6.552903e+06 3.227854e-04 9.193273e+00
 3.179248e-04 8.787610e+00 2.266290e-01 2.289981e-01 9.015700e+00 6.410309e+06 3.235658e-04 9.188840e+00
 3.186806e-04 8.781600e+00 2.277237e-01 2.301215e-01 9.010800e+00 6.270707e+06 3.243482e-04 9.184511e+00
 3.194383e-04 8.775584e+00 2.288239e-01 2.312507e-01 9.005900e+00 6.134357e+06 3.251326e-04 9.180183e+00
 3.201977e-04 8.769663e+00 2.299296e-01 2.323857e-01 9.001100e+00 6.001078e+06 3.259189e-04 9.175959e+00
 3.209589e-04 8.763736e+00 2.310408e-01 2.335266e-01 8.996300e+00 5.870484e+06 3.267071e-04 9.171737e+00
 3.217220e-04 8.758004e+00 2.321575e-01 2.346732e-01 8.991700e+00 5.742934e+06 3.274974e-04 9.167721e+00
 3.224869e-04 8.752166e+00 2.332798e-01 2.358257e-01 8.987000e+00 5.618154e+06 3.282896e-04 9.163603e+00
 3.232536e-04 8.746522e+00 2.344076e-01 2.369841e-01 8.982500e+00 5.496082e+06 3.290838e-04 9.159692e+00
 3.240221e-04 8.740872e+00 2.355410e-01 2.381484e-01 8.978000e+00 5.376855e+06 3.298799e-04 9.155783e+00
 3.247924e-04 8.735317e+00 2.366799e-01 2.393186e-01 8.973600e+00 5.260021e+06 3.306781e-04 9.151977e+00
 3.255646e-04 8.729756e+00 2.378245e-01 2.404947e-01 8.969200e+00 5.145816e+06 3.314782e-04 9.148173e+00
 3.263386e-04 8.724289e+00 2.389747e-01 2.416768e-01 8.964900e+00 5.034180e+06 3.322804e-04 9.144473e+00
 3.271145e-04 8.718916e+00 2.401306e-01 2.428648e-01 8.960700e+00 4.925054e+06 3.330845e-04 9.140878e+00
 3.278922e-04 8.713537e+00 2.412921e-01 2.440589e-01 8.956500e+00 4.818112e+06 3.338907e-04 9.137283e+00
 3.286717e-04 8.708253e+00 2.424593e-01 2.452590e-01 8.952400e+00 4.713664e+06 3.346989e-04 9.133793e+00
 3.294531e-04 8.703063e+00 2.436322e-01 2.464651e-01 8.948400e+00 4.611476e+06 3.355091e-04 9.130407e+00
 3.302363e-04 8.697867e+00 2.448108e-01 2.476773e-01 8.944400e+00 4.511672e+06 3.363213e-04 9.127022e+00
 3.310215e-04 8.692765e+00 2.459951e-01 2.488956e-01 8.940500e+00 4.413857e+06 3.371356e-04 9.123742e+00
 3.318084e-04 8.687656e+00 2.471852e-01 2.501200e-01 8.936600e+00 4.318241e+06 3.379519e-04 9.120463e+00
 3.325973e-04 8.682643e+00 2.483811e-01 2.513505e-01 8.932800e+00 4.224773e+06 3.387702e-04 9.117289e+00
 3.333880e-04 8.677623e+00 2.495828e-01 2.525872e-01 8.929000e+00 4.133245e+06 3.395906e-04 9.114116e+00
 3.341806e-04 8.672697e+00 2.507903e-01 2.538300e-01 8.925300e+00 4.043853e+06 3.404130e-04 9.111047e+00
 3.349751e-04 8.667865e+00 2.520036e-01 2.550791e-01 8.921700e+00 3.956391e+06 3.412375e-04 9.108083e+00
 3.357715e-04 8.663027e+00 2.532228e-01 2.563343e-01 8.918100e+00 3.870816e+06 3.420641e-04 9.105121e+00
 3.365698e-04 8.658283e+00 2.544478e-01 2.575958e-01 8.914600e+00 3.787089e+06 3.428927e-04 9.102263e+00
 3.373700e-04 8.653633e+00 2.556787e-01 2.588636e-01 8.911200e+00 3.705168e+06 3.437234e-04 9.099509e+00
 3.381720e-04 8.648877e+00 2.569156e-01 2.601376e-01 8.907700e+00 3.625159e+06 3.445562e-04 9.096654e+00
 3.389760e-04 8.644314e+00 2.581583e-01 2.614180e-01 8.904400e+00 3.546804e+06 3.453911e-04 9.094007e+00
 3.397819e-04 8.639746e+00 2.594070e-01 2.627047e-01 8.901100e+00 3.470207e+06 3.462281e-04 9.091362e+00
 3.405897e-04 8.635171e+00 2.606617e-01 2.639977e-01 8.897800e+00 3.395192e+06 3.470672e-04 9.088718e+00
 3.413995e-04 8.630791e+00 2.619223e-01 2.652971e-01 8.894700e+00 3.321929e+06 3.479084e-04 9.086281e+00
 3.422111e-04 8.626304e+00 2.631889e-01 2.666029e-01 8.891500e+00 3.250243e+06 3.487517e-04 9.083744e+00
 3.430247e-04 8.621910e+00 2.644616e-01 2.679151e-01 8.888400e+00 3.180099e+06 3.495971e-04 9.081311e+00
 3.438402e-04 8.617611e+00 2.657403e-01 2.692337e-01 8.885400e+00 3.111465e+06 3.504446e-04 9.078983e+00
 3.446577e-04 8.613305e+00 2.670250e-01 2.705589e-01 8.882400e+00 3.044308e+06 3.512943e-04 9.076657e+00
 3.454771e-04 8.609094e+00 2.683158e-01 2.718905e-01 8.879500e+00 2.978720e+06 3.521461e-04 9.074435e+00
 3.462984e-04 8.604875e+00 2.696127e-01 2.732286e-01 8.876600e+00 2.914480e+06 3.530000e-04 9.072216e+00
 3.471217e-04 8.600751e+00 2.709158e-01 2.745732e-01 8.873800e+00 2.851681e+06 3.538561e-04 9.070101e+00
 3.479470e-04 8.596620e+00 2.722249e-01 2.759244e-01 8.871000e+00 2.790290e+06 3.547143e-04 9.067988e+00
 3.487742e-04 8.592583e+00 2.735402e-01 2.772822e-01 8.868300e+00 2.730100e+06 3.555747e-04 9.065980e+00
 3.496034e-04 8.588539e+00 2.748617e-01 2.786465e-01 8.865600e+00 2.671318e+06 3.564373e-04 9.063974e+00
 3.504346e-04 8.584589e+00 2.761894e-01 2.800175e-01 8.863000e+00 2.613797e+06 3.573020e-04 9.062073e+00
 3.512677e-04 8.580633e+00 2.775232e-01 2.813951e-01 8.860400e+00 2.557621e+06 3.581689e-04 9.060174e+00
 3.521028e-04 8.576770e+00 2.788633e-01 2.827794e-01 8.857900e+00 2.502541e+06 3.590380e-04 9.058380e+00
 3.529399e-04 8.572901e+00 2.802097e-01 2.841704e-01 8.855400e+00 2.448695e+06 3.599093e-04 9.056588e+00
 3.537790e-04 8.569125e+00 2.815623e-01 2.855681e-01 8.853000e+00 2.396055e+06 3.607827e-04 9.054901e+00
 3.546201e-04 8.565343e+00 2.829212e-01 2.869726e-01 8.850600e+00 2.344492e+06 3.616584e-04 9.053216e+00
 3.554632e-04 8.561654e+00 2.842864e-01 2.883838e-01 8.848300e+00 2.294135e+06 3.625363e-04 9.051637e+00
 3.563083e-04 8.557958e+00 2.856579e-01 2.898017e-01 8.846000e+00 2.244806e+06 3.634164e-04 9.050059e+00
 3.571554e-04 8.554256e+00 2.870357e-01 2.912265e-01 8.843700e+00 2.196583e+06 3.642987e-04 9.048483e+00
 3.580045e-04 8.550648e+00 2.884200e-01 2.926581e-01 8.841500e+00 2.149439e+06 3.651832e-04 9.047013e+00
 3.588556e-04 8.547133e+00 2.898106e-01 2.940966e-01 8.839400e+00 2.103256e+06 3.660700e-04 9.045648e+00
 3.597088e-04 8.543611e+00 2.912076e-01 2.955419e-01 8.837300e+00 2.058154e+06 3.669590e-04 9.044285e+00
 3.605640e-04 8.540083e+00 2.926110e-01 2.969942e-01 8.835200e+00 2.013924e+06 3.678502e-04 9.042924e+00
 3.614212e-04 8.536647e+00 2.940208e-01 2.984533e-01 8.833200e+00 1.970685e+06 3.687437e-04 9.041669e+00
 3.622804e-04 8.533206e+00 2.954371e-01 2.999194e-01 8.831200e+00 1.928458e+06 3.696394e-04 9.040416e+00
 3.631417e-04 8.529857e+00 2.968599e-01 3.013925e-01 8.829300e+00 1.887089e+06 3.705374e-04 9.039268e+00
 3.640051e-04 8.526502e+00 2.982892e-01 3.028726e-01 8.827400e+00 1.846646e+06 3.714377e-04 9.038123e+00
 3.648705e-04 8.523140e+00 2.997250e-01 3.043597e-01 8.825500e+00 1.807066e+06 3.723403e-04 9.036979e+00
 3.657379e-04 8.519871e+00 3.011673e-01 3.058538e-01 8.823700e+00 1.768330e+06 3.732451e-04 9.035942e+00
 3.666075e-04 8.516696e+00 3.026162e-01 3.073550e-01 8.822000e+00 1.730461e+06 3.741522e-04 9.035010e+00
 3.674790e-04 8.513513e+00 3.040717e-01 3.088632e-01 8.820300e+00 1.693360e+06 3.750616e-04 9.034080e+00
 3.683527e-04 8.510324e+00 3.055337e-01 3.103786e-01 8.818600e+00 1.657128e+06 3.759733e-04 9.033153e+00
 3.692284e-04 8.507128e+00 3.070024e-01 3.119011e-01 8.816900e+00 1.621629e+06 3.768874e-04 9.032228e+00
 3.701063e-04 8.504025e+00 3.084776e-01 3.134308e-01 8.815300e+00 1.586962e+06 3.778037e-04 9.031408e+00
 3.709862e-04 8.501015e+00 3.099596e-01 3.149677e-01 8.813800e+00 1.552996e+06 3.787223e-04 9.030695e+00
 3.718682e-04 8.497998e+00 3.114482e-01 3.165117e-01 8.812300e+00 1.519790e+06 3.796433e-04 9.029984e+00
 3.727522e-04 8.494974e+00 3.129434e-01 3.180630e-01 8.810800e+00 1.487290e+06 3.805666e-04 9.029275e+00
 3.736384e-04 8.492044e+00 3.144454e-01 3.196215e-01 8.809400e+00 1.455481e+06 3.814923e-04 9.028672e+00
 3.745267e-04 8.489106e+00 3.159541e-01 3.211873e-01 8.808000e+00 1.424384e+06 3.824203e-04 9.028071e+00
 3.754172e-04 8.486161e+00 3.174696e-01 3.227605e-01 8.806600e+00 1.393981e+06 3.833506e-04 9.027473e+00
 3.763097e-04 8.483309e+00 3.189918e-01 3.243409e-01 8.805300e+00 1.364157e+06 3.842833e-04 9.026981e+00
 3.772043e-04 8.480451e+00 3.205208e-01 3.259287e-01 8.804000e+00 1.335066e+06 3.852184e-04 9.026492e+00
 3.781011e-04 8.477685e+00 3.220566e-01 3.275238e-01 8.802800e+00 1.306528e+06 3.861558e-04 9.026109e+00
 3.790000e-04 8.474812e+00 3.235993e-01 3.291264e-01 8.801500e+00 1.278659e+06 3.870956e-04 9.025624e+00
 3.799011e-04 8.472132e+00 3.251487e-01 3.307363e-01 8.800400e+00 1.251382e+06 3.880378e-04 9.025349e+00
 3.808043e-04 8.469344e+00 3.267050e-01 3.323537e-01 8.799200e+00 1.224683e+06 3.889824e-04 9.024973e+00
 3.817096e-04 8.466650e+00 3.282682e-01 3.339786e-01 8.798100e+00 1.198551e+06 3.899294e-04 9.024703e+00
 3.826171e-04 8.464048e+00 3.298383e-01 3.356110e-01 8.797100e+00 1.173031e+06 3.908788e-04 9.024540e+00
 3.835267e-04 8.461439e+00 3.314153e-01 3.372509e-01 8.796100e+00 1.147994e+06 3.918306e-04 9.024380e+00
 3.844386e-04 8.458823e+00 3.329993e-01 3.388983e-01 8.795100e+00 1.123517e+06 3.927848e-04 9.024221e+00
 3.853525e-04 8.456200e+00 3.345902e-01 3.405533e-01 8.794100e+00 1.099614e+06 3.937415e-04 9.024066e+00
 3.862687e-04 8.453670e+00 3.361881e-01 3.422158e-01 8.793200e+00 1.076189e+06 3.947006e-04 9.024017e+00
 3.871870e-04 8.451132e+00 3.377929e-01 3.438860e-01 8.792300e+00 1.053287e+06 3.956621e-04 9.023970e+00
 3.881075e-04 8.448687e+00 3.394048e-01 3.455638e-01 8.791500e+00 1.030870e+06 3.966261e-04 9.024031e+00
 3.890302e-04 8.446134e+00 3.410237e-01 3.472493e-01 8.790600e+00 1.008926e+06 3.975925e-04 9.023989e+00
 3.899551e-04 8.443774e+00 3.426497e-01 3.489425e-01 8.789900e+00 9.874471e+05 3.985614e-04 9.024159e+00
 3.908822e-04 8.441307e+00 3.442827e-01 3.506433e-01 8.789100e+00 9.664471e+05 3.995328e-04 9.024227e+00
 3.918115e-04 8.438932e+00 3.459228e-01 3.523519e-01 8.788400e+00 9.459154e+05 4.005066e-04 9.024402e+00
 3.927430e-04 8.436550e+00 3.475700e-01 3.540683e-01 8.787700e+00 9.257930e+05 4.014829e-04 9.024580e+00
 3.936767e-04 8.434261e+00 3.492243e-01 3.557924e-01 8.787100e+00 9.061195e+05 4.024617e-04 9.024864e+00
 3.946127e-04 8.431964e+00 3.508858e-01 3.575243e-01 8.786500e+00 8.868846e+05 4.034430e-04 9.025152e+00
 3.955509e-04 8.429659e+00 3.525544e-01 3.592641e-01 8.785900e+00 8.680097e+05 4.044268e-04 9.025442e+00
 3.964912e-04 8.427347e+00 3.542302e-01 3.610117e-01 8.785300e+00 8.495783e+05 4.054131e-04 9.025735e+00
 3.974339e-04 8.425128e+00 3.559132e-01 3.627672e-01 8.784800e+00 8.315797e+05 4.064019e-04 9.026135e+00
 3.983788e-04 8.422901e+00 3.576035e-01 3.645306e-01 8.784300e+00 8.139168e+05 4.073933e-04 9.026537e+00
 3.993259e-04 8.420666e+00 3.593009e-01 3.663019e-01 8.783800e+00 7.966475e+05 4.083871e-04 9.026943e+00
 4.002752e-04 8.418524e+00 3.610056e-01 3.680812e-01 8.783400e+00 7.797629e+05 4.093836e-04 9.027456e+00
 4.012269e-04 8.416374e+00 3.627176e-01 3.698684e-01 8.783000e+00 7.632133e+05 4.103825e-04 9.027971e+00
 4.021808e-04 8.414317e+00 3.644369e-01 3.716636e-01 8.782700e+00 7.470324e+05 4.113840e-04 9.028594e+00
 4.031369e-04 8.412152e+00 3.661635e-01 3.734669e-01 8.782300e+00 7.312118e+05 4.123881e-04 9.029116e+00
 4.040954e-04 8.410079e+00 3.678974e-01 3.752782e-01 8.782000e+00 7.157239e+05 4.133948e-04 9.029745e+00
 4.050561e-04 8.407999e+00 3.696387e-01 3.770975e-01 8.781700e+00 7.005617e+05 4.144040e-04 9.030376e+00
 4.060191e-04 8.406011e+00 3.713873e-01 3.789250e-01 8.781500e+00 6.857182e+05 4.154158e-04 9.031116e+00
 4.069844e-04 8.404015e+00 3.731433e-01 3.807605e-01 8.781300e+00 6.712052e+05 4.164302e-04 9.031858e+00
 4.079519e-04 8.402011e+00 3.749067e-01 3.826042e-01 8.781100e+00 6.570151e+05 4.174472e-04 9.032603e+00
 4.089218e-04 8.400000e+00 3.766775e-01 3.844561e-01 8.780900e+00 6.431051e+05 4.184667e-04 9.033351e+00
 4.098940e-04 8.398081e+00 3.784557e-01 3.863162e-01 8.780800e+00 6.295047e+05 4.194889e-04 9.034207e+00
 4.108685e-04 8.396154e+00 3.802414e-01 3.881844e-01 8.780700e+00 6.162067e+05 4.205138e-04 9.035066e+00
 4.118453e-04 8.394219e+00 3.820346e-01 3.900610e-01 8.780600e+00 6.031875e+05 4.215412e-04 9.035928e+00
 4.128244e-04 8.392276e+00 3.838353e-01 3.919457e-01 8.780500e+00 5.904412e+05 4.225713e-04 9.036793e+00
 4.138059e-04 8.390425e+00 3.856434e-01 3.938388e-01 8.780500e+00 5.779621e+05 4.236040e-04 9.037766e+00
 4.147897e-04 8.388567e+00 3.874591e-01 3.957401e-01 8.780500e+00 5.657446e+05 4.246394e-04 9.038742e+00
 4.157758e-04 8.386700e+00 3.892824e-01 3.976498e-01 8.780500e+00 5.537988e+05 4.256775e-04 9.039721e+00
 4.167643e-04 8.384926e+00 3.911132e-01 3.995679e-01 8.780600e+00 5.421185e+05 4.267182e-04 9.040808e+00
 4.177552e-04 8.383144e+00 3.929516e-01 4.014943e-01 8.780700e+00 5.306675e+05 4.277615e-04 9.041899e+00
 4.187483e-04 8.381353e+00 3.947975e-01 4.034291e-01 8.780800e+00 5.194859e+05 4.288076e-04 9.042992e+00
 4.197439e-04 8.379555e+00 3.966511e-01 4.053724e-01 8.780900e+00 5.085234e+05 4.298563e-04 9.044089e+00
 4.207418e-04 8.377749e+00 3.985123e-01 4.073241e-01 8.781000e+00 4.978045e+05 4.309078e-04 9.045189e+00
 4.217421e-04 8.376034e+00 4.003812e-01 4.092843e-01 8.781200e+00 4.873096e+05 4.319619e-04 9.046397e+00
 4.227448e-04 8.374312e+00 4.022577e-01 4.112530e-01 8.781400e+00 4.770478e+05 4.330188e-04 9.047609e+00
 4.237498e-04 8.372681e+00 4.041419e-01 4.132302e-01 8.781700e+00 4.670137e+05 4.340783e-04 9.048929e+00
 4.247572e-04 8.370943e+00 4.060338e-01 4.152159e-01 8.781900e+00 4.571623e+05 4.351406e-04 9.050147e+00
 4.257671e-04 8.369296e+00 4.079334e-01 4.172103e-01 8.782200e+00 4.475559e+05 4.362057e-04 9.051473e+00
 4.267793e-04 8.367641e+00 4.098408e-01 4.192132e-01 8.782500e+00 4.381240e+05 4.372735e-04 9.052803e+00
 4.277939e-04 8.365978e+00 4.117559e-01 4.212247e-01 8.782800e+00 4.289142e+05 4.383440e-04 9.054137e+00
 4.288110e-04 8.364406e+00 4.136787e-01 4.232449e-01 8.783200e+00 4.198839e+05 4.394173e-04 9.055578e+00
 4.298305e-04 8.362827e+00 4.156094e-01 4.252737e-01 8.783600e+00 4.110660e+05 4.404934e-04 9.057024e+00
 4.308524e-04 8.361139e+00 4.175478e-01 4.273112e-01 8.783900e+00 4.024199e+05 4.415722e-04 9.058367e+00
 4.318767e-04 8.359643e+00 4.194941e-01 4.293575e-01 8.784400e+00 3.939771e+05 4.426538e-04 9.059925e+00
 4.329035e-04 8.358039e+00 4.214482e-01 4.314124e-01 8.784800e+00 3.856870e+05 4.437382e-04 9.061380e+00
 4.339327e-04 8.356526e+00 4.234101e-01 4.334761e-01 8.785300e+00 3.776034e+05 4.448254e-04 9.062945e+00
 4.349643e-04 8.355006e+00 4.253800e-01 4.355486e-01 8.785800e+00 3.696655e+05 4.459155e-04 9.064513e+00
 4.359984e-04 8.353477e+00 4.273576e-01 4.376300e-01 8.786300e+00 3.619145e+05 4.470083e-04 9.066084e+00
 4.370350e-04 8.351939e+00 4.293432e-01 4.397201e-01 8.786800e+00 3.543138e+05 4.481040e-04 9.067659e+00
 4.380740e-04 8.350393e+00 4.313367e-01 4.418191e-01 8.787300e+00 3.468816e+05 4.492025e-04 9.069238e+00
 4.391155e-04 8.348939e+00 4.333382e-01 4.439269e-01 8.787900e+00 3.396139e+05 4.503038e-04 9.070926e+00
 4.401594e-04 8.347476e+00 4.353475e-01 4.460437e-01 8.788500e+00 3.324870e+05 4.514080e-04 9.072617e+00
 4.412059e-04 8.346005e+00 4.373649e-01 4.481693e-01 8.789100e+00 3.255279e+05 4.525150e-04 9.074312e+00
 4.422548e-04 8.344626e+00 4.393902e-01 4.503039e-01 8.789800e+00 3.187032e+05 4.536249e-04 9.076116e+00
 4.433063e-04 8.343138e+00 4.414235e-01 4.524475e-01 8.790400e+00 3.120392e+05 4.547377e-04 9.077819e+00
 4.443602e-04 8.341741e+00 4.434648e-01 4.546001e-01 8.791100e+00 3.055038e+05 4.558534e-04 9.079630e+00
 4.454166e-04 8.340336e+00 4.455141e-01 4.567616e-01 8.791800e+00 2.991130e+05 4.569720e-04 9.081445e+00
 4.464756e-04 8.338923e+00 4.475715e-01 4.589322e-01 8.792500e+00 2.928545e+05 4.580934e-04 9.083265e+00
 4.475371e-04 8.337501e+00 4.496369e-01 4.611119e-01 8.793200e+00 2.867344e+05 4.592178e-04 9.085088e+00
 4.486010e-04 8.336170e+00 4.517104e-01 4.633006e-01 8.794000e+00 2.807321e+05 4.603451e-04 9.087020e+00
 4.496676e-04 8.334831e+00 4.537920e-01 4.654985e-01 8.794800e+00 2.748712e+05 4.614753e-04 9.088956e+00
 4.507366e-04 8.333484e+00 4.558817e-01 4.677054e-01 8.795600e+00 2.691229e+05 4.626085e-04 9.090896e+00
 4.518082e-04 8.332127e+00 4.579795e-01 4.699215e-01 8.796400e+00 2.635100e+05 4.637445e-04 9.092840e+00
 4.528824e-04 8.330762e+00 4.600854e-01 4.721468e-01 8.797200e+00 2.580048e+05 4.648836e-04 9.094788e+00
 4.539591e-04 8.329489e+00 4.621995e-01 4.743813e-01 8.798100e+00 2.526212e+05 4.660256e-04 9.096845e+00
 4.550383e-04 8.328106e+00 4.643217e-01 4.766249e-01 8.798900e+00 2.473488e+05 4.671706e-04 9.098801e+00
 4.561201e-04 8.326816e+00 4.664520e-01 4.788778e-01 8.799800e+00 2.421927e+05 4.683185e-04 9.100866e+00
 4.572045e-04 8.325516e+00 4.685906e-01 4.811400e-01 8.800700e+00 2.371354e+05 4.694695e-04 9.102936e+00
 4.582915e-04 8.324208e+00 4.707374e-01 4.834114e-01 8.801600e+00 2.321972e+05 4.706234e-04 9.105009e+00
 4.593811e-04 8.322990e+00 4.728924e-01 4.856921e-01 8.802600e+00 2.273534e+05 4.717804e-04 9.107192e+00
 4.604732e-04 8.321665e+00 4.750556e-01 4.879822e-01 8.803500e+00 2.226237e+05 4.729403e-04 9.109274e+00
 4.615680e-04 8.320430e+00 4.772270e-01 4.902816e-01 8.804500e+00 2.179912e+05 4.741033e-04 9.111465e+00
 4.626653e-04 8.319187e+00 4.794067e-01 4.925904e-01 8.805500e+00 2.134540e+05 4.752693e-04 9.113661e+00
 4.637653e-04 8.317934e+00 4.815947e-01 4.949085e-01 8.806500e+00 2.090101e+05 4.764384e-04 9.115860e+00
 4.648679e-04 8.316673e+00 4.837909e-01 4.972360e-01 8.807500e+00 2.046575e+05 4.776105e-04 9.118064e+00
 4.659730e-04 8.315404e+00 4.859954e-01 4.995730e-01 8.808500e+00 2.004075e+05 4.787857e-04 9.120272e+00
 4.670809e-04 8.314225e+00 4.882083e-01 5.019194e-01 8.809600e+00 1.962382e+05 4.799639e-04 9.122590e+00
 4.681913e-04 8.313037e+00 4.904294e-01 5.042753e-01 8.810700e+00 1.921609e+05 4.811452e-04 9.124913e+00
 4.693044e-04 8.311741e+00 4.926589e-01 5.066407e-01 8.811700e+00 1.881733e+05 4.823296e-04 9.127134e+00
 4.704202e-04 8.310535e+00 4.948968e-01 5.090156e-01 8.812800e+00 1.842675e+05 4.835171e-04 9.129464e+00
 4.715386e-04 8.309421e+00 4.971430e-01 5.114001e-01 8.814000e+00 1.804417e+05 4.847077e-04 9.131906e+00
 4.726596e-04 8.308198e+00 4.993975e-01 5.137940e-01 8.815100e+00 1.766944e+05 4.859015e-04 9.134245e+00
 4.737833e-04 8.306966e+00 5.016605e-01 5.161976e-01 8.816200e+00 1.730295e+05 4.870983e-04 9.136589e+00
 4.749097e-04 8.305825e+00 5.039318e-01 5.186108e-01 8.817400e+00 1.694453e+05 4.882983e-04 9.139044e+00
 4.760388e-04 8.304674e+00 5.062115e-01 5.210335e-01 8.818600e+00 1.659288e+05 4.895014e-04 9.141502e+00
 4.771705e-04 8.303515e+00 5.084997e-01 5.234659e-01 8.819800e+00 1.624897e+05 4.907077e-04 9.143966e+00
 4.783050e-04 8.302347e+00 5.107963e-01 5.259080e-01 8.821000e+00 1.591263e+05 4.919171e-04 9.146433e+00
 4.794421e-04 8.301170e+00 5.131013e-01 5.283597e-01 8.822200e+00 1.558315e+05 4.931297e-04 9.148905e+00
 4.805820e-04 8.299984e+00 5.154148e-01 5.308211e-01 8.823400e+00 1.526040e+05 4.943455e-04 9.151382e+00
 4.817245e-04 8.298888e+00 5.177367e-01 5.332923e-01 8.824700e+00 1.494475e+05 4.955645e-04 9.153969e+00
 4.828698e-04 8.297684e+00 5.200671e-01 5.357732e-01 8.825900e+00 1.463505e+05 4.967867e-04 9.156455e+00
 4.840178e-04 8.296570e+00 5.224060e-01 5.382638e-01 8.827200e+00 1.433263e+05 4.980121e-04 9.159051e+00
 4.851685e-04 8.295448e+00 5.247534e-01 5.407642e-01 8.828500e+00 1.403685e+05 4.992407e-04 9.161652e+00
 4.863220e-04 8.294316e+00 5.271093e-01 5.432744e-01 8.829800e+00 1.374617e+05 5.004726e-04 9.164258e+00
 4.874782e-04 8.293175e+00 5.294737e-01 5.457944e-01 8.831100e+00 1.346232e+05 5.017077e-04 9.166868e+00
 4.886371e-04 8.292025e+00 5.318466e-01 5.483242e-01 8.832400e+00 1.318425e+05 5.029460e-04 9.169483e+00
 4.897988e-04 8.290866e+00 5.342281e-01 5.508639e-01 8.833700e+00 1.291273e+05 5.041876e-04 9.172102e+00
 4.909633e-04 8.289798e+00 5.366181e-01 5.534135e-01 8.835100e+00 1.264628e+05 5.054325e-04 9.174833e+00
 4.921305e-04 8.288620e+00 5.390167e-01 5.559729e-01 8.836400e+00 1.238568e+05 5.066806e-04 9.177462e+00
 4.933005e-04 8.287533e+00 5.414238e-01 5.585423e-01 8.837800e+00 1.212995e+05 5.079320e-04 9.180202e+00
 4.944733e-04 8.286437e+00 5.438395e-01 5.611216e-01 8.839200e+00 1.187983e+05 5.091868e-04 9.182947e+00
 4.956489e-04 8.285332e+00 5.462638e-01 5.637108e-01 8.840600e+00 1.163519e+05 5.104448e-04 9.185697e+00
 4.968273e-04 8.284218e+00 5.486967e-01 5.663100e-01 8.842000e+00 1.139551e+05 5.117062e-04 9.188451e+00
 4.980084e-04 8.283094e+00 5.511381e-01 5.689191e-01 8.843400e+00 1.116108e+05 5.129709e-04 9.191211e+00
 4.991924e-04 8.281961e+00 5.535882e-01 5.715383e-01 8.844800e+00 1.093178e+05 5.142389e-04 9.193975e+00
 5.003792e-04 8.280919e+00 5.560469e-01 5.741674e-01 8.846300e+00 1.070675e+05 5.155103e-04 9.196851e+00
 5.015688e-04 8.279767e+00 5.585142e-01 5.768066e-01 8.847700e+00 1.048664e+05 5.167851e-04 9.199624e+00
 5.027613e-04 8.278706e+00 5.609902e-01 5.794559e-01 8.849200e+00 1.027062e+05 5.180632e-04 9.202510e+00
 5.039566e-04 8.277536e+00 5.634748e-01 5.821152e-01 8.850600e+00 1.005969e+05 5.193447e-04 9.205294e+00
 5.051547e-04 8.276456e+00 5.659680e-01 5.847846e-01 8.852100e+00 9.853022e+04 5.206296e-04 9.208189e+00
 5.063557e-04 8.275367e+00 5.684699e-01 5.874641e-01 8.853600e+00 9.651209e+04 5.219179e-04 9.211090e+00
 5.075595e-04 8.274269e+00 5.709805e-01 5.901537e-01 8.855100e+00 9.452798e+04 5.232096e-04 9.213995e+00
 5.087662e-04 8.273161e+00 5.734997e-01 5.928535e-01 8.856600e+00 9.258725e+04 5.245047e-04 9.216906e+00
 5.099757e-04 8.272044e+00 5.760276e-01 5.955634e-01 8.858100e+00 9.069213e+04 5.258033e-04 9.219821e+00
 5.111882e-04 8.271018e+00 5.785642e-01 5.982835e-01 8.859700e+00 8.883202e+04 5.271053e-04 9.222849e+00
 5.124035e-04 8.269882e+00 5.811095e-01 6.010137e-01 8.861200e+00 8.701251e+04 5.284108e-04 9.225774e+00
 5.136217e-04 8.268837e+00 5.836635e-01 6.037542e-01 8.862800e+00 8.522964e+04 5.297197e-04 9.228812e+00
 5.148428e-04 8.267682e+00 5.862261e-01 6.065048e-01 8.864300e+00 8.348566e+04 5.310321e-04 9.231748e+00
 5.160668e-04 8.266618e+00 5.887975e-01 6.092657e-01 8.865900e+00 8.177969e+04 5.323480e-04 9.234797e+00
 5.172937e-04 8.265545e+00 5.913776e-01 6.120369e-01 8.867500e+00 8.010512e+04 5.336674e-04 9.237850e+00
 5.185236e-04 8.264361e+00 5.939664e-01 6.148183e-01 8.869000e+00 7.846705e+04 5.349903e-04 9.240801e+00
 5.197563e-04 8.263269e+00 5.965640e-01 6.176100e-01 8.870600e+00 7.686467e+04 5.363168e-04 9.243865e+00
 5.209920e-04 8.262167e+00 5.991702e-01 6.204119e-01 8.872200e+00 7.529443e+04 5.376467e-04 9.246934e+00
 5.222306e-04 8.261055e+00 6.017853e-01 6.232242e-01 8.873800e+00 7.375571e+04 5.389802e-04 9.250009e+00
 5.234722e-04 8.259934e+00 6.044090e-01 6.260468e-01 8.875400e+00 7.224787e+04 5.403173e-04 9.253088e+00
 5.247167e-04 8.258904e+00 6.070415e-01 6.288798e-01 8.877100e+00 7.077286e+04 5.416579e-04 9.256281e+00
 5.259642e-04 8.257764e+00 6.096827e-01 6.317230e-01 8.878700e+00 6.932994e+04 5.430021e-04 9.259371e+00
 5.272147e-04 8.256614e+00 6.123327e-01 6.345767e-01 8.880300e+00 6.791838e+04 5.443499e-04 9.262467e+00
 5.284681e-04 8.255555e+00 6.149914e-01 6.374407e-01 8.882000e+00 6.653504e+04 5.457013e-04 9.265676e+00
 5.297245e-04 8.254387e+00 6.176589e-01 6.403151e-01 8.883600e+00 6.517935e+04 5.470563e-04 9.268782e+00
 5.309839e-04 8.253308e+00 6.203351e-01 6.431999e-01 8.885300e+00 6.385077e+04 5.484149e-04 9.272002e+00
 5.322462e-04 8.252121e+00 6.230202e-01 6.460952e-01 8.886900e+00 6.255106e+04 5.497771e-04 9.275119e+00
 5.335116e-04 8.251023e+00 6.257139e-01 6.490008e-01 8.888600e+00 6.127957e+04 5.511430e-04 9.278350e+00
 5.347800e-04 8.249917e+00 6.284165e-01 6.519169e-01 8.890300e+00 6.003121e+04 5.525125e-04 9.281586e+00
 5.360514e-04 8.248800e+00 6.311278e-01 6.548435e-01 8.892000e+00 5.880996e+04 5.538858e-04 9.284827e+00
 5.373258e-04 8.247674e+00 6.338479e-01 6.577805e-01 8.893700e+00 5.761521e+04 5.552626e-04 9.288075e+00
 5.386033e-04 8.246538e+00 6.365767e-01 6.607280e-01 8.895400e+00 5.644636e+04 5.566432e-04 9.291327e+00
 5.398838e-04 8.245393e+00 6.393144e-01 6.636860e-01 8.897100e+00 5.529870e+04 5.580275e-04 9.294586e+00
 5.411673e-04 8.244238e+00 6.420608e-01 6.666545e-01 8.898800e+00 5.417794e+04 5.594155e-04 9.297849e+00
 5.424539e-04 8.243074e+00 6.448160e-01 6.696336e-01 8.900500e+00 5.307747e+04 5.608072e-04 9.301119e+00
 5.437436e-04 8.241900e+00 6.475799e-01 6.726231e-01 8.902200e+00 5.200280e+04 5.622027e-04 9.304394e+00
 5.450363e-04 8.240716e+00 6.503527e-01 6.756232e-01 8.903900e+00 5.094753e+04 5.636019e-04 9.307675e+00
 5.463321e-04 8.239623e+00 6.531342e-01 6.786338e-01 8.905700e+00 4.991512e+04 5.650048e-04 9.311070e+00
 5.476310e-04 8.238420e+00 6.559245e-01 6.816550e-01 8.907400e+00 4.890504e+04 5.664116e-04 9.314362e+00
 5.489329e-04 8.237207e+00 6.587236e-01 6.846868e-01 8.909100e+00 4.791679e+04 5.678221e-04 9.317660e+00
 5.502380e-04 8.236085e+00 6.615314e-01 6.877291e-01 8.910900e+00 4.694632e+04 5.692364e-04 9.321072e+00
 5.515461e-04 8.234853e+00 6.643481e-01 6.907820e-01 8.912600e+00 4.599684e+04 5.706545e-04 9.324382e+00
 5.528574e-04 8.233711e+00 6.671735e-01 6.938455e-01 8.914400e+00 4.506786e+04 5.720765e-04 9.327806e+00
 5.541718e-04 8.232460e+00 6.700077e-01 6.969197e-01 8.916100e+00 4.415725e+04 5.735022e-04 9.331127e+00
 5.554893e-04 8.231299e+00 6.728506e-01 7.000044e-01 8.917900e+00 4.326464e+04 5.749319e-04 9.334563e+00
 5.568099e-04 8.230129e+00 6.757024e-01 7.030998e-01 8.919700e+00 4.239130e+04 5.763653e-04 9.338004e+00
 5.581337e-04 8.228848e+00 6.785629e-01 7.062058e-01 8.921400e+00 4.153680e+04 5.778027e-04 9.341343e+00
 5.594606e-04 8.227658e+00 6.814321e-01 7.093225e-01 8.923200e+00 4.069759e+04 5.792439e-04 9.344796e+00
 5.607907e-04 8.226459e+00 6.843102e-01 7.124498e-01 8.925000e+00 3.987802e+04 5.806890e-04 9.348256e+00
 5.621240e-04 8.225150e+00 6.871970e-01 7.155877e-01 8.926700e+00 3.907459e+04 5.821381e-04 9.351612e+00
 5.634604e-04 8.223931e+00 6.900925e-01 7.187364e-01 8.928500e+00 3.828698e+04 5.835910e-04 9.355084e+00
 5.648000e-04 8.222702e+00 6.929968e-01 7.218957e-01 8.930300e+00 3.751488e+04 5.850479e-04 9.358561e+00
 5.661427e-04 8.221464e+00 6.959099e-01 7.250657e-01 8.932100e+00 3.676085e+04 5.865088e-04 9.362045e+00
 5.674887e-04 8.220216e+00 6.988317e-01 7.282464e-01 8.933900e+00 3.602303e+04 5.879735e-04 9.365534e+00
 5.688379e-04 8.218958e+00 7.017622e-01 7.314377e-01 8.935700e+00 3.529694e+04 5.894423e-04 9.369030e+00
 5.701902e-04 8.217691e+00 7.047015e-01 7.346398e-01 8.937500e+00 3.458782e+04 5.909150e-04 9.372532e+00
 5.715458e-04 8.216414e+00 7.076495e-01 7.378526e-01 8.939300e+00 3.389263e+04 5.923918e-04 9.376040e+00
 5.729047e-04 8.215127e+00 7.106062e-01 7.410761e-01 8.941100e+00 3.321367e+04 5.938725e-04 9.379554e+00
 5.742667e-04 8.213831e+00 7.135717e-01 7.443103e-01 8.942900e+00 3.254672e+04 5.953573e-04 9.383074e+00
 5.756320e-04 8.212524e+00 7.165459e-01 7.475553e-01 8.944700e+00 3.189409e+04 5.968461e-04 9.386601e+00
 5.770005e-04 8.211209e+00 7.195287e-01 7.508109e-01 8.946500e+00 3.125547e+04 5.983390e-04 9.390134e+00
 5.783723e-04 8.209883e+00 7.225203e-01 7.540774e-01 8.948300e+00 3.062932e+04 5.998359e-04 9.393673e+00
 5.797473e-04 8.208548e+00 7.255206e-01 7.573545e-01 8.950100e+00 3.001541e+04 6.013369e-04 9.397218e+00
 5.811256e-04 8.207203e+00 7.285296e-01 7.606424e-01 8.951900e+00 2.941467e+04 6.028419e-04 9.400770e+00
 5.825072e-04 8.205848e+00 7.315472e-01 7.639410e-01 8.953700e+00 2.882679e+04 6.043511e-04 9.404328e+00
 5.838921e-04 8.204584e+00 7.345736e-01 7.672504e-01 8.955600e+00 2.824925e+04 6.058644e-04 9.408001e+00
 5.852803e-04 8.203211e+00 7.376086e-01 7.705706e-01 8.957400e+00 2.768519e+04 6.073818e-04 9.411572e+00
 5.866717e-04 8.201827e+00 7.406522e-01 7.739015e-01 8.959200e+00 2.713211e+04 6.089034e-04 9.415149e+00
 5.880665e-04 8.200434e+00 7.437045e-01 7.772431e-01 8.961000e+00 2.658980e+04 6.104291e-04 9.418733e+00
 5.894646e-04 8.199031e+00 7.467654e-01 7.805956e-01 8.962800e+00 2.606014e+04 6.119590e-04 9.422323e+00
 5.908660e-04 8.197718e+00 7.498350e-01 7.839588e-01 8.964700e+00 2.553973e+04 6.134931e-04 9.426029e+00
 5.922708e-04 8.196296e+00 7.529132e-01 7.873327e-01 8.966500e+00 2.503044e+04 6.150313e-04 9.429632e+00
 5.936789e-04 8.194864e+00 7.560000e-01 7.907175e-01 8.968300e+00 2.453204e+04 6.165738e-04 9.433242e+00
 5.950903e-04 8.193423e+00 7.590954e-01 7.941129e-01 8.970100e+00 2.404329e+04 6.181205e-04 9.436858e+00
 5.965051e-04 8.191971e+00 7.621994e-01 7.975192e-01 8.971900e+00 2.356403e+04 6.196714e-04 9.440481e+00
 5.979232e-04 8.190611e+00 7.653120e-01 8.009363e-01 8.973800e+00 2.309499e+04 6.212266e-04 9.444220e+00
 5.993448e-04 8.189140e+00 7.684332e-01 8.043641e-01 8.975600e+00 2.263596e+04 6.227861e-04 9.447856e+00
 6.007697e-04 8.187660e+00 7.715629e-01 8.078026e-01 8.977400e+00 2.218670e+04 6.243498e-04 9.451498e+00
 6.021980e-04 8.186170e+00 7.747011e-01 8.112520e-01 8.979200e+00 2.174612e+04 6.259178e-04 9.455147e+00
 6.036296e-04 8.184671e+00 7.778479e-01 8.147121e-01 8.981000e+00 2.131405e+04 6.274901e-04 9.458803e+00
 6.050647e-04 8.183162e+00 7.810032e-01 8.181830e-01 8.982800e+00 2.089118e+04 6.290668e-04 9.462466e+00
 6.065032e-04 8.181744e+00 7.841670e-01 8.216647e-01 8.984700e+00 2.047562e+04 6.306478e-04 9.466245e+00
 6.079452e-04 8.180215e+00 7.873393e-01 8.251571e-01 8.986500e+00 2.007057e+04 6.322331e-04 9.469921e+00
 6.093905e-04 8.178678e+00 7.905201e-01 8.286603e-01 8.988300e+00 1.967249e+04 6.338228e-04 9.473604e+00
 6.108393e-04 8.177130e+00 7.937094e-01 8.321742e-01 8.990100e+00 1.928288e+04 6.354169e-04 9.477294e+00
 6.122915e-04 8.175573e+00 7.969071e-01 8.356989e-01 8.991900e+00 1.890154e+04 6.370154e-04 9.480990e+00
 6.137472e-04 8.174007e+00 8.001133e-01 8.392344e-01 8.993700e+00 1.852829e+04 6.386183e-04 9.484694e+00
 6.152064e-04 8.172431e+00 8.033279e-01 8.427806e-01 8.995500e+00 1.816145e+04 6.402256e-04 9.488404e+00
 6.166690e-04 8.170845e+00 8.065509e-01 8.463376e-01 8.997300e+00 1.780240e+04 6.418374e-04 9.492121e+00
 6.181351e-04 8.169350e+00 8.097822e-01 8.499053e-01 8.999200e+00 1.745096e+04 6.434536e-04 9.495955e+00
 6.196046e-04 8.167746e+00 8.130220e-01 8.534838e-01 9.001000e+00 1.710625e+04 6.450742e-04 9.499686e+00
 6.210777e-04 8.166132e+00 8.162701e-01 8.570729e-01 9.002800e+00 1.676884e+04 6.466994e-04 9.503424e+00
 6.225543e-04 8.164508e+00 8.195266e-01 8.606729e-01 9.004600e+00 1.643858e+04 6.483290e-04 9.507169e+00
 6.240344e-04 8.162875e+00 8.227914e-01 8.642835e-01 9.006400e+00 1.611395e+04 6.499632e-04 9.510921e+00
 6.255180e-04 8.161232e+00 8.260646e-01 8.679049e-01 9.008200e+00 1.579686e+04 6.516019e-04 9.514680e+00
 6.270051e-04 8.159480e+00 8.293460e-01 8.715370e-01 9.009900e+00 1.548582e+04 6.532451e-04 9.518336e+00
 6.284958e-04 8.157818e+00 8.326357e-01 8.751798e-01 9.011700e+00 1.518071e+04 6.548929e-04 9.522109e+00
 6.299900e-04 8.156147e+00 8.359336e-01 8.788332e-01 9.013500e+00 1.488268e+04 6.565453e-04 9.525889e+00
 6.314877e-04 8.154467e+00 8.392398e-01 8.824974e-01 9.015300e+00 1.458971e+04 6.582023e-04 9.529677e+00
 6.329891e-04 8.152777e+00 8.425542e-01 8.861723e-01 9.017100e+00 1.430352e+04 6.598639e-04 9.533471e+00
 6.344940e-04 8.151078e+00 8.458768e-01 8.898578e-01 9.018900e+00 1.402218e+04 6.615300e-04 9.537273e+00
 6.360024e-04 8.149269e+00 8.492076e-01 8.935541e-01 9.020600e+00 1.374736e+04 6.632009e-04 9.540971e+00
 6.375145e-04 8.147551e+00 8.525466e-01 8.972609e-01 9.022400e+00 1.347719e+04 6.648763e-04 9.544787e+00
 6.390301e-04 8.145824e+00 8.558937e-01 9.009785e-01 9.024200e+00 1.321327e+04 6.665565e-04 9.548611e+00
 6.405494e-04 8.143987e+00 8.592489e-01 9.047066e-01 9.025900e+00 1.295491e+04 6.682413e-04 9.552330e+00
 6.420722e-04 8.142241e+00 8.626122e-01 9.084454e-01 9.027700e+00 1.270143e+04 6.699308e-04 9.556168e+00
 6.435987e-04 8.140486e+00 8.659836e-01 9.121949e-01 9.029500e+00 1.245275e+04 6.716251e-04 9.560014e+00
 6.451288e-04 8.138621e+00 8.693631e-01 9.159549e-01 9.031200e+00 1.220930e+04 6.733241e-04 9.563755e+00
 6.466626e-04 8.136847e+00 8.727506e-01 9.197255e-01 9.033000e+00 1.197096e+04 6.750278e-04 9.567616e+00
 6.482000e-04 8.134963e+00 8.761461e-01 9.235068e-01 9.034700e+00 1.173662e+04 6.767363e-04 9.571372e+00
 6.497411e-04 8.133071e+00 8.795495e-01 9.272986e-01 9.036400e+00 1.150770e+04 6.784496e-04 9.575135e+00
 6.512858e-04 8.131269e+00 8.829610e-01 9.311009e-01 9.038200e+00 1.128309e+04 6.801676e-04 9.579018e+00
 6.528342e-04 8.129358e+00 8.863804e-01 9.349139e-01 9.039900e+00 1.106272e+04 6.818905e-04 9.582796e+00
 6.543862e-04 8.127438e+00 8.898077e-01 9.387373e-01 9.041600e+00 1.084743e+04 6.836182e-04 9.586582e+00
 6.559420e-04 8.125609e+00 8.932429e-01 9.425713e-01 9.043400e+00 1.063666e+04 6.853508e-04 9.590487e+00
 6.575015e-04 8.123670e+00 8.966860e-01 9.464158e-01 9.045100e+00 1.042893e+04 6.870882e-04 9.594288e+00
 6.590646e-04 8.121722e+00 9.001369e-01 9.502708e-01 9.046800e+00 1.022600e+04 6.888305e-04 9.598096e+00
 6.606315e-04 8.119766e+00 9.035956e-01 9.541363e-01 9.048500e+00 1.002776e+04 6.905777e-04 9.601912e+00
 6.622021e-04 8.117800e+00 9.070621e-01 9.580123e-01 9.050200e+00 9.832794e+03 6.923298e-04 9.605735e+00
 6.637765e-04 8.115825e+00 9.105364e-01 9.618987e-01 9.051900e+00 9.641904e+03 6.940868e-04 9.609567e+00
 6.653545e-04 8.113841e+00 9.140184e-01 9.657955e-01 9.053600e+00 9.455000e+03 6.958488e-04 9.613405e+00
 6.669364e-04 8.111848e+00 9.175082e-01 9.697028e-01 9.055300e+00 9.271588e+03 6.976157e-04 9.617252e+00
 6.685220e-04 8.109846e+00 9.210056e-01 9.736204e-01 9.057000e+00 9.091605e+03 6.993877e-04 9.621106e+00
 6.701114e-04 8.107734e+00 9.245107e-01 9.775485e-01 9.058600e+00 8.915378e+03 7.011646e-04 9.624855e+00
 6.717045e-04 8.105714e+00 9.280234e-01 9.814869e-01 9.060300e+00 8.742826e+03 7.029465e-04 9.628725e+00
 6.733014e-04 8.103685e+00 9.315437e-01 9.854357e-01 9.062000e+00 8.573867e+03 7.047335e-04 9.632602e+00
 6.749022e-04 8.101547e+00 9.350715e-01 9.893948e-01 9.063600e+00 8.408052e+03 7.065255e-04 9.636375e+00
 6.765067e-04 8.099501e+00 9.386069e-01 9.933642e-01 9.065300e+00 8.245687e+03 7.083226e-04 9.640267e+00
 6.781151e-04 8.097345e+00 9.421498e-01 9.973440e-01 9.066900e+00 8.086697e+03 7.101248e-04 9.644056e+00
 6.797272e-04 8.095180e+00 9.457002e-01 1.001334e+00 9.068500e+00 7.930306e+03 7.119321e-04 9.647852e+00
 6.813432e-04 8.093107e+00 9.492581e-01 1.005334e+00 9.070200e+00 7.777513e+03 7.137445e-04 9.651768e+00
 6.829631e-04 8.090924e+00 9.528233e-01 1.009345e+00 9.071800e+00 7.627551e+03 7.155621e-04 9.655580e+00
 6.845868e-04 8.088733e+00 9.563960e-01 1.013365e+00 9.073400e+00 7.480368e+03 7.173848e-04 9.659399e+00
 6.862144e-04 8.086534e+00 9.599760e-01 1.017396e+00 9.075000e+00 7.336569e+03 7.192126e-04 9.663226e+00
 6.878458e-04 8.084325e+00 9.635633e-01 1.021437e+00 9.076600e+00 7.195748e+03 7.210457e-04 9.667062e+00
 6.894811e-04 8.082108e+00 9.671579e-01 1.025489e+00 9.078200e+00 7.056892e+03 7.228840e-04 9.670905e+00
 6.911203e-04 8.079882e+00 9.707598e-01 1.029550e+00 9.079800e+00 6.921849e+03 7.247275e-04 9.674756e+00
 6.927634e-04 8.077648e+00 9.743689e-01 1.033621e+00 9.081400e+00 6.788678e+03 7.265763e-04 9.678615e+00
 6.944104e-04 8.075405e+00 9.779852e-01 1.037703e+00 9.083000e+00 6.658266e+03 7.284303e-04 9.682483e+00
 6.960613e-04 8.073053e+00 9.816086e-01 1.041795e+00 9.084500e+00 6.530846e+03 7.302896e-04 9.686245e+00
 6.977161e-04 8.070793e+00 9.852392e-01 1.045896e+00 9.086100e+00 6.405477e+03 7.321542e-04 9.690128e+00
 6.993749e-04 8.068424e+00 9.888768e-01 1.050008e+00 9.087600e+00 6.282983e+03 7.340242e-04 9.693907e+00
 7.010376e-04 8.066147e+00 9.925215e-01 1.054129e+00 9.089200e+00 6.162457e+03 7.358995e-04 9.697806e+00
 7.027043e-04 8.063761e+00 9.961732e-01 1.058261e+00 9.090700e+00 6.044694e+03 7.377801e-04 9.701601e+00
 7.043750e-04 8.061366e+00 9.998319e-01 1.062403e+00 9.092200e+00 5.929358e+03 7.396662e-04 9.705403e+00
 7.060496e-04 8.059064e+00 1.003498e+00 1.066554e+00 9.093800e+00 5.816130e+03 7.415576e-04 9.709327e+00
 7.077281e-04 8.056653e+00 1.007170e+00 1.070715e+00 9.095300e+00 5.704974e+03 7.434544e-04 9.713146e+00
 7.094107e-04 8.054234e+00 1.010849e+00 1.074886e+00 9.096800e+00 5.596107e+03 7.453567e-04 9.716973e+00
 7.110973e-04 8.051806e+00 1.014536e+00 1.079067e+00 9.098300e+00 5.489479e+03 7.472644e-04 9.720808e+00
 7.127879e-04 8.049370e+00 1.018229e+00 1.083258e+00 9.099800e+00 5.385043e+03 7.491777e-04 9.724652e+00
 7.144825e-04 8.046826e+00 1.021929e+00 1.087459e+00 9.101200e+00 5.282508e+03 7.510964e-04 9.728390e+00
 7.161811e-04 8.044374e+00 1.025635e+00 1.091669e+00 9.102700e+00 5.182078e+03 7.530206e-04 9.732250e+00
 7.178838e-04 8.041913e+00 1.029348e+00 1.095889e+00 9.104200e+00 5.083708e+03 7.549504e-04 9.736118e+00
 7.195905e-04 8.039344e+00 1.033068e+00 1.100118e+00 9.105600e+00 4.986894e+03 7.568857e-04 9.739881e+00
 7.213013e-04 8.036868e+00 1.036794e+00 1.104358e+00 9.107100e+00 4.892293e+03 7.588266e-04 9.743766e+00
 7.230162e-04 8.034283e+00 1.040527e+00 1.108606e+00 9.108500e+00 4.799407e+03 7.607730e-04 9.747546e+00
 7.247351e-04 8.031690e+00 1.044267e+00 1.112865e+00 9.109900e+00 4.708641e+03 7.627251e-04 9.751333e+00
 7.264581e-04 8.029089e+00 1.048013e+00 1.117133e+00 9.111300e+00 4.619302e+03 7.646829e-04 9.755130e+00
 7.281852e-04 8.026480e+00 1.051765e+00 1.121410e+00 9.112700e+00 4.531790e+03 7.666463e-04 9.758934e+00
 7.299164e-04 8.023863e+00 1.055524e+00 1.125697e+00 9.114100e+00 4.446068e+03 7.686153e-04 9.762747e+00
 7.316518e-04 8.021239e+00 1.059289e+00 1.129994e+00 9.115500e+00 4.362096e+03 7.705901e-04 9.766568e+00
 7.333912e-04 8.018606e+00 1.063060e+00 1.134300e+00 9.116900e+00 4.279836e+03 7.725706e-04 9.770398e+00
 7.351348e-04 8.015966e+00 1.066838e+00 1.138615e+00 9.118300e+00 4.198861e+03 7.745568e-04 9.774236e+00
 7.368825e-04 8.013217e+00 1.070622e+00 1.142939e+00 9.119600e+00 4.119731e+03 7.765488e-04 9.777969e+00
 7.386344e-04 8.010562e+00 1.074412e+00 1.147273e+00 9.121000e+00 4.042023e+03 7.785465e-04 9.781824e+00
 7.403905e-04 8.007798e+00 1.078208e+00 1.151616e+00 9.122300e+00 3.965712e+03 7.805501e-04 9.785574e+00
 7.421507e-04 8.005027e+00 1.082010e+00 1.155969e+00 9.123600e+00 3.891138e+03 7.825594e-04 9.789332e+00
 7.439151e-04 8.002248e+00 1.085819e+00 1.160330e+00 9.124900e+00 3.818079e+03 7.845747e-04 9.793098e+00
 7.456837e-04 7.999461e+00 1.089633e+00 1.164701e+00 9.126200e+00 3.746327e+03 7.865957e-04 9.796873e+00
 7.474566e-04 7.996668e+00 1.093453e+00 1.169081e+00 9.127500e+00 3.675859e+03 7.886227e-04 9.800657e+00
 7.492336e-04 7.993866e+00 1.097279e+00 1.173470e+00 9.128800e+00 3.606822e+03 7.906556e-04 9.804449e+00
 7.510148e-04 7.991057e+00 1.101111e+00 1.177868e+00 9.130100e+00 3.539187e+03 7.926944e-04 9.808250e+00
 7.528003e-04 7.988241e+00 1.104949e+00 1.182275e+00 9.131400e+00 3.472921e+03 7.947391e-04 9.812059e+00
 7.545901e-04 7.985317e+00 1.108793e+00 1.186690e+00 9.132600e+00 3.407836e+03 7.967899e-04 9.815763e+00
 7.563841e-04 7.982386e+00 1.112642e+00 1.191115e+00 9.133800e+00 3.344070e+03 7.988466e-04 9.819475e+00
 7.581823e-04 7.979548e+00 1.116497e+00 1.195549e+00 9.135100e+00 3.281593e+03 8.009093e-04 9.823310e+00
 7.599849e-04 7.976603e+00 1.120357e+00 1.199992e+00 9.136300e+00 3.220378e+03 8.029781e-04 9.827040e+00
 7.617917e-04 7.973650e+00 1.124223e+00 1.204443e+00 9.137500e+00 3.160248e+03 8.050529e-04 9.830778e+00
 7.636028e-04 7.970690e+00 1.128095e+00 1.208903e+00 9.138700e+00 3.101185e+03 8.071338e-04 9.834524e+00
 7.654182e-04 7.967723e+00 1.131972e+00 1.213372e+00 9.139900e+00 3.043315e+03 8.092208e-04 9.838280e+00
 7.672379e-04 7.964749e+00 1.135854e+00 1.217849e+00 9.141100e+00 2.986613e+03 8.113140e-04 9.842044e+00
 7.690620e-04 7.961668e+00 1.139742e+00 1.222336e+00 9.142200e+00 2.931053e+03 8.134133e-04 9.845702e+00
 7.708904e-04 7.958681e+00 1.143635e+00 1.226830e+00 9.143400e+00 2.876474e+03 8.155187e-04 9.849484e+00
 7.727231e-04 7.955585e+00 1.147534e+00 1.231333e+00 9.144500e+00 2.822995e+03 8.176304e-04 9.853159e+00
 7.745602e-04 7.952484e+00 1.151437e+00 1.235845e+00 9.145600e+00 2.770591e+03 8.197482e-04 9.856843e+00
 7.764017e-04 7.949375e+00 1.155346e+00 1.240365e+00 9.146700e+00 2.719240e+03 8.218724e-04 9.860536e+00
 7.782475e-04 7.946360e+00 1.159260e+00 1.244894e+00 9.147900e+00 2.668792e+03 8.240027e-04 9.864353e+00
 7.800978e-04 7.943138e+00 1.163179e+00 1.249431e+00 9.148900e+00 2.619356e+03 8.261394e-04 9.867948e+00
 7.819524e-04 7.940009e+00 1.167103e+00 1.253976e+00 9.150000e+00 2.570912e+03 8.282824e-04 9.871667e+00
 7.838115e-04 7.936874e+00 1.171032e+00 1.258529e+00 9.151100e+00 2.523194e+03 8.304317e-04 9.875396e+00
 7.856749e-04 7.933632e+00 1.174965e+00 1.263091e+00 9.152100e+00 2.476554e+03 8.325874e-04 9.879017e+00
 7.875428e-04 7.930484e+00 1.178904e+00 1.267661e+00 9.153200e+00 2.430966e+03 8.347494e-04 9.882763e+00
 7.894151e-04 7.927229e+00 1.182847e+00 1.272239e+00 9.154200e+00 2.386056e+03 8.369179e-04 9.886403e+00
 7.912919e-04 7.923967e+00 1.186795e+00 1.276825e+00 9.155200e+00 2.342044e+03 8.390928e-04 9.890051e+00
 7.931732e-04 7.920700e+00 1.190748e+00 1.281419e+00 9.156200e+00 2.298913e+03 8.412742e-04 9.893708e+00
 7.950589e-04 7.917426e+00 1.194705e+00 1.286021e+00 9.157200e+00 2.256531e+03 8.434620e-04 9.897374e+00
 7.969491e-04 7.914146e+00 1.198667e+00 1.290630e+00 9.158200e+00 2.214997e+03 8.456563e-04 9.901049e+00
 7.988438e-04 7.910860e+00 1.202633e+00 1.295248e+00 9.159200e+00 2.174291e+03 8.478572e-04 9.904733e+00
 8.007430e-04 7.907467e+00 1.206604e+00 1.299874e+00 9.160100e+00 2.134395e+03 8.500646e-04 9.908310e+00
 8.026467e-04 7.904169e+00 1.210579e+00 1.304507e+00 9.161100e+00 2.095191e+03 8.522786e-04 9.912012e+00
 8.045549e-04 7.900764e+00 1.214559e+00 1.309148e+00 9.162000e+00 2.056768e+03 8.544991e-04 9.915607e+00
 8.064677e-04 7.897353e+00 1.218542e+00 1.313796e+00 9.162900e+00 2.019109e+03 8.567264e-04 9.919211e+00
 8.083851e-04 7.893936e+00 1.222530e+00 1.318452e+00 9.163800e+00 1.982003e+03 8.589602e-04 9.922823e+00
 8.103069e-04 7.890514e+00 1.226522e+00 1.323116e+00 9.164700e+00 1.945923e+03 8.612008e-04 9.926445e+00
 8.125026e-04 7.887087e+00 1.230518e+00 1.327786e+00 9.165600e+00 1.910280e+03 8.637620e-04 9.930076e+00
 8.150053e-04 7.883564e+00 1.234508e+00 1.332453e+00 9.166400e+00 1.875393e+03 8.666834e-04 9.933594e+00
 8.175158e-04 7.880046e+00 1.238491e+00 1.337114e+00 9.167200e+00 1.841336e+03 8.696155e-04 9.937117e+00
 8.200340e-04 7.876635e+00 1.242468e+00 1.341771e+00 9.168100e+00 1.808084e+03 8.725584e-04 9.940763e+00
 8.225600e-04 7.873129e+00 1.246439e+00 1.346423e+00 9.168900e+00 1.775524e+03 8.755123e-04 9.944296e+00
 8.250937e-04 7.869528e+00 1.250402e+00 1.351069e+00 9.169600e+00 1.743553e+03 8.784771e-04 9.947719e+00
 8.276353e-04 7.866035e+00 1.254358e+00 1.355709e+00 9.170400e+00 1.712240e+03 8.814529e-04 9.951264e+00
 8.301846e-04 7.862448e+00 1.258308e+00 1.360344e+00 9.171100e+00 1.681570e+03 8.844398e-04 9.954699e+00
 8.327419e-04 7.858866e+00 1.262250e+00 1.364974e+00 9.171800e+00 1.651608e+03 8.874377e-04 9.958139e+00
 8.353070e-04 7.855292e+00 1.266185e+00 1.369597e+00 9.172500e+00 1.622254e+03 8.904467e-04 9.961586e+00
 8.378800e-04 7.851623e+00 1.270112e+00 1.374215e+00 9.173100e+00 1.593493e+03 8.934670e-04 9.964922e+00
 8.404609e-04 7.848061e+00 1.274033e+00 1.378827e+00 9.173800e+00 1.565310e+03 8.964984e-04 9.968383e+00
 8.430498e-04 7.844406e+00 1.277946e+00 1.383433e+00 9.174400e+00 1.537768e+03 8.995412e-04 9.971732e+00
 8.456467e-04 7.840656e+00 1.281852e+00 1.388033e+00 9.174900e+00 1.510699e+03 9.025952e-04 9.974971e+00
 8.482515e-04 7.837014e+00 1.285750e+00 1.392627e+00 9.175500e+00 1.484241e+03 9.056606e-04 9.978334e+00
 8.508644e-04 7.833278e+00 1.289641e+00 1.397214e+00 9.176000e+00 1.458306e+03 9.087375e-04 9.981586e+00
 8.534853e-04 7.829549e+00 1.293525e+00 1.401796e+00 9.176500e+00 1.432881e+03 9.118258e-04 9.984846e+00
 8.561143e-04 7.825827e+00 1.297401e+00 1.406371e+00 9.177000e+00 1.408026e+03 9.149256e-04 9.988113e+00
 8.587514e-04 7.822011e+00 1.301269e+00 1.410940e+00 9.177400e+00 1.383585e+03 9.180370e-04 9.991268e+00
 8.613967e-04 7.818303e+00 1.305130e+00 1.415503e+00 9.177900e+00 1.359757e+03 9.211600e-04 9.994550e+00
 8.640500e-04 7.814501e+00 1.308983e+00 1.420059e+00 9.178300e+00 1.336323e+03 9.242947e-04 9.997720e+00
 8.667116e-04 7.810606e+00 1.312828e+00 1.424609e+00 9.178600e+00 1.313274e+03 9.274411e-04 1.000078e+01
 8.693813e-04 7.806818e+00 1.316666e+00 1.429152e+00 9.179000e+00 1.290800e+03 9.305992e-04 1.000397e+01
 8.720593e-04 7.802937e+00 1.320496e+00 1.433689e+00 9.179300e+00 1.268691e+03 9.337692e-04 1.000704e+01
 8.747455e-04 7.798962e+00 1.324318e+00 1.438219e+00 9.179500e+00 1.247132e+03 9.369510e-04 1.001000e+01
 8.774400e-04 7.795095e+00 1.328133e+00 1.442743e+00 9.179800e+00 1.225920e+03 9.401448e-04 1.001309e+01
 8.801428e-04 7.791135e+00 1.331940e+00 1.447260e+00 9.180000e+00 1.205049e+03 9.433505e-04 1.001607e+01
 8.828539e-04 7.787182e+00 1.335738e+00 1.451771e+00 9.180200e+00 1.184694e+03 9.465683e-04 1.001906e+01
 8.855734e-04 7.783236e+00 1.339529e+00 1.456274e+00 9.180400e+00 1.164663e+03 9.497981e-04 1.002205e+01
 8.883012e-04 7.779197e+00 1.343312e+00 1.460771e+00 9.180500e+00 1.145125e+03 9.530401e-04 1.002494e+01
 8.910375e-04 7.775266e+00 1.347088e+00 1.465261e+00 9.180700e+00 1.125895e+03 9.562942e-04 1.002794e+01
 8.937822e-04 7.771140e+00 1.350855e+00 1.469744e+00 9.180700e+00 1.107080e+03 9.595606e-04 1.003072e+01
 8.965353e-04 7.767123e+00 1.354614e+00 1.474221e+00 9.180800e+00 1.088503e+03 9.628392e-04 1.003363e+01
 8.992969e-04 7.763013e+00 1.358365e+00 1.478690e+00 9.180800e+00 1.070437e+03 9.661302e-04 1.003643e+01
 9.020670e-04 7.758910e+00 1.362109e+00 1.483152e+00 9.180800e+00 1.052595e+03 9.694336e-04 1.003923e+01
 9.048457e-04 7.754815e+00 1.365844e+00 1.487608e+00 9.180800e+00 1.035137e+03 9.727494e-04 1.004204e+01
 9.076329e-04 7.750727e+00 1.369571e+00 1.492056e+00 9.180800e+00 1.018051e+03 9.760777e-04 1.004486e+01
 9.104287e-04 7.746547e+00 1.373290e+00 1.496497e+00 9.180700e+00 1.001175e+03 9.794186e-04 1.004757e+01
 9.132331e-04 7.742373e+00 1.377001e+00 1.500931e+00 9.180600e+00 9.846600e+02 9.827721e-04 1.005028e+01
 9.160461e-04 7.738107e+00 1.380704e+00 1.505358e+00 9.180400e+00 9.685460e+02 9.861382e-04 1.005289e+01
 9.188678e-04 7.733848e+00 1.384398e+00 1.509778e+00 9.180200e+00 9.526750e+02 9.895171e-04 1.005550e+01
 9.216982e-04 7.729597e+00 1.388085e+00 1.514190e+00 9.180000e+00 9.370434e+02 9.929087e-04 1.005812e+01
 9.245374e-04 7.725354e+00 1.391763e+00 1.518595e+00 9.179800e+00 9.217906e+02 9.963132e-04 1.006075e+01
 9.273852e-04 7.721118e+00 1.395433e+00 1.522993e+00 9.179600e+00 9.067656e+02 9.997305e-04 1.006338e+01
 9.302419e-04 7.716790e+00 1.399094e+00 1.527384e+00 9.179300e+00 8.920576e+02 1.003161e-03 1.006591e+01
 9.331073e-04 7.712469e+00 1.402748e+00 1.531767e+00 9.179000e+00 8.776134e+02 1.006604e-03 1.006844e+01
 9.359816e-04 7.708056e+00 1.406393e+00 1.536142e+00 9.178600e+00 8.634277e+02 1.010060e-03 1.007086e+01
 9.388647e-04 7.703650e+00 1.410029e+00 1.540510e+00 9.178200e+00 8.494954e+02 1.013530e-03 1.007329e+01
 9.417567e-04 7.699252e+00 1.413657e+00 1.544871e+00 9.177800e+00 8.358114e+02 1.017013e-03 1.007573e+01
 9.446576e-04 7.694862e+00 1.417277e+00 1.549224e+00 9.177400e+00 8.223708e+02 1.020508e-03 1.007817e+01
 9.475674e-04 7.690380e+00 1.420889e+00 1.553569e+00 9.176900e+00 8.092111e+02 1.024018e-03 1.008050e+01
 9.504862e-04 7.686006e+00 1.424492e+00 1.557907e+00 9.176500e+00 7.963257e+02 1.027540e-03 1.008297e+01
 9.534140e-04 7.681438e+00 1.428086e+00 1.562237e+00 9.175900e+00 7.835851e+02 1.031076e-03 1.008519e+01
 9.563509e-04 7.676980e+00 1.431672e+00 1.566560e+00 9.175400e+00 7.711097e+02 1.034625e-03 1.008755e+01
 9.592967e-04 7.672429e+00 1.435250e+00 1.570874e+00 9.174800e+00 7.588934e+02 1.038188e-03 1.008980e+01
 9.622517e-04 7.667885e+00 1.438819e+00 1.575181e+00 9.174200e+00 7.468126e+02 1.041765e-03 1.009205e+01
 9.652157e-04 7.663350e+00 1.442379e+00 1.579480e+00 9.173600e+00 7.350597e+02 1.045355e-03 1.009431e+01
 9.681889e-04 7.658723e+00 1.445931e+00 1.583771e+00 9.172900e+00 7.234351e+02 1.048958e-03 1.009646e+01
 9.711712e-04 7.654103e+00 1.449474e+00 1.588054e+00 9.172200e+00 7.120508e+02 1.052576e-03 1.009862e+01
 9.741627e-04 7.649492e+00 1.453009e+00 1.592329e+00 9.171500e+00 7.008275e+02 1.056207e-03 1.010078e+01
 9.771634e-04 7.644889e+00 1.456535e+00 1.596596e+00 9.170800e+00 6.898721e+02 1.059853e-03 1.010295e+01
 9.801734e-04 7.640194e+00 1.460052e+00 1.600856e+00 9.170000e+00 6.790701e+02 1.063512e-03 1.010501e+01
 9.831927e-04 7.635507e+00 1.463560e+00 1.605107e+00 9.169200e+00 6.684902e+02 1.067185e-03 1.010708e+01
 9.862212e-04 7.630727e+00 1.467060e+00 1.609350e+00 9.168300e+00 6.580925e+02 1.070872e-03 1.010904e+01
 9.892591e-04 7.626057e+00 1.470551e+00 1.613584e+00 9.167500e+00 6.478392e+02 1.074574e-03 1.011112e+01
 9.923063e-04 7.621294e+00 1.474033e+00 1.617811e+00 9.166600e+00 6.377622e+02 1.078289e-03 1.011310e+01
 9.953629e-04 7.616439e+00 1.477506e+00 1.622029e+00 9.165600e+00 6.278917e+02 1.082019e-03 1.011495e+01
 9.984290e-04 7.611693e+00 1.480971e+00 1.626239e+00 9.164700e+00 6.182228e+02 1.085763e-03 1.011694e+01
 1.001504e-03 7.606854e+00 1.484427e+00 1.630441e+00 9.163700e+00 6.086539e+02 1.089522e-03 1.011882e+01
 1.004589e-03 7.602025e+00 1.487873e+00 1.634634e+00 9.162700e+00 5.992805e+02 1.093295e-03 1.012070e+01
 1.007684e-03 7.597204e+00 1.491311e+00 1.638819e+00 9.161700e+00 5.900980e+02 1.097082e-03 1.012259e+01
 1.010788e-03 7.592290e+00 1.494740e+00 1.642996e+00 9.160600e+00 5.810713e+02 1.100884e-03 1.012437e+01
 1.013901e-03 7.587385e+00 1.498160e+00 1.647164e+00 9.159500e+00 5.721669e+02 1.104701e-03 1.012615e+01
 1.017024e-03 7.582489e+00 1.501571e+00 1.651324e+00 9.158400e+00 5.634134e+02 1.108533e-03 1.012795e+01
 1.020157e-03 7.577501e+00 1.504973e+00 1.655475e+00 9.157200e+00 5.548377e+02 1.112379e-03 1.012963e+01
 1.023300e-03 7.572622e+00 1.508366e+00 1.659617e+00 9.156100e+00 5.463772e+02 1.116240e-03 1.013144e+01
 1.026452e-03 7.567550e+00 1.511750e+00 1.663751e+00 9.154800e+00 5.381173e+02 1.120116e-03 1.013301e+01
 1.029614e-03 7.562588e+00 1.515125e+00 1.667876e+00 9.153600e+00 5.299674e+02 1.124007e-03 1.013471e+01
 1.032785e-03 7.557534e+00 1.518491e+00 1.671992e+00 9.152300e+00 5.219262e+02 1.127913e-03 1.013630e+01
 1.035966e-03 7.552489e+00 1.521847e+00 1.676100e+00 9.151000e+00 5.140753e+02 1.131834e-03 1.013790e+01
 1.039157e-03 7.547452e+00 1.525195e+00 1.680198e+00 9.149700e+00 5.063283e+02 1.135770e-03 1.013951e+01
 1.042358e-03 7.542425e+00 1.528533e+00 1.684288e+00 9.148400e+00 4.987376e+02 1.139722e-03 1.014112e+01
 1.045569e-03 7.537305e+00 1.531862e+00 1.688369e+00 9.147000e+00 4.912203e+02 1.143688e-03 1.014262e+01
 1.048790e-03 7.532195e+00 1.535182e+00 1.692442e+00 9.145600e+00 4.839070e+02 1.147671e-03 1.014413e+01
 1.052020e-03 7.527093e+00 1.538492e+00 1.696505e+00 9.144200e+00 4.766632e+02 1.151668e-03 1.014564e+01
 1.055261e-03 7.521900e+00 1.541794e+00 1.700559e+00 9.142700e+00 4.695399e+02 1.155681e-03 1.014704e+01
 1.058512e-03 7.516715e+00 1.545086e+00 1.704604e+00 9.141200e+00 4.625598e+02 1.159710e-03 1.014845e+01
 1.061772e-03 7.511540e+00 1.548368e+00 1.708640e+00 9.139700e+00 4.556952e+02 1.163755e-03 1.014987e+01
 1.065043e-03 7.506272e+00 1.551642e+00 1.712667e+00 9.138100e+00 4.489439e+02 1.167815e-03 1.015117e+01
 1.068323e-03 7.501115e+00 1.554906e+00 1.716684e+00 9.136600e+00 4.422800e+02 1.171891e-03 1.015260e+01
 1.071614e-03 7.495866e+00 1.558160e+00 1.720693e+00 9.135000e+00 4.357734e+02 1.175982e-03 1.015392e+01
 1.074915e-03 7.490526e+00 1.561405e+00 1.724692e+00 9.133300e+00 4.293503e+02 1.180090e-03 1.015512e+01
 1.078226e-03 7.485295e+00 1.564641e+00 1.728682e+00 9.131700e+00 4.230097e+02 1.184214e-03 1.015646e+01
 1.081547e-03 7.479973e+00 1.567867e+00 1.732662e+00 9.130000e+00 4.168188e+02 1.188354e-03 1.015767e+01
 1.084879e-03 7.474660e+00 1.571084e+00 1.736633e+00 9.128300e+00 4.107068e+02 1.192510e-03 1.015890e+01
 1.088221e-03 7.469256e+00 1.574291e+00 1.740595e+00 9.126500e+00 4.046726e+02 1.196682e-03 1.016001e+01
 1.091573e-03 7.463962e+00 1.577489e+00 1.744547e+00 9.124800e+00 3.987810e+02 1.200871e-03 1.016125e+01
 1.094935e-03 7.458576e+00 1.580677e+00 1.748490e+00 9.123000e+00 3.929637e+02 1.205076e-03 1.016238e+01
 1.098308e-03 7.453098e+00 1.583856e+00 1.752423e+00 9.121100e+00 3.872202e+02 1.209297e-03 1.016339e+01
 1.101691e-03 7.447731e+00 1.587024e+00 1.756347e+00 9.119300e+00 3.816123e+02 1.213535e-03 1.016453e+01
 1.105085e-03 7.442273e+00 1.590184e+00 1.760261e+00 9.117400e+00 3.760748e+02 1.217790e-03 1.016555e+01
 1.108489e-03 7.436824e+00 1.593333e+00 1.764165e+00 9.115500e+00 3.706273e+02 1.222061e-03 1.016659e+01
 1.111903e-03 7.431385e+00 1.596473e+00 1.768060e+00 9.113600e+00 3.652682e+02 1.226349e-03 1.016763e+01
 1.115328e-03 7.425854e+00 1.599604e+00 1.771945e+00 9.111600e+00 3.599960e+02 1.230654e-03 1.016855e+01
 1.118764e-03 7.420333e+00 1.602724e+00 1.775820e+00 9.109600e+00 3.548091e+02 1.234975e-03 1.016948e+01
 1.122210e-03 7.414821e+00 1.605835e+00 1.779685e+00 9.107600e+00 3.497254e+02 1.239314e-03 1.017042e+01
 1.125667e-03 7.409319e+00 1.608936e+00 1.783540e+00 9.105600e+00 3.447047e+02 1.243670e-03 1.017137e+01
 1.129134e-03 7.403726e+00 1.612027e+00 1.787385e+00 9.103500e+00 3.397837e+02 1.248043e-03 1.017220e+01
 1.132612e-03 7.398142e+00 1.615108e+00 1.791221e+00 9.101400e+00 3.349048e+02 1.252433e-03 1.017304e+01
 1.136101e-03 7.392568e+00 1.618180e+00 1.795046e+00 9.099300e+00 3.301230e+02 1.256841e-03 1.017388e+01
 1.139600e-03 7.387004e+00 1.621241e+00 1.798861e+00 9.097200e+00 3.254361e+02 1.261266e-03 1.017474e+01
 1.143111e-03 7.381349e+00 1.624293e+00 1.802667e+00 9.095000e+00 3.208241e+02 1.265708e-03 1.017547e+01
 1.146632e-03 7.375704e+00 1.627335e+00 1.806462e+00 9.092800e+00 3.162687e+02 1.270168e-03 1.017622e+01
 1.150164e-03 7.370068e+00 1.630367e+00 1.810247e+00 9.090600e+00 3.117862e+02 1.274645e-03 1.017697e+01
 1.153707e-03 7.364341e+00 1.633389e+00 1.814021e+00 9.088300e+00 3.073755e+02 1.279141e-03 1.017760e+01
 1.157261e-03 7.358624e+00 1.636401e+00 1.817786e+00 9.086000e+00 3.030353e+02 1.283654e-03 1.017824e+01
 1.160825e-03 7.352918e+00 1.639402e+00 1.821540e+00 9.083700e+00 2.987645e+02 1.288185e-03 1.017889e+01
 1.164401e-03 7.347221e+00 1.642394e+00 1.825284e+00 9.081400e+00 2.945619e+02 1.292734e-03 1.017955e+01
 1.167988e-03 7.341433e+00 1.645376e+00 1.829017e+00 9.079000e+00 2.904262e+02 1.297300e-03 1.018009e+01
 1.171585e-03 7.335756e+00 1.648348e+00 1.832740e+00 9.076700e+00 2.863565e+02 1.301885e-03 1.018076e+01
 1.175194e-03 7.329887e+00 1.651309e+00 1.836452e+00 9.074200e+00 2.823516e+02 1.306489e-03 1.018118e+01
 1.178814e-03 7.324129e+00 1.654261e+00 1.840154e+00 9.071800e+00 2.784102e+02 1.311110e-03 1.018174e+01
 1.182445e-03 7.318382e+00 1.657202e+00 1.843846e+00 9.069400e+00 2.745315e+02 1.315750e-03 1.018231e+01
 1.186088e-03 7.312543e+00 1.660133e+00 1.847527e+00 9.066900e+00 2.707142e+02 1.320408e-03 1.018276e+01
 1.189741e-03 7.306715e+00 1.663054e+00 1.851197e+00 9.064400e+00 2.669575e+02 1.325085e-03 1.018322e+01
 1.193406e-03 7.300796e+00 1.665965e+00 1.854856e+00 9.061800e+00 2.632455e+02 1.329781e-03 1.018356e+01
 1.197082e-03 7.294988e+00 1.668866e+00 1.858505e+00 9.059300e+00 2.595923e+02 1.334495e-03 1.018403e+01
 1.200769e-03 7.289090e+00 1.671756e+00 1.862143e+00 9.056700e+00 2.560114e+02 1.339228e-03 1.018438e+01
 1.204468e-03 7.283201e+00 1.674636e+00 1.865770e+00 9.054100e+00 2.524728e+02 1.343980e-03 1.018474e+01
 1.208178e-03 7.277222e+00 1.677506e+00 1.869386e+00 9.051400e+00 2.490041e+02 1.348751e-03 1.018498e+01
 1.211900e-03 7.271355e+00 1.680365e+00 1.872992e+00 9.048800e+00 2.455900e+02 1.353541e-03 1.018535e+01
 1.215633e-03 7.265396e+00 1.683214e+00 1.876586e+00 9.046100e+00 2.422160e+02 1.358350e-03 1.018561e+01
 1.219378e-03 7.259347e+00 1.686053e+00 1.880170e+00 9.043300e+00 2.388952e+02 1.363179e-03 1.018574e+01
 1.223134e-03 7.253410e+00 1.688881e+00 1.883742e+00 9.040600e+00 2.356267e+02 1.368026e-03 1.018601e+01
 1.226901e-03 7.247381e+00 1.691699e+00 1.887304e+00 9.037800e+00 2.324096e+02 1.372894e-03 1.018616e+01
 1.230680e-03 7.241465e+00 1.694506e+00 1.890854e+00 9.035100e+00 2.292430e+02 1.377780e-03 1.018644e+01
 1.234471e-03 7.235357e+00 1.697303e+00 1.894394e+00 9.032200e+00 2.261261e+02 1.382687e-03 1.018648e+01
 1.238274e-03 7.229360e+00 1.700089e+00 1.897922e+00 9.029400e+00 2.230581e+02 1.387613e-03 1.018665e+01
 1.242088e-03 7.223273e+00 1.702865e+00 1.901438e+00 9.026500e+00 2.200257e+02 1.392558e-03 1.018670e+01
 1.245914e-03 7.217298e+00 1.705631e+00 1.904944e+00 9.023700e+00 2.170409e+02 1.397524e-03 1.018688e+01
 1.249752e-03 7.211131e+00 1.708386e+00 1.908438e+00 9.020700e+00 2.141150e+02 1.402510e-03 1.018682e+01
 1.253602e-03 7.205076e+00 1.711130e+00 1.911921e+00 9.017800e+00 2.112229e+02 1.407516e-03 1.018689e+01
 1.257463e-03 7.198930e+00 1.713864e+00 1.915393e+00 9.014800e+00 2.083878e+02 1.412542e-03 1.018684e+01
 1.261337e-03 7.192897e+00 1.716587e+00 1.918853e+00 9.011900e+00 2.055736e+02 1.417588e-03 1.018692e+01
 1.265222e-03 7.186671e+00 1.719300e+00 1.922302e+00 9.008800e+00 2.028150e+02 1.422654e-03 1.018676e+01
 1.269119e-03 7.180558e+00 1.722001e+00 1.925739e+00 9.005800e+00 2.001107e+02 1.427741e-03 1.018673e+01
 1.273028e-03 7.174456e+00 1.724693e+00 1.929164e+00 9.002800e+00 1.974260e+02 1.432849e-03 1.018671e+01
 1.276950e-03 7.168263e+00 1.727373e+00 1.932578e+00 8.999700e+00 1.947945e+02 1.437977e-03 1.018656e+01
 1.280883e-03 7.162081e+00 1.730043e+00 1.935981e+00 8.996600e+00 1.921928e+02 1.443126e-03 1.018642e+01
 1.284829e-03 7.155809e+00 1.732702e+00 1.939372e+00 8.993400e+00 1.896425e+02 1.448296e-03 1.018617e+01
 1.288786e-03 7.149649e+00 1.735351e+00 1.942751e+00 8.990300e+00 1.871317e+02 1.453487e-03 1.018604e+01
 1.292756e-03 7.143399e+00 1.737988e+00 1.946118e+00 8.987100e+00 1.846494e+02 1.458699e-03 1.018580e+01
 1.296738e-03 7.137159e+00 1.740615e+00 1.949473e+00 8.983900e+00 1.821953e+02 1.463932e-03 1.018556e+01
 1.300733e-03 7.130931e+00 1.743231e+00 1.952817e+00 8.980700e+00 1.797998e+02 1.469186e-03 1.018532e+01
 1.304739e-03 7.124612e+00 1.745836e+00 1.956149e+00 8.977400e+00 1.774111e+02 1.474461e-03 1.018497e+01
 1.308758e-03 7.118406e+00 1.748431e+00 1.959469e+00 8.974200e+00 1.750896e+02 1.479758e-03 1.018475e+01
 1.312790e-03 7.112110e+00 1.751014e+00 1.962777e+00 8.970900e+00 1.727842e+02 1.485077e-03 1.018441e+01
 1.316834e-03 7.105825e+00 1.753587e+00 1.966073e+00 8.967600e+00 1.705145e+02 1.490417e-03 1.018407e+01
 1.320890e-03 7.099449e+00 1.756149e+00 1.969357e+00 8.964200e+00 1.682800e+02 1.495779e-03 1.018362e+01
 1.324959e-03 7.093186e+00 1.758700e+00 1.972629e+00 8.960900e+00 1.660800e+02 1.501163e-03 1.018329e+01
 1.329040e-03 7.086833e+00 1.761240e+00 1.975888e+00 8.957500e+00 1.639140e+02 1.506569e-03 1.018285e+01
 1.333134e-03 7.080492e+00 1.763769e+00 1.979136e+00 8.954100e+00 1.617816e+02 1.511997e-03 1.018241e+01
 1.337240e-03 7.074060e+00 1.766287e+00 1.982372e+00 8.950600e+00 1.596728e+02 1.517447e-03 1.018185e+01
 1.341359e-03 7.067741e+00 1.768794e+00 1.985595e+00 8.947200e+00 1.575967e+02 1.522919e-03 1.018142e+01
 1.345491e-03 7.061331e+00 1.771290e+00 1.988806e+00 8.943700e+00 1.555527e+02 1.528414e-03 1.018087e+01
 1.349636e-03 7.054933e+00 1.773775e+00 1.992005e+00 8.940200e+00 1.535403e+02 1.533931e-03 1.018033e+01
 1.353793e-03 7.048547e+00 1.776249e+00 1.995191e+00 8.936700e+00 1.515500e+02 1.539471e-03 1.017979e+01
 1.357963e-03 7.042070e+00 1.778712e+00 1.998365e+00 8.933100e+00 1.495905e+02 1.545033e-03 1.017913e+01
 1.362146e-03 7.035707e+00 1.781163e+00 2.001527e+00 8.929600e+00 1.476698e+02 1.550619e-03 1.017860e+01
 1.366342e-03 7.029253e+00 1.783604e+00 2.004676e+00 8.926000e+00 1.457703e+02 1.556227e-03 1.017796e+01
 1.370551e-03 7.022811e+00 1.786034e+00 2.007813e+00 8.922400e+00 1.439083e+02 1.561858e-03 1.017731e+01
 1.374772e-03 7.016380e+00 1.788452e+00 2.010937e+00 8.918800e+00 1.420585e+02 1.567513e-03 1.017668e+01
 1.379007e-03 7.009859e+00 1.790860e+00 2.014048e+00 8.915100e+00 1.402372e+02 1.573190e-03 1.017591e+01
 1.383255e-03 7.003350e+00 1.793256e+00 2.017148e+00 8.911400e+00 1.384518e+02 1.578892e-03 1.017516e+01
 1.387516e-03 6.996853e+00 1.795641e+00 2.020234e+00 8.907700e+00 1.366782e+02 1.584616e-03 1.017441e+01
 1.391790e-03 6.990367e+00 1.798015e+00 2.023308e+00 8.904000e+00 1.349475e+02 1.590364e-03 1.017367e+01
 1.396077e-03 6.983892e+00 1.800378e+00 2.026369e+00 8.900300e+00 1.332279e+02 1.596136e-03 1.017293e+01
 1.400377e-03 6.977328e+00 1.802729e+00 2.029417e+00 8.896500e+00 1.315424e+02 1.601932e-03 1.017207e+01
 1.404691e-03 6.970776e+00 1.805069e+00 2.032453e+00 8.892700e+00 1.298826e+02 1.607752e-03 1.017121e+01
 1.409018e-03 6.964235e+00 1.807399e+00 2.035475e+00 8.888900e+00 1.282335e+02 1.613596e-03 1.017036e+01
 1.413358e-03 6.957706e+00 1.809716e+00 2.038485e+00 8.885100e+00 1.266171e+02 1.619463e-03 1.016951e+01
 1.417712e-03 6.951087e+00 1.812023e+00 2.041482e+00 8.881200e+00 1.250182e+02 1.625356e-03 1.016854e+01
 1.422079e-03 6.944581e+00 1.814318e+00 2.044466e+00 8.877400e+00 1.234510e+02 1.631272e-03 1.016771e+01
 1.426459e-03 6.937986e+00 1.816602e+00 2.047437e+00 8.873500e+00 1.219078e+02 1.637214e-03 1.016675e+01
 1.430853e-03 6.931403e+00 1.818874e+00 2.050396e+00 8.869600e+00 1.203672e+02 1.643179e-03 1.016579e+01
 1.435260e-03 6.924729e+00 1.821136e+00 2.053341e+00 8.865600e+00 1.188711e+02 1.649170e-03 1.016472e+01
 1.439681e-03 6.918170e+00 1.823385e+00 2.056273e+00 8.861700e+00 1.173842e+02 1.655186e-03 1.016377e+01
 1.444116e-03 6.911520e+00 1.825624e+00 2.059192e+00 8.857700e+00 1.159200e+02 1.661226e-03 1.016270e+01
 1.448564e-03 6.904882e+00 1.827851e+00 2.062098e+00 8.853700e+00 1.144782e+02 1.667292e-03 1.016164e+01
 1.453026e-03 6.898257e+00 1.830067e+00 2.064990e+00 8.849700e+00 1.130520e+02 1.673383e-03 1.016058e+01
 1.457502e-03 6.891643e+00 1.832271e+00 2.067870e+00 8.845700e+00 1.116475e+02 1.679499e-03 1.015953e+01
 1.461992e-03 6.884939e+00 1.834464e+00 2.070736e+00 8.841600e+00 1.102711e+02 1.685641e-03 1.015835e+01
 1.466495e-03 6.878248e+00 1.836646e+00 2.073589e+00 8.837500e+00 1.089093e+02 1.691808e-03 1.015717e+01
 1.471013e-03 6.871670e+00 1.838816e+00 2.076429e+00 8.833500e+00 1.075621e+02 1.698001e-03 1.015613e+01
 1.475544e-03 6.864901e+00 1.840974e+00 2.079255e+00 8.829300e+00 1.062417e+02 1.704221e-03 1.015484e+01
 1.480089e-03 6.858246e+00 1.843122e+00 2.082068e+00 8.825200e+00 1.049291e+02 1.710466e-03 1.015368e+01
 1.484648e-03 6.851501e+00 1.845257e+00 2.084868e+00 8.821000e+00 1.036427e+02 1.716737e-03 1.015239e+01
 1.489221e-03 6.844870e+00 1.847382e+00 2.087654e+00 8.816900e+00 1.023700e+02 1.723034e-03 1.015124e+01
 1.493808e-03 6.838149e+00 1.849494e+00 2.090427e+00 8.812700e+00 1.011228e+02 1.729358e-03 1.014997e+01
 1.498410e-03 6.831440e+00 1.851595e+00 2.093186e+00 8.808500e+00 9.989446e+01 1.735709e-03 1.014870e+01
 1.503025e-03 6.824642e+00 1.853685e+00 2.095931e+00 8.804200e+00 9.866749e+01 1.742086e-03 1.014730e+01
 1.507655e-03 6.817958e+00 1.855763e+00 2.098664e+00 8.800000e+00 9.746505e+01 1.748490e-03 1.014603e+01
 1.512299e-03 6.811184e+00 1.857830e+00 2.101382e+00 8.795700e+00 9.628673e+01 1.754920e-03 1.014465e+01
 1.516958e-03 6.804422e+00 1.859885e+00 2.104087e+00 8.791400e+00 9.511516e+01 1.761378e-03 1.014326e+01
 1.521630e-03 6.797673e+00 1.861928e+00 2.106778e+00 8.787100e+00 9.396702e+01 1.767863e-03 1.014188e+01
 1.526317e-03 6.790936e+00 1.863960e+00 2.109456e+00 8.782800e+00 9.283093e+01 1.774376e-03 1.014051e+01
 1.531019e-03 6.784109e+00 1.865981e+00 2.112120e+00 8.778400e+00 9.171762e+01 1.780915e-03 1.013900e+01
 1.535735e-03 6.777397e+00 1.867989e+00 2.114770e+00 8.774100e+00 9.061055e+01 1.787483e-03 1.013764e+01
 1.540466e-03 6.770594e+00 1.869987e+00 2.117406e+00 8.769700e+00 8.952038e+01 1.794078e-03 1.013614e+01
 1.545211e-03 6.763805e+00 1.871972e+00 2.120029e+00 8.765300e+00 8.844686e+01 1.800701e-03 1.013465e+01
 1.549970e-03 6.756925e+00 1.873946e+00 2.122638e+00 8.760800e+00 8.738462e+01 1.807352e-03 1.013303e+01
 1.554745e-03 6.750160e+00 1.875908e+00 2.125233e+00 8.756400e+00 8.633857e+01 1.814031e-03 1.013155e+01
 1.559534e-03 6.743306e+00 1.877859e+00 2.127814e+00 8.751900e+00 8.531361e+01 1.820738e-03 1.012994e+01
 1.564338e-03 6.736464e+00 1.879798e+00 2.130381e+00 8.747400e+00 8.429417e+01 1.827474e-03 1.012834e+01
 1.569156e-03 6.729736e+00 1.881725e+00 2.132934e+00 8.743000e+00 8.329037e+01 1.834238e-03 1.012687e+01
 1.573990e-03 6.722817e+00 1.883641e+00 2.135473e+00 8.738400e+00 8.230196e+01 1.841032e-03 1.012514e+01
 1.578838e-03 6.716012e+00 1.885545e+00 2.137998e+00 8.733900e+00 8.132854e+01 1.847853e-03 1.012354e+01
 1.583702e-03 6.709117e+00 1.887437e+00 2.140509e+00 8.729300e+00 8.037002e+01 1.854704e-03 1.012182e+01
 1.588580e-03 6.702338e+00 1.889318e+00 2.143006e+00 8.724800e+00 7.942143e+01 1.861584e-03 1.012024e+01
 1.593473e-03 6.695468e+00 1.891187e+00 2.145489e+00 8.720200e+00 7.848256e+01 1.868494e-03 1.011852e+01
 1.598382e-03 6.688611e+00 1.893044e+00 2.147958e+00 8.715600e+00 7.755809e+01 1.875433e-03 1.011681e+01
 1.603305e-03 6.681767e+00 1.894890e+00 2.150413e+00 8.711000e+00 7.664779e+01 1.882401e-03 1.011510e+01
 1.608244e-03 6.674833e+00 1.896723e+00 2.152853e+00 8.706300e+00 7.575129e+01 1.889399e-03 1.011327e+01
 1.613198e-03 6.668014e+00 1.898545e+00 2.155280e+00 8.701700e+00 7.486415e+01 1.896427e-03 1.011157e+01
 1.618167e-03 6.661105e+00 1.900356e+00 2.157692e+00 8.697000e+00 7.398599e+01 1.903485e-03 1.010974e+01
 1.623359e-03 6.654210e+00 1.902154e+00 2.160089e+00 8.692300e+00 7.312160e+01 1.910868e-03 1.010791e+01
 1.628597e-03 6.647328e+00 1.903940e+00 2.162471e+00 8.687600e+00 7.227527e+01 1.918326e-03 1.010609e+01
 1.633853e-03 6.640358e+00 1.905712e+00 2.164837e+00 8.682800e+00 7.143384e+01 1.925818e-03 1.010413e+01
 1.639126e-03 6.633504e+00 1.907472e+00 2.167187e+00 8.678100e+00 7.060583e+01 1.933343e-03 1.010231e+01
 1.644415e-03 6.626563e+00 1.909218e+00 2.169520e+00 8.673300e+00 6.979091e+01 1.940901e-03 1.010036e+01
 1.649722e-03 6.619737e+00 1.910952e+00 2.171838e+00 8.668600e+00 6.898894e+01 1.948493e-03 1.009855e+01
 1.655046e-03 6.612824e+00 1.912672e+00 2.174139e+00 8.663800e+00 6.819145e+01 1.956118e-03 1.009660e+01
 1.660387e-03 6.605925e+00 1.914379e+00 2.176425e+00 8.659000e+00 6.741060e+01 1.963778e-03 1.009466e+01
 1.665745e-03 6.599041e+00 1.916073e+00 2.178693e+00 8.654200e+00 6.663805e+01 1.971471e-03 1.009271e+01
 1.671120e-03 6.592068e+00 1.917754e+00 2.180946e+00 8.649300e+00 6.588170e+01 1.979198e-03 1.009064e+01
 1.676513e-03 6.585213e+00 1.919422e+00 2.183182e+00 8.644500e+00 6.512944e+01 1.986960e-03 1.008870e+01
 1.681924e-03 6.578269e+00 1.921076e+00 2.185402e+00 8.639600e+00 6.438894e+01 1.994757e-03 1.008663e+01
 1.687351e-03 6.571340e+00 1.922718e+00 2.187605e+00 8.634700e+00 6.366012e+01 2.002588e-03 1.008457e+01
 1.692797e-03 6.564425e+00 1.924346e+00 2.189792e+00 8.629800e+00 6.293900e+01 2.010455e-03 1.008250e+01
 1.698259e-03 6.557525e+00 1.925961e+00 2.191962e+00 8.624900e+00 6.222537e+01 2.018356e-03 1.008044e+01
 1.703740e-03 6.550639e+00 1.927562e+00 2.194116e+00 8.620000e+00 6.152308e+01 2.026293e-03 1.007838e+01
 1.709238e-03 6.543665e+00 1.929151e+00 2.196253e+00 8.615000e+00 6.083540e+01 2.034265e-03 1.007618e+01
 1.714754e-03 6.536808e+00 1.930726e+00 2.198373e+00 8.610100e+00 6.015124e+01 2.042273e-03 1.007413e+01
 1.720288e-03 6.529864e+00 1.932288e+00 2.200477e+00 8.605100e+00 5.947776e+01 2.050316e-03 1.007194e+01
 1.725839e-03 6.522934e+00 1.933836e+00 2.202564e+00 8.600100e+00 5.881491e+01 2.058396e-03 1.006975e+01
 1.731409e-03 6.516018e+00 1.935372e+00 2.204635e+00 8.595100e+00 5.816238e+01 2.066512e-03 1.006757e+01
 1.736996e-03 6.509015e+00 1.936894e+00 2.206688e+00 8.590000e+00 5.751311e+01 2.074664e-03 1.006525e+01
 1.742601e-03 6.502129e+00 1.938403e+00 2.208725e+00 8.585000e+00 5.687745e+01 2.082853e-03 1.006307e+01
 1.748225e-03 6.495257e+00 1.939899e+00 2.210746e+00 8.580000e+00 5.624830e+01 2.091079e-03 1.006089e+01
 1.753867e-03 6.488297e+00 1.941381e+00 2.212750e+00 8.574900e+00 5.562560e+01 2.099342e-03 1.005858e+01
 1.759527e-03 6.481352e+00 1.942851e+00 2.214736e+00 8.569800e+00 5.501599e+01 2.107641e-03 1.005627e+01
 1.765205e-03 6.474422e+00 1.944307e+00 2.216707e+00 8.564700e+00 5.440928e+01 2.115979e-03 1.005396e+01
 1.770901e-03 6.467506e+00 1.945750e+00 2.218660e+00 8.559600e+00 5.381531e+01 2.124353e-03 1.005165e+01
 1.776616e-03 6.460502e+00 1.947179e+00 2.220597e+00 8.554400e+00 5.322735e+01 2.132766e-03 1.004922e+01
 1.782349e-03 6.453615e+00 1.948596e+00 2.222516e+00 8.549300e+00 5.264538e+01 2.141216e-03 1.004691e+01
 1.788101e-03 6.446640e+00 1.949999e+00 2.224419e+00 8.544100e+00 5.207570e+01 2.149705e-03 1.004448e+01
 1.793872e-03 6.439680e+00 1.951390e+00 2.226306e+00 8.538900e+00 5.150851e+01 2.158232e-03 1.004204e+01
 1.799661e-03 6.432837e+00 1.952767e+00 2.228175e+00 8.533800e+00 5.095029e+01 2.166797e-03 1.003974e+01
 1.805468e-03 6.425803e+00 1.954131e+00 2.230028e+00 8.528500e+00 5.040067e+01 2.175401e-03 1.003718e+01
 1.811295e-03 6.418887e+00 1.955481e+00 2.231863e+00 8.523300e+00 4.985668e+01 2.184044e-03 1.003475e+01
 1.817140e-03 6.411985e+00 1.956819e+00 2.233682e+00 8.518100e+00 4.932108e+01 2.192727e-03 1.003232e+01
 1.823004e-03 6.404995e+00 1.958143e+00 2.235484e+00 8.512800e+00 4.879384e+01 2.201448e-03 1.002976e+01
 1.828887e-03 6.398122e+00 1.959455e+00 2.237269e+00 8.507600e+00 4.826894e+01 2.210209e-03 1.002733e+01
 1.834789e-03 6.391161e+00 1.960753e+00 2.239038e+00 8.502300e+00 4.775221e+01 2.219010e-03 1.002477e+01
 1.840710e-03 6.384215e+00 1.962038e+00 2.240789e+00 8.497000e+00 4.724352e+01 2.227851e-03 1.002222e+01
 1.846650e-03 6.377283e+00 1.963311e+00 2.242524e+00 8.491700e+00 4.674277e+01 2.236732e-03 1.001966e+01
 1.852609e-03 6.370366e+00 1.964570e+00 2.244242e+00 8.486400e+00 4.624410e+01 2.245653e-03 1.001710e+01
 1.858588e-03 6.363361e+00 1.965816e+00 2.245943e+00 8.481000e+00 4.575608e+01 2.254615e-03 1.001441e+01
 1.864586e-03 6.356472e+00 1.967049e+00 2.247627e+00 8.475700e+00 4.527567e+01 2.263618e-03 1.001186e+01
 1.870603e-03 6.349496e+00 1.968269e+00 2.249294e+00 8.470300e+00 4.479440e+01 2.272662e-03 1.000917e+01
 1.876640e-03 6.342534e+00 1.969476e+00 2.250944e+00 8.464900e+00 4.432890e+01 2.281747e-03 1.000649e+01
 1.882696e-03 6.335587e+00 1.970670e+00 2.252578e+00 8.459500e+00 4.386254e+01 2.290874e-03 1.000380e+01
 1.888771e-03 6.328654e+00 1.971851e+00 2.254194e+00 8.454100e+00 4.340339e+01 2.300042e-03 1.000112e+01
 1.894867e-03 6.321735e+00 1.973019e+00 2.255794e+00 8.448700e+00 4.295146e+01 2.309252e-03 9.998434e+00
 1.900982e-03 6.314831e+00 1.974175e+00 2.257377e+00 8.443300e+00 4.250129e+01 2.318504e-03 9.995752e+00
 1.907116e-03 6.307839e+00 1.975317e+00 2.258943e+00 8.437800e+00 4.206079e+01 2.327799e-03 9.992934e+00
 1.913271e-03 6.300964e+00 1.976446e+00 2.260492e+00 8.432400e+00 4.162457e+01 2.337136e-03 9.990254e+00
 1.919445e-03 6.294000e+00 1.977563e+00 2.262025e+00 8.426900e+00 4.119768e+01 2.346516e-03 9.987438e+00
 1.925639e-03 6.287051e+00 1.978667e+00 2.263540e+00 8.421400e+00 4.076991e+01 2.355939e-03 9.984623e+00
 1.931853e-03 6.280117e+00 1.979757e+00 2.265039e+00 8.415900e+00 4.034881e+01 2.365405e-03 9.981808e+00
 1.938088e-03 6.273196e+00 1.980835e+00 2.266521e+00 8.410400e+00 3.993676e+01 2.374914e-03 9.978995e+00
 1.944342e-03 6.266291e+00 1.981901e+00 2.267986e+00 8.404900e+00 3.952872e+01 2.384468e-03 9.976182e+00
 1.950617e-03 6.259296e+00 1.982953e+00 2.269434e+00 8.399300e+00 3.912464e+01 2.394065e-03 9.973232e+00
 1.956912e-03 6.252419e+00 1.983993e+00 2.270866e+00 8.393800e+00 3.872439e+01 2.403706e-03 9.970421e+00
 1.963227e-03 6.245453e+00 1.985020e+00 2.272280e+00 8.388200e+00 3.833285e+01 2.413392e-03 9.967473e+00
 1.969562e-03 6.238502e+00 1.986034e+00 2.273678e+00 8.382600e+00 3.794271e+01 2.423123e-03 9.964525e+00
 1.975918e-03 6.231565e+00 1.987035e+00 2.275059e+00 8.377000e+00 3.755866e+01 2.432898e-03 9.961578e+00
 1.982295e-03 6.224642e+00 1.988024e+00 2.276423e+00 8.371400e+00 3.718062e+01 2.442718e-03 9.958632e+00
 1.988692e-03 6.217734e+00 1.989000e+00 2.277771e+00 8.365800e+00 3.680623e+01 2.452584e-03 9.955685e+00
 1.995109e-03 6.210839e+00 1.989964e+00 2.279102e+00 8.360200e+00 3.643545e+01 2.462495e-03 9.952740e+00
 2.001548e-03 6.203959e+00 1.990915e+00 2.280416e+00 8.354600e+00 3.607046e+01 2.472452e-03 9.949795e+00
 2.008007e-03 6.196991e+00 1.991853e+00 2.281713e+00 8.348900e+00 3.570677e+01 2.482455e-03 9.946712e+00
 2.014487e-03 6.190036e+00 1.992778e+00 2.282993e+00 8.343200e+00 3.535315e+01 2.492505e-03 9.943629e+00
 2.020988e-03 6.183198e+00 1.993692e+00 2.284257e+00 8.337600e+00 3.500074e+01 2.502601e-03 9.940685e+00
 2.027510e-03 6.176272e+00 1.994592e+00 2.285504e+00 8.331900e+00 3.465383e+01 2.512744e-03 9.937603e+00
 2.034053e-03 6.169360e+00 1.995480e+00 2.286735e+00 8.326200e+00 3.431024e+01 2.522934e-03 9.934521e+00
 2.040617e-03 6.162462e+00 1.996356e+00 2.287948e+00 8.320500e+00 3.396995e+01 2.533171e-03 9.931439e+00
 2.047202e-03 6.155476e+00 1.997219e+00 2.289145e+00 8.314700e+00 3.363501e+01 2.543456e-03 9.928218e+00
 2.053809e-03 6.148606e+00 1.998069e+00 2.290326e+00 8.309000e+00 3.330536e+01 2.553788e-03 9.925137e+00
 2.060437e-03 6.141750e+00 1.998907e+00 2.291489e+00 8.303300e+00 3.297674e+01 2.564169e-03 9.922055e+00
 2.067086e-03 6.134806e+00 1.999733e+00 2.292636e+00 8.297500e+00 3.265536e+01 2.574598e-03 9.918835e+00
 2.073756e-03 6.127876e+00 2.000546e+00 2.293767e+00 8.291700e+00 3.233699e+01 2.585076e-03 9.915614e+00
 2.080449e-03 6.121062e+00 2.001347e+00 2.294881e+00 8.286000e+00 3.202164e+01 2.595602e-03 9.912533e+00
 2.087163e-03 6.114160e+00 2.002136e+00 2.295978e+00 8.280200e+00 3.170929e+01 2.606178e-03 9.909312e+00
 2.093898e-03 6.107271e+00 2.002912e+00 2.297058e+00 8.274400e+00 3.140385e+01 2.616802e-03 9.906091e+00
 2.100655e-03 6.100397e+00 2.003677e+00 2.298123e+00 8.268600e+00 3.109934e+01 2.627477e-03 9.902869e+00
 2.107434e-03 6.093433e+00 2.004428e+00 2.299170e+00 8.262700e+00 3.079962e+01 2.638202e-03 9.899509e+00
 2.114235e-03 6.086586e+00 2.005168e+00 2.300201e+00 8.256900e+00 3.050083e+01 2.648976e-03 9.896287e+00
 2.121058e-03 6.079753e+00 2.005895e+00 2.301215e+00 8.251100e+00 3.020866e+01 2.659801e-03 9.893065e+00
 2.127903e-03 6.072832e+00 2.006610e+00 2.302213e+00 8.245200e+00 2.991926e+01 2.670677e-03 9.889702e+00
 2.134770e-03 6.065924e+00 2.007313e+00 2.303195e+00 8.239300e+00 2.963255e+01 2.681604e-03 9.886340e+00
 2.141659e-03 6.059132e+00 2.008004e+00 2.304160e+00 8.233500e+00 2.935222e+01 2.692582e-03 9.883116e+00
 2.148570e-03 6.052252e+00 2.008683e+00 2.305108e+00 8.227600e+00 2.907273e+01 2.703611e-03 9.879753e+00
 2.155504e-03 6.045385e+00 2.009349e+00 2.306041e+00 8.221700e+00 2.879767e+01 2.714693e-03 9.876388e+00
 2.162460e-03 6.038532e+00 2.010004e+00 2.306956e+00 8.215800e+00 2.852336e+01 2.725826e-03 9.873024e+00
 2.169438e-03 6.031693e+00 2.010646e+00 2.307856e+00 8.209900e+00 2.825343e+01 2.737012e-03 9.869658e+00
 2.176439e-03 6.024765e+00 2.011277e+00 2.308738e+00 8.203900e+00 2.798783e+01 2.748251e-03 9.866152e+00
 2.183463e-03 6.017953e+00 2.011895e+00 2.309605e+00 8.198000e+00 2.772472e+01 2.759542e-03 9.862785e+00
 2.190509e-03 6.011155e+00 2.012502e+00 2.310455e+00 8.192100e+00 2.746578e+01 2.770887e-03 9.859417e+00
 2.197578e-03 6.004267e+00 2.013096e+00 2.311289e+00 8.186100e+00 2.720751e+01 2.782285e-03 9.855908e+00
 2.204670e-03 5.997393e+00 2.013679e+00 2.312107e+00 8.180100e+00 2.695508e+01 2.793737e-03 9.852398e+00
 2.211785e-03 5.990636e+00 2.014250e+00 2.312908e+00 8.174200e+00 2.670334e+01 2.805243e-03 9.849028e+00
 2.218922e-03 5.983789e+00 2.014809e+00 2.313693e+00 8.168200e+00 2.645564e+01 2.816804e-03 9.845516e+00
 2.226083e-03 5.976956e+00 2.015356e+00 2.314462e+00 8.162200e+00 2.621188e+01 2.828419e-03 9.842003e+00
 2.233267e-03 5.970136e+00 2.015891e+00 2.315214e+00 8.156200e+00 2.597041e+01 2.840089e-03 9.838489e+00
 2.240474e-03 5.963330e+00 2.016415e+00 2.315951e+00 8.150200e+00 2.573114e+01 2.851815e-03 9.834974e+00
 2.247704e-03 5.956537e+00 2.016926e+00 2.316671e+00 8.144200e+00 2.549413e+01 2.863596e-03 9.831458e+00
 2.254957e-03 5.949655e+00 2.017426e+00 2.317375e+00 8.138100e+00 2.525936e+01 2.875433e-03 9.827800e+00
 2.262234e-03 5.942889e+00 2.017915e+00 2.318063e+00 8.132100e+00 2.502832e+01 2.887326e-03 9.824281e+00
 2.269535e-03 5.936034e+00 2.018391e+00 2.318735e+00 8.126000e+00 2.480103e+01 2.899276e-03 9.820620e+00
 2.276859e-03 5.929294e+00 2.018856e+00 2.319391e+00 8.120000e+00 2.457426e+01 2.911282e-03 9.817099e+00
 2.284207e-03 5.922465e+00 2.019310e+00 2.320030e+00 8.113900e+00 2.435121e+01 2.923346e-03 9.813435e+00
 2.291578e-03 5.915753e+00 2.019752e+00 2.320654e+00 8.107900e+00 2.413173e+01 2.935467e-03 9.809911e+00
 2.298973e-03 5.908951e+00 2.020182e+00 2.321261e+00 8.101800e+00 2.391427e+01 2.947645e-03 9.806245e+00
 2.306392e-03 5.902162e+00 2.020601e+00 2.321853e+00 8.095700e+00 2.369882e+01 2.959882e-03 9.802576e+00
 2.313835e-03 5.895386e+00 2.021008e+00 2.322429e+00 8.089600e+00 2.348540e+01 2.972177e-03 9.798907e+00
 2.321302e-03 5.888623e+00 2.021404e+00 2.322989e+00 8.083500e+00 2.327544e+01 2.984531e-03 9.795235e+00
 2.328793e-03 5.881874e+00 2.021788e+00 2.323532e+00 8.077400e+00 2.306593e+01 2.996944e-03 9.791562e+00
 2.336308e-03 5.875137e+00 2.022161e+00 2.324060e+00 8.071300e+00 2.286131e+01 3.009416e-03 9.787888e+00
 2.343848e-03 5.868311e+00 2.022523e+00 2.324572e+00 8.065100e+00 2.265708e+01 3.021948e-03 9.784070e+00
 2.351412e-03 5.861601e+00 2.022873e+00 2.325069e+00 8.059000e+00 2.245624e+01 3.034540e-03 9.780391e+00
 2.359000e-03 5.854904e+00 2.023212e+00 2.325549e+00 8.052900e+00 2.225865e+01 3.047192e-03 9.776711e+00
 2.366613e-03 5.848116e+00 2.023539e+00 2.326014e+00 8.046700e+00 2.206287e+01 3.059905e-03 9.772888e+00
 2.374250e-03 5.841342e+00 2.023856e+00 2.326462e+00 8.040500e+00 2.186896e+01 3.072679e-03 9.769062e+00
 2.381912e-03 5.834684e+00 2.024161e+00 2.326896e+00 8.034400e+00 2.167676e+01 3.085514e-03 9.765376e+00
 2.389598e-03 5.827936e+00 2.024455e+00 2.327313e+00 8.028200e+00 2.148638e+01 3.098411e-03 9.761547e+00
 2.397310e-03 5.821201e+00 2.024738e+00 2.327715e+00 8.022000e+00 2.129778e+01 3.111370e-03 9.757715e+00
 2.405046e-03 5.814478e+00 2.025009e+00 2.328101e+00 8.015800e+00 2.111227e+01 3.124391e-03 9.753881e+00
 2.412808e-03 5.807768e+00 2.025270e+00 2.328471e+00 8.009600e+00 2.092981e+01 3.137475e-03 9.750045e+00
 2.420594e-03 5.801072e+00 2.025519e+00 2.328826e+00 8.003400e+00 2.074768e+01 3.150622e-03 9.746206e+00
 2.428405e-03 5.794388e+00 2.025758e+00 2.329166e+00 7.997200e+00 2.056857e+01 3.163832e-03 9.742366e+00
 2.436242e-03 5.787716e+00 2.025985e+00 2.329490e+00 7.991000e+00 2.038979e+01 3.177106e-03 9.738523e+00
 2.444104e-03 5.781058e+00 2.026201e+00 2.329798e+00 7.984800e+00 2.021530e+01 3.190444e-03 9.734678e+00
 2.451991e-03 5.774412e+00 2.026407e+00 2.330091e+00 7.978600e+00 2.004240e+01 3.203846e-03 9.730831e+00
 2.459904e-03 5.767676e+00 2.026601e+00 2.330368e+00 7.972300e+00 1.987106e+01 3.217313e-03 9.726838e+00
 2.467843e-03 5.761055e+00 2.026785e+00 2.330630e+00 7.966100e+00 1.970135e+01 3.230846e-03 9.722986e+00
 2.475807e-03 5.754447e+00 2.026958e+00 2.330877e+00 7.959900e+00 1.953318e+01 3.244444e-03 9.719131e+00
 2.483796e-03 5.747749e+00 2.027120e+00 2.331108e+00 7.953600e+00 1.936907e+01 3.258107e-03 9.715131e+00
 2.491812e-03 5.741063e+00 2.027271e+00 2.331324e+00 7.947300e+00 1.920398e+01 3.271837e-03 9.711128e+00
 2.499853e-03 5.734492e+00 2.027411e+00 2.331525e+00 7.941100e+00 1.904163e+01 3.285634e-03 9.707266e+00
 2.507920e-03 5.727831e+00 2.027541e+00 2.331710e+00 7.934800e+00 1.888203e+01 3.299498e-03 9.703258e+00
 2.516014e-03 5.721183e+00 2.027660e+00 2.331880e+00 7.928500e+00 1.872268e+01 3.313428e-03 9.699247e+00
 2.524133e-03 5.714650e+00 2.027768e+00 2.332035e+00 7.922300e+00 1.856600e+01 3.327427e-03 9.695377e+00
 2.532279e-03 5.708026e+00 2.027866e+00 2.332175e+00 7.916000e+00 1.841195e+01 3.341494e-03 9.691360e+00
 2.540451e-03 5.701415e+00 2.027953e+00 2.332300e+00 7.909700e+00 1.825698e+01 3.355629e-03 9.687341e+00
 2.548649e-03 5.694816e+00 2.028029e+00 2.332409e+00 7.903400e+00 1.810578e+01 3.369833e-03 9.683319e+00
 2.556874e-03 5.688229e+00 2.028095e+00 2.332504e+00 7.897100e+00 1.795595e+01 3.384106e-03 9.679294e+00
 2.565125e-03 5.681655e+00 2.028151e+00 2.332583e+00 7.890800e+00 1.780752e+01 3.398449e-03 9.675266e+00
 2.573403e-03 5.674989e+00 2.028196e+00 2.332648e+00 7.884400e+00 1.766044e+01 3.412862e-03 9.671091e+00
 2.581707e-03 5.668439e+00 2.028230e+00 2.332698e+00 7.878100e+00 1.751702e+01 3.427345e-03 9.667057e+00
 2.590039e-03 5.661901e+00 2.028254e+00 2.332732e+00 7.871800e+00 1.737264e+01 3.441899e-03 9.663020e+00
 2.598397e-03 5.655375e+00 2.028268e+00 2.332752e+00 7.865500e+00 1.723073e+01 3.456524e-03 9.658980e+00
 2.606782e-03 5.648758e+00 2.028272e+00 2.332757e+00 7.859100e+00 1.708900e+01 3.471221e-03 9.654792e+00
 2.615195e-03 5.642256e+00 2.028265e+00 2.332747e+00 7.852800e+00 1.695082e+01 3.485990e-03 9.650746e+00
 2.623634e-03 5.635767e+00 2.028247e+00 2.332722e+00 7.846500e+00 1.681280e+01 3.500831e-03 9.646696e+00
 2.632101e-03 5.629186e+00 2.028220e+00 2.332683e+00 7.840100e+00 1.667820e+01 3.515745e-03 9.642498e+00
 2.640595e-03 5.622720e+00 2.028182e+00 2.332629e+00 7.833800e+00 1.654379e+01 3.530732e-03 9.638442e+00
 2.649116e-03 5.616163e+00 2.028135e+00 2.332560e+00 7.827400e+00 1.640956e+01 3.545793e-03 9.634238e+00
 2.657665e-03 5.609618e+00 2.028077e+00 2.332476e+00 7.821000e+00 1.627869e+01 3.560928e-03 9.630030e+00
 2.666242e-03 5.603188e+00 2.028009e+00 2.332378e+00 7.814700e+00 1.614901e+01 3.576137e-03 9.625963e+00
 2.674846e-03 5.596666e+00 2.027930e+00 2.332266e+00 7.808300e+00 1.602054e+01 3.591421e-03 9.621749e+00
 2.683478e-03 5.590157e+00 2.027842e+00 2.332138e+00 7.801900e+00 1.589328e+01 3.606780e-03 9.617530e+00
 2.692138e-03 5.583659e+00 2.027744e+00 2.331997e+00 7.795500e+00 1.576714e+01 3.622216e-03 9.613309e+00
 2.700826e-03 5.577276e+00 2.027636e+00 2.331841e+00 7.789200e+00 1.564222e+01 3.637727e-03 9.609227e+00
 2.709542e-03 5.570801e+00 2.027518e+00 2.331670e+00 7.782800e+00 1.551845e+01 3.653314e-03 9.604998e+00
 2.718286e-03 5.564338e+00 2.027390e+00 2.331485e+00 7.776400e+00 1.539782e+01 3.668979e-03 9.600765e+00
 2.727058e-03 5.557887e+00 2.027252e+00 2.331286e+00 7.770000e+00 1.527632e+01 3.684721e-03 9.596528e+00
 2.735858e-03 5.551447e+00 2.027104e+00 2.331072e+00 7.763600e+00 1.515695e+01 3.700541e-03 9.592288e+00
 2.744687e-03 5.545019e+00 2.026947e+00 2.330844e+00 7.757200e+00 1.503965e+01 3.716439e-03 9.588043e+00
 2.753544e-03 5.538602e+00 2.026780e+00 2.330602e+00 7.750800e+00 1.492245e+01 3.732416e-03 9.583795e+00
 2.762430e-03 5.532197e+00 2.026603e+00 2.330346e+00 7.744400e+00 1.480732e+01 3.748472e-03 9.579542e+00
 2.771345e-03 5.525803e+00 2.026416e+00 2.330076e+00 7.738000e+00 1.469231e+01 3.764608e-03 9.575286e+00
 2.780288e-03 5.519420e+00 2.026220e+00 2.329791e+00 7.731600e+00 1.457933e+01 3.780824e-03 9.571026e+00
 2.789261e-03 5.512946e+00 2.026014e+00 2.329493e+00 7.725100e+00 1.446644e+01 3.797120e-03 9.566616e+00
 2.798262e-03 5.506586e+00 2.025798e+00 2.329180e+00 7.718700e+00 1.435648e+01 3.813498e-03 9.562348e+00
 2.807292e-03 5.500237e+00 2.025573e+00 2.328853e+00 7.712300e+00 1.424661e+01 3.829956e-03 9.558075e+00
 2.816352e-03 5.493900e+00 2.025338e+00 2.328513e+00 7.705900e+00 1.413870e+01 3.846497e-03 9.553798e+00
 2.825440e-03 5.487574e+00 2.025094e+00 2.328158e+00 7.699500e+00 1.402993e+01 3.863120e-03 9.549517e+00
 2.834558e-03 5.481156e+00 2.024841e+00 2.327790e+00 7.693000e+00 1.392401e+01 3.879826e-03 9.545086e+00
 2.843706e-03 5.474852e+00 2.024578e+00 2.327408e+00 7.686600e+00 1.381909e+01 3.896615e-03 9.540797e+00
 2.852882e-03 5.468559e+00 2.024306e+00 2.327012e+00 7.680200e+00 1.371515e+01 3.913488e-03 9.536503e+00
 2.862089e-03 5.462174e+00 2.024024e+00 2.326602e+00 7.673700e+00 1.361220e+01 3.930445e-03 9.532059e+00
 2.871325e-03 5.455904e+00 2.023733e+00 2.326179e+00 7.667300e+00 1.351017e+01 3.947487e-03 9.527756e+00
 2.880591e-03 5.449541e+00 2.023433e+00 2.325742e+00 7.660800e+00 1.341088e+01 3.964614e-03 9.523303e+00
 2.889887e-03 5.443292e+00 2.023123e+00 2.325291e+00 7.654400e+00 1.331076e+01 3.981827e-03 9.518991e+00
 2.899213e-03 5.436951e+00 2.022804e+00 2.324827e+00 7.647900e+00 1.321156e+01 3.999126e-03 9.514529e+00
 2.908569e-03 5.430724e+00 2.022476e+00 2.324349e+00 7.641500e+00 1.311419e+01 4.016511e-03 9.510208e+00
 2.917955e-03 5.424404e+00 2.022139e+00 2.323858e+00 7.635000e+00 1.301686e+01 4.033984e-03 9.505737e+00
 2.927372e-03 5.418199e+00 2.021793e+00 2.323353e+00 7.628600e+00 1.292214e+01 4.051545e-03 9.501407e+00
 2.936819e-03 5.411901e+00 2.021438e+00 2.322835e+00 7.622100e+00 1.282748e+01 4.069193e-03 9.496926e+00
 2.946296e-03 5.405718e+00 2.021074e+00 2.322303e+00 7.615700e+00 1.273286e+01 4.086930e-03 9.492586e+00
 2.955804e-03 5.399441e+00 2.020701e+00 2.321758e+00 7.609200e+00 1.264079e+01 4.104757e-03 9.488096e+00
 2.965343e-03 5.393279e+00 2.020319e+00 2.321200e+00 7.602800e+00 1.254876e+01 4.122673e-03 9.483747e+00
 2.974912e-03 5.387023e+00 2.019928e+00 2.320629e+00 7.596300e+00 1.245842e+01 4.140679e-03 9.479247e+00
 2.984513e-03 5.380779e+00 2.019528e+00 2.320045e+00 7.589800e+00 1.236813e+01 4.158776e-03 9.474742e+00
 2.994144e-03 5.374648e+00 2.019119e+00 2.319447e+00 7.583400e+00 1.227950e+01 4.176964e-03 9.470378e+00
 3.003806e-03 5.368424e+00 2.018702e+00 2.318836e+00 7.576900e+00 1.219250e+01 4.195244e-03 9.465863e+00
 3.013500e-03 5.362314e+00 2.018275e+00 2.318212e+00 7.570500e+00 1.210474e+01 4.213616e-03 9.461489e+00
 3.023225e-03 5.356112e+00 2.017840e+00 2.317575e+00 7.564000e+00 1.201859e+01 4.232081e-03 9.456964e+00
 3.032981e-03 5.349919e+00 2.017396e+00 2.316926e+00 7.557500e+00 1.193247e+01 4.250640e-03 9.452434e+00
 3.042769e-03 5.343737e+00 2.016944e+00 2.316263e+00 7.551000e+00 1.184873e+01 4.269292e-03 9.447898e+00
 3.052588e-03 5.337669e+00 2.016483e+00 2.315587e+00 7.544600e+00 1.176501e+01 4.288038e-03 9.443504e+00
 3.062439e-03 5.331507e+00 2.016013e+00 2.314899e+00 7.538100e+00 1.168286e+01 4.306880e-03 9.438958e+00
 3.072322e-03 5.325355e+00 2.015535e+00 2.314197e+00 7.531600e+00 1.159994e+01 4.325817e-03 9.434407e+00
 3.082237e-03 5.319318e+00 2.015048e+00 2.313484e+00 7.525200e+00 1.151936e+01 4.344850e-03 9.429997e+00
 3.092183e-03 5.313187e+00 2.014553e+00 2.312757e+00 7.518700e+00 1.143953e+01 4.363980e-03 9.425436e+00
 3.102162e-03 5.307066e+00 2.014050e+00 2.312018e+00 7.512200e+00 1.135970e+01 4.383206e-03 9.420869e+00
 3.112173e-03 5.301058e+00 2.013538e+00 2.311266e+00 7.505800e+00 1.128141e+01 4.402531e-03 9.416443e+00
 3.122216e-03 5.294957e+00 2.013017e+00 2.310501e+00 7.499300e+00 1.120386e+01 4.421954e-03 9.411865e+00
 3.132292e-03 5.288866e+00 2.012489e+00 2.309724e+00 7.492800e+00 1.112704e+01 4.441475e-03 9.407281e+00
 3.142400e-03 5.282785e+00 2.011952e+00 2.308935e+00 7.486300e+00 1.104948e+01 4.461096e-03 9.402692e+00
 3.152541e-03 5.276818e+00 2.011406e+00 2.308133e+00 7.479900e+00 1.097414e+01 4.480817e-03 9.398245e+00
 3.162715e-03 5.270756e+00 2.010853e+00 2.307319e+00 7.473400e+00 1.089951e+01 4.500638e-03 9.393645e+00
 3.172921e-03 5.264705e+00 2.010291e+00 2.306492e+00 7.466900e+00 1.082562e+01 4.520561e-03 9.389039e+00
 3.183160e-03 5.258767e+00 2.009721e+00 2.305653e+00 7.460500e+00 1.075242e+01 4.540585e-03 9.384574e+00
 3.193433e-03 5.252735e+00 2.009144e+00 2.304802e+00 7.454000e+00 1.067993e+01 4.560712e-03 9.379957e+00
 3.203738e-03 5.246712e+00 2.008558e+00 2.303939e+00 7.447500e+00 1.060815e+01 4.580942e-03 9.375334e+00
 3.214077e-03 5.240700e+00 2.007963e+00 2.303063e+00 7.441000e+00 1.053703e+01 4.601275e-03 9.370706e+00
 3.224449e-03 5.234800e+00 2.007361e+00 2.302176e+00 7.434600e+00 1.046664e+01 4.621712e-03 9.366219e+00
 3.234855e-03 5.228807e+00 2.006751e+00 2.301276e+00 7.428100e+00 1.039830e+01 4.642253e-03 9.361578e+00
 3.245294e-03 5.222823e+00 2.006134e+00 2.300365e+00 7.421600e+00 1.032926e+01 4.662900e-03 9.356932e+00
 3.255767e-03 5.216952e+00 2.005508e+00 2.299442e+00 7.415200e+00 1.026087e+01 4.683653e-03 9.352427e+00
 3.266273e-03 5.210987e+00 2.004874e+00 2.298506e+00 7.408700e+00 1.019315e+01 4.704513e-03 9.347769e+00
 3.276814e-03 5.205031e+00 2.004233e+00 2.297559e+00 7.402200e+00 1.012607e+01 4.725480e-03 9.343105e+00
 3.287389e-03 5.199189e+00 2.003583e+00 2.296600e+00 7.395800e+00 1.005966e+01 4.746554e-03 9.338583e+00
 3.297997e-03 5.193252e+00 2.002926e+00 2.295629e+00 7.389300e+00 9.994567e+00 4.767737e-03 9.333906e+00
 3.308640e-03 5.187324e+00 2.002262e+00 2.294647e+00 7.382800e+00 9.929460e+00 4.789029e-03 9.329224e+00
 3.319318e-03 5.181510e+00 2.001589e+00 2.293653e+00 7.376400e+00 9.864970e+00 4.810430e-03 9.324684e+00
 3.330029e-03 5.175600e+00 2.000909e+00 2.292647e+00 7.369900e+00 9.801119e+00 4.831942e-03 9.319989e+00
 3.340776e-03 5.169804e+00 2.000222e+00 2.291630e+00 7.363500e+00 9.739216e+00 4.853564e-03 9.315436e+00
 3.351557e-03 5.163913e+00 1.999527e+00 2.290601e+00 7.357000e+00 9.676617e+00 4.875299e-03 9.310729e+00
 3.362372e-03 5.158031e+00 1.998824e+00 2.289561e+00 7.350500e+00 9.614615e+00 4.897145e-03 9.306016e+00
 3.373223e-03 5.152262e+00 1.998114e+00 2.288510e+00 7.344100e+00 9.553243e+00 4.919104e-03 9.301444e+00
 3.384109e-03 5.146398e+00 1.997397e+00 2.287447e+00 7.337600e+00 9.493101e+00 4.941177e-03 9.296719e+00
 3.395030e-03 5.140647e+00 1.996672e+00 2.286373e+00 7.331200e+00 9.432920e+00 4.963364e-03 9.292134e+00
 3.405986e-03 5.134801e+00 1.995939e+00 2.285287e+00 7.324700e+00 9.373340e+00 4.985666e-03 9.287396e+00
 3.416977e-03 5.129068e+00 1.995200e+00 2.284191e+00 7.318300e+00 9.314358e+00 5.008084e-03 9.282799e+00
 3.428004e-03 5.123344e+00 1.994453e+00 2.283083e+00 7.311900e+00 9.257223e+00 5.030617e-03 9.278196e+00
 3.439067e-03 5.117524e+00 1.993698e+00 2.281964e+00 7.305400e+00 9.199388e+00 5.053268e-03 9.273438e+00
 3.450165e-03 5.111817e+00 1.992937e+00 2.280834e+00 7.299000e+00 9.142146e+00 5.076036e-03 9.268822e+00
 3.461299e-03 5.106015e+00 1.992168e+00 2.279693e+00 7.292500e+00 9.085470e+00 5.098922e-03 9.264050e+00
 3.472469e-03 5.100325e+00 1.991393e+00 2.278541e+00 7.286100e+00 9.029355e+00 5.121928e-03 9.259421e+00
 3.483675e-03 5.094644e+00 1.990610e+00 2.277378e+00 7.279700e+00 8.974417e+00 5.145053e-03 9.254785e+00
 3.494917e-03 5.088868e+00 1.989820e+00 2.276205e+00 7.273200e+00 8.919429e+00 5.168298e-03 9.249994e+00
 3.506195e-03 5.083204e+00 1.989023e+00 2.275020e+00 7.266800e+00 8.864999e+00 5.191664e-03 9.245345e+00
 3.517510e-03 5.077549e+00 1.988219e+00 2.273825e+00 7.260400e+00 8.811110e+00 5.215153e-03 9.240689e+00
 3.528862e-03 5.071798e+00 1.987408e+00 2.272619e+00 7.253900e+00 8.757759e+00 5.238763e-03 9.235878e+00
 3.540250e-03 5.066159e+00 1.986590e+00 2.271403e+00 7.247500e+00 8.704965e+00 5.262497e-03 9.231209e+00
 3.551674e-03 5.060529e+00 1.985766e+00 2.270176e+00 7.241100e+00 8.652697e+00 5.286355e-03 9.226533e+00
 3.563136e-03 5.054907e+00 1.984934e+00 2.268938e+00 7.234700e+00 8.602130e+00 5.310337e-03 9.221850e+00
 3.574634e-03 5.049294e+00 1.984096e+00 2.267690e+00 7.228300e+00 8.550912e+00 5.334445e-03 9.217161e+00
 3.586170e-03 5.043689e+00 1.983251e+00 2.266431e+00 7.221900e+00 8.500220e+00 5.358679e-03 9.212464e+00
 3.597743e-03 5.038091e+00 1.982399e+00 2.265163e+00 7.215500e+00 8.448895e+00 5.383039e-03 9.207761e+00
 3.609353e-03 5.032502e+00 1.981540e+00 2.263883e+00 7.209100e+00 8.399249e+00 5.407528e-03 9.203050e+00
 3.621001e-03 5.026922e+00 1.980675e+00 2.262594e+00 7.202700e+00 8.350107e+00 5.432145e-03 9.198333e+00
 3.632686e-03 5.021349e+00 1.979803e+00 2.261294e+00 7.196300e+00 8.301462e+00 5.456890e-03 9.193609e+00
 3.644409e-03 5.015784e+00 1.978925e+00 2.259984e+00 7.189900e+00 8.253334e+00 5.481766e-03 9.188877e+00
 3.656170e-03 5.010227e+00 1.978040e+00 2.258664e+00 7.183500e+00 8.205684e+00 5.506772e-03 9.184139e+00
 3.667969e-03 5.004678e+00 1.977149e+00 2.257334e+00 7.177100e+00 8.158543e+00 5.531910e-03 9.179393e+00
 3.679806e-03 4.999137e+00 1.976251e+00 2.255994e+00 7.170700e+00 8.111326e+00 5.557180e-03 9.174641e+00
 3.691681e-03 4.993604e+00 1.975346e+00 2.254644e+00 7.164300e+00 8.065158e+00 5.582583e-03 9.169881e+00
 3.703594e-03 4.988079e+00 1.974436e+00 2.253284e+00 7.157900e+00 8.019464e+00 5.608120e-03 9.165114e+00
 3.715546e-03 4.982665e+00 1.973519e+00 2.251914e+00 7.151600e+00 7.973164e+00 5.633791e-03 9.160489e+00
 3.727537e-03 4.977155e+00 1.972595e+00 2.250534e+00 7.145200e+00 7.928422e+00 5.659597e-03 9.155708e+00
 3.739566e-03 4.971653e+00 1.971665e+00 2.249145e+00 7.138800e+00 7.883621e+00 5.685540e-03 9.150919e+00
 3.751634e-03 4.966263e+00 1.970729e+00 2.247746e+00 7.132500e+00 7.839825e+00 5.711620e-03 9.146272e+00
 3.763741e-03 4.960776e+00 1.969787e+00 2.246337e+00 7.126100e+00 7.795428e+00 5.737837e-03 9.141469e+00
 3.775887e-03 4.955400e+00 1.968839e+00 2.244919e+00 7.119800e+00 7.752564e+00 5.764193e-03 9.136808e+00
 3.788072e-03 4.949928e+00 1.967884e+00 2.243491e+00 7.113400e+00 7.709614e+00 5.790688e-03 9.131990e+00
 3.800296e-03 4.944568e+00 1.966924e+00 2.242053e+00 7.107100e+00 7.666594e+00 5.817324e-03 9.127314e+00
 3.812560e-03 4.939111e+00 1.965957e+00 2.240607e+00 7.100700e+00 7.624561e+00 5.844100e-03 9.122481e+00
 3.824864e-03 4.933765e+00 1.964985e+00 2.239151e+00 7.094400e+00 7.582456e+00 5.871019e-03 9.117790e+00
 3.837207e-03 4.928427e+00 1.964006e+00 2.237685e+00 7.088100e+00 7.541316e+00 5.898080e-03 9.113092e+00
 3.849590e-03 4.922992e+00 1.963021e+00 2.236210e+00 7.081700e+00 7.501152e+00 5.925285e-03 9.108237e+00
 3.862013e-03 4.917669e+00 1.962031e+00 2.234726e+00 7.075400e+00 7.459849e+00 5.952634e-03 9.103523e+00
 3.874476e-03 4.912352e+00 1.961034e+00 2.233233e+00 7.069100e+00 7.419520e+00 5.980129e-03 9.098803e+00
 3.886979e-03 4.907043e+00 1.960032e+00 2.231731e+00 7.062800e+00 7.380131e+00 6.007769e-03 9.094074e+00
 3.899523e-03 4.901741e+00 1.959024e+00 2.230220e+00 7.056500e+00 7.340653e+00 6.035557e-03 9.089338e+00
 3.912107e-03 4.896446e+00 1.958010e+00 2.228699e+00 7.050200e+00 7.302135e+00 6.063493e-03 9.084595e+00
 3.924732e-03 4.891157e+00 1.956991e+00 2.227170e+00 7.043900e+00 7.263009e+00 6.091577e-03 9.079844e+00
 3.937397e-03 4.885876e+00 1.955965e+00 2.225632e+00 7.037600e+00 7.224816e+00 6.119811e-03 9.075085e+00
 3.950104e-03 4.880602e+00 1.954935e+00 2.224085e+00 7.031300e+00 7.186544e+00 6.148196e-03 9.070318e+00
 3.962851e-03 4.875335e+00 1.953898e+00 2.222529e+00 7.025000e+00 7.149691e+00 6.176732e-03 9.065544e+00
 3.975640e-03 4.870075e+00 1.952856e+00 2.220964e+00 7.018700e+00 7.112256e+00 6.205420e-03 9.060761e+00
 3.988469e-03 4.864821e+00 1.951808e+00 2.219391e+00 7.012400e+00 7.075218e+00 6.234262e-03 9.055971e+00
 4.001341e-03 4.859678e+00 1.950755e+00 2.217809e+00 7.006200e+00 7.039104e+00 6.263258e-03 9.051324e+00
 4.014253e-03 4.854438e+00 1.949697e+00 2.216219e+00 6.999900e+00 7.002896e+00 6.292409e-03 9.046518e+00
 4.027208e-03 4.849205e+00 1.948633e+00 2.214620e+00 6.993600e+00 6.967084e+00 6.321716e-03 9.041705e+00
 4.040204e-03 4.844083e+00 1.947563e+00 2.213013e+00 6.987400e+00 6.931685e+00 6.351180e-03 9.037033e+00
 4.053242e-03 4.838862e+00 1.946488e+00 2.211397e+00 6.981100e+00 6.896675e+00 6.380802e-03 9.032204e+00
 4.066322e-03 4.833753e+00 1.945408e+00 2.209773e+00 6.974900e+00 6.861573e+00 6.410582e-03 9.027517e+00
 4.079445e-03 4.828650e+00 1.944323e+00 2.208140e+00 6.968700e+00 6.827367e+00 6.440523e-03 9.022822e+00
 4.092609e-03 4.823450e+00 1.943232e+00 2.206499e+00 6.962400e+00 6.793530e+00 6.470624e-03 9.017969e+00
 4.105817e-03 4.818360e+00 1.942136e+00 2.204850e+00 6.956200e+00 6.759134e+00 6.500887e-03 9.013258e+00
 4.119066e-03 4.813276e+00 1.941035e+00 2.203193e+00 6.950000e+00 6.726074e+00 6.531313e-03 9.008539e+00
 4.132359e-03 4.808199e+00 1.939929e+00 2.201528e+00 6.943800e+00 6.692926e+00 6.561903e-03 9.003812e+00
 4.145695e-03 4.803128e+00 1.938817e+00 2.199855e+00 6.937600e+00 6.659693e+00 6.592657e-03 8.999077e+00
 4.159073e-03 4.798064e+00 1.937701e+00 2.198174e+00 6.931400e+00 6.627774e+00 6.623576e-03 8.994334e+00
 4.172495e-03 4.793005e+00 1.936580e+00 2.196485e+00 6.925200e+00 6.595746e+00 6.654663e-03 8.989583e+00
 4.185960e-03 4.787953e+00 1.935453e+00 2.194788e+00 6.919000e+00 6.563648e+00 6.685917e-03 8.984824e+00
 4.199468e-03 4.782907e+00 1.934322e+00 2.193083e+00 6.912800e+00 6.532376e+00 6.717339e-03 8.980056e+00
 4.213021e-03 4.777867e+00 1.933185e+00 2.191371e+00 6.906600e+00 6.500546e+00 6.748931e-03 8.975280e+00
 4.226616e-03 4.772833e+00 1.932044e+00 2.189650e+00 6.900400e+00 6.469555e+00 6.780694e-03 8.970496e+00
 4.240256e-03 4.767909e+00 1.930898e+00 2.187923e+00 6.894300e+00 6.439374e+00 6.812629e-03 8.965855e+00
 4.253940e-03 4.762887e+00 1.929747e+00 2.186187e+00 6.888100e+00 6.408658e+00 6.844736e-03 8.961054e+00
 4.267668e-03 4.757975e+00 1.928592e+00 2.184444e+00 6.882000e+00 6.378738e+00 6.877018e-03 8.956396e+00
 4.281440e-03 4.752965e+00 1.927431e+00 2.182694e+00 6.875800e+00 6.348736e+00 6.909474e-03 8.951579e+00
 4.295256e-03 4.748065e+00 1.926266e+00 2.180936e+00 6.869700e+00 6.319085e+00 6.942105e-03 8.946905e+00
 4.309118e-03 4.743066e+00 1.925096e+00 2.179170e+00 6.863500e+00 6.289808e+00 6.974914e-03 8.942071e+00
 4.323024e-03 4.738178e+00 1.923922e+00 2.177398e+00 6.857400e+00 6.260866e+00 7.007901e-03 8.937379e+00
 4.336974e-03 4.733295e+00 1.922743e+00 2.175618e+00 6.851300e+00 6.232274e+00 7.041067e-03 8.932680e+00
 4.350970e-03 4.728418e+00 1.921559e+00 2.173831e+00 6.845200e+00 6.204031e+00 7.074413e-03 8.927972e+00
 4.365011e-03 4.723546e+00 1.920371e+00 2.172036e+00 6.839100e+00 6.176134e+00 7.107940e-03 8.923255e+00
 4.379098e-03 4.718680e+00 1.919178e+00 2.170235e+00 6.833000e+00 6.148143e+00 7.141650e-03 8.918530e+00
 4.393229e-03 4.713820e+00 1.917981e+00 2.168427e+00 6.826900e+00 6.120931e+00 7.175543e-03 8.913797e+00
 4.407407e-03 4.708965e+00 1.916780e+00 2.166611e+00 6.820800e+00 6.093172e+00 7.209621e-03 8.909055e+00
 4.421630e-03 4.704115e+00 1.915574e+00 2.164789e+00 6.814700e+00 6.066206e+00 7.243884e-03 8.904305e+00
 4.435899e-03 4.699375e+00 1.914363e+00 2.162960e+00 6.808700e+00 6.039137e+00 7.278334e-03 8.899697e+00
 4.450214e-03 4.694536e+00 1.913149e+00 2.161124e+00 6.802600e+00 6.012842e+00 7.312972e-03 8.894929e+00
 4.464575e-03 4.689703e+00 1.911930e+00 2.159281e+00 6.796500e+00 5.986434e+00 7.347799e-03 8.890153e+00
 4.478983e-03 4.684979e+00 1.910707e+00 2.157431e+00 6.790500e+00 5.960792e+00 7.382817e-03 8.885520e+00
 4.493437e-03 4.680156e+00 1.909479e+00 2.155575e+00 6.784400e+00 5.934622e+00 7.418025e-03 8.880727e+00
 4.507938e-03 4.675443e+00 1.908248e+00 2.153712e+00 6.778400e+00 5.909213e+00 7.453427e-03 8.876076e+00
 4.522485e-03 4.670734e+00 1.907012e+00 2.151843e+00 6.772400e+00 5.883700e+00 7.489022e-03 8.871417e+00
 4.537080e-03 4.666031e+00 1.905772e+00 2.149967e+00 6.766400e+00 5.858522e+00 7.524811e-03 8.866749e+00
 4.551721e-03 4.661229e+00 1.904529e+00 2.148084e+00 6.760300e+00 5.834492e+00 7.560797e-03 8.861921e+00
 4.566410e-03 4.656536e+00 1.903281e+00 2.146196e+00 6.754300e+00 5.809938e+00 7.596980e-03 8.857236e+00
 4.581146e-03 4.651848e+00 1.902029e+00 2.144300e+00 6.748300e+00 5.784893e+00 7.633362e-03 8.852541e+00
 4.595930e-03 4.647269e+00 1.900773e+00 2.142399e+00 6.742400e+00 5.760986e+00 7.669943e-03 8.847990e+00
 4.610762e-03 4.642591e+00 1.899513e+00 2.140491e+00 6.736400e+00 5.737385e+00 7.706725e-03 8.843279e+00
 4.625641e-03 4.637917e+00 1.898249e+00 2.138578e+00 6.730400e+00 5.713705e+00 7.743710e-03 8.838558e+00
 4.640569e-03 4.633249e+00 1.896982e+00 2.136658e+00 6.724400e+00 5.690727e+00 7.780897e-03 8.833829e+00
 4.655544e-03 4.628689e+00 1.895710e+00 2.134732e+00 6.718500e+00 5.667245e+00 7.818289e-03 8.829243e+00
 4.670568e-03 4.624030e+00 1.894435e+00 2.132800e+00 6.712500e+00 5.644488e+00 7.855887e-03 8.824496e+00
 4.685640e-03 4.619480e+00 1.893156e+00 2.130862e+00 6.706600e+00 5.621625e+00 7.893692e-03 8.819892e+00
 4.700761e-03 4.614935e+00 1.891874e+00 2.128918e+00 6.700700e+00 5.599472e+00 7.931705e-03 8.815279e+00
 4.715931e-03 4.610290e+00 1.890587e+00 2.126968e+00 6.694700e+00 5.576819e+00 7.969928e-03 8.810506e+00
 4.731150e-03 4.605754e+00 1.889297e+00 2.125012e+00 6.688800e+00 5.554871e+00 8.008362e-03 8.805875e+00
 4.746418e-03 4.601222e+00 1.888004e+00 2.123051e+00 6.682900e+00 5.532826e+00 8.047008e-03 8.801236e+00
 4.761735e-03 4.596695e+00 1.886706e+00 2.121084e+00 6.677000e+00 5.511082e+00 8.085867e-03 8.796587e+00
 4.777102e-03 4.592172e+00 1.885406e+00 2.119111e+00 6.671100e+00 5.489638e+00 8.124941e-03 8.791930e+00
 4.792518e-03 4.587654e+00 1.884101e+00 2.117133e+00 6.665200e+00 5.468483e+00 8.164231e-03 8.787264e+00
 4.807984e-03 4.583244e+00 1.882793e+00 2.115149e+00 6.659400e+00 5.447632e+00 8.203739e-03 8.782740e+00
 4.823499e-03 4.578734e+00 1.881482e+00 2.113160e+00 6.653500e+00 5.427075e+00 8.243465e-03 8.778056e+00
 4.839065e-03 4.574229e+00 1.880167e+00 2.111165e+00 6.647600e+00 5.406418e+00 8.283412e-03 8.773362e+00
 4.854681e-03 4.569832e+00 1.878849e+00 2.109165e+00 6.641800e+00 5.386427e+00 8.323579e-03 8.768812e+00
 4.870348e-03 4.565335e+00 1.877528e+00 2.107160e+00 6.635900e+00 5.365964e+00 8.363970e-03 8.764100e+00
 4.886065e-03 4.560947e+00 1.876203e+00 2.105149e+00 6.630100e+00 5.346170e+00 8.404584e-03 8.759532e+00
 4.901833e-03 4.556562e+00 1.874875e+00 2.103133e+00 6.624300e+00 5.326285e+00 8.445425e-03 8.754954e+00
 4.917652e-03 4.552182e+00 1.873544e+00 2.101112e+00 6.618500e+00 5.307057e+00 8.486492e-03 8.750367e+00
 4.933521e-03 4.547806e+00 1.872209e+00 2.099086e+00 6.612700e+00 5.287359e+00 8.527787e-03 8.745771e+00
 4.949442e-03 4.543434e+00 1.870872e+00 2.097055e+00 6.606900e+00 5.268322e+00 8.569312e-03 8.741167e+00
 4.965415e-03 4.539065e+00 1.869531e+00 2.095019e+00 6.601100e+00 5.249194e+00 8.611068e-03 8.736552e+00
 4.981438e-03 4.534701e+00 1.868187e+00 2.092978e+00 6.595300e+00 5.230333e+00 8.653056e-03 8.731929e+00
 4.997514e-03 4.530340e+00 1.866840e+00 2.090932e+00 6.589500e+00 5.211759e+00 8.695279e-03 8.727297e+00
 5.013642e-03 4.526088e+00 1.865490e+00 2.088881e+00 6.583800e+00 5.193472e+00 8.737737e-03 8.722807e+00
 5.029821e-03 4.521735e+00 1.864137e+00 2.086825e+00 6.578000e+00 5.175070e+00 8.780431e-03 8.718157e+00
 5.046053e-03 4.517490e+00 1.862781e+00 2.084765e+00 6.572300e+00 5.157328e+00 8.823364e-03 8.713649e+00
 5.062337e-03 4.513145e+00 1.861422e+00 2.082700e+00 6.566500e+00 5.139119e+00 8.866537e-03 8.708980e+00
 5.078674e-03 4.508908e+00 1.860060e+00 2.080630e+00 6.560800e+00 5.121544e+00 8.909951e-03 8.704453e+00
 5.095063e-03 4.504674e+00 1.858695e+00 2.078556e+00 6.555100e+00 5.103878e+00 8.953607e-03 8.699918e+00
 5.111505e-03 4.500444e+00 1.857327e+00 2.076477e+00 6.549400e+00 5.086847e+00 8.997508e-03 8.695373e+00
 5.128000e-03 4.496217e+00 1.855957e+00 2.074394e+00 6.543700e+00 5.069724e+00 9.041654e-03 8.690819e+00
 5.144549e-03 4.491994e+00 1.854583e+00 2.072306e+00 6.538000e+00 5.052508e+00 9.086048e-03 8.686255e+00
 5.161151e-03 4.487774e+00 1.853207e+00 2.070214e+00 6.532300e+00 5.036284e+00 9.130691e-03 8.681683e+00
 5.177806e-03 4.483662e+00 1.851829e+00 2.068118e+00 6.526700e+00 5.019598e+00 9.175583e-03 8.677253e+00
 5.194516e-03 4.479449e+00 1.850447e+00 2.066017e+00 6.521000e+00 5.003170e+00 9.220728e-03 8.672662e+00
 5.211279e-03 4.475344e+00 1.849063e+00 2.063912e+00 6.515400e+00 4.987016e+00 9.266125e-03 8.668213e+00
 5.228096e-03 4.471138e+00 1.847676e+00 2.061804e+00 6.509700e+00 4.970389e+00 9.311778e-03 8.663603e+00
 5.244968e-03 4.467039e+00 1.846287e+00 2.059690e+00 6.504100e+00 4.954764e+00 9.357687e-03 8.659136e+00
 5.261894e-03 4.462944e+00 1.844895e+00 2.057573e+00 6.498500e+00 4.939044e+00 9.403855e-03 8.654660e+00
