# MvsR for pwp /home/gieg/projects/BAM_old/src/projects/eos/tab/pwpfits/eos_sly.pwp
# rho_c, R_iso, M, Mb, R, Lambda, e_c, R_inv
 3.946278e-04 8.469034e+00 1.371115e-01 1.377760e-01 8.606700e+00 3.135381e+07 4.012544e-04 8.734740e+00
 3.955360e-04 8.454023e+00 1.377164e-01 1.383908e-01 8.592300e+00 3.063732e+07 4.021894e-04 8.720640e+00
 3.964463e-04 8.439108e+00 1.383252e-01 1.390096e-01 8.578000e+00 2.993786e+07 4.031266e-04 8.706641e+00
 3.973587e-04 8.424389e+00 1.389379e-01 1.396325e-01 8.563900e+00 2.925406e+07 4.040660e-04 8.692846e+00
 3.982732e-04 8.409766e+00 1.395547e-01 1.402596e-01 8.549900e+00 2.858676e+07 4.050078e-04 8.679153e+00
 3.991898e-04 8.395239e+00 1.401754e-01 1.408908e-01 8.536000e+00 2.793437e+07 4.059517e-04 8.665561e+00
 4.001085e-04 8.380908e+00 1.408002e-01 1.415261e-01 8.522300e+00 2.729748e+07 4.068979e-04 8.652173e+00
 4.010293e-04 8.366673e+00 1.414290e-01 1.421656e-01 8.508700e+00 2.667527e+07 4.078464e-04 8.638886e+00
 4.019522e-04 8.352534e+00 1.420618e-01 1.428093e-01 8.495200e+00 2.606786e+07 4.087971e-04 8.625701e+00
 4.028773e-04 8.338591e+00 1.426986e-01 1.434571e-01 8.481900e+00 2.547396e+07 4.097501e-04 8.612719e+00
 4.038044e-04 8.324743e+00 1.433396e-01 1.441091e-01 8.468700e+00 2.489396e+07 4.107054e-04 8.599839e+00
 4.047338e-04 8.310992e+00 1.439845e-01 1.447654e-01 8.455600e+00 2.432774e+07 4.116630e-04 8.587061e+00
 4.056652e-04 8.297436e+00 1.446336e-01 1.454258e-01 8.442700e+00 2.377454e+07 4.126228e-04 8.574486e+00
 4.065988e-04 8.283976e+00 1.452867e-01 1.460905e-01 8.429900e+00 2.323383e+07 4.135850e-04 8.562013e+00
 4.075345e-04 8.270612e+00 1.459440e-01 1.467594e-01 8.417200e+00 2.270597e+07 4.145495e-04 8.549642e+00
 4.084724e-04 8.257344e+00 1.466053e-01 1.474326e-01 8.404600e+00 2.219001e+07 4.155162e-04 8.537372e+00
 4.094125e-04 8.244272e+00 1.472708e-01 1.481100e-01 8.392200e+00 2.168631e+07 4.164853e-04 8.525306e+00
 4.103547e-04 8.231295e+00 1.479404e-01 1.487918e-01 8.379900e+00 2.119396e+07 4.174567e-04 8.513342e+00
 4.112991e-04 8.218414e+00 1.486142e-01 1.494778e-01 8.367700e+00 2.071330e+07 4.184304e-04 8.501480e+00
 4.122457e-04 8.205729e+00 1.492921e-01 1.501682e-01 8.355700e+00 2.024365e+07 4.194065e-04 8.489822e+00
 4.131944e-04 8.193039e+00 1.499742e-01 1.508628e-01 8.343700e+00 1.978476e+07 4.203848e-04 8.478163e+00
 4.141453e-04 8.180546e+00 1.506605e-01 1.515619e-01 8.331900e+00 1.933637e+07 4.213656e-04 8.466709e+00
 4.150985e-04 8.168148e+00 1.513510e-01 1.522652e-01 8.320200e+00 1.889863e+07 4.223487e-04 8.455356e+00
 4.160538e-04 8.155846e+00 1.520456e-01 1.529730e-01 8.308600e+00 1.847071e+07 4.233341e-04 8.444105e+00
 4.170113e-04 8.143739e+00 1.527446e-01 1.536851e-01 8.297200e+00 1.805276e+07 4.243219e-04 8.433058e+00
 4.179710e-04 8.131628e+00 1.534477e-01 1.544016e-01 8.285800e+00 1.764416e+07 4.253120e-04 8.422012e+00
 4.189329e-04 8.119713e+00 1.541551e-01 1.551226e-01 8.274600e+00 1.724526e+07 4.263046e-04 8.411169e+00
 4.198970e-04 8.107894e+00 1.548668e-01 1.558479e-01 8.263500e+00 1.685547e+07 4.272995e-04 8.400428e+00
 4.208634e-04 8.096170e+00 1.555827e-01 1.565777e-01 8.252500e+00 1.647457e+07 4.282968e-04 8.389789e+00
 4.218320e-04 8.084542e+00 1.563029e-01 1.573120e-01 8.241600e+00 1.610271e+07 4.292965e-04 8.379253e+00
 4.228028e-04 8.073109e+00 1.570274e-01 1.580507e-01 8.230900e+00 1.573914e+07 4.302986e-04 8.368920e+00
 4.237758e-04 8.061672e+00 1.577562e-01 1.587939e-01 8.220200e+00 1.538404e+07 4.313031e-04 8.358588e+00
 4.247511e-04 8.050431e+00 1.584894e-01 1.595416e-01 8.209700e+00 1.503683e+07 4.323100e-04 8.348460e+00
 4.257286e-04 8.039185e+00 1.592269e-01 1.602938e-01 8.199200e+00 1.469787e+07 4.333193e-04 8.338332e+00
 4.267084e-04 8.028134e+00 1.599687e-01 1.610506e-01 8.188900e+00 1.436662e+07 4.343310e-04 8.328408e+00
 4.276904e-04 8.017180e+00 1.607149e-01 1.618119e-01 8.178700e+00 1.404289e+07 4.353452e-04 8.318586e+00
 4.286747e-04 8.006320e+00 1.614655e-01 1.625777e-01 8.168600e+00 1.372686e+07 4.363618e-04 8.308867e+00
 4.296612e-04 7.995557e+00 1.622205e-01 1.633481e-01 8.158600e+00 1.341766e+07 4.373809e-04 8.299250e+00
 4.306500e-04 7.984888e+00 1.629799e-01 1.641231e-01 8.148700e+00 1.311564e+07 4.384024e-04 8.289735e+00
 4.316411e-04 7.974316e+00 1.637437e-01 1.649028e-01 8.138900e+00 1.282080e+07 4.394263e-04 8.280323e+00
 4.326345e-04 7.963838e+00 1.645119e-01 1.656870e-01 8.129200e+00 1.253247e+07 4.404527e-04 8.271013e+00
 4.336302e-04 7.953457e+00 1.652846e-01 1.664759e-01 8.119600e+00 1.225084e+07 4.414816e-04 8.261805e+00
 4.346281e-04 7.943270e+00 1.660617e-01 1.672694e-01 8.110200e+00 1.197558e+07 4.425130e-04 8.252802e+00
 4.356284e-04 7.933079e+00 1.668433e-01 1.680676e-01 8.100800e+00 1.170655e+07 4.435468e-04 8.243799e+00
 4.366309e-04 7.922984e+00 1.676294e-01 1.688705e-01 8.091500e+00 1.144376e+07 4.445831e-04 8.234898e+00
 4.376358e-04 7.912984e+00 1.684200e-01 1.696780e-01 8.082300e+00 1.118706e+07 4.456219e-04 8.226100e+00
 4.386430e-04 7.903179e+00 1.692151e-01 1.704903e-01 8.073300e+00 1.093601e+07 4.466632e-04 8.217507e+00
 4.396525e-04 7.893370e+00 1.700148e-01 1.713073e-01 8.064300e+00 1.069077e+07 4.477070e-04 8.208914e+00
 4.406643e-04 7.883656e+00 1.708189e-01 1.721291e-01 8.055400e+00 1.045122e+07 4.487534e-04 8.200423e+00
 4.416784e-04 7.874037e+00 1.716277e-01 1.729556e-01 8.046600e+00 1.021706e+07 4.498022e-04 8.192035e+00
 4.426949e-04 7.864514e+00 1.724410e-01 1.737869e-01 8.037900e+00 9.988193e+06 4.508536e-04 8.183750e+00
 4.437137e-04 7.855186e+00 1.732589e-01 1.746230e-01 8.029400e+00 9.764481e+06 4.519075e-04 8.175669e+00
 4.447349e-04 7.845853e+00 1.740813e-01 1.754639e-01 8.020900e+00 9.545945e+06 4.529639e-04 8.167589e+00
 4.457584e-04 7.836616e+00 1.749084e-01 1.763097e-01 8.012500e+00 9.332462e+06 4.540229e-04 8.159612e+00
 4.467843e-04 7.827473e+00 1.757402e-01 1.771602e-01 8.004200e+00 9.123652e+06 4.550845e-04 8.151737e+00
 4.478125e-04 7.818426e+00 1.765765e-01 1.780157e-01 7.996000e+00 8.919670e+06 4.561486e-04 8.143965e+00
 4.488431e-04 7.809375e+00 1.774176e-01 1.788760e-01 7.987800e+00 8.720402e+06 4.572152e-04 8.136193e+00
 4.498761e-04 7.800518e+00 1.782633e-01 1.797412e-01 7.979800e+00 8.525611e+06 4.582845e-04 8.128627e+00
 4.509114e-04 7.791757e+00 1.791137e-01 1.806113e-01 7.971900e+00 8.335197e+06 4.593563e-04 8.121163e+00
 4.519491e-04 7.782991e+00 1.799687e-01 1.814864e-01 7.964000e+00 8.149057e+06 4.604307e-04 8.113700e+00
 4.529892e-04 7.774420e+00 1.808285e-01 1.823664e-01 7.956300e+00 7.967096e+06 4.615077e-04 8.106441e+00
 4.540318e-04 7.765844e+00 1.816931e-01 1.832513e-01 7.948600e+00 7.789335e+06 4.625873e-04 8.099184e+00
 4.550767e-04 7.757364e+00 1.825623e-01 1.841413e-01 7.941000e+00 7.615677e+06 4.636694e-04 8.092029e+00
 4.561240e-04 7.748978e+00 1.834364e-01 1.850362e-01 7.933500e+00 7.446025e+06 4.647543e-04 8.084977e+00
 4.571737e-04 7.740688e+00 1.843152e-01 1.859361e-01 7.926100e+00 7.279946e+06 4.658417e-04 8.078029e+00
 4.582258e-04 7.732492e+00 1.851988e-01 1.868411e-01 7.918800e+00 7.117810e+06 4.669317e-04 8.071183e+00
 4.592804e-04 7.724292e+00 1.860872e-01 1.877511e-01 7.911500e+00 6.959302e+06 4.680244e-04 8.064338e+00
 4.603374e-04 7.716287e+00 1.869804e-01 1.886662e-01 7.904400e+00 6.804340e+06 4.691198e-04 8.057698e+00
 4.613968e-04 7.708277e+00 1.878785e-01 1.895864e-01 7.897300e+00 6.653056e+06 4.702177e-04 8.051059e+00
 4.624587e-04 7.700362e+00 1.887814e-01 1.905117e-01 7.890300e+00 6.504941e+06 4.713184e-04 8.044522e+00
 4.635230e-04 7.692541e+00 1.896892e-01 1.914421e-01 7.883400e+00 6.360240e+06 4.724216e-04 8.038089e+00
 4.645897e-04 7.684816e+00 1.906018e-01 1.923776e-01 7.876600e+00 6.218872e+06 4.735276e-04 8.031760e+00
 4.656589e-04 7.677186e+00 1.915194e-01 1.933183e-01 7.869900e+00 6.080760e+06 4.746362e-04 8.025533e+00
 4.667306e-04 7.669551e+00 1.924418e-01 1.942642e-01 7.863200e+00 5.945528e+06 4.757475e-04 8.019307e+00
 4.678047e-04 7.662011e+00 1.933692e-01 1.952152e-01 7.856600e+00 5.813510e+06 4.768615e-04 8.013184e+00
 4.688813e-04 7.654565e+00 1.943015e-01 1.961715e-01 7.850100e+00 5.684433e+06 4.779782e-04 8.007165e+00
 4.699604e-04 7.647215e+00 1.952388e-01 1.971329e-01 7.843700e+00 5.558421e+06 4.790977e-04 8.001248e+00
 4.710420e-04 7.639860e+00 1.961811e-01 1.980997e-01 7.837300e+00 5.435027e+06 4.802198e-04 7.995333e+00
 4.721260e-04 7.632699e+00 1.971283e-01 1.990716e-01 7.831100e+00 5.314473e+06 4.813446e-04 7.989623e+00
 4.732126e-04 7.625533e+00 1.980806e-01 2.000489e-01 7.824900e+00 5.196691e+06 4.824722e-04 7.983915e+00
 4.743016e-04 7.618362e+00 1.990379e-01 2.010315e-01 7.818700e+00 5.081438e+06 4.836024e-04 7.978207e+00
 4.753932e-04 7.611386e+00 2.000002e-01 2.020194e-01 7.812700e+00 4.968924e+06 4.847355e-04 7.972705e+00
 4.764873e-04 7.604405e+00 2.009675e-01 2.030126e-01 7.806700e+00 4.858822e+06 4.858712e-04 7.967203e+00
 4.775838e-04 7.597518e+00 2.019400e-01 2.040112e-01 7.800800e+00 4.751252e+06 4.870098e-04 7.961806e+00
 4.786830e-04 7.590726e+00 2.029175e-01 2.050151e-01 7.795000e+00 4.646069e+06 4.881511e-04 7.956511e+00
 4.797846e-04 7.583929e+00 2.039001e-01 2.060244e-01 7.789200e+00 4.543302e+06 4.892951e-04 7.951218e+00
 4.808888e-04 7.577327e+00 2.048878e-01 2.070392e-01 7.783600e+00 4.442733e+06 4.904420e-04 7.946131e+00
 4.819955e-04 7.570720e+00 2.058807e-01 2.080594e-01 7.778000e+00 4.344555e+06 4.915916e-04 7.941045e+00
 4.831047e-04 7.564107e+00 2.068787e-01 2.090850e-01 7.772400e+00 4.248473e+06 4.927440e-04 7.935960e+00
 4.842166e-04 7.557689e+00 2.078819e-01 2.101161e-01 7.767000e+00 4.154597e+06 4.938992e-04 7.931081e+00
 4.853309e-04 7.551265e+00 2.088902e-01 2.111527e-01 7.761600e+00 4.062877e+06 4.950572e-04 7.926203e+00
 4.864479e-04 7.544836e+00 2.099038e-01 2.121948e-01 7.756200e+00 3.973185e+06 4.962180e-04 7.921326e+00
 4.875674e-04 7.538602e+00 2.109225e-01 2.132424e-01 7.751000e+00 3.885478e+06 4.973817e-04 7.916655e+00
 4.886895e-04 7.532363e+00 2.119465e-01 2.142955e-01 7.745800e+00 3.799710e+06 4.985481e-04 7.911986e+00
 4.898141e-04 7.526218e+00 2.129758e-01 2.153542e-01 7.740700e+00 3.715838e+06 4.997174e-04 7.907420e+00
 4.909414e-04 7.520067e+00 2.140103e-01 2.164186e-01 7.735600e+00 3.633890e+06 5.008896e-04 7.902855e+00
 4.920713e-04 7.514011e+00 2.150500e-01 2.174885e-01 7.730600e+00 3.553682e+06 5.020646e-04 7.898394e+00
 4.932037e-04 7.508050e+00 2.160951e-01 2.185640e-01 7.725700e+00 3.475383e+06 5.032425e-04 7.894038e+00
 4.943388e-04 7.502083e+00 2.171455e-01 2.196451e-01 7.720800e+00 3.398879e+06 5.044232e-04 7.889682e+00
 4.954764e-04 7.496211e+00 2.182012e-01 2.207320e-01 7.716000e+00 3.323929e+06 5.056068e-04 7.885430e+00
 4.966167e-04 7.490433e+00 2.192622e-01 2.218245e-01 7.711300e+00 3.250763e+06 5.067933e-04 7.881282e+00
 4.977596e-04 7.484650e+00 2.203286e-01 2.229227e-01 7.706600e+00 3.179209e+06 5.079826e-04 7.877135e+00
 4.989052e-04 7.478961e+00 2.214004e-01 2.240266e-01 7.702000e+00 3.109232e+06 5.091749e-04 7.873092e+00
 5.000534e-04 7.473367e+00 2.224776e-01 2.251363e-01 7.697500e+00 3.040795e+06 5.103701e-04 7.869153e+00
 5.012042e-04 7.467767e+00 2.235602e-01 2.262517e-01 7.693000e+00 2.973866e+06 5.115682e-04 7.865216e+00
 5.023576e-04 7.462261e+00 2.246482e-01 2.273729e-01 7.688600e+00 2.908530e+06 5.127692e-04 7.861382e+00
 5.035138e-04 7.456750e+00 2.257416e-01 2.284999e-01 7.684200e+00 2.844572e+06 5.139731e-04 7.857550e+00
 5.046726e-04 7.451333e+00 2.268406e-01 2.296327e-01 7.679900e+00 2.782079e+06 5.151800e-04 7.853822e+00
 5.058340e-04 7.446011e+00 2.279450e-01 2.307713e-01 7.675700e+00 2.721016e+06 5.163898e-04 7.850198e+00
 5.069981e-04 7.440682e+00 2.290548e-01 2.319159e-01 7.671500e+00 2.661181e+06 5.176026e-04 7.846575e+00
 5.081649e-04 7.435448e+00 2.301702e-01 2.330663e-01 7.667400e+00 2.602773e+06 5.188183e-04 7.843057e+00
 5.093344e-04 7.430309e+00 2.312911e-01 2.342225e-01 7.663400e+00 2.545646e+06 5.200370e-04 7.839643e+00
 5.105066e-04 7.425164e+00 2.324176e-01 2.353848e-01 7.659400e+00 2.489773e+06 5.212587e-04 7.836231e+00
 5.116815e-04 7.420013e+00 2.335496e-01 2.365529e-01 7.655400e+00 2.435232e+06 5.224833e-04 7.832819e+00
 5.128591e-04 7.414956e+00 2.346872e-01 2.377270e-01 7.651500e+00 2.381781e+06 5.237110e-04 7.829512e+00
 5.140394e-04 7.409993e+00 2.358304e-01 2.389071e-01 7.647700e+00 2.329554e+06 5.249416e-04 7.826310e+00
 5.152224e-04 7.405025e+00 2.369792e-01 2.400932e-01 7.643900e+00 2.278522e+06 5.261753e-04 7.823109e+00
 5.164081e-04 7.400151e+00 2.381337e-01 2.412853e-01 7.640200e+00 2.228657e+06 5.274119e-04 7.820012e+00
 5.175966e-04 7.395271e+00 2.392937e-01 2.424834e-01 7.636500e+00 2.179785e+06 5.286516e-04 7.816917e+00
 5.187878e-04 7.390485e+00 2.404595e-01 2.436877e-01 7.632900e+00 2.132080e+06 5.298944e-04 7.813926e+00
 5.199817e-04 7.385793e+00 2.416309e-01 2.448980e-01 7.629400e+00 2.085418e+06 5.311401e-04 7.811040e+00
 5.211784e-04 7.381095e+00 2.428080e-01 2.461144e-01 7.625900e+00 2.039776e+06 5.323889e-04 7.808155e+00
 5.223778e-04 7.376392e+00 2.439908e-01 2.473369e-01 7.622400e+00 1.995132e+06 5.336408e-04 7.805272e+00
 5.235800e-04 7.371782e+00 2.451794e-01 2.485656e-01 7.619000e+00 1.951553e+06 5.348957e-04 7.802493e+00
 5.247850e-04 7.367267e+00 2.463737e-01 2.498004e-01 7.615700e+00 1.908882e+06 5.361538e-04 7.799820e+00
 5.259927e-04 7.362745e+00 2.475737e-01 2.510414e-01 7.612400e+00 1.867185e+06 5.374149e-04 7.797148e+00
 5.272032e-04 7.358318e+00 2.487796e-01 2.522886e-01 7.609200e+00 1.826356e+06 5.386790e-04 7.794580e+00
 5.284166e-04 7.353884e+00 2.499912e-01 2.535421e-01 7.606000e+00 1.786460e+06 5.399463e-04 7.792014e+00
 5.296326e-04 7.349545e+00 2.512087e-01 2.548018e-01 7.602900e+00 1.747475e+06 5.412167e-04 7.789553e+00
 5.308515e-04 7.345199e+00 2.524320e-01 2.560678e-01 7.599800e+00 1.709340e+06 5.424902e-04 7.787094e+00
 5.320732e-04 7.340848e+00 2.536611e-01 2.573400e-01 7.596700e+00 1.672036e+06 5.437669e-04 7.784636e+00
 5.332978e-04 7.336590e+00 2.548961e-01 2.586186e-01 7.593700e+00 1.635545e+06 5.450466e-04 7.782283e+00
 5.345251e-04 7.332426e+00 2.561370e-01 2.599035e-01 7.590800e+00 1.599848e+06 5.463296e-04 7.780035e+00
 5.357552e-04 7.328256e+00 2.573838e-01 2.611948e-01 7.587900e+00 1.564966e+06 5.476156e-04 7.777789e+00
 5.369882e-04 7.324180e+00 2.586365e-01 2.624924e-01 7.585100e+00 1.530881e+06 5.489048e-04 7.775648e+00
 5.382241e-04 7.320098e+00 2.598951e-01 2.637965e-01 7.582300e+00 1.497500e+06 5.501972e-04 7.773508e+00
 5.394627e-04 7.316110e+00 2.611597e-01 2.651069e-01 7.579600e+00 1.464882e+06 5.514928e-04 7.771474e+00
 5.407042e-04 7.312115e+00 2.624303e-01 2.664238e-01 7.576900e+00 1.433007e+06 5.527915e-04 7.769441e+00
 5.419486e-04 7.308114e+00 2.637068e-01 2.677472e-01 7.574200e+00 1.401755e+06 5.540935e-04 7.767410e+00
 5.431959e-04 7.304207e+00 2.649894e-01 2.690770e-01 7.571600e+00 1.371251e+06 5.553986e-04 7.765485e+00
 5.444460e-04 7.300294e+00 2.662779e-01 2.704133e-01 7.569000e+00 1.341410e+06 5.567070e-04 7.763561e+00
 5.456989e-04 7.296474e+00 2.675725e-01 2.717562e-01 7.566500e+00 1.312282e+06 5.580185e-04 7.761742e+00
 5.469548e-04 7.292749e+00 2.688732e-01 2.731056e-01 7.564100e+00 1.283720e+06 5.593333e-04 7.760029e+00
 5.482136e-04 7.288916e+00 2.701799e-01 2.744616e-01 7.561600e+00 1.255810e+06 5.606514e-04 7.758214e+00
 5.494752e-04 7.285278e+00 2.714927e-01 2.758242e-01 7.559300e+00 1.228536e+06 5.619727e-04 7.756608e+00
 5.507398e-04 7.281533e+00 2.728117e-01 2.771933e-01 7.556900e+00 1.201823e+06 5.632972e-04 7.754900e+00
 5.520073e-04 7.277882e+00 2.741367e-01 2.785691e-01 7.554600e+00 1.175719e+06 5.646250e-04 7.753298e+00
 5.532777e-04 7.274324e+00 2.754679e-01 2.799516e-01 7.552400e+00 1.150209e+06 5.659561e-04 7.751801e+00
 5.545510e-04 7.270760e+00 2.768052e-01 2.813407e-01 7.550200e+00 1.125252e+06 5.672905e-04 7.750306e+00
 5.558272e-04 7.267190e+00 2.781488e-01 2.827366e-01 7.548000e+00 1.100835e+06 5.686281e-04 7.748813e+00
 5.571064e-04 7.263713e+00 2.794985e-01 2.841391e-01 7.545900e+00 1.076945e+06 5.699691e-04 7.747426e+00
 5.583885e-04 7.260229e+00 2.808544e-01 2.855484e-01 7.543800e+00 1.053573e+06 5.713134e-04 7.746041e+00
 5.596736e-04 7.256840e+00 2.822165e-01 2.869645e-01 7.541800e+00 1.030733e+06 5.726610e-04 7.744761e+00
 5.609616e-04 7.253443e+00 2.835849e-01 2.883873e-01 7.539800e+00 1.008413e+06 5.740119e-04 7.743484e+00
 5.622526e-04 7.250040e+00 2.849595e-01 2.898169e-01 7.537800e+00 9.865487e+05 5.753661e-04 7.742208e+00
 5.635466e-04 7.246731e+00 2.863405e-01 2.912534e-01 7.535900e+00 9.651826e+05 5.767237e-04 7.741038e+00
 5.648435e-04 7.243415e+00 2.877277e-01 2.926967e-01 7.534000e+00 9.442520e+05 5.780847e-04 7.739870e+00
 5.661435e-04 7.240192e+00 2.891212e-01 2.941469e-01 7.532200e+00 9.238234e+05 5.794490e-04 7.738808e+00
 5.674464e-04 7.236963e+00 2.905210e-01 2.956040e-01 7.530400e+00 9.038353e+05 5.808167e-04 7.737748e+00
 5.687523e-04 7.233828e+00 2.919272e-01 2.970679e-01 7.528700e+00 8.842779e+05 5.821878e-04 7.736795e+00
 5.700612e-04 7.230585e+00 2.933398e-01 2.985389e-01 7.526900e+00 8.651420e+05 5.835623e-04 7.735739e+00
 5.713732e-04 7.227536e+00 2.947587e-01 3.000167e-01 7.525300e+00 8.464652e+05 5.849402e-04 7.734893e+00
 5.726881e-04 7.224380e+00 2.961840e-01 3.015016e-01 7.523600e+00 8.281441e+05 5.863214e-04 7.733946e+00
 5.740061e-04 7.221318e+00 2.976158e-01 3.029934e-01 7.522000e+00 8.102403e+05 5.877062e-04 7.733104e+00
 5.753271e-04 7.218249e+00 2.990539e-01 3.044923e-01 7.520400e+00 7.927441e+05 5.890943e-04 7.732265e+00
 5.766512e-04 7.215273e+00 3.004986e-01 3.059982e-01 7.518900e+00 7.756458e+05 5.904859e-04 7.731532e+00
 5.779783e-04 7.212290e+00 3.019496e-01 3.075112e-01 7.517400e+00 7.588720e+05 5.918809e-04 7.730801e+00
 5.793084e-04 7.209401e+00 3.034072e-01 3.090313e-01 7.516000e+00 7.425011e+05 5.932794e-04 7.730177e+00
 5.806417e-04 7.206404e+00 3.048712e-01 3.105585e-01 7.514500e+00 7.264818e+05 5.946814e-04 7.729450e+00
 5.819779e-04 7.203601e+00 3.063418e-01 3.120928e-01 7.513200e+00 7.108066e+05 5.960869e-04 7.728935e+00
 5.833173e-04 7.200691e+00 3.078189e-01 3.136343e-01 7.511800e+00 6.954679e+05 5.974958e-04 7.728317e+00
 5.846598e-04 7.197875e+00 3.093025e-01 3.151829e-01 7.510500e+00 6.804977e+05 5.989082e-04 7.727805e+00
 5.860053e-04 7.195051e+00 3.107927e-01 3.167388e-01 7.509200e+00 6.658290e+05 6.003242e-04 7.727296e+00
 5.873539e-04 7.192321e+00 3.122895e-01 3.183018e-01 7.508000e+00 6.514939e+05 6.017437e-04 7.726894e+00
 5.887057e-04 7.189483e+00 3.137928e-01 3.198721e-01 7.506700e+00 6.374473e+05 6.031667e-04 7.726390e+00
 5.900605e-04 7.186839e+00 3.153028e-01 3.214497e-01 7.505600e+00 6.237201e+05 6.045932e-04 7.726096e+00
 5.914185e-04 7.184088e+00 3.168194e-01 3.230345e-01 7.504400e+00 6.103049e+05 6.060233e-04 7.725701e+00
 5.927796e-04 7.181429e+00 3.183426e-01 3.246267e-01 7.503300e+00 5.971768e+05 6.074569e-04 7.725412e+00
 5.941438e-04 7.178764e+00 3.198725e-01 3.262262e-01 7.502200e+00 5.843296e+05 6.088941e-04 7.725126e+00
 5.955111e-04 7.176192e+00 3.214091e-01 3.278330e-01 7.501200e+00 5.717573e+05 6.103349e-04 7.724946e+00
 5.968816e-04 7.173613e+00 3.229524e-01 3.294472e-01 7.500200e+00 5.594706e+05 6.117793e-04 7.724769e+00
 5.982553e-04 7.171027e+00 3.245024e-01 3.310688e-01 7.499200e+00 5.474300e+05 6.132273e-04 7.724594e+00
 5.996321e-04 7.168533e+00 3.260591e-01 3.326978e-01 7.498300e+00 5.356793e+05 6.146789e-04 7.724527e+00
 6.010121e-04 7.165933e+00 3.276225e-01 3.343342e-01 7.497300e+00 5.241635e+05 6.161341e-04 7.724357e+00
 6.023953e-04 7.163525e+00 3.291927e-01 3.359781e-01 7.496500e+00 5.129249e+05 6.175930e-04 7.724399e+00
 6.037816e-04 7.161011e+00 3.307697e-01 3.376295e-01 7.495600e+00 5.019107e+05 6.190554e-04 7.724339e+00
 6.051712e-04 7.158589e+00 3.323535e-01 3.392884e-01 7.494800e+00 4.911465e+05 6.205216e-04 7.724386e+00
 6.065639e-04 7.156160e+00 3.339441e-01 3.409548e-01 7.494000e+00 4.806118e+05 6.219914e-04 7.724435e+00
 6.079599e-04 7.153724e+00 3.355415e-01 3.426288e-01 7.493200e+00 4.703017e+05 6.234649e-04 7.724487e+00
 6.093590e-04 7.151381e+00 3.371457e-01 3.443103e-01 7.492500e+00 4.602255e+05 6.249420e-04 7.724647e+00
 6.107614e-04 7.149030e+00 3.387568e-01 3.459994e-01 7.491800e+00 4.503499e+05 6.264229e-04 7.724808e+00
 6.121670e-04 7.146673e+00 3.403747e-01 3.476961e-01 7.491100e+00 4.407123e+05 6.279074e-04 7.724973e+00
 6.135759e-04 7.144408e+00 3.419996e-01 3.494005e-01 7.490500e+00 4.312661e+05 6.293957e-04 7.725245e+00
 6.149879e-04 7.142035e+00 3.436313e-01 3.511125e-01 7.489800e+00 4.220343e+05 6.308876e-04 7.725415e+00
 6.164033e-04 7.139856e+00 3.452699e-01 3.528321e-01 7.489300e+00 4.130117e+05 6.323834e-04 7.725797e+00
 6.178219e-04 7.137569e+00 3.469155e-01 3.545595e-01 7.488700e+00 4.041553e+05 6.338828e-04 7.726077e+00
 6.192437e-04 7.135375e+00 3.485680e-01 3.562946e-01 7.488200e+00 3.955124e+05 6.353861e-04 7.726464e+00
 6.206688e-04 7.133174e+00 3.502275e-01 3.580374e-01 7.487700e+00 3.870531e+05 6.368931e-04 7.726854e+00
 6.220972e-04 7.130965e+00 3.518940e-01 3.597880e-01 7.487200e+00 3.787977e+05 6.384038e-04 7.727247e+00
 6.235289e-04 7.128749e+00 3.535674e-01 3.615464e-01 7.486700e+00 3.706934e+05 6.399184e-04 7.727643e+00
 6.249639e-04 7.126625e+00 3.552479e-01 3.633126e-01 7.486300e+00 3.627729e+05 6.414367e-04 7.728147e+00
 6.264022e-04 7.124494e+00 3.569354e-01 3.650866e-01 7.485900e+00 3.550319e+05 6.429589e-04 7.728653e+00
 6.278438e-04 7.122356e+00 3.586299e-01 3.668685e-01 7.485500e+00 3.474435e+05 6.444849e-04 7.729162e+00
 6.292887e-04 7.120310e+00 3.603315e-01 3.686582e-01 7.485200e+00 3.400383e+05 6.460147e-04 7.729779e+00
 6.307370e-04 7.118257e+00 3.620401e-01 3.704558e-01 7.484900e+00 3.327788e+05 6.475484e-04 7.730399e+00
 6.321886e-04 7.116196e+00 3.637558e-01 3.722613e-01 7.484600e+00 3.256839e+05 6.490859e-04 7.731022e+00
 6.336435e-04 7.114127e+00 3.654786e-01 3.740748e-01 7.484300e+00 3.187390e+05 6.506273e-04 7.731647e+00
 6.351017e-04 7.112152e+00 3.672085e-01 3.758962e-01 7.484100e+00 3.119513e+05 6.521726e-04 7.732381e+00
 6.365634e-04 7.110168e+00 3.689456e-01 3.777255e-01 7.483900e+00 3.052970e+05 6.537217e-04 7.733117e+00
 6.380283e-04 7.108177e+00 3.706897e-01 3.795629e-01 7.483700e+00 2.988033e+05 6.552748e-04 7.733857e+00
 6.394967e-04 7.106179e+00 3.724411e-01 3.814083e-01 7.483500e+00 2.924369e+05 6.568318e-04 7.734600e+00
 6.409684e-04 7.104273e+00 3.741996e-01 3.832617e-01 7.483400e+00 2.862146e+05 6.583926e-04 7.735450e+00
 6.424436e-04 7.102359e+00 3.759652e-01 3.851232e-01 7.483300e+00 2.801142e+05 6.599575e-04 7.736304e+00
 6.439221e-04 7.100438e+00 3.777381e-01 3.869928e-01 7.483200e+00 2.741612e+05 6.615262e-04 7.737161e+00
 6.454040e-04 7.098509e+00 3.795182e-01 3.888704e-01 7.483100e+00 2.683336e+05 6.630990e-04 7.738021e+00
 6.468893e-04 7.096573e+00 3.813055e-01 3.907562e-01 7.483000e+00 2.626289e+05 6.646756e-04 7.738884e+00
 6.483781e-04 7.094728e+00 3.831001e-01 3.926501e-01 7.483000e+00 2.570443e+05 6.662563e-04 7.739855e+00
 6.498703e-04 7.092876e+00 3.849018e-01 3.945522e-01 7.483000e+00 2.515947e+05 6.678410e-04 7.740830e+00
 6.513659e-04 7.091017e+00 3.867109e-01 3.964624e-01 7.483000e+00 2.462512e+05 6.694296e-04 7.741807e+00
 6.528649e-04 7.089249e+00 3.885272e-01 3.983809e-01 7.483100e+00 2.410285e+05 6.710223e-04 7.742894e+00
 6.543674e-04 7.087474e+00 3.903509e-01 4.003076e-01 7.483200e+00 2.359074e+05 6.726190e-04 7.743983e+00
 6.558734e-04 7.085591e+00 3.921818e-01 4.022425e-01 7.483200e+00 2.309021e+05 6.742198e-04 7.744970e+00
 6.573828e-04 7.083801e+00 3.940200e-01 4.041857e-01 7.483300e+00 2.260098e+05 6.758246e-04 7.746066e+00
 6.588957e-04 7.082102e+00 3.958656e-01 4.061372e-01 7.483500e+00 2.212203e+05 6.774334e-04 7.747271e+00
 6.604121e-04 7.080296e+00 3.977185e-01 4.080970e-01 7.483600e+00 2.165313e+05 6.790463e-04 7.748373e+00
 6.619320e-04 7.078582e+00 3.995788e-01 4.100651e-01 7.483800e+00 2.119408e+05 6.806634e-04 7.749585e+00
 6.634553e-04 7.076860e+00 4.014465e-01 4.120415e-01 7.484000e+00 2.074539e+05 6.822845e-04 7.750799e+00
 6.649822e-04 7.075131e+00 4.033215e-01 4.140263e-01 7.484200e+00 2.030683e+05 6.839097e-04 7.752017e+00
 6.665126e-04 7.073493e+00 4.052039e-01 4.160195e-01 7.484500e+00 1.987674e+05 6.855390e-04 7.753344e+00
 6.680465e-04 7.071748e+00 4.070937e-01 4.180211e-01 7.484700e+00 1.945637e+05 6.871725e-04 7.754568e+00
 6.695839e-04 7.070094e+00 4.089910e-01 4.200312e-01 7.485000e+00 1.904547e+05 6.888101e-04 7.755902e+00
 6.711249e-04 7.068433e+00 4.108957e-01 4.220496e-01 7.485300e+00 1.864184e+05 6.904519e-04 7.757239e+00
 6.726694e-04 7.066764e+00 4.128078e-01 4.240765e-01 7.485600e+00 1.824797e+05 6.920979e-04 7.758579e+00
 6.742175e-04 7.065086e+00 4.147273e-01 4.261120e-01 7.485900e+00 1.786234e+05 6.937480e-04 7.759923e+00
 6.757692e-04 7.063501e+00 4.166544e-01 4.281559e-01 7.486300e+00 1.748604e+05 6.954023e-04 7.761376e+00
 6.773244e-04 7.061908e+00 4.185889e-01 4.302083e-01 7.486700e+00 1.711696e+05 6.970609e-04 7.762833e+00
 6.788832e-04 7.060307e+00 4.205309e-01 4.322693e-01 7.487100e+00 1.675499e+05 6.987236e-04 7.764293e+00
 6.804456e-04 7.058698e+00 4.224804e-01 4.343388e-01 7.487500e+00 1.640237e+05 7.003906e-04 7.765757e+00
 6.820115e-04 7.057081e+00 4.244374e-01 4.364169e-01 7.487900e+00 1.605651e+05 7.020618e-04 7.767224e+00
 6.835811e-04 7.055456e+00 4.264020e-01 4.385036e-01 7.488300e+00 1.571845e+05 7.037373e-04 7.768695e+00
 6.851543e-04 7.053922e+00 4.283741e-01 4.405990e-01 7.488800e+00 1.538629e+05 7.054171e-04 7.770275e+00
 6.867311e-04 7.052381e+00 4.303537e-01 4.427029e-01 7.489300e+00 1.506218e+05 7.071011e-04 7.771859e+00
 6.883116e-04 7.050832e+00 4.323409e-01 4.448155e-01 7.489800e+00 1.474590e+05 7.087895e-04 7.773447e+00
 6.898956e-04 7.049274e+00 4.343356e-01 4.469368e-01 7.490300e+00 1.443513e+05 7.104821e-04 7.775038e+00
 6.914834e-04 7.047808e+00 4.363380e-01 4.490668e-01 7.490900e+00 1.413136e+05 7.121791e-04 7.776739e+00
 6.930747e-04 7.046235e+00 4.383479e-01 4.512055e-01 7.491400e+00 1.383442e+05 7.138804e-04 7.778337e+00
 6.946698e-04 7.044753e+00 4.403654e-01 4.533529e-01 7.492000e+00 1.354314e+05 7.155860e-04 7.780046e+00
 6.962685e-04 7.043263e+00 4.423905e-01 4.555091e-01 7.492600e+00 1.325891e+05 7.172961e-04 7.781758e+00
 6.978709e-04 7.041765e+00 4.444233e-01 4.576740e-01 7.493200e+00 1.298058e+05 7.190104e-04 7.783474e+00
 6.994770e-04 7.040258e+00 4.464636e-01 4.598477e-01 7.493800e+00 1.270802e+05 7.207292e-04 7.785194e+00
 7.010867e-04 7.038744e+00 4.485117e-01 4.620303e-01 7.494400e+00 1.244112e+05 7.224524e-04 7.786917e+00
 7.027002e-04 7.037321e+00 4.505673e-01 4.642216e-01 7.495100e+00 1.217975e+05 7.241800e-04 7.788751e+00
 7.043174e-04 7.035790e+00 4.526306e-01 4.664218e-01 7.495700e+00 1.192471e+05 7.259120e-04 7.790482e+00
 7.059383e-04 7.034350e+00 4.547016e-01 4.686308e-01 7.496400e+00 1.167451e+05 7.276484e-04 7.792323e+00
 7.075630e-04 7.032903e+00 4.567803e-01 4.708487e-01 7.497100e+00 1.142992e+05 7.293893e-04 7.794168e+00
 7.091914e-04 7.031447e+00 4.588666e-01 4.730755e-01 7.497800e+00 1.119082e+05 7.311347e-04 7.796017e+00
 7.108235e-04 7.030083e+00 4.609606e-01 4.753111e-01 7.498600e+00 1.095581e+05 7.328845e-04 7.797977e+00
 7.124594e-04 7.028611e+00 4.630624e-01 4.775557e-01 7.499300e+00 1.072651e+05 7.346389e-04 7.799833e+00
 7.140990e-04 7.027230e+00 4.651718e-01 4.798093e-01 7.500100e+00 1.050194e+05 7.363977e-04 7.801801e+00
 7.157425e-04 7.025741e+00 4.672890e-01 4.820718e-01 7.500800e+00 1.028280e+05 7.381611e-04 7.803665e+00
 7.173897e-04 7.024344e+00 4.694139e-01 4.843433e-01 7.501600e+00 1.006779e+05 7.399290e-04 7.805641e+00
 7.190407e-04 7.022938e+00 4.715465e-01 4.866237e-01 7.502400e+00 9.857597e+04 7.417014e-04 7.807620e+00
 7.206955e-04 7.021524e+00 4.736868e-01 4.889132e-01 7.503200e+00 9.651358e+04 7.434784e-04 7.809603e+00
 7.223541e-04 7.020202e+00 4.758350e-01 4.912117e-01 7.504100e+00 9.449744e+04 7.452600e-04 7.811698e+00
 7.240165e-04 7.018771e+00 4.779908e-01 4.935193e-01 7.504900e+00 9.252646e+04 7.470462e-04 7.813689e+00
 7.256827e-04 7.017332e+00 4.801545e-01 4.958358e-01 7.505700e+00 9.059603e+04 7.488370e-04 7.815684e+00
 7.273528e-04 7.015985e+00 4.823259e-01 4.981615e-01 7.506600e+00 8.870532e+04 7.506324e-04 7.817791e+00
 7.290268e-04 7.014629e+00 4.845050e-01 5.004963e-01 7.507500e+00 8.685350e+04 7.524324e-04 7.819902e+00
 7.307045e-04 7.013264e+00 4.866920e-01 5.028401e-01 7.508400e+00 8.504315e+04 7.542371e-04 7.822016e+00
 7.323862e-04 7.011892e+00 4.888868e-01 5.051931e-01 7.509300e+00 8.327330e+04 7.560464e-04 7.824135e+00
 7.340717e-04 7.010510e+00 4.910893e-01 5.075552e-01 7.510200e+00 8.153652e+04 7.578604e-04 7.826258e+00
 7.357611e-04 7.009121e+00 4.932997e-01 5.099264e-01 7.511100e+00 7.984179e+04 7.596791e-04 7.828386e+00
 7.374544e-04 7.007823e+00 4.955178e-01 5.123068e-01 7.512100e+00 7.817865e+04 7.615025e-04 7.830624e+00
 7.391515e-04 7.006416e+00 4.977438e-01 5.146964e-01 7.513000e+00 7.655270e+04 7.633306e-04 7.832760e+00
 7.408526e-04 7.005101e+00 4.999776e-01 5.170952e-01 7.514000e+00 7.496309e+04 7.651634e-04 7.835007e+00
 7.425576e-04 7.003778e+00 5.022192e-01 5.195032e-01 7.515000e+00 7.340302e+04 7.670010e-04 7.837259e+00
 7.442665e-04 7.002446e+00 5.044687e-01 5.219204e-01 7.516000e+00 7.188074e+04 7.688434e-04 7.839515e+00
 7.459794e-04 7.001105e+00 5.067260e-01 5.243468e-01 7.517000e+00 7.038669e+04 7.706905e-04 7.841775e+00
 7.476962e-04 6.999756e+00 5.089911e-01 5.267825e-01 7.518000e+00 6.892601e+04 7.725424e-04 7.844039e+00
 7.494169e-04 6.998398e+00 5.112641e-01 5.292275e-01 7.519000e+00 6.749793e+04 7.743991e-04 7.846308e+00
 7.511416e-04 6.997032e+00 5.135449e-01 5.316817e-01 7.520000e+00 6.609897e+04 7.762606e-04 7.848581e+00
 7.528703e-04 6.995758e+00 5.158336e-01 5.341453e-01 7.521100e+00 6.472855e+04 7.781270e-04 7.850966e+00
 7.546030e-04 6.994374e+00 5.181302e-01 5.366181e-01 7.522100e+00 6.338608e+04 7.799982e-04 7.853248e+00
 7.563396e-04 6.993083e+00 5.204346e-01 5.391003e-01 7.523200e+00 6.207355e+04 7.818743e-04 7.855643e+00
 7.580802e-04 6.991782e+00 5.227469e-01 5.415917e-01 7.524300e+00 6.078525e+04 7.837553e-04 7.858041e+00
 7.598249e-04 6.990473e+00 5.250670e-01 5.440926e-01 7.525400e+00 5.952816e+04 7.856411e-04 7.860444e+00
 7.615736e-04 6.989156e+00 5.273950e-01 5.466027e-01 7.526500e+00 5.829906e+04 7.875319e-04 7.862852e+00
 7.633262e-04 6.987830e+00 5.297309e-01 5.491223e-01 7.527600e+00 5.709492e+04 7.894276e-04 7.865264e+00
 7.650830e-04 6.986495e+00 5.320747e-01 5.516512e-01 7.528700e+00 5.591057e+04 7.913282e-04 7.867681e+00
 7.668437e-04 6.985152e+00 5.344263e-01 5.541896e-01 7.529800e+00 5.475951e+04 7.932338e-04 7.870102e+00
 7.686085e-04 6.983800e+00 5.367859e-01 5.567373e-01 7.530900e+00 5.362725e+04 7.951444e-04 7.872528e+00
 7.703774e-04 6.982539e+00 5.391533e-01 5.592945e-01 7.532100e+00 5.252020e+04 7.970599e-04 7.875066e+00
 7.721503e-04 6.981170e+00 5.415286e-01 5.618610e-01 7.533200e+00 5.143777e+04 7.989804e-04 7.877501e+00
 7.739274e-04 6.979892e+00 5.439118e-01 5.644371e-01 7.534400e+00 5.037513e+04 8.009060e-04 7.880049e+00
 7.757085e-04 6.978505e+00 5.463029e-01 5.670225e-01 7.535500e+00 4.933822e+04 8.028366e-04 7.882493e+00
 7.774937e-04 6.977210e+00 5.487018e-01 5.696175e-01 7.536700e+00 4.832022e+04 8.047722e-04 7.885050e+00
 7.792830e-04 6.975907e+00 5.511087e-01 5.722219e-01 7.537900e+00 4.732687e+04 8.067129e-04 7.887612e+00
 7.810765e-04 6.974594e+00 5.535235e-01 5.748358e-01 7.539100e+00 4.635160e+04 8.086587e-04 7.890178e+00
 7.828740e-04 6.973273e+00 5.559461e-01 5.774592e-01 7.540300e+00 4.539993e+04 8.106096e-04 7.892750e+00
 7.846757e-04 6.971943e+00 5.583767e-01 5.800921e-01 7.541500e+00 4.446553e+04 8.125656e-04 7.895326e+00
 7.864816e-04 6.970605e+00 5.608151e-01 5.827345e-01 7.542700e+00 4.355188e+04 8.145267e-04 7.897907e+00
 7.882916e-04 6.969358e+00 5.632615e-01 5.853864e-01 7.544000e+00 4.265481e+04 8.164930e-04 7.900601e+00
 7.901058e-04 6.968002e+00 5.657157e-01 5.880479e-01 7.545200e+00 4.177946e+04 8.184644e-04 7.903191e+00
 7.919241e-04 6.966637e+00 5.681778e-01 5.907189e-01 7.546400e+00 4.092173e+04 8.204410e-04 7.905787e+00
 7.937466e-04 6.965364e+00 5.706478e-01 5.933995e-01 7.547700e+00 4.008126e+04 8.224228e-04 7.908495e+00
 7.955734e-04 6.963982e+00 5.731257e-01 5.960896e-01 7.548900e+00 3.926113e+04 8.244099e-04 7.911101e+00
 7.974043e-04 6.962692e+00 5.756115e-01 5.987893e-01 7.550200e+00 3.845578e+04 8.264021e-04 7.913819e+00
 7.992394e-04 6.961293e+00 5.781052e-01 6.014986e-01 7.551400e+00 3.766827e+04 8.283996e-04 7.916434e+00
 8.010788e-04 6.959985e+00 5.806067e-01 6.042174e-01 7.552700e+00 3.689495e+04 8.304023e-04 7.919163e+00
 8.029224e-04 6.958668e+00 5.831162e-01 6.069459e-01 7.554000e+00 3.614034e+04 8.324103e-04 7.921897e+00
 8.047703e-04 6.957343e+00 5.856335e-01 6.096840e-01 7.555300e+00 3.540085e+04 8.344236e-04 7.924635e+00
 8.066224e-04 6.956008e+00 5.881587e-01 6.124316e-01 7.556600e+00 3.467619e+04 8.364423e-04 7.927379e+00
 8.084787e-04 6.954666e+00 5.906918e-01 6.151889e-01 7.557900e+00 3.396905e+04 8.384662e-04 7.930128e+00
 8.103393e-04 6.953314e+00 5.932328e-01 6.179558e-01 7.559200e+00 3.327456e+04 8.404955e-04 7.932882e+00
 8.122093e-04 6.951954e+00 5.957816e-01 6.207324e-01 7.560500e+00 3.259542e+04 8.425356e-04 7.935641e+00
 8.140891e-04 6.950585e+00 5.983381e-01 6.235184e-01 7.561800e+00 3.193128e+04 8.445873e-04 7.938405e+00
 8.159734e-04 6.949207e+00 6.009024e-01 6.263140e-01 7.563100e+00 3.127761e+04 8.466444e-04 7.941174e+00
 8.178619e-04 6.947821e+00 6.034745e-01 6.291191e-01 7.564400e+00 3.063978e+04 8.487070e-04 7.943948e+00
 8.197549e-04 6.946527e+00 6.060542e-01 6.319337e-01 7.565800e+00 3.001738e+04 8.507751e-04 7.946837e+00
 8.216522e-04 6.945124e+00 6.086417e-01 6.347578e-01 7.567100e+00 2.940472e+04 8.528486e-04 7.949621e+00
 8.235539e-04 6.943712e+00 6.112369e-01 6.375914e-01 7.568400e+00 2.880559e+04 8.549278e-04 7.952411e+00
 8.254601e-04 6.942391e+00 6.138398e-01 6.404346e-01 7.569800e+00 2.822094e+04 8.570124e-04 7.955315e+00
 8.273706e-04 6.940962e+00 6.164504e-01 6.432873e-01 7.571100e+00 2.764667e+04 8.591026e-04 7.958115e+00
 8.292855e-04 6.939625e+00 6.190687e-01 6.461496e-01 7.572500e+00 2.708504e+04 8.611984e-04 7.961030e+00
 8.312049e-04 6.938179e+00 6.216946e-01 6.490214e-01 7.573800e+00 2.653458e+04 8.632998e-04 7.963840e+00
 8.331288e-04 6.936824e+00 6.243283e-01 6.519027e-01 7.575200e+00 2.599623e+04 8.654067e-04 7.966766e+00
 8.350570e-04 6.935361e+00 6.269696e-01 6.547936e-01 7.576500e+00 2.546972e+04 8.675194e-04 7.969587e+00
 8.369898e-04 6.933989e+00 6.296187e-01 6.576941e-01 7.577900e+00 2.495249e+04 8.696376e-04 7.972523e+00
 8.389270e-04 6.932608e+00 6.322753e-01 6.606041e-01 7.579300e+00 2.444664e+04 8.717616e-04 7.975465e+00
 8.408687e-04 6.931219e+00 6.349396e-01 6.635236e-01 7.580700e+00 2.395191e+04 8.738912e-04 7.978411e+00
 8.428149e-04 6.929722e+00 6.376116e-01 6.664528e-01 7.582000e+00 2.346695e+04 8.760265e-04 7.981254e+00
 8.447656e-04 6.928315e+00 6.402912e-01 6.693915e-01 7.583400e+00 2.299158e+04 8.781676e-04 7.984212e+00
 8.467208e-04 6.926901e+00 6.429785e-01 6.723398e-01 7.584800e+00 2.252665e+04 8.803144e-04 7.987175e+00
 8.486806e-04 6.925477e+00 6.456733e-01 6.752976e-01 7.586200e+00 2.207192e+04 8.824669e-04 7.990144e+00
 8.506448e-04 6.924046e+00 6.483758e-01 6.782650e-01 7.587600e+00 2.162514e+04 8.846253e-04 7.993118e+00
 8.526137e-04 6.922605e+00 6.510859e-01 6.812420e-01 7.589000e+00 2.118914e+04 8.867894e-04 7.996098e+00
 8.545870e-04 6.921156e+00 6.538035e-01 6.842285e-01 7.590400e+00 2.076076e+04 8.889593e-04 7.999083e+00
 8.565650e-04 6.919598e+00 6.565288e-01 6.872246e-01 7.591700e+00 2.034272e+04 8.911351e-04 8.001964e+00
 8.585475e-04 6.918132e+00 6.592616e-01 6.902303e-01 7.593100e+00 1.993195e+04 8.933168e-04 8.004960e+00
 8.605346e-04 6.916658e+00 6.620020e-01 6.932456e-01 7.594500e+00 1.953109e+04 8.955043e-04 8.007963e+00
 8.625263e-04 6.915175e+00 6.647499e-01 6.962704e-01 7.595900e+00 1.913719e+04 8.976977e-04 8.010970e+00
 8.645227e-04 6.913683e+00 6.675054e-01 6.993049e-01 7.597300e+00 1.875279e+04 8.998970e-04 8.013984e+00
 8.665236e-04 6.912283e+00 6.702684e-01 7.023488e-01 7.598800e+00 1.837505e+04 9.021023e-04 8.017113e+00
 8.685292e-04 6.910774e+00 6.730389e-01 7.054024e-01 7.600200e+00 1.800641e+04 9.043135e-04 8.020138e+00
 8.705394e-04 6.909257e+00 6.758169e-01 7.084655e-01 7.601600e+00 1.764414e+04 9.065307e-04 8.023168e+00
 8.725543e-04 6.907731e+00 6.786024e-01 7.115382e-01 7.603000e+00 1.729060e+04 9.087539e-04 8.026204e+00
 8.745738e-04 6.906197e+00 6.813954e-01 7.146205e-01 7.604400e+00 1.694316e+04 9.109830e-04 8.029247e+00
 8.765980e-04 6.904655e+00 6.841959e-01 7.177123e-01 7.605800e+00 1.660329e+04 9.132183e-04 8.032294e+00
 8.786269e-04 6.903103e+00 6.870038e-01 7.208136e-01 7.607200e+00 1.627083e+04 9.154595e-04 8.035348e+00
 8.806605e-04 6.901544e+00 6.898191e-01 7.239246e-01 7.608600e+00 1.594484e+04 9.177069e-04 8.038407e+00
 8.826988e-04 6.899976e+00 6.926419e-01 7.270450e-01 7.610000e+00 1.562595e+04 9.199603e-04 8.041473e+00
 8.847418e-04 6.898399e+00 6.954721e-01 7.301751e-01 7.611400e+00 1.531253e+04 9.222199e-04 8.044544e+00
 8.867895e-04 6.896914e+00 6.983096e-01 7.333146e-01 7.612900e+00 1.500665e+04 9.244856e-04 8.047731e+00
 8.888420e-04 6.895321e+00 7.011546e-01 7.364637e-01 7.614300e+00 1.470742e+04 9.267574e-04 8.050814e+00
 8.908992e-04 6.893719e+00 7.040069e-01 7.396224e-01 7.615700e+00 1.441260e+04 9.290354e-04 8.053903e+00
 8.929612e-04 6.892109e+00 7.068666e-01 7.427906e-01 7.617100e+00 1.412488e+04 9.313196e-04 8.056998e+00
 8.950280e-04 6.890490e+00 7.097336e-01 7.459683e-01 7.618500e+00 1.384407e+04 9.336100e-04 8.060099e+00
 8.970996e-04 6.888863e+00 7.126079e-01 7.491555e-01 7.619900e+00 1.356803e+04 9.359067e-04 8.063205e+00
 8.991759e-04 6.887228e+00 7.154896e-01 7.523522e-01 7.621300e+00 1.329797e+04 9.382096e-04 8.066318e+00
 9.012570e-04 6.885685e+00 7.183785e-01 7.555585e-01 7.622800e+00 1.303249e+04 9.405188e-04 8.069548e+00
 9.033430e-04 6.884032e+00 7.212746e-01 7.587742e-01 7.624200e+00 1.277340e+04 9.428343e-04 8.072673e+00
 9.054338e-04 6.882372e+00 7.241781e-01 7.619994e-01 7.625600e+00 1.251931e+04 9.451561e-04 8.075804e+00
 9.075294e-04 6.880703e+00 7.270887e-01 7.652341e-01 7.627000e+00 1.227011e+04 9.474842e-04 8.078941e+00
 9.096299e-04 6.879026e+00 7.300066e-01 7.684783e-01 7.628400e+00 1.202690e+04 9.498187e-04 8.082084e+00
 9.117353e-04 6.877341e+00 7.329317e-01 7.717320e-01 7.629800e+00 1.178779e+04 9.521596e-04 8.085233e+00
 9.138455e-04 6.875647e+00 7.358639e-01 7.749951e-01 7.631200e+00 1.155385e+04 9.545070e-04 8.088389e+00
 9.159606e-04 6.873945e+00 7.388034e-01 7.782677e-01 7.632600e+00 1.132496e+04 9.568607e-04 8.091550e+00
 9.180806e-04 6.872235e+00 7.417499e-01 7.815498e-01 7.634000e+00 1.110046e+04 9.592209e-04 8.094718e+00
 9.202055e-04 6.870517e+00 7.447036e-01 7.848412e-01 7.635400e+00 1.088082e+04 9.615875e-04 8.097892e+00
 9.223353e-04 6.868790e+00 7.476643e-01 7.881421e-01 7.636800e+00 1.066484e+04 9.639607e-04 8.101073e+00
 9.244701e-04 6.867055e+00 7.506322e-01 7.914524e-01 7.638200e+00 1.045406e+04 9.663403e-04 8.104259e+00
 9.266097e-04 6.865312e+00 7.536071e-01 7.947721e-01 7.639600e+00 1.024781e+04 9.687265e-04 8.107452e+00
 9.287544e-04 6.863561e+00 7.565890e-01 7.981012e-01 7.641000e+00 1.004551e+04 9.711193e-04 8.110651e+00
 9.309040e-04 6.861801e+00 7.595780e-01 8.014397e-01 7.642400e+00 9.847059e+03 9.735186e-04 8.113857e+00
 9.330586e-04 6.860034e+00 7.625739e-01 8.047875e-01 7.643800e+00 9.652402e+03 9.759246e-04 8.117069e+00
 9.352182e-04 6.858258e+00 7.655768e-01 8.081447e-01 7.645200e+00 9.461937e+03 9.783372e-04 8.120287e+00
 9.373827e-04 6.856474e+00 7.685867e-01 8.115113e-01 7.646600e+00 9.275569e+03 9.807564e-04 8.123511e+00
 9.395523e-04 6.854682e+00 7.716035e-01 8.148872e-01 7.648000e+00 9.093205e+03 9.831823e-04 8.126743e+00
 9.417269e-04 6.852782e+00 7.746272e-01 8.182724e-01 7.649300e+00 8.914303e+03 9.856149e-04 8.129868e+00
 9.439065e-04 6.850974e+00 7.776577e-01 8.216669e-01 7.650700e+00 8.738800e+03 9.880542e-04 8.133112e+00
 9.460912e-04 6.849158e+00 7.806952e-01 8.250707e-01 7.652100e+00 8.567065e+03 9.905002e-04 8.136362e+00
 9.482809e-04 6.847334e+00 7.837394e-01 8.284838e-01 7.653500e+00 8.399013e+03 9.929531e-04 8.139619e+00
 9.504757e-04 6.845402e+00 7.867905e-01 8.319062e-01 7.654800e+00 8.233723e+03 9.954127e-04 8.142771e+00
 9.526756e-04 6.843562e+00 7.898483e-01 8.353378e-01 7.656200e+00 8.072391e+03 9.978791e-04 8.146041e+00
 9.548806e-04 6.841714e+00 7.929129e-01 8.387786e-01 7.657600e+00 7.914107e+03 1.000352e-03 8.149317e+00
 9.570907e-04 6.839757e+00 7.959842e-01 8.422287e-01 7.658900e+00 7.758815e+03 1.002832e-03 8.152488e+00
 9.593059e-04 6.837894e+00 7.990623e-01 8.456879e-01 7.660300e+00 7.607237e+03 1.005319e-03 8.155778e+00
 9.615262e-04 6.835921e+00 8.021470e-01 8.491564e-01 7.661600e+00 7.458131e+03 1.007813e-03 8.158962e+00
 9.637517e-04 6.834042e+00 8.052383e-01 8.526340e-01 7.663000e+00 7.312215e+03 1.010314e-03 8.162265e+00
 9.659823e-04 6.832054e+00 8.083363e-01 8.561208e-01 7.664300e+00 7.169417e+03 1.012822e-03 8.165462e+00
 9.682180e-04 6.830159e+00 8.114409e-01 8.596167e-01 7.665700e+00 7.029303e+03 1.015337e-03 8.168778e+00
 9.704590e-04 6.828155e+00 8.145520e-01 8.631217e-01 7.667000e+00 6.892180e+03 1.017858e-03 8.171988e+00
 9.727051e-04 6.826144e+00 8.176697e-01 8.666358e-01 7.668300e+00 6.757981e+03 1.020387e-03 8.175206e+00
 9.749565e-04 6.824226e+00 8.207939e-01 8.701590e-01 7.669700e+00 6.625952e+03 1.022923e-03 8.178542e+00
 9.772130e-04 6.822199e+00 8.239246e-01 8.736913e-01 7.671000e+00 6.497078e+03 1.025466e-03 8.181773e+00
 9.794748e-04 6.820164e+00 8.270617e-01 8.772325e-01 7.672300e+00 6.370613e+03 1.028016e-03 8.185010e+00
 9.817418e-04 6.818122e+00 8.302053e-01 8.807829e-01 7.673600e+00 6.246515e+03 1.030573e-03 8.188254e+00
 9.840140e-04 6.816073e+00 8.333552e-01 8.843422e-01 7.674900e+00 6.125378e+03 1.033138e-03 8.191505e+00
 9.862915e-04 6.814015e+00 8.365116e-01 8.879105e-01 7.676200e+00 6.006185e+03 1.035709e-03 8.194762e+00
 9.885743e-04 6.811950e+00 8.396742e-01 8.914877e-01 7.677500e+00 5.889527e+03 1.038288e-03 8.198027e+00
 9.908624e-04 6.809878e+00 8.428432e-01 8.950739e-01 7.678800e+00 5.775347e+03 1.040874e-03 8.201298e+00
 9.931557e-04 6.807798e+00 8.460184e-01 8.986690e-01 7.680100e+00 5.663589e+03 1.043467e-03 8.204576e+00
 9.954544e-04 6.805710e+00 8.491998e-01 9.022730e-01 7.681400e+00 5.553615e+03 1.046067e-03 8.207861e+00
 9.977584e-04 6.803615e+00 8.523875e-01 9.058859e-01 7.682700e+00 5.446263e+03 1.048675e-03 8.211153e+00
 1.000068e-03 6.801412e+00 8.555813e-01 9.095076e-01 7.683900e+00 5.340619e+03 1.051290e-03 8.214339e+00
 1.002382e-03 6.799302e+00 8.587813e-01 9.131381e-01 7.685200e+00 5.237494e+03 1.053912e-03 8.217645e+00
 1.004702e-03 6.797184e+00 8.619874e-01 9.167774e-01 7.686500e+00 5.136278e+03 1.056542e-03 8.220958e+00
 1.007028e-03 6.794959e+00 8.651996e-01 9.204255e-01 7.687700e+00 5.037470e+03 1.059179e-03 8.224164e+00
 1.009359e-03 6.792827e+00 8.684178e-01 9.240824e-01 7.689000e+00 4.940222e+03 1.061824e-03 8.227491e+00
 1.011695e-03 6.790587e+00 8.716420e-01 9.277479e-01 7.690200e+00 4.845029e+03 1.064476e-03 8.230711e+00
 1.014036e-03 6.788440e+00 8.748722e-01 9.314222e-01 7.691500e+00 4.751339e+03 1.067136e-03 8.234052e+00
 1.016383e-03 6.786186e+00 8.781083e-01 9.351051e-01 7.692700e+00 4.659881e+03 1.069803e-03 8.237286e+00
 1.018736e-03 6.783924e+00 8.813504e-01 9.387967e-01 7.693900e+00 4.570596e+03 1.072477e-03 8.240528e+00
 1.021094e-03 6.781655e+00 8.845983e-01 9.424969e-01 7.695100e+00 4.482708e+03 1.075160e-03 8.243776e+00
 1.023457e-03 6.779379e+00 8.878520e-01 9.462057e-01 7.696300e+00 4.396673e+03 1.077849e-03 8.247031e+00
 1.025826e-03 6.777196e+00 8.911115e-01 9.499230e-01 7.697600e+00 4.311984e+03 1.080547e-03 8.250408e+00
 1.028200e-03 6.774906e+00 8.943768e-01 9.536489e-01 7.698800e+00 4.229310e+03 1.083252e-03 8.253678e+00
 1.030580e-03 6.772508e+00 8.976478e-01 9.573832e-01 7.699900e+00 4.148151e+03 1.085965e-03 8.256840e+00
 1.032965e-03 6.770204e+00 9.009245e-01 9.611261e-01 7.701100e+00 4.068919e+03 1.088685e-03 8.260124e+00
 1.035356e-03 6.767892e+00 9.042068e-01 9.648774e-01 7.702300e+00 3.990917e+03 1.091413e-03 8.263416e+00
 1.037752e-03 6.765574e+00 9.074947e-01 9.686371e-01 7.703500e+00 3.914766e+03 1.094149e-03 8.266714e+00
 1.040154e-03 6.763248e+00 9.107882e-01 9.724052e-01 7.704700e+00 3.839794e+03 1.096893e-03 8.270020e+00
 1.042562e-03 6.760816e+00 9.140872e-01 9.761816e-01 7.705800e+00 3.766602e+03 1.099645e-03 8.273218e+00
 1.044975e-03 6.758477e+00 9.173917e-01 9.799664e-01 7.707000e+00 3.694539e+03 1.102404e-03 8.276538e+00
 1.047393e-03 6.756030e+00 9.207017e-01 9.837595e-01 7.708100e+00 3.624187e+03 1.105171e-03 8.279751e+00
 1.049817e-03 6.753577e+00 9.240171e-01 9.875608e-01 7.709200e+00 3.555306e+03 1.107946e-03 8.282971e+00
 1.052247e-03 6.751218e+00 9.273378e-01 9.913703e-01 7.710400e+00 3.487291e+03 1.110729e-03 8.286313e+00
 1.054683e-03 6.748751e+00 9.306639e-01 9.951880e-01 7.711500e+00 3.421266e+03 1.113521e-03 8.289548e+00
 1.057124e-03 6.746278e+00 9.339952e-01 9.990139e-01 7.712600e+00 3.356063e+03 1.116320e-03 8.292790e+00
 1.059570e-03 6.743798e+00 9.373318e-01 1.002848e+00 7.713700e+00 3.292225e+03 1.119127e-03 8.296039e+00
 1.062023e-03 6.741311e+00 9.406736e-01 1.006690e+00 7.714800e+00 3.229898e+03 1.121942e-03 8.299296e+00
 1.064481e-03 6.738818e+00 9.440206e-01 1.010540e+00 7.715900e+00 3.168519e+03 1.124765e-03 8.302560e+00
 1.066945e-03 6.736318e+00 9.473727e-01 1.014398e+00 7.717000e+00 3.108422e+03 1.127596e-03 8.305832e+00
 1.069414e-03 6.733812e+00 9.507299e-01 1.018264e+00 7.718100e+00 3.049578e+03 1.130436e-03 8.309111e+00
 1.071889e-03 6.731199e+00 9.540921e-01 1.022139e+00 7.719100e+00 2.991959e+03 1.133283e-03 8.312282e+00
 1.074370e-03 6.728680e+00 9.574592e-01 1.026021e+00 7.720200e+00 2.935212e+03 1.136139e-03 8.315576e+00
 1.076857e-03 6.726054e+00 9.608314e-01 1.029910e+00 7.721200e+00 2.879807e+03 1.139003e-03 8.318762e+00
 1.079349e-03 6.723523e+00 9.642084e-01 1.033808e+00 7.722300e+00 2.825396e+03 1.141875e-03 8.322070e+00
 1.081847e-03 6.720884e+00 9.675903e-01 1.037714e+00 7.723300e+00 2.772271e+03 1.144756e-03 8.325271e+00
 1.084351e-03 6.718240e+00 9.709770e-01 1.041627e+00 7.724300e+00 2.719942e+03 1.147644e-03 8.328480e+00
 1.086861e-03 6.715589e+00 9.743685e-01 1.045548e+00 7.725300e+00 2.668700e+03 1.150542e-03 8.331695e+00
 1.089376e-03 6.712932e+00 9.777646e-01 1.049476e+00 7.726300e+00 2.618521e+03 1.153447e-03 8.334919e+00
 1.091898e-03 6.710268e+00 9.811655e-01 1.053413e+00 7.727300e+00 2.569237e+03 1.156361e-03 8.338150e+00
 1.094425e-03 6.707599e+00 9.845710e-01 1.057357e+00 7.728300e+00 2.520974e+03 1.159284e-03 8.341388e+00
 1.096958e-03 6.704924e+00 9.879810e-01 1.061308e+00 7.729300e+00 2.473709e+03 1.162214e-03 8.344634e+00
 1.099497e-03 6.702243e+00 9.913956e-01 1.065267e+00 7.730300e+00 2.427148e+03 1.165154e-03 8.347888e+00
 1.102042e-03 6.699455e+00 9.948147e-01 1.069233e+00 7.731200e+00 2.381686e+03 1.168102e-03 8.351033e+00
 1.104592e-03 6.696762e+00 9.982382e-01 1.073207e+00 7.732200e+00 2.337030e+03 1.171058e-03 8.354302e+00
 1.107149e-03 6.693962e+00 1.001666e+00 1.077189e+00 7.733100e+00 2.293427e+03 1.174023e-03 8.357462e+00
 1.109712e-03 6.691157e+00 1.005098e+00 1.081177e+00 7.734000e+00 2.250466e+03 1.176997e-03 8.360630e+00
 1.112280e-03 6.688446e+00 1.008535e+00 1.085173e+00 7.735000e+00 2.208392e+03 1.179979e-03 8.363922e+00
 1.114854e-03 6.685630e+00 1.011976e+00 1.089176e+00 7.735900e+00 2.167185e+03 1.182970e-03 8.367105e+00
 1.117435e-03 6.682807e+00 1.015421e+00 1.093186e+00 7.736800e+00 2.126706e+03 1.185970e-03 8.370296e+00
 1.120021e-03 6.679979e+00 1.018870e+00 1.097204e+00 7.737700e+00 2.087060e+03 1.188979e-03 8.373495e+00
 1.122613e-03 6.677146e+00 1.022323e+00 1.101229e+00 7.738600e+00 2.048230e+03 1.191996e-03 8.376701e+00
 1.125212e-03 6.674206e+00 1.025780e+00 1.105260e+00 7.739400e+00 2.010198e+03 1.195022e-03 8.379799e+00
 1.127816e-03 6.671361e+00 1.029242e+00 1.109299e+00 7.740300e+00 1.972832e+03 1.198057e-03 8.383021e+00
 1.130426e-03 6.668411e+00 1.032707e+00 1.113345e+00 7.741100e+00 1.936122e+03 1.201101e-03 8.386133e+00
 1.133043e-03 6.665555e+00 1.036176e+00 1.117397e+00 7.742000e+00 1.900166e+03 1.204154e-03 8.389371e+00
 1.135665e-03 6.662594e+00 1.039649e+00 1.121457e+00 7.742800e+00 1.864948e+03 1.207216e-03 8.392499e+00
 1.138294e-03 6.659627e+00 1.043125e+00 1.125523e+00 7.743600e+00 1.830240e+03 1.210286e-03 8.395635e+00
 1.140928e-03 6.656655e+00 1.046606e+00 1.129597e+00 7.744400e+00 1.796348e+03 1.213366e-03 8.398779e+00
 1.143569e-03 6.653678e+00 1.050090e+00 1.133677e+00 7.745200e+00 1.763252e+03 1.216455e-03 8.401931e+00
 1.146216e-03 6.650696e+00 1.053578e+00 1.137763e+00 7.746000e+00 1.730630e+03 1.219553e-03 8.405090e+00
 1.148869e-03 6.647709e+00 1.057069e+00 1.141856e+00 7.746800e+00 1.698675e+03 1.222660e-03 8.408257e+00
 1.151528e-03 6.644717e+00 1.060564e+00 1.145956e+00 7.747600e+00 1.667373e+03 1.225776e-03 8.411432e+00
 1.154193e-03 6.641619e+00 1.064062e+00 1.150063e+00 7.748300e+00 1.636614e+03 1.228902e-03 8.414498e+00
 1.156864e-03 6.638617e+00 1.067564e+00 1.154175e+00 7.749100e+00 1.606389e+03 1.232036e-03 8.417689e+00
 1.159542e-03 6.635510e+00 1.071069e+00 1.158295e+00 7.749800e+00 1.576781e+03 1.235180e-03 8.420770e+00
 1.162226e-03 6.632397e+00 1.074577e+00 1.162420e+00 7.750500e+00 1.547867e+03 1.238333e-03 8.423859e+00
 1.164916e-03 6.629381e+00 1.078089e+00 1.166552e+00 7.751300e+00 1.519452e+03 1.241496e-03 8.427074e+00
 1.167612e-03 6.626259e+00 1.081604e+00 1.170691e+00 7.752000e+00 1.491527e+03 1.244668e-03 8.430179e+00
 1.170314e-03 6.623132e+00 1.085122e+00 1.174835e+00 7.752700e+00 1.464256e+03 1.247849e-03 8.433291e+00
 1.173023e-03 6.619901e+00 1.088643e+00 1.178986e+00 7.753300e+00 1.437370e+03 1.251040e-03 8.436294e+00
 1.175738e-03 6.616765e+00 1.092167e+00 1.183143e+00 7.754000e+00 1.411029e+03 1.254240e-03 8.439423e+00
 1.178459e-03 6.613625e+00 1.095694e+00 1.187305e+00 7.754700e+00 1.385224e+03 1.257450e-03 8.442560e+00
 1.181187e-03 6.610380e+00 1.099223e+00 1.191474e+00 7.755300e+00 1.359941e+03 1.260669e-03 8.445586e+00
 1.183921e-03 6.607130e+00 1.102756e+00 1.195649e+00 7.755900e+00 1.335013e+03 1.263898e-03 8.448620e+00
 1.186661e-03 6.603977e+00 1.106292e+00 1.199830e+00 7.756600e+00 1.310746e+03 1.267137e-03 8.451781e+00
 1.189407e-03 6.600719e+00 1.109830e+00 1.204016e+00 7.757200e+00 1.286816e+03 1.270385e-03 8.454831e+00
 1.192160e-03 6.597457e+00 1.113371e+00 1.208209e+00 7.757800e+00 1.263371e+03 1.273643e-03 8.457890e+00
 1.194919e-03 6.594090e+00 1.116914e+00 1.212407e+00 7.758300e+00 1.240399e+03 1.276911e-03 8.460838e+00
 1.197685e-03 6.590819e+00 1.120460e+00 1.216610e+00 7.758900e+00 1.217891e+03 1.280188e-03 8.463912e+00
 1.200457e-03 6.587545e+00 1.124009e+00 1.220820e+00 7.759500e+00 1.195695e+03 1.283476e-03 8.466994e+00
 1.203236e-03 6.584165e+00 1.127560e+00 1.225034e+00 7.760000e+00 1.174017e+03 1.286773e-03 8.469966e+00
 1.206021e-03 6.580883e+00 1.131113e+00 1.229255e+00 7.760600e+00 1.152707e+03 1.290080e-03 8.473064e+00
 1.208812e-03 6.577496e+00 1.134669e+00 1.233480e+00 7.761100e+00 1.131894e+03 1.293397e-03 8.476052e+00
 1.211610e-03 6.574105e+00 1.138227e+00 1.237711e+00 7.761600e+00 1.111366e+03 1.296724e-03 8.479048e+00
 1.214414e-03 6.570711e+00 1.141787e+00 1.241948e+00 7.762100e+00 1.091317e+03 1.300061e-03 8.482052e+00
 1.217225e-03 6.567313e+00 1.145349e+00 1.246189e+00 7.762600e+00 1.071606e+03 1.303408e-03 8.485063e+00
 1.220042e-03 6.563911e+00 1.148914e+00 1.250436e+00 7.763100e+00 1.052228e+03 1.306765e-03 8.488083e+00
 1.222866e-03 6.560405e+00 1.152480e+00 1.254688e+00 7.763500e+00 1.033301e+03 1.310132e-03 8.490992e+00
 1.225696e-03 6.556997e+00 1.156048e+00 1.258945e+00 7.764000e+00 1.014753e+03 1.313509e-03 8.494028e+00
 1.228533e-03 6.553484e+00 1.159619e+00 1.263207e+00 7.764400e+00 9.963964e+02 1.316897e-03 8.496953e+00
 1.231376e-03 6.549967e+00 1.163191e+00 1.267474e+00 7.764800e+00 9.785857e+02 1.320295e-03 8.499886e+00
 1.234226e-03 6.546549e+00 1.166764e+00 1.271745e+00 7.765300e+00 9.609556e+02 1.323703e-03 8.502946e+00
 1.237083e-03 6.543026e+00 1.170340e+00 1.276022e+00 7.765700e+00 9.436790e+02 1.327122e-03 8.505895e+00
 1.239946e-03 6.539399e+00 1.173917e+00 1.280303e+00 7.766000e+00 9.268043e+02 1.330550e-03 8.508733e+00
 1.242816e-03 6.535870e+00 1.177496e+00 1.284589e+00 7.766400e+00 9.102109e+02 1.333990e-03 8.511698e+00
 1.245693e-03 6.532338e+00 1.181076e+00 1.288879e+00 7.766800e+00 8.938942e+02 1.337439e-03 8.514672e+00
 1.248576e-03 6.528702e+00 1.184657e+00 1.293175e+00 7.767100e+00 8.779570e+02 1.340900e-03 8.517533e+00
 1.251466e-03 6.525064e+00 1.188240e+00 1.297474e+00 7.767400e+00 8.622316e+02 1.344370e-03 8.520403e+00
 1.254362e-03 6.521523e+00 1.191825e+00 1.301778e+00 7.767800e+00 8.468719e+02 1.347852e-03 8.523401e+00
 1.257265e-03 6.517879e+00 1.195410e+00 1.306086e+00 7.768100e+00 8.317667e+02 1.351344e-03 8.526287e+00
 1.260175e-03 6.514232e+00 1.198997e+00 1.310399e+00 7.768400e+00 8.170122e+02 1.354846e-03 8.529181e+00
 1.263092e-03 6.510582e+00 1.202585e+00 1.314715e+00 7.768700e+00 8.024519e+02 1.358359e-03 8.532084e+00
 1.266016e-03 6.506829e+00 1.206174e+00 1.319036e+00 7.768900e+00 7.882295e+02 1.361884e-03 8.534874e+00
 1.268946e-03 6.503174e+00 1.209764e+00 1.323361e+00 7.769200e+00 7.742414e+02 1.365418e-03 8.537793e+00
 1.271883e-03 6.499416e+00 1.213355e+00 1.327690e+00 7.769400e+00 7.604839e+02 1.368964e-03 8.540599e+00
 1.274826e-03 6.495656e+00 1.216946e+00 1.332022e+00 7.769600e+00 7.470455e+02 1.372521e-03 8.543414e+00
 1.277777e-03 6.491893e+00 1.220539e+00 1.336359e+00 7.769800e+00 7.337822e+02 1.376088e-03 8.546236e+00
 1.280735e-03 6.488128e+00 1.224132e+00 1.340699e+00 7.770000e+00 7.208266e+02 1.379667e-03 8.549067e+00
 1.283699e-03 6.484361e+00 1.227726e+00 1.345043e+00 7.770200e+00 7.080832e+02 1.383256e-03 8.551906e+00
 1.286670e-03 6.480592e+00 1.231320e+00 1.349391e+00 7.770400e+00 6.956350e+02 1.386857e-03 8.554753e+00
 1.289648e-03 6.476820e+00 1.234915e+00 1.353742e+00 7.770600e+00 6.833472e+02 1.390468e-03 8.557608e+00
 1.292633e-03 6.472946e+00 1.238511e+00 1.358097e+00 7.770700e+00 6.713023e+02 1.394091e-03 8.560351e+00
 1.295625e-03 6.469070e+00 1.242106e+00 1.362455e+00 7.770800e+00 6.594952e+02 1.397725e-03 8.563102e+00
 1.298623e-03 6.465192e+00 1.245703e+00 1.366817e+00 7.770900e+00 6.479207e+02 1.401370e-03 8.565860e+00
 1.301629e-03 6.461414e+00 1.249299e+00 1.371181e+00 7.771100e+00 6.365741e+02 1.405027e-03 8.568749e+00
 1.304642e-03 6.457432e+00 1.252896e+00 1.375549e+00 7.771100e+00 6.253723e+02 1.408694e-03 8.571402e+00
 1.307661e-03 6.453549e+00 1.256492e+00 1.379920e+00 7.771200e+00 6.144298e+02 1.412373e-03 8.574186e+00
 1.310688e-03 6.449664e+00 1.260089e+00 1.384294e+00 7.771300e+00 6.036644e+02 1.416064e-03 8.576977e+00
 1.313721e-03 6.445677e+00 1.263686e+00 1.388671e+00 7.771300e+00 5.931478e+02 1.419766e-03 8.579656e+00
 1.316762e-03 6.441689e+00 1.267282e+00 1.393051e+00 7.771300e+00 5.827640e+02 1.423480e-03 8.582342e+00
 1.319810e-03 6.437801e+00 1.270879e+00 1.397434e+00 7.771400e+00 5.726201e+02 1.427205e-03 8.585158e+00
 1.322864e-03 6.433810e+00 1.274475e+00 1.401820e+00 7.771400e+00 5.626394e+02 1.430941e-03 8.587861e+00
 1.325926e-03 6.429717e+00 1.278071e+00 1.406208e+00 7.771300e+00 5.528194e+02 1.434690e-03 8.590450e+00
 1.328995e-03 6.425724e+00 1.281667e+00 1.410598e+00 7.771300e+00 5.432261e+02 1.438450e-03 8.593169e+00
 1.332071e-03 6.421729e+00 1.285262e+00 1.414992e+00 7.771300e+00 5.338202e+02 1.442222e-03 8.595896e+00
 1.335154e-03 6.417633e+00 1.288856e+00 1.419387e+00 7.771200e+00 5.245646e+02 1.446005e-03 8.598510e+00
 1.338244e-03 6.413536e+00 1.292450e+00 1.423785e+00 7.771100e+00 5.154570e+02 1.449801e-03 8.601131e+00
 1.341342e-03 6.409539e+00 1.296044e+00 1.428186e+00 7.771100e+00 5.065274e+02 1.453608e-03 8.603883e+00
 1.344446e-03 6.405441e+00 1.299636e+00 1.432588e+00 7.771000e+00 4.977719e+02 1.457427e-03 8.606521e+00
 1.347558e-03 6.401241e+00 1.303228e+00 1.436993e+00 7.770800e+00 4.891871e+02 1.461259e-03 8.609044e+00
 1.350677e-03 6.397141e+00 1.306819e+00 1.441399e+00 7.770700e+00 4.807386e+02 1.465102e-03 8.611698e+00
 1.353803e-03 6.393040e+00 1.310410e+00 1.445808e+00 7.770600e+00 4.724245e+02 1.468957e-03 8.614361e+00
 1.356936e-03 6.388838e+00 1.313999e+00 1.450218e+00 7.770400e+00 4.643317e+02 1.472825e-03 8.616909e+00
 1.360077e-03 6.384636e+00 1.317587e+00 1.454630e+00 7.770200e+00 4.563081e+02 1.476705e-03 8.619465e+00
 1.363225e-03 6.380434e+00 1.321174e+00 1.459044e+00 7.770000e+00 4.484695e+02 1.480597e-03 8.622029e+00
 1.366380e-03 6.376231e+00 1.324759e+00 1.463460e+00 7.769800e+00 4.407548e+02 1.484501e-03 8.624601e+00
 1.369543e-03 6.372028e+00 1.328344e+00 1.467877e+00 7.769600e+00 4.332177e+02 1.488418e-03 8.627181e+00
 1.372713e-03 6.367825e+00 1.331927e+00 1.472295e+00 7.769400e+00 4.258263e+02 1.492347e-03 8.629770e+00
 1.375890e-03 6.363521e+00 1.335509e+00 1.476715e+00 7.769100e+00 4.185509e+02 1.496288e-03 8.632244e+00
 1.379074e-03 6.359318e+00 1.339089e+00 1.481137e+00 7.768900e+00 4.113897e+02 1.500242e-03 8.634849e+00
 1.382266e-03 6.355014e+00 1.342667e+00 1.485559e+00 7.768600e+00 4.043670e+02 1.504209e-03 8.637339e+00
 1.385465e-03 6.350710e+00 1.346244e+00 1.489983e+00 7.768300e+00 3.974801e+02 1.508188e-03 8.639837e+00
 1.388672e-03 6.346407e+00 1.349819e+00 1.494407e+00 7.768000e+00 3.906756e+02 1.512180e-03 8.642343e+00
 1.391886e-03 6.342003e+00 1.353393e+00 1.498833e+00 7.767600e+00 3.840277e+02 1.516184e-03 8.644733e+00
 1.395108e-03 6.337701e+00 1.356965e+00 1.503259e+00 7.767300e+00 3.775324e+02 1.520202e-03 8.647256e+00
 1.398337e-03 6.333298e+00 1.360534e+00 1.507687e+00 7.766900e+00 3.711138e+02 1.524232e-03 8.649662e+00
 1.401573e-03 6.328996e+00 1.364102e+00 1.512114e+00 7.766600e+00 3.648190e+02 1.528275e-03 8.652201e+00
 1.404817e-03 6.324594e+00 1.367667e+00 1.516543e+00 7.766200e+00 3.586453e+02 1.532331e-03 8.654624e+00
 1.408068e-03 6.320193e+00 1.371231e+00 1.520972e+00 7.765800e+00 3.525902e+02 1.536400e-03 8.657055e+00
 1.411327e-03 6.315793e+00 1.374792e+00 1.525402e+00 7.765400e+00 3.466514e+02 1.540482e-03 8.659494e+00
 1.414594e-03 6.311293e+00 1.378351e+00 1.529832e+00 7.764900e+00 3.407820e+02 1.544577e-03 8.661817e+00
 1.417868e-03 6.306895e+00 1.381908e+00 1.534262e+00 7.764500e+00 3.350472e+02 1.548685e-03 8.664272e+00
 1.421150e-03 6.302396e+00 1.385462e+00 1.538692e+00 7.764000e+00 3.294009e+02 1.552806e-03 8.666611e+00
 1.424439e-03 6.297899e+00 1.389013e+00 1.543123e+00 7.763500e+00 3.238839e+02 1.556941e-03 8.668958e+00
 1.427736e-03 6.293403e+00 1.392563e+00 1.547553e+00 7.763000e+00 3.184306e+02 1.561089e-03 8.671313e+00
 1.431040e-03 6.288909e+00 1.396109e+00 1.551984e+00 7.762500e+00 3.130819e+02 1.565250e-03 8.673676e+00
 1.434353e-03 6.284415e+00 1.399653e+00 1.556414e+00 7.762000e+00 3.078354e+02 1.569425e-03 8.676047e+00
 1.437672e-03 6.279822e+00 1.403194e+00 1.560844e+00 7.761400e+00 3.026892e+02 1.573613e-03 8.678302e+00
 1.441000e-03 6.275332e+00 1.406732e+00 1.565274e+00 7.760900e+00 2.976412e+02 1.577815e-03 8.680689e+00
 1.444335e-03 6.270742e+00 1.410267e+00 1.569703e+00 7.760300e+00 2.926509e+02 1.582030e-03 8.682959e+00
 1.447678e-03 6.266154e+00 1.413799e+00 1.574132e+00 7.759700e+00 2.877749e+02 1.586259e-03 8.685238e+00
 1.451029e-03 6.261568e+00 1.417328e+00 1.578560e+00 7.759100e+00 2.830104e+02 1.590502e-03 8.687524e+00
 1.454387e-03 6.256984e+00 1.420854e+00 1.582987e+00 7.758500e+00 2.782811e+02 1.594759e-03 8.689818e+00
 1.457753e-03 6.252300e+00 1.424376e+00 1.587414e+00 7.757800e+00 2.736783e+02 1.599029e-03 8.691995e+00
 1.461127e-03 6.247719e+00 1.427896e+00 1.591840e+00 7.757200e+00 2.691093e+02 1.603313e-03 8.694306e+00
 1.464509e-03 6.243040e+00 1.431411e+00 1.596265e+00 7.756500e+00 2.646800e+02 1.607612e-03 8.696498e+00
 1.467899e-03 6.238362e+00 1.434924e+00 1.600688e+00 7.755800e+00 2.602826e+02 1.611924e-03 8.698699e+00
 1.471296e-03 6.233687e+00 1.438433e+00 1.605111e+00 7.755100e+00 2.559689e+02 1.616250e-03 8.700908e+00
 1.474701e-03 6.229014e+00 1.441938e+00 1.609532e+00 7.754400e+00 2.517538e+02 1.620591e-03 8.703124e+00
 1.478115e-03 6.224242e+00 1.445440e+00 1.613953e+00 7.753600e+00 2.476020e+02 1.624946e-03 8.705223e+00
 1.481536e-03 6.219575e+00 1.448938e+00 1.618371e+00 7.752900e+00 2.435125e+02 1.629315e-03 8.707455e+00
 1.484965e-03 6.214808e+00 1.452432e+00 1.622788e+00 7.752100e+00 2.395165e+02 1.633698e-03 8.709570e+00
 1.488402e-03 6.210044e+00 1.455922e+00 1.627204e+00 7.751300e+00 2.355959e+02 1.638096e-03 8.711692e+00
 1.491847e-03 6.205283e+00 1.459409e+00 1.631618e+00 7.750500e+00 2.317338e+02 1.642508e-03 8.713822e+00
 1.495300e-03 6.200524e+00 1.462891e+00 1.636030e+00 7.749700e+00 2.279292e+02 1.646934e-03 8.715960e+00
 1.498760e-03 6.195769e+00 1.466369e+00 1.640440e+00 7.748900e+00 2.241965e+02 1.651376e-03 8.718106e+00
 1.502229e-03 6.190915e+00 1.469843e+00 1.644848e+00 7.748000e+00 2.205343e+02 1.655832e-03 8.720133e+00
 1.505706e-03 6.186165e+00 1.473313e+00 1.649255e+00 7.747200e+00 2.169410e+02 1.660302e-03 8.722294e+00
 1.509191e-03 6.181318e+00 1.476778e+00 1.653659e+00 7.746300e+00 2.134009e+02 1.664788e-03 8.724337e+00
 1.512684e-03 6.176473e+00 1.480239e+00 1.658060e+00 7.745400e+00 2.099274e+02 1.669288e-03 8.726387e+00
 1.516185e-03 6.171632e+00 1.483696e+00 1.662460e+00 7.744500e+00 2.065193e+02 1.673803e-03 8.728446e+00
 1.519695e-03 6.166693e+00 1.487148e+00 1.666857e+00 7.743500e+00 2.031476e+02 1.678333e-03 8.730384e+00
 1.523212e-03 6.161859e+00 1.490595e+00 1.671251e+00 7.742600e+00 1.998531e+02 1.682878e-03 8.732458e+00
 1.526737e-03 6.156927e+00 1.494038e+00 1.675643e+00 7.741600e+00 1.966336e+02 1.687438e-03 8.734413e+00
 1.530271e-03 6.151998e+00 1.497476e+00 1.680032e+00 7.740600e+00 1.934350e+02 1.692014e-03 8.736375e+00
 1.533813e-03 6.147073e+00 1.500909e+00 1.684419e+00 7.739600e+00 1.903223e+02 1.696604e-03 8.738344e+00
 1.537363e-03 6.142152e+00 1.504337e+00 1.688802e+00 7.738600e+00 1.872551e+02 1.701210e-03 8.740322e+00
 1.540921e-03 6.137235e+00 1.507761e+00 1.693183e+00 7.737600e+00 1.842327e+02 1.705831e-03 8.742307e+00
 1.544488e-03 6.132322e+00 1.511179e+00 1.697560e+00 7.736600e+00 1.812669e+02 1.710468e-03 8.744300e+00
 1.548062e-03 6.127311e+00 1.514592e+00 1.701934e+00 7.735500e+00 1.783565e+02 1.715120e-03 8.746173e+00
 1.551645e-03 6.122305e+00 1.518000e+00 1.706305e+00 7.734400e+00 1.754765e+02 1.719788e-03 8.748053e+00
 1.555237e-03 6.117302e+00 1.521403e+00 1.710673e+00 7.733300e+00 1.726858e+02 1.724471e-03 8.749941e+00
 1.558836e-03 6.112304e+00 1.524800e+00 1.715037e+00 7.732200e+00 1.699121e+02 1.729171e-03 8.751837e+00
 1.562444e-03 6.107311e+00 1.528192e+00 1.719397e+00 7.731100e+00 1.671902e+02 1.733885e-03 8.753740e+00
 1.566060e-03 6.102220e+00 1.531579e+00 1.723754e+00 7.729900e+00 1.645304e+02 1.738616e-03 8.755522e+00
 1.569685e-03 6.097235e+00 1.534960e+00 1.728107e+00 7.728800e+00 1.618977e+02 1.743363e-03 8.757441e+00
 1.573318e-03 6.092153e+00 1.538335e+00 1.732456e+00 7.727600e+00 1.593251e+02 1.748126e-03 8.759238e+00
 1.576960e-03 6.087076e+00 1.541705e+00 1.736802e+00 7.726400e+00 1.568003e+02 1.752904e-03 8.761043e+00
 1.580609e-03 6.082004e+00 1.545069e+00 1.741143e+00 7.725200e+00 1.543010e+02 1.757699e-03 8.762856e+00
 1.584268e-03 6.076937e+00 1.548427e+00 1.745480e+00 7.724000e+00 1.518587e+02 1.762510e-03 8.764676e+00
 1.587935e-03 6.071773e+00 1.551779e+00 1.749813e+00 7.722700e+00 1.494514e+02 1.767338e-03 8.766374e+00
 1.591610e-03 6.066715e+00 1.555126e+00 1.754142e+00 7.721500e+00 1.470786e+02 1.772181e-03 8.768210e+00
 1.595294e-03 6.061561e+00 1.558466e+00 1.758466e+00 7.720200e+00 1.447699e+02 1.777042e-03 8.769923e+00
 1.598986e-03 6.056412e+00 1.561800e+00 1.762785e+00 7.718900e+00 1.424840e+02 1.781918e-03 8.771644e+00
 1.602687e-03 6.051269e+00 1.565128e+00 1.767100e+00 7.717600e+00 1.402406e+02 1.786812e-03 8.773372e+00
 1.606396e-03 6.046131e+00 1.568450e+00 1.771411e+00 7.716300e+00 1.380386e+02 1.791722e-03 8.775108e+00
 1.610114e-03 6.040896e+00 1.571766e+00 1.775716e+00 7.714900e+00 1.358584e+02 1.796648e-03 8.776721e+00
 1.613841e-03 6.035769e+00 1.575075e+00 1.780017e+00 7.713600e+00 1.337372e+02 1.801592e-03 8.778472e+00
 1.617576e-03 6.030545e+00 1.578378e+00 1.784313e+00 7.712200e+00 1.316459e+02 1.806552e-03 8.780100e+00
 1.621441e-03 6.025328e+00 1.581673e+00 1.788603e+00 7.710800e+00 1.295844e+02 1.811690e-03 8.781735e+00
 1.625375e-03 6.020117e+00 1.584962e+00 1.792886e+00 7.709400e+00 1.275526e+02 1.816925e-03 8.783377e+00
 1.629318e-03 6.014914e+00 1.588242e+00 1.797163e+00 7.708000e+00 1.255764e+02 1.822179e-03 8.785025e+00
 1.633270e-03 6.009617e+00 1.591514e+00 1.801432e+00 7.706500e+00 1.236197e+02 1.827451e-03 8.786549e+00
 1.637232e-03 6.004429e+00 1.594778e+00 1.805694e+00 7.705100e+00 1.216996e+02 1.832742e-03 8.788210e+00
 1.641204e-03 5.999147e+00 1.598033e+00 1.809948e+00 7.703600e+00 1.198151e+02 1.838052e-03 8.789748e+00
 1.645185e-03 5.993873e+00 1.601280e+00 1.814195e+00 7.702100e+00 1.179657e+02 1.843380e-03 8.791292e+00
 1.649176e-03 5.988607e+00 1.604519e+00 1.818434e+00 7.700600e+00 1.161343e+02 1.848728e-03 8.792843e+00
 1.653177e-03 5.983349e+00 1.607749e+00 1.822665e+00 7.699100e+00 1.143449e+02 1.854094e-03 8.794400e+00
 1.657187e-03 5.977997e+00 1.610971e+00 1.826889e+00 7.697500e+00 1.125965e+02 1.859480e-03 8.795834e+00
 1.661207e-03 5.972755e+00 1.614184e+00 1.831104e+00 7.696000e+00 1.108570e+02 1.864884e-03 8.797405e+00
 1.665237e-03 5.967419e+00 1.617388e+00 1.835311e+00 7.694400e+00 1.091650e+02 1.870309e-03 8.798851e+00
 1.669277e-03 5.962091e+00 1.620584e+00 1.839511e+00 7.692800e+00 1.074965e+02 1.875752e-03 8.800304e+00
 1.673326e-03 5.956772e+00 1.623771e+00 1.843701e+00 7.691200e+00 1.058513e+02 1.881215e-03 8.801764e+00
 1.677385e-03 5.951360e+00 1.626948e+00 1.847884e+00 7.689500e+00 1.042363e+02 1.886698e-03 8.803099e+00
 1.681455e-03 5.946058e+00 1.630117e+00 1.852058e+00 7.687900e+00 1.026510e+02 1.892200e-03 8.804573e+00
 1.685534e-03 5.940663e+00 1.633277e+00 1.856223e+00 7.686200e+00 1.010805e+02 1.897722e-03 8.805921e+00
 1.689622e-03 5.935276e+00 1.636428e+00 1.860380e+00 7.684500e+00 9.955996e+01 1.903264e-03 8.807276e+00
 1.693721e-03 5.929898e+00 1.639570e+00 1.864528e+00 7.682800e+00 9.804632e+01 1.908826e-03 8.808638e+00
 1.697830e-03 5.924529e+00 1.642702e+00 1.868667e+00 7.681100e+00 9.656040e+01 1.914408e-03 8.810006e+00
 1.701949e-03 5.919169e+00 1.645825e+00 1.872798e+00 7.679400e+00 9.510840e+01 1.920010e-03 8.811381e+00
 1.706077e-03 5.913716e+00 1.648939e+00 1.876919e+00 7.677600e+00 9.367618e+01 1.925632e-03 8.812630e+00
 1.710216e-03 5.908374e+00 1.652044e+00 1.881031e+00 7.675900e+00 9.226352e+01 1.931275e-03 8.814018e+00
 1.714365e-03 5.902939e+00 1.655139e+00 1.885134e+00 7.674100e+00 9.088306e+01 1.936938e-03 8.815281e+00
 1.718524e-03 5.897513e+00 1.658224e+00 1.889227e+00 7.672300e+00 8.951493e+01 1.942621e-03 8.816550e+00
 1.722693e-03 5.892097e+00 1.661300e+00 1.893311e+00 7.670500e+00 8.817800e+01 1.948325e-03 8.817826e+00
 1.726872e-03 5.886588e+00 1.664367e+00 1.897386e+00 7.668600e+00 8.687151e+01 1.954050e-03 8.818975e+00
 1.731061e-03 5.881190e+00 1.667424e+00 1.901451e+00 7.666800e+00 8.557030e+01 1.959796e-03 8.820264e+00
 1.735260e-03 5.875700e+00 1.670471e+00 1.905507e+00 7.664900e+00 8.430476e+01 1.965562e-03 8.821426e+00
 1.739469e-03 5.870219e+00 1.673508e+00 1.909552e+00 7.663000e+00 8.304425e+01 1.971350e-03 8.822595e+00
 1.743689e-03 5.864747e+00 1.676536e+00 1.913588e+00 7.661100e+00 8.181246e+01 1.977159e-03 8.823771e+00
 1.747919e-03 5.859286e+00 1.679554e+00 1.917614e+00 7.659200e+00 8.060872e+01 1.982988e-03 8.824953e+00
 1.752159e-03 5.853732e+00 1.682562e+00 1.921630e+00 7.657200e+00 7.941525e+01 1.988840e-03 8.826007e+00
 1.756410e-03 5.848290e+00 1.685560e+00 1.925636e+00 7.655300e+00 7.824333e+01 1.994712e-03 8.827202e+00
 1.760671e-03 5.842755e+00 1.688548e+00 1.929632e+00 7.653300e+00 7.709254e+01 2.000606e-03 8.828270e+00
 1.764942e-03 5.837231e+00 1.691526e+00 1.933617e+00 7.651300e+00 7.596247e+01 2.006522e-03 8.829344e+00
 1.769223e-03 5.831716e+00 1.694493e+00 1.937593e+00 7.649300e+00 7.485269e+01 2.012459e-03 8.830424e+00
 1.773515e-03 5.826212e+00 1.697451e+00 1.941557e+00 7.647300e+00 7.375221e+01 2.018419e-03 8.831511e+00
 1.777817e-03 5.820615e+00 1.700399e+00 1.945512e+00 7.645200e+00 7.267678e+01 2.024400e-03 8.832470e+00
 1.782130e-03 5.815131e+00 1.703336e+00 1.949455e+00 7.643200e+00 7.161546e+01 2.030403e-03 8.833570e+00
 1.786453e-03 5.809555e+00 1.706263e+00 1.953388e+00 7.641100e+00 7.057827e+01 2.036428e-03 8.834541e+00
 1.790787e-03 5.803989e+00 1.709179e+00 1.957311e+00 7.639000e+00 6.954957e+01 2.042476e-03 8.835519e+00
 1.795131e-03 5.798434e+00 1.712086e+00 1.961222e+00 7.636900e+00 6.853932e+01 2.048546e-03 8.836503e+00
 1.799486e-03 5.792787e+00 1.714981e+00 1.965123e+00 7.634700e+00 6.755204e+01 2.054638e-03 8.837358e+00
 1.803851e-03 5.787252e+00 1.717867e+00 1.969012e+00 7.632600e+00 6.657272e+01 2.060753e-03 8.838355e+00
 1.808227e-03 5.781626e+00 1.720742e+00 1.972891e+00 7.630400e+00 6.561568e+01 2.066891e-03 8.839223e+00
 1.812614e-03 5.776010e+00 1.723606e+00 1.976758e+00 7.628200e+00 6.466630e+01 2.073051e-03 8.840096e+00
 1.817011e-03 5.770405e+00 1.726460e+00 1.980614e+00 7.626000e+00 6.373854e+01 2.079234e-03 8.840976e+00
 1.821419e-03 5.764810e+00 1.729303e+00 1.984459e+00 7.623800e+00 6.282273e+01 2.085441e-03 8.841862e+00
 1.825837e-03 5.759227e+00 1.732135e+00 1.988292e+00 7.621600e+00 6.192775e+01 2.091670e-03 8.842754e+00
 1.830266e-03 5.753552e+00 1.734956e+00 1.992114e+00 7.619300e+00 6.103977e+01 2.097923e-03 8.843517e+00
 1.834706e-03 5.747887e+00 1.737767e+00 1.995925e+00 7.617000e+00 6.017200e+01 2.104199e-03 8.844286e+00
 1.839157e-03 5.742336e+00 1.740567e+00 1.999724e+00 7.614800e+00 5.931530e+01 2.110498e-03 8.845196e+00
 1.843619e-03 5.736592e+00 1.743356e+00 2.003511e+00 7.612400e+00 5.846955e+01 2.116821e-03 8.845841e+00
 1.848091e-03 5.730960e+00 1.746135e+00 2.007286e+00 7.610100e+00 5.764306e+01 2.123168e-03 8.846627e+00
 1.852574e-03 5.725340e+00 1.748902e+00 2.011050e+00 7.607800e+00 5.683120e+01 2.129538e-03 8.847420e+00
 1.857068e-03 5.719629e+00 1.751658e+00 2.014801e+00 7.605400e+00 5.602139e+01 2.135933e-03 8.848082e+00
 1.861573e-03 5.714031e+00 1.754403e+00 2.018541e+00 7.603100e+00 5.523815e+01 2.142351e-03 8.848886e+00
 1.866089e-03 5.708342e+00 1.757138e+00 2.022268e+00 7.600700e+00 5.445672e+01 2.148793e-03 8.849560e+00
 1.870616e-03 5.702664e+00 1.759861e+00 2.025984e+00 7.598300e+00 5.368915e+01 2.155260e-03 8.850239e+00
 1.875154e-03 5.696896e+00 1.762573e+00 2.029687e+00 7.595800e+00 5.293908e+01 2.161751e-03 8.850788e+00
 1.879703e-03 5.691241e+00 1.765274e+00 2.033377e+00 7.593400e+00 5.219840e+01 2.168267e-03 8.851479e+00
 1.884263e-03 5.685495e+00 1.767963e+00 2.037056e+00 7.590900e+00 5.146702e+01 2.174807e-03 8.852038e+00
 1.888834e-03 5.679864e+00 1.770641e+00 2.040722e+00 7.588500e+00 5.075231e+01 2.181372e-03 8.852741e+00
 1.893416e-03 5.674141e+00 1.773309e+00 2.044375e+00 7.586000e+00 5.004281e+01 2.187962e-03 8.853312e+00
 1.898009e-03 5.668430e+00 1.775964e+00 2.048016e+00 7.583500e+00 4.934950e+01 2.194577e-03 8.853888e+00
 1.902613e-03 5.662731e+00 1.778609e+00 2.051644e+00 7.581000e+00 4.866479e+01 2.201217e-03 8.854471e+00
 1.907229e-03 5.656940e+00 1.781241e+00 2.055260e+00 7.578400e+00 4.799571e+01 2.207882e-03 8.854921e+00
 1.911855e-03 5.651265e+00 1.783863e+00 2.058863e+00 7.575900e+00 4.733137e+01 2.214573e-03 8.855514e+00
 1.916493e-03 5.645498e+00 1.786473e+00 2.062452e+00 7.573300e+00 4.667874e+01 2.221289e-03 8.855975e+00
 1.921142e-03 5.639744e+00 1.789072e+00 2.066029e+00 7.570700e+00 4.603759e+01 2.228031e-03 8.856442e+00
 1.925803e-03 5.634001e+00 1.791659e+00 2.069593e+00 7.568100e+00 4.540434e+01 2.234798e-03 8.856914e+00
 1.930475e-03 5.628270e+00 1.794234e+00 2.073144e+00 7.565500e+00 4.477891e+01 2.241591e-03 8.857391e+00
 1.935158e-03 5.622449e+00 1.796798e+00 2.076681e+00 7.562800e+00 4.417106e+01 2.248410e-03 8.857736e+00
 1.939852e-03 5.616743e+00 1.799350e+00 2.080206e+00 7.560200e+00 4.356412e+01 2.255256e-03 8.858224e+00
 1.944558e-03 5.610946e+00 1.801890e+00 2.083717e+00 7.557500e+00 4.297108e+01 2.262127e-03 8.858579e+00
 1.949275e-03 5.605161e+00 1.804419e+00 2.087214e+00 7.554800e+00 4.238528e+01 2.269025e-03 8.858939e+00
 1.954004e-03 5.599388e+00 1.806936e+00 2.090698e+00 7.552100e+00 4.181288e+01 2.275950e-03 8.859304e+00
 1.958744e-03 5.593628e+00 1.809442e+00 2.094169e+00 7.549400e+00 4.124434e+01 2.282901e-03 8.859674e+00
 1.963496e-03 5.587880e+00 1.811935e+00 2.097626e+00 7.546700e+00 4.068578e+01 2.289879e-03 8.860050e+00
 1.968259e-03 5.582041e+00 1.814417e+00 2.101070e+00 7.543900e+00 4.013702e+01 2.296884e-03 8.860292e+00
 1.973033e-03 5.576318e+00 1.816886e+00 2.104499e+00 7.541200e+00 3.959787e+01 2.303916e-03 8.860678e+00
 1.977820e-03 5.570505e+00 1.819344e+00 2.107915e+00 7.538400e+00 3.906230e+01 2.310975e-03 8.860929e+00
 1.982618e-03 5.564704e+00 1.821790e+00 2.111318e+00 7.535600e+00 3.854190e+01 2.318061e-03 8.861186e+00
 1.987427e-03 5.558915e+00 1.824224e+00 2.114706e+00 7.532800e+00 3.802488e+01 2.325175e-03 8.861448e+00
 1.992248e-03 5.553037e+00 1.826647e+00 2.118080e+00 7.529900e+00 3.751691e+01 2.332316e-03 8.861575e+00
 1.997081e-03 5.547274e+00 1.829057e+00 2.121440e+00 7.527100e+00 3.701504e+01 2.339485e-03 8.861846e+00
 2.001926e-03 5.541420e+00 1.831455e+00 2.124787e+00 7.524200e+00 3.652195e+01 2.346682e-03 8.861983e+00
 2.006782e-03 5.535682e+00 1.833841e+00 2.128119e+00 7.521400e+00 3.603748e+01 2.353907e-03 8.862264e+00
 2.011651e-03 5.529855e+00 1.836215e+00 2.131436e+00 7.518500e+00 3.556148e+01 2.361161e-03 8.862410e+00
 2.016531e-03 5.524039e+00 1.838576e+00 2.134740e+00 7.515600e+00 3.509113e+01 2.368442e-03 8.862561e+00
 2.021422e-03 5.518134e+00 1.840926e+00 2.138029e+00 7.512600e+00 3.462638e+01 2.375752e-03 8.862576e+00
 2.026326e-03 5.512345e+00 1.843263e+00 2.141304e+00 7.509700e+00 3.416975e+01 2.383090e-03 8.862736e+00
 2.031242e-03 5.506466e+00 1.845589e+00 2.144564e+00 7.506700e+00 3.372109e+01 2.390457e-03 8.862761e+00
 2.036169e-03 5.500702e+00 1.847902e+00 2.147810e+00 7.503800e+00 3.327523e+01 2.397854e-03 8.862930e+00
 2.041109e-03 5.494849e+00 1.850203e+00 2.151041e+00 7.500800e+00 3.283965e+01 2.405279e-03 8.862964e+00
 2.046060e-03 5.489009e+00 1.852491e+00 2.154258e+00 7.497800e+00 3.240921e+01 2.412733e-03 8.863001e+00
 2.051024e-03 5.483182e+00 1.854768e+00 2.157460e+00 7.494800e+00 3.198871e+01 2.420216e-03 8.863044e+00
 2.055999e-03 5.477265e+00 1.857032e+00 2.160647e+00 7.491700e+00 3.157073e+01 2.427729e-03 8.862949e+00
 2.060987e-03 5.471464e+00 1.859283e+00 2.163819e+00 7.488700e+00 3.116242e+01 2.435272e-03 8.863000e+00
 2.065986e-03 5.465573e+00 1.861523e+00 2.166976e+00 7.485600e+00 3.075653e+01 2.442844e-03 8.862915e+00
 2.070998e-03 5.459798e+00 1.863750e+00 2.170119e+00 7.482600e+00 3.036003e+01 2.450446e-03 8.862974e+00
 2.076022e-03 5.453934e+00 1.865964e+00 2.173246e+00 7.479500e+00 2.996588e+01 2.458079e-03 8.862897e+00
 2.081058e-03 5.448083e+00 1.868167e+00 2.176359e+00 7.476400e+00 2.958085e+01 2.465741e-03 8.862824e+00
 2.086107e-03 5.442245e+00 1.870356e+00 2.179456e+00 7.473300e+00 2.919807e+01 2.473434e-03 8.862755e+00
 2.091167e-03 5.436318e+00 1.872534e+00 2.182538e+00 7.470100e+00 2.882417e+01 2.481158e-03 8.862548e+00
 2.096240e-03 5.430507e+00 1.874699e+00 2.185605e+00 7.467000e+00 2.845460e+01 2.488912e-03 8.862487e+00
 2.101325e-03 5.424607e+00 1.876851e+00 2.188657e+00 7.463800e+00 2.808933e+01 2.496697e-03 8.862289e+00
 2.106423e-03 5.418720e+00 1.878991e+00 2.191693e+00 7.460600e+00 2.773254e+01 2.504512e-03 8.862094e+00
 2.111533e-03 5.412846e+00 1.881118e+00 2.194714e+00 7.457400e+00 2.737776e+01 2.512360e-03 8.861903e+00
 2.116655e-03 5.406986e+00 1.883233e+00 2.197719e+00 7.454200e+00 2.703124e+01 2.520238e-03 8.861716e+00
 2.121790e-03 5.401140e+00 1.885335e+00 2.200709e+00 7.451000e+00 2.668870e+01 2.528148e-03 8.861533e+00
 2.126937e-03 5.395307e+00 1.887425e+00 2.203684e+00 7.447800e+00 2.635010e+01 2.536089e-03 8.861354e+00
 2.132096e-03 5.389385e+00 1.889502e+00 2.206643e+00 7.444500e+00 2.601938e+01 2.544063e-03 8.861036e+00
 2.137269e-03 5.383579e+00 1.891566e+00 2.209586e+00 7.441300e+00 2.569047e+01 2.552068e-03 8.860864e+00
 2.142453e-03 5.377684e+00 1.893618e+00 2.212514e+00 7.438000e+00 2.536729e+01 2.560105e-03 8.860554e+00
 2.147651e-03 5.371803e+00 1.895658e+00 2.215426e+00 7.434700e+00 2.504973e+01 2.568175e-03 8.860247e+00
 2.152861e-03 5.365935e+00 1.897684e+00 2.218322e+00 7.431400e+00 2.473579e+01 2.576277e-03 8.859943e+00
 2.158083e-03 5.360081e+00 1.899698e+00 2.221202e+00 7.428100e+00 2.442543e+01 2.584412e-03 8.859643e+00
 2.163318e-03 5.354138e+00 1.901699e+00 2.224066e+00 7.424700e+00 2.412048e+01 2.592580e-03 8.859204e+00
 2.168566e-03 5.348312e+00 1.903688e+00 2.226915e+00 7.421400e+00 2.382083e+01 2.600780e-03 8.858911e+00
 2.173827e-03 5.342396e+00 1.905664e+00 2.229747e+00 7.418000e+00 2.352640e+01 2.609014e-03 8.858478e+00
 2.179100e-03 5.336494e+00 1.907627e+00 2.232564e+00 7.414600e+00 2.323170e+01 2.617281e-03 8.858048e+00
 2.184386e-03 5.330710e+00 1.909577e+00 2.235364e+00 7.411300e+00 2.294747e+01 2.625581e-03 8.857766e+00
 2.189685e-03 5.324836e+00 1.911515e+00 2.238148e+00 7.407900e+00 2.266291e+01 2.633916e-03 8.857343e+00
 2.194997e-03 5.318873e+00 1.913440e+00 2.240916e+00 7.404400e+00 2.238331e+01 2.642284e-03 8.856779e+00
 2.200322e-03 5.313027e+00 1.915352e+00 2.243668e+00 7.401000e+00 2.210858e+01 2.650686e-03 8.856362e+00
 2.205660e-03 5.307195e+00 1.917251e+00 2.246404e+00 7.397600e+00 2.183863e+01 2.659122e-03 8.855949e+00
 2.211010e-03 5.301274e+00 1.919138e+00 2.249124e+00 7.394100e+00 2.157170e+01 2.667592e-03 8.855395e+00
 2.216374e-03 5.295366e+00 1.921011e+00 2.251827e+00 7.390600e+00 2.130776e+01 2.676098e-03 8.854843e+00
 2.221751e-03 5.289577e+00 1.922872e+00 2.254513e+00 7.387200e+00 2.104679e+01 2.684637e-03 8.854439e+00
 2.227140e-03 5.283698e+00 1.924720e+00 2.257184e+00 7.383700e+00 2.079037e+01 2.693212e-03 8.853894e+00
 2.232543e-03 5.277833e+00 1.926556e+00 2.259838e+00 7.380200e+00 2.053842e+01 2.701822e-03 8.853351e+00
 2.237959e-03 5.271878e+00 1.928378e+00 2.262475e+00 7.376600e+00 2.029086e+01 2.710467e-03 8.852667e+00
 2.243388e-03 5.266042e+00 1.930188e+00 2.265096e+00 7.373100e+00 2.004604e+01 2.719148e-03 8.852130e+00
 2.248830e-03 5.260116e+00 1.931985e+00 2.267700e+00 7.369500e+00 1.980394e+01 2.727864e-03 8.851451e+00
 2.254285e-03 5.254307e+00 1.933769e+00 2.270288e+00 7.366000e+00 1.956607e+01 2.736616e-03 8.850919e+00
 2.259754e-03 5.248410e+00 1.935540e+00 2.272859e+00 7.362400e+00 1.933235e+01 2.745404e-03 8.850246e+00
 2.265236e-03 5.242527e+00 1.937298e+00 2.275413e+00 7.358800e+00 1.909970e+01 2.754229e-03 8.849575e+00
 2.270731e-03 5.236658e+00 1.939044e+00 2.277951e+00 7.355200e+00 1.887112e+01 2.763090e-03 8.848906e+00
 2.276239e-03 5.230803e+00 1.940776e+00 2.280472e+00 7.351600e+00 1.864654e+01 2.771987e-03 8.848240e+00
 2.281761e-03 5.224962e+00 1.942496e+00 2.282976e+00 7.348000e+00 1.842442e+01 2.780921e-03 8.847577e+00
 2.287296e-03 5.219033e+00 1.944203e+00 2.285463e+00 7.344300e+00 1.820619e+01 2.789892e-03 8.846770e+00
 2.292845e-03 5.213221e+00 1.945897e+00 2.287933e+00 7.340700e+00 1.798894e+01 2.798901e-03 8.846112e+00
 2.298407e-03 5.207320e+00 1.947578e+00 2.290387e+00 7.337000e+00 1.777828e+01 2.807946e-03 8.845310e+00
 2.303983e-03 5.201537e+00 1.949246e+00 2.292823e+00 7.333400e+00 1.756853e+01 2.817030e-03 8.844656e+00
 2.309572e-03 5.195664e+00 1.950901e+00 2.295243e+00 7.329700e+00 1.736245e+01 2.826151e-03 8.843858e+00
 2.315175e-03 5.189806e+00 1.952544e+00 2.297645e+00 7.326000e+00 1.715862e+01 2.835310e-03 8.843063e+00
 2.320791e-03 5.183963e+00 1.954173e+00 2.300031e+00 7.322300e+00 1.695702e+01 2.844507e-03 8.842270e+00
 2.326421e-03 5.178030e+00 1.955790e+00 2.302400e+00 7.318500e+00 1.675895e+01 2.853743e-03 8.841333e+00
 2.332065e-03 5.172215e+00 1.957394e+00 2.304751e+00 7.314800e+00 1.656434e+01 2.863017e-03 8.840544e+00
 2.337722e-03 5.166415e+00 1.958985e+00 2.307085e+00 7.311100e+00 1.637056e+01 2.872330e-03 8.839757e+00
 2.343393e-03 5.160526e+00 1.960563e+00 2.309402e+00 7.307300e+00 1.618145e+01 2.881682e-03 8.838826e+00
 2.349078e-03 5.154650e+00 1.962128e+00 2.311702e+00 7.303500e+00 1.599311e+01 2.891073e-03 8.837896e+00
 2.354776e-03 5.148790e+00 1.963680e+00 2.313985e+00 7.299700e+00 1.580934e+01 2.900504e-03 8.836968e+00
 2.360488e-03 5.143048e+00 1.965219e+00 2.316251e+00 7.296000e+00 1.562630e+01 2.909974e-03 8.836189e+00
 2.366215e-03 5.137112e+00 1.966746e+00 2.318499e+00 7.292100e+00 1.544771e+01 2.919484e-03 8.835118e+00
 2.371955e-03 5.131295e+00 1.968259e+00 2.320730e+00 7.288300e+00 1.526982e+01 2.929035e-03 8.834196e+00
 2.377709e-03 5.125492e+00 1.969760e+00 2.322944e+00 7.284500e+00 1.509506e+01 2.938625e-03 8.833275e+00
 2.383477e-03 5.119704e+00 1.971248e+00 2.325140e+00 7.280700e+00 1.492337e+01 2.948256e-03 8.832356e+00
 2.389259e-03 5.113827e+00 1.972722e+00 2.327319e+00 7.276800e+00 1.475352e+01 2.957928e-03 8.831291e+00
 2.395055e-03 5.107964e+00 1.974184e+00 2.329481e+00 7.272900e+00 1.458549e+01 2.967640e-03 8.830227e+00
 2.400865e-03 5.102220e+00 1.975634e+00 2.331625e+00 7.269100e+00 1.441927e+01 2.977394e-03 8.829313e+00
 2.406689e-03 5.096386e+00 1.977070e+00 2.333752e+00 7.265200e+00 1.425598e+01 2.987189e-03 8.828253e+00
 2.412527e-03 5.090567e+00 1.978493e+00 2.335861e+00 7.261300e+00 1.409556e+01 2.997026e-03 8.827194e+00
 2.418380e-03 5.084762e+00 1.979904e+00 2.337953e+00 7.257400e+00 1.393797e+01 3.006905e-03 8.826136e+00
 2.424246e-03 5.078972e+00 1.981302e+00 2.340028e+00 7.253500e+00 1.377985e+01 3.016825e-03 8.825079e+00
 2.430127e-03 5.073093e+00 1.982687e+00 2.342085e+00 7.249500e+00 1.362561e+01 3.026788e-03 8.823876e+00
 2.436022e-03 5.067332e+00 1.984059e+00 2.344124e+00 7.245600e+00 1.347302e+01 3.036793e-03 8.822822e+00
 2.441932e-03 5.061586e+00 1.985418e+00 2.346146e+00 7.241700e+00 1.332418e+01 3.046841e-03 8.821769e+00
 2.447856e-03 5.055750e+00 1.986765e+00 2.348150e+00 7.237700e+00 1.317481e+01 3.056932e-03 8.820569e+00
 2.453794e-03 5.049929e+00 1.988098e+00 2.350137e+00 7.233700e+00 1.302807e+01 3.067067e-03 8.819370e+00
 2.459746e-03 5.044123e+00 1.989419e+00 2.352106e+00 7.229700e+00 1.288497e+01 3.077244e-03 8.818172e+00
 2.465713e-03 5.038435e+00 1.990727e+00 2.354057e+00 7.225800e+00 1.274235e+01 3.087466e-03 8.817124e+00
 2.471695e-03 5.032657e+00 1.992022e+00 2.355991e+00 7.221800e+00 1.260225e+01 3.097731e-03 8.815927e+00
 2.477691e-03 5.026791e+00 1.993305e+00 2.357907e+00 7.217700e+00 1.246363e+01 3.108040e-03 8.814583e+00
 2.483701e-03 5.021043e+00 1.994575e+00 2.359805e+00 7.213700e+00 1.232649e+01 3.118394e-03 8.813388e+00
 2.489727e-03 5.015309e+00 1.995832e+00 2.361686e+00 7.209700e+00 1.219177e+01 3.128792e-03 8.812194e+00
 2.495766e-03 5.009486e+00 1.997076e+00 2.363549e+00 7.205600e+00 1.205944e+01 3.139236e-03 8.810852e+00
 2.501821e-03 5.003782e+00 1.998307e+00 2.365394e+00 7.201600e+00 1.192754e+01 3.149724e-03 8.809660e+00
 2.507890e-03 4.997988e+00 1.999526e+00 2.367222e+00 7.197500e+00 1.179799e+01 3.160258e-03 8.808318e+00
 2.513973e-03 4.992313e+00 2.000732e+00 2.369032e+00 7.193500e+00 1.167074e+01 3.170837e-03 8.807128e+00
 2.520072e-03 4.986549e+00 2.001925e+00 2.370824e+00 7.189400e+00 1.154482e+01 3.181462e-03 8.805787e+00
 2.526185e-03 4.980799e+00 2.003106e+00 2.372598e+00 7.185300e+00 1.142021e+01 3.192134e-03 8.804448e+00
 2.532314e-03 4.975063e+00 2.004274e+00 2.374355e+00 7.181200e+00 1.129692e+01 3.202851e-03 8.803108e+00
 2.538457e-03 4.969343e+00 2.005430e+00 2.376094e+00 7.177100e+00 1.117583e+01 3.213615e-03 8.801770e+00
 2.544615e-03 4.963636e+00 2.006572e+00 2.377815e+00 7.173000e+00 1.105511e+01 3.224427e-03 8.800431e+00
 2.550787e-03 4.957840e+00 2.007702e+00 2.379518e+00 7.168800e+00 1.093831e+01 3.235285e-03 8.798942e+00
 2.556975e-03 4.952163e+00 2.008820e+00 2.381204e+00 7.164700e+00 1.082185e+01 3.246190e-03 8.797605e+00
 2.563178e-03 4.946397e+00 2.009925e+00 2.382871e+00 7.160500e+00 1.070574e+01 3.257144e-03 8.796116e+00
 2.569396e-03 4.940749e+00 2.011017e+00 2.384521e+00 7.156400e+00 1.059256e+01 3.268145e-03 8.794779e+00
 2.575629e-03 4.935011e+00 2.012096e+00 2.386153e+00 7.152200e+00 1.048057e+01 3.279194e-03 8.793291e+00
 2.581877e-03 4.929288e+00 2.013164e+00 2.387767e+00 7.148000e+00 1.037142e+01 3.290292e-03 8.791803e+00
 2.588140e-03 4.923684e+00 2.014218e+00 2.389364e+00 7.143900e+00 1.026173e+01 3.301439e-03 8.790466e+00
 2.594419e-03 4.917990e+00 2.015260e+00 2.390942e+00 7.139700e+00 1.015400e+01 3.312634e-03 8.788978e+00
 2.600713e-03 4.912311e+00 2.016290e+00 2.392503e+00 7.135500e+00 1.004821e+01 3.323879e-03 8.787490e+00
 2.607022e-03 4.906646e+00 2.017307e+00 2.394046e+00 7.131300e+00 9.942713e+00 3.335173e-03 8.786002e+00
 2.613346e-03 4.900891e+00 2.018311e+00 2.395570e+00 7.127000e+00 9.839911e+00 3.346517e-03 8.784361e+00
 2.619685e-03 4.895255e+00 2.019303e+00 2.397078e+00 7.122800e+00 9.737374e+00 3.357911e-03 8.782873e+00
 2.626040e-03 4.889634e+00 2.020283e+00 2.398567e+00 7.118600e+00 9.636687e+00 3.369356e-03 8.781384e+00
 2.632411e-03 4.883922e+00 2.021250e+00 2.400038e+00 7.114300e+00 9.537039e+00 3.380851e-03 8.779743e+00
 2.638797e-03 4.878330e+00 2.022205e+00 2.401492e+00 7.110100e+00 9.439191e+00 3.392397e-03 8.778253e+00
 2.645198e-03 4.872648e+00 2.023147e+00 2.402927e+00 7.105800e+00 9.341585e+00 3.403994e-03 8.776611e+00
 2.651615e-03 4.866980e+00 2.024077e+00 2.404345e+00 7.101500e+00 9.246503e+00 3.415643e-03 8.774969e+00
 2.658047e-03 4.861431e+00 2.024995e+00 2.405745e+00 7.097300e+00 9.151646e+00 3.427343e-03 8.773479e+00
 2.664495e-03 4.855792e+00 2.025900e+00 2.407128e+00 7.093000e+00 9.058510e+00 3.439096e-03 8.771835e+00
 2.670959e-03 4.850167e+00 2.026793e+00 2.408492e+00 7.088700e+00 8.967065e+00 3.450901e-03 8.770191e+00
 2.677439e-03 4.844557e+00 2.027674e+00 2.409838e+00 7.084400e+00 8.875097e+00 3.462758e-03 8.768546e+00
 2.683934e-03 4.838961e+00 2.028543e+00 2.411167e+00 7.080100e+00 8.785525e+00 3.474668e-03 8.766901e+00
 2.690445e-03 4.833380e+00 2.029399e+00 2.412478e+00 7.075800e+00 8.696869e+00 3.486632e-03 8.765255e+00
 2.696971e-03 4.827708e+00 2.030243e+00 2.413771e+00 7.071400e+00 8.609124e+00 3.498649e-03 8.763455e+00
 2.703514e-03 4.822155e+00 2.031075e+00 2.415046e+00 7.067100e+00 8.523680e+00 3.510720e-03 8.761807e+00
 2.710072e-03 4.816617e+00 2.031894e+00 2.416303e+00 7.062800e+00 8.437712e+00 3.522845e-03 8.760159e+00
 2.716646e-03 4.810988e+00 2.032702e+00 2.417543e+00 7.058400e+00 8.353320e+00 3.535025e-03 8.758356e+00
 2.723236e-03 4.805374e+00 2.033497e+00 2.418764e+00 7.054000e+00 8.270473e+00 3.547259e-03 8.756552e+00
 2.729843e-03 4.799878e+00 2.034280e+00 2.419968e+00 7.049700e+00 8.189143e+00 3.559548e-03 8.754901e+00
 2.736465e-03 4.794293e+00 2.035051e+00 2.421155e+00 7.045300e+00 8.107299e+00 3.571893e-03 8.753095e+00
 2.743103e-03 4.788721e+00 2.035810e+00 2.422323e+00 7.040900e+00 8.027623e+00 3.584293e-03 8.751287e+00
 2.749758e-03 4.783268e+00 2.036557e+00 2.423473e+00 7.036600e+00 7.948756e+00 3.596750e-03 8.749633e+00
 2.756428e-03 4.777725e+00 2.037292e+00 2.424606e+00 7.032200e+00 7.870690e+00 3.609262e-03 8.747824e+00
 2.763115e-03 4.772196e+00 2.038015e+00 2.425721e+00 7.027800e+00 7.793419e+00 3.621831e-03 8.746013e+00
 2.769818e-03 4.766682e+00 2.038726e+00 2.426819e+00 7.023400e+00 7.716935e+00 3.634458e-03 8.744201e+00
 2.776537e-03 4.761076e+00 2.039425e+00 2.427898e+00 7.018900e+00 7.642499e+00 3.647141e-03 8.742233e+00
 2.783272e-03 4.755590e+00 2.040112e+00 2.428960e+00 7.014500e+00 7.568184e+00 3.659882e-03 8.740419e+00
 2.790024e-03 4.750118e+00 2.040787e+00 2.430005e+00 7.010100e+00 7.495249e+00 3.672681e-03 8.738602e+00
 2.796792e-03 4.744660e+00 2.041450e+00 2.431031e+00 7.005700e+00 7.422432e+00 3.685538e-03 8.736785e+00
 2.803577e-03 4.739111e+00 2.042102e+00 2.432040e+00 7.001200e+00 7.350970e+00 3.698453e-03 8.734811e+00
 2.810378e-03 4.733681e+00 2.042741e+00 2.433031e+00 6.996800e+00 7.279625e+00 3.711428e-03 8.732990e+00
 2.817196e-03 4.728160e+00 2.043369e+00 2.434005e+00 6.992300e+00 7.210210e+00 3.724461e-03 8.731013e+00
 2.824030e-03 4.722758e+00 2.043985e+00 2.434961e+00 6.987900e+00 7.141493e+00 3.737555e-03 8.729190e+00
 2.830881e-03 4.717266e+00 2.044589e+00 2.435899e+00 6.983400e+00 7.073472e+00 3.750708e-03 8.727209e+00
 2.837748e-03 4.711787e+00 2.045182e+00 2.436820e+00 6.978900e+00 7.006138e+00 3.763921e-03 8.725226e+00
 2.844632e-03 4.706427e+00 2.045763e+00 2.437723e+00 6.974500e+00 6.940645e+00 3.777195e-03 8.723398e+00
 2.851533e-03 4.700976e+00 2.046332e+00 2.438609e+00 6.970000e+00 6.874658e+00 3.790530e-03 8.721412e+00
 2.858450e-03 4.695539e+00 2.046890e+00 2.439477e+00 6.965500e+00 6.809911e+00 3.803926e-03 8.719424e+00
 2.865384e-03 4.690116e+00 2.047436e+00 2.440327e+00 6.961000e+00 6.746381e+00 3.817384e-03 8.717434e+00
 2.872335e-03 4.684707e+00 2.047970e+00 2.441160e+00 6.956500e+00 6.682929e+00 3.830904e-03 8.715442e+00
 2.879303e-03 4.679312e+00 2.048493e+00 2.441976e+00 6.952000e+00 6.620674e+00 3.844486e-03 8.713448e+00
 2.886288e-03 4.673930e+00 2.049004e+00 2.442774e+00 6.947500e+00 6.558496e+00 3.858130e-03 8.711452e+00
 2.893290e-03 4.668458e+00 2.049504e+00 2.443555e+00 6.942900e+00 6.498038e+00 3.871838e-03 8.709297e+00
 2.900308e-03 4.663104e+00 2.049992e+00 2.444318e+00 6.938400e+00 6.437646e+00 3.885609e-03 8.707297e+00
 2.907344e-03 4.657763e+00 2.050469e+00 2.445064e+00 6.933900e+00 6.378399e+00 3.899444e-03 8.705295e+00
 2.914397e-03 4.652437e+00 2.050935e+00 2.445792e+00 6.929400e+00 6.319747e+00 3.913343e-03 8.703290e+00
 2.921467e-03 4.647019e+00 2.051389e+00 2.446504e+00 6.924800e+00 6.261685e+00 3.927307e-03 8.701126e+00
 2.928554e-03 4.641720e+00 2.051831e+00 2.447197e+00 6.920300e+00 6.204730e+00 3.941335e-03 8.699117e+00
 2.935658e-03 4.636329e+00 2.052263e+00 2.447874e+00 6.915700e+00 6.147828e+00 3.955429e-03 8.696949e+00
 2.942780e-03 4.631058e+00 2.052683e+00 2.448533e+00 6.911200e+00 6.092525e+00 3.969588e-03 8.694935e+00
 2.949918e-03 4.625694e+00 2.053092e+00 2.449175e+00 6.906600e+00 6.036757e+00 3.983813e-03 8.692761e+00
 2.957075e-03 4.620344e+00 2.053490e+00 2.449800e+00 6.902000e+00 5.982056e+00 3.998105e-03 8.690586e+00
 2.964248e-03 4.615113e+00 2.053876e+00 2.450407e+00 6.897500e+00 5.928406e+00 4.012463e-03 8.688564e+00
 2.971439e-03 4.609790e+00 2.054252e+00 2.450998e+00 6.892900e+00 5.874797e+00 4.026889e-03 8.686383e+00
 2.978647e-03 4.604481e+00 2.054616e+00 2.451571e+00 6.888300e+00 5.822712e+00 4.041382e-03 8.684199e+00
 2.985873e-03 4.599185e+00 2.054969e+00 2.452127e+00 6.883700e+00 5.770659e+00 4.055942e-03 8.682012e+00
 2.993116e-03 4.593903e+00 2.055311e+00 2.452666e+00 6.879100e+00 5.719611e+00 4.070572e-03 8.679823e+00
 3.000377e-03 4.588634e+00 2.055642e+00 2.453188e+00 6.874500e+00 5.668114e+00 4.085269e-03 8.677631e+00
 3.007656e-03 4.583378e+00 2.055962e+00 2.453693e+00 6.869900e+00 5.618089e+00 4.100036e-03 8.675436e+00
 3.014952e-03 4.578135e+00 2.056271e+00 2.454181e+00 6.865300e+00 5.568566e+00 4.114873e-03 8.673238e+00
 3.022266e-03 4.572906e+00 2.056569e+00 2.454652e+00 6.860700e+00 5.519538e+00 4.129779e-03 8.671037e+00
 3.029597e-03 4.567690e+00 2.056856e+00 2.455106e+00 6.856100e+00 5.471002e+00 4.144756e-03 8.668833e+00
 3.036947e-03 4.562488e+00 2.057133e+00 2.455543e+00 6.851500e+00 5.423875e+00 4.159803e-03 8.666626e+00
 3.044314e-03 4.557298e+00 2.057398e+00 2.455963e+00 6.846900e+00 5.376301e+00 4.174921e-03 8.664417e+00
 3.051699e-03 4.552122e+00 2.057653e+00 2.456366e+00 6.842300e+00 5.329660e+00 4.190111e-03 8.662204e+00
 3.059102e-03 4.546853e+00 2.057897e+00 2.456753e+00 6.837600e+00 5.283035e+00 4.205373e-03 8.659829e+00
 3.066523e-03 4.541703e+00 2.058130e+00 2.457123e+00 6.833000e+00 5.237772e+00 4.220708e-03 8.657610e+00
 3.073962e-03 4.536566e+00 2.058352e+00 2.457476e+00 6.828400e+00 5.192518e+00 4.236115e-03 8.655388e+00
 3.081419e-03 4.531337e+00 2.058564e+00 2.457812e+00 6.823700e+00 5.148157e+00 4.251595e-03 8.653003e+00
 3.088894e-03 4.526226e+00 2.058765e+00 2.458131e+00 6.819100e+00 5.103805e+00 4.267149e-03 8.650774e+00
 3.096387e-03 4.521022e+00 2.058956e+00 2.458434e+00 6.814400e+00 5.060761e+00 4.282776e-03 8.648383e+00
 3.103899e-03 4.515937e+00 2.059136e+00 2.458721e+00 6.809800e+00 5.017719e+00 4.298479e-03 8.646148e+00
 3.111428e-03 4.510760e+00 2.059306e+00 2.458990e+00 6.805100e+00 4.975531e+00 4.314256e-03 8.643750e+00
 3.118976e-03 4.505700e+00 2.059465e+00 2.459244e+00 6.800500e+00 4.932922e+00 4.330109e-03 8.641507e+00
 3.126542e-03 4.500548e+00 2.059613e+00 2.459480e+00 6.795800e+00 4.891579e+00 4.346037e-03 8.639102e+00
 3.134127e-03 4.495409e+00 2.059751e+00 2.459700e+00 6.791100e+00 4.850649e+00 4.362042e-03 8.636693e+00
 3.141730e-03 4.490388e+00 2.059879e+00 2.459904e+00 6.786500e+00 4.810130e+00 4.378123e-03 8.634440e+00
 3.149351e-03 4.485275e+00 2.059997e+00 2.460092e+00 6.781800e+00 4.770015e+00 4.394282e-03 8.632024e+00
 3.156991e-03 4.480174e+00 2.060104e+00 2.460263e+00 6.777100e+00 4.730303e+00 4.410518e-03 8.629604e+00
 3.164650e-03 4.475085e+00 2.060200e+00 2.460417e+00 6.772400e+00 4.690990e+00 4.426832e-03 8.627181e+00
 3.172327e-03 4.470115e+00 2.060287e+00 2.460556e+00 6.767800e+00 4.652868e+00 4.443225e-03 8.624913e+00
 3.180022e-03 4.465052e+00 2.060363e+00 2.460678e+00 6.763100e+00 4.614335e+00 4.459696e-03 8.622482e+00
 3.187736e-03 4.460001e+00 2.060430e+00 2.460784e+00 6.758400e+00 4.576582e+00 4.476247e-03 8.620047e+00
 3.195469e-03 4.454963e+00 2.060486e+00 2.460874e+00 6.753700e+00 4.538817e+00 4.492878e-03 8.617608e+00
 3.203221e-03 4.449937e+00 2.060532e+00 2.460947e+00 6.749000e+00 4.502207e+00 4.509589e-03 8.615165e+00
 3.210992e-03 4.444924e+00 2.060568e+00 2.461005e+00 6.744300e+00 4.465578e+00 4.526381e-03 8.612718e+00
 3.218781e-03 4.439923e+00 2.060593e+00 2.461046e+00 6.739600e+00 4.429699e+00 4.543255e-03 8.610267e+00
 3.226590e-03 4.434935e+00 2.060609e+00 2.461072e+00 6.734900e+00 4.393800e+00 4.560210e-03 8.607812e+00
 3.234417e-03 4.429959e+00 2.060615e+00 2.461081e+00 6.730200e+00 4.358638e+00 4.577247e-03 8.605352e+00
 3.242263e-03 4.424995e+00 2.060611e+00 2.461075e+00 6.725500e+00 4.323455e+00 4.594368e-03 8.602889e+00
 3.250128e-03 4.420043e+00 2.060598e+00 2.461053e+00 6.720800e+00 4.288997e+00 4.611571e-03 8.600421e+00
 3.258013e-03 4.415103e+00 2.060574e+00 2.461015e+00 6.716100e+00 4.254518e+00 4.628858e-03 8.597949e+00
 3.265916e-03 4.410176e+00 2.060540e+00 2.460961e+00 6.711400e+00 4.221118e+00 4.646229e-03 8.595473e+00
 3.273839e-03 4.405261e+00 2.060497e+00 2.460892e+00 6.706700e+00 4.187688e+00 4.663685e-03 8.592993e+00
 3.281781e-03 4.400358e+00 2.060444e+00 2.460806e+00 6.702000e+00 4.154957e+00 4.681227e-03 8.590508e+00
 3.289742e-03 4.395361e+00 2.060382e+00 2.460705e+00 6.697200e+00 4.121838e+00 4.698854e-03 8.587858e+00
 3.297722e-03 4.390482e+00 2.060309e+00 2.460589e+00 6.692500e+00 4.089764e+00 4.716567e-03 8.585364e+00
 3.305722e-03 4.385614e+00 2.060228e+00 2.460457e+00 6.687800e+00 4.058013e+00 4.734367e-03 8.582866e+00
 3.313741e-03 4.380759e+00 2.060136e+00 2.460309e+00 6.683100e+00 4.026581e+00 4.752254e-03 8.580364e+00
 3.321780e-03 4.375916e+00 2.060035e+00 2.460146e+00 6.678400e+00 3.995466e+00 4.770229e-03 8.577857e+00
 3.329838e-03 4.370978e+00 2.059925e+00 2.459968e+00 6.673600e+00 3.964665e+00 4.788292e-03 8.575184e+00
 3.337916e-03 4.366159e+00 2.059805e+00 2.459774e+00 6.668900e+00 3.934175e+00 4.806445e-03 8.572667e+00
 3.346013e-03 4.361351e+00 2.059676e+00 2.459565e+00 6.664200e+00 3.903991e+00 4.824686e-03 8.570147e+00
 3.354130e-03 4.356448e+00 2.059537e+00 2.459340e+00 6.659400e+00 3.874115e+00 4.843017e-03 8.567459e+00
 3.362267e-03 4.351664e+00 2.059389e+00 2.459101e+00 6.654700e+00 3.844540e+00 4.861439e-03 8.564929e+00
 3.370423e-03 4.346891e+00 2.059232e+00 2.458846e+00 6.650000e+00 3.815928e+00 4.879952e-03 8.562394e+00
 3.378599e-03 4.342129e+00 2.059065e+00 2.458576e+00 6.645300e+00 3.786946e+00 4.898556e-03 8.559854e+00
 3.386795e-03 4.337274e+00 2.058889e+00 2.458291e+00 6.640500e+00 3.758257e+00 4.917252e-03 8.557147e+00
 3.395011e-03 4.332535e+00 2.058705e+00 2.457991e+00 6.635800e+00 3.730186e+00 4.936041e-03 8.554597e+00
 3.403247e-03 4.327702e+00 2.058510e+00 2.457676e+00 6.631000e+00 3.702075e+00 4.954923e-03 8.551881e+00
 3.411503e-03 4.322987e+00 2.058307e+00 2.457346e+00 6.626300e+00 3.674893e+00 4.973898e-03 8.549321e+00
 3.419779e-03 4.318283e+00 2.058095e+00 2.457001e+00 6.621600e+00 3.647667e+00 4.992968e-03 8.546757e+00
 3.428075e-03 4.313484e+00 2.057874e+00 2.456641e+00 6.616800e+00 3.620401e+00 5.012133e-03 8.544025e+00
 3.436391e-03 4.308802e+00 2.057644e+00 2.456266e+00 6.612100e+00 3.594042e+00 5.031393e-03 8.541450e+00
 3.444727e-03 4.304026e+00 2.057404e+00 2.455877e+00 6.607300e+00 3.567639e+00 5.050749e-03 8.538708e+00
 3.453083e-03 4.299367e+00 2.057156e+00 2.455473e+00 6.602600e+00 3.541815e+00 5.070201e-03 8.536123e+00
 3.461460e-03 4.294719e+00 2.056899e+00 2.455055e+00 6.597900e+00 3.515944e+00 5.089751e-03 8.533533e+00
 3.469857e-03 4.289976e+00 2.056634e+00 2.454621e+00 6.593100e+00 3.490033e+00 5.109398e-03 8.530775e+00
 3.478274e-03 4.285351e+00 2.056359e+00 2.454174e+00 6.588400e+00 3.464996e+00 5.129143e-03 8.528175e+00
 3.486712e-03 4.280630e+00 2.056076e+00 2.453712e+00 6.583600e+00 3.439912e+00 5.148988e-03 8.525406e+00
 3.495171e-03 4.276026e+00 2.055784e+00 2.453235e+00 6.578900e+00 3.415384e+00 5.168932e-03 8.522795e+00
 3.503649e-03 4.271327e+00 2.055484e+00 2.452744e+00 6.574100e+00 3.391407e+00 5.188976e-03 8.520015e+00
 3.512149e-03 4.266745e+00 2.055174e+00 2.452239e+00 6.569400e+00 3.367082e+00 5.209120e-03 8.517394e+00
 3.520669e-03 4.262174e+00 2.054857e+00 2.451719e+00 6.564700e+00 3.343301e+00 5.229366e-03 8.514767e+00
 3.529209e-03 4.257508e+00 2.054530e+00 2.451186e+00 6.559900e+00 3.319471e+00 5.249713e-03 8.511970e+00
 3.537771e-03 4.252958e+00 2.054196e+00 2.450638e+00 6.555200e+00 3.296178e+00 5.270163e-03 8.509332e+00
 3.546353e-03 4.248313e+00 2.053852e+00 2.450076e+00 6.550400e+00 3.272836e+00 5.290717e-03 8.506525e+00
 3.554956e-03 4.243785e+00 2.053501e+00 2.449500e+00 6.545700e+00 3.250308e+00 5.311374e-03 8.503876e+00
 3.563580e-03 4.239162e+00 2.053141e+00 2.448910e+00 6.540900e+00 3.227727e+00 5.332135e-03 8.501057e+00
 3.572224e-03 4.234655e+00 2.052772e+00 2.448306e+00 6.536200e+00 3.205097e+00 5.353001e-03 8.498397e+00
 3.580890e-03 4.230052e+00 2.052396e+00 2.447688e+00 6.531400e+00 3.183263e+00 5.373973e-03 8.495567e+00
 3.589577e-03 4.225566e+00 2.052011e+00 2.447057e+00 6.526700e+00 3.161376e+00 5.395051e-03 8.492895e+00
 3.598285e-03 4.221090e+00 2.051618e+00 2.446412e+00 6.522000e+00 3.139436e+00 5.416236e-03 8.490217e+00
 3.607014e-03 4.216519e+00 2.051216e+00 2.445752e+00 6.517200e+00 3.118279e+00 5.437528e-03 8.487370e+00
 3.615764e-03 4.212064e+00 2.050807e+00 2.445080e+00 6.512500e+00 3.097066e+00 5.458928e-03 8.484681e+00
 3.624535e-03 4.207513e+00 2.050390e+00 2.444394e+00 6.507700e+00 3.076346e+00 5.480438e-03 8.481821e+00
 3.633328e-03 4.203079e+00 2.049964e+00 2.443694e+00 6.503000e+00 3.055299e+00 5.502057e-03 8.479121e+00
 3.642142e-03 4.198655e+00 2.049531e+00 2.442980e+00 6.498300e+00 3.035012e+00 5.523786e-03 8.476414e+00
 3.650977e-03 4.194135e+00 2.049089e+00 2.442254e+00 6.493500e+00 3.014669e+00 5.545626e-03 8.473536e+00
 3.659834e-03 4.189731e+00 2.048640e+00 2.441514e+00 6.488800e+00 2.994804e+00 5.567577e-03 8.470818e+00
 3.668712e-03 4.185231e+00 2.048182e+00 2.440760e+00 6.484000e+00 2.974617e+00 5.589640e-03 8.467928e+00
 3.677612e-03 4.180847e+00 2.047717e+00 2.439994e+00 6.479300e+00 2.955170e+00 5.611817e-03 8.465197e+00
 3.686533e-03 4.176473e+00 2.047244e+00 2.439214e+00 6.474600e+00 2.935664e+00 5.634106e-03 8.462461e+00
 3.695476e-03 4.172003e+00 2.046764e+00 2.438421e+00 6.469800e+00 2.916624e+00 5.656510e-03 8.459553e+00
 3.704441e-03 4.167649e+00 2.046275e+00 2.437615e+00 6.465100e+00 2.897266e+00 5.679029e-03 8.456803e+00
 3.713427e-03 4.163305e+00 2.045779e+00 2.436796e+00 6.460400e+00 2.878629e+00 5.701664e-03 8.454048e+00
 3.722436e-03 4.158864e+00 2.045276e+00 2.435964e+00 6.455600e+00 2.860187e+00 5.724415e-03 8.451121e+00
 3.731466e-03 4.154539e+00 2.044765e+00 2.435120e+00 6.450900e+00 2.841686e+00 5.747283e-03 8.448354e+00
 3.740518e-03 4.150224e+00 2.044246e+00 2.434262e+00 6.446200e+00 2.823635e+00 5.770268e-03 8.445579e+00
 3.749592e-03 4.145919e+00 2.043720e+00 2.433392e+00 6.441500e+00 2.805272e+00 5.793372e-03 8.442799e+00
 3.758688e-03 4.141517e+00 2.043186e+00 2.432509e+00 6.436700e+00 2.787604e+00 5.816596e-03 8.439847e+00
 3.767806e-03 4.137230e+00 2.042645e+00 2.431613e+00 6.432000e+00 2.769876e+00 5.839939e-03 8.437054e+00
 3.776946e-03 4.132954e+00 2.042096e+00 2.430705e+00 6.427300e+00 2.752585e+00 5.863402e-03 8.434254e+00
 3.786108e-03 4.128686e+00 2.041540e+00 2.429784e+00 6.422600e+00 2.735477e+00 5.886988e-03 8.431448e+00
 3.795293e-03 4.124428e+00 2.040977e+00 2.428850e+00 6.417900e+00 2.718064e+00 5.910695e-03 8.428635e+00
 3.804500e-03 4.120073e+00 2.040407e+00 2.427905e+00 6.413100e+00 2.701325e+00 5.934525e-03 8.425651e+00
 3.813729e-03 4.115834e+00 2.039829e+00 2.426947e+00 6.408400e+00 2.684523e+00 5.958478e-03 8.422825e+00
 3.822980e-03 4.111603e+00 2.039244e+00 2.425976e+00 6.403700e+00 2.668143e+00 5.982556e-03 8.419993e+00
 3.832255e-03 4.107382e+00 2.038652e+00 2.424994e+00 6.399000e+00 2.651461e+00 6.006760e-03 8.417154e+00
 3.841551e-03 4.103171e+00 2.038053e+00 2.423999e+00 6.394300e+00 2.635435e+00 6.031089e-03 8.414309e+00
 3.850870e-03 4.098968e+00 2.037447e+00 2.422992e+00 6.389600e+00 2.619346e+00 6.055544e-03 8.411456e+00
 3.860212e-03 4.094774e+00 2.036834e+00 2.421974e+00 6.384900e+00 2.603666e+00 6.080127e-03 8.408598e+00
 3.869576e-03 4.090589e+00 2.036214e+00 2.420943e+00 6.380200e+00 2.587691e+00 6.104839e-03 8.405732e+00
 3.878963e-03 4.086414e+00 2.035587e+00 2.419900e+00 6.375500e+00 2.572353e+00 6.129679e-03 8.402860e+00
 3.888373e-03 4.082247e+00 2.034953e+00 2.418846e+00 6.370800e+00 2.556952e+00 6.154649e-03 8.399981e+00
 3.897806e-03 4.078089e+00 2.034312e+00 2.417779e+00 6.366100e+00 2.541490e+00 6.179750e-03 8.397095e+00
 3.907261e-03 4.073939e+00 2.033665e+00 2.416702e+00 6.361400e+00 2.526653e+00 6.204982e-03 8.394202e+00
 3.916740e-03 4.069799e+00 2.033011e+00 2.415612e+00 6.356700e+00 2.511753e+00 6.230346e-03 8.391302e+00
 3.926241e-03 4.065667e+00 2.032350e+00 2.414511e+00 6.352000e+00 2.496790e+00 6.255843e-03 8.388395e+00
 3.935766e-03 4.061544e+00 2.031682e+00 2.413398e+00 6.347300e+00 2.482443e+00 6.281474e-03 8.385482e+00
 3.945313e-03 4.057536e+00 2.031008e+00 2.412274e+00 6.342700e+00 2.468030e+00 6.307240e-03 8.382728e+00
 3.954884e-03 4.053430e+00 2.030327e+00 2.411138e+00 6.338000e+00 2.453555e+00 6.333141e-03 8.379800e+00
 3.964478e-03 4.049332e+00 2.029640e+00 2.409991e+00 6.333300e+00 2.439683e+00 6.359179e-03 8.376866e+00
 3.974095e-03 4.045243e+00 2.028946e+00 2.408833e+00 6.328600e+00 2.425745e+00 6.385354e-03 8.373924e+00
 3.983736e-03 4.041269e+00 2.028245e+00 2.407663e+00 6.324000e+00 2.411744e+00 6.411666e-03 8.371142e+00
 3.993400e-03 4.037197e+00 2.027538e+00 2.406483e+00 6.319300e+00 2.398117e+00 6.438118e-03 8.368186e+00
 4.003087e-03 4.033133e+00 2.026825e+00 2.405291e+00 6.314600e+00 2.384427e+00 6.464709e-03 8.365223e+00
 4.012798e-03 4.029184e+00 2.026106e+00 2.404089e+00 6.310000e+00 2.371106e+00 6.491441e-03 8.362420e+00
 4.022533e-03 4.025136e+00 2.025380e+00 2.402875e+00 6.305300e+00 2.357720e+00 6.518314e-03 8.359442e+00
 4.032291e-03 4.021203e+00 2.024648e+00 2.401650e+00 6.300700e+00 2.344699e+00 6.545330e-03 8.356625e+00
 4.042073e-03 4.017172e+00 2.023910e+00 2.400415e+00 6.296000e+00 2.331613e+00 6.572489e-03 8.353632e+00
 4.051878e-03 4.013255e+00 2.023165e+00 2.399169e+00 6.291400e+00 2.318887e+00 6.599791e-03 8.350800e+00
 4.061707e-03 4.009240e+00 2.022414e+00 2.397912e+00 6.286700e+00 2.306096e+00 6.627239e-03 8.347794e+00
 4.071561e-03 4.005339e+00 2.021658e+00 2.396645e+00 6.282100e+00 2.293661e+00 6.654833e-03 8.344947e+00
 4.081438e-03 4.001340e+00 2.020895e+00 2.395367e+00 6.277400e+00 2.280950e+00 6.682573e-03 8.341926e+00
 4.091339e-03 3.997455e+00 2.020126e+00 2.394079e+00 6.272800e+00 2.268593e+00 6.710462e-03 8.339064e+00
 4.101264e-03 3.993578e+00 2.019351e+00 2.392780e+00 6.268200e+00 2.256585e+00 6.738498e-03 8.336196e+00
 4.111213e-03 3.989601e+00 2.018571e+00 2.391470e+00 6.263500e+00 2.244305e+00 6.766684e-03 8.333152e+00
 4.121186e-03 3.985740e+00 2.017784e+00 2.390151e+00 6.258900e+00 2.232371e+00 6.795021e-03 8.330268e+00
 4.131183e-03 3.981886e+00 2.016992e+00 2.388821e+00 6.254300e+00 2.220779e+00 6.823509e-03 8.327377e+00
