# MvsR for pwp /home/gieg/projects/BAM_old/src/projects/eos/tab/pwpfits/eos_alf2.pwp
# rho_c, R_iso, M, Mb, R, Lambda, e_c, R_inv
 4.179167e-04 8.487318e+00 1.186668e-01 1.190854e-01 8.606400e+00 4.979795e+07 4.247577e-04 8.725236e+00
 4.186266e-04 8.466761e+00 1.192198e-01 1.196462e-01 8.586400e+00 4.851207e+07 4.254877e-04 8.705490e+00
 4.193377e-04 8.446498e+00 1.197779e-01 1.202123e-01 8.566700e+00 4.725947e+07 4.262191e-04 8.686048e+00
 4.200500e-04 8.426329e+00 1.203411e-01 1.207836e-01 8.547100e+00 4.603930e+07 4.269517e-04 8.666707e+00
 4.207635e-04 8.406356e+00 1.209094e-01 1.213601e-01 8.527700e+00 4.485072e+07 4.276857e-04 8.647569e+00
 4.214783e-04 8.386677e+00 1.214830e-01 1.219420e-01 8.508600e+00 4.369348e+07 4.284210e-04 8.628735e+00
 4.221942e-04 8.367093e+00 1.220617e-01 1.225292e-01 8.489600e+00 4.256596e+07 4.291575e-04 8.610002e+00
 4.229114e-04 8.347704e+00 1.226456e-01 1.231218e-01 8.470800e+00 4.146821e+07 4.298954e-04 8.591472e+00
 4.236298e-04 8.328609e+00 1.232347e-01 1.237197e-01 8.452300e+00 4.039865e+07 4.306346e-04 8.573246e+00
 4.243494e-04 8.309610e+00 1.238291e-01 1.243229e-01 8.433900e+00 3.935710e+07 4.313751e-04 8.555121e+00
 4.250702e-04 8.290904e+00 1.244287e-01 1.249316e-01 8.415800e+00 3.834284e+07 4.321170e-04 8.537301e+00
 4.257923e-04 8.272294e+00 1.250336e-01 1.255457e-01 8.397800e+00 3.735462e+07 4.328601e-04 8.519582e+00
 4.265156e-04 8.253878e+00 1.256438e-01 1.261652e-01 8.380000e+00 3.639257e+07 4.336046e-04 8.502066e+00
 4.272401e-04 8.235757e+00 1.262593e-01 1.267902e-01 8.362500e+00 3.545522e+07 4.343504e-04 8.484854e+00
 4.279658e-04 8.217730e+00 1.268801e-01 1.274207e-01 8.345100e+00 3.454246e+07 4.350976e-04 8.467743e+00
 4.286928e-04 8.199898e+00 1.275063e-01 1.280567e-01 8.327900e+00 3.365363e+07 4.358460e-04 8.450836e+00
 4.294210e-04 8.182260e+00 1.281378e-01 1.286982e-01 8.310900e+00 3.278738e+07 4.365959e-04 8.434131e+00
 4.301505e-04 8.164817e+00 1.287748e-01 1.293452e-01 8.294100e+00 3.194459e+07 4.373470e-04 8.417629e+00
 4.308812e-04 8.147569e+00 1.294171e-01 1.299978e-01 8.277500e+00 3.112318e+07 4.380995e-04 8.401330e+00
 4.316131e-04 8.130515e+00 1.300649e-01 1.306560e-01 8.261100e+00 3.032309e+07 4.388534e-04 8.385234e+00
 4.323463e-04 8.113655e+00 1.307181e-01 1.313199e-01 8.244900e+00 2.954399e+07 4.396085e-04 8.369342e+00
 4.330807e-04 8.096990e+00 1.313768e-01 1.319893e-01 8.228900e+00 2.878535e+07 4.403651e-04 8.353652e+00
 4.338163e-04 8.080420e+00 1.320410e-01 1.326644e-01 8.213000e+00 2.804614e+07 4.411230e-04 8.338064e+00
 4.345533e-04 8.064043e+00 1.327107e-01 1.333452e-01 8.197300e+00 2.732658e+07 4.418822e-04 8.322679e+00
 4.352914e-04 8.047961e+00 1.333859e-01 1.340316e-01 8.181900e+00 2.662544e+07 4.426428e-04 8.307599e+00
 4.360308e-04 8.031974e+00 1.340666e-01 1.347238e-01 8.166600e+00 2.594271e+07 4.434048e-04 8.292620e+00
 4.367715e-04 8.016081e+00 1.347529e-01 1.354218e-01 8.151400e+00 2.527767e+07 4.441681e-04 8.277743e+00
 4.375135e-04 8.000482e+00 1.354449e-01 1.361255e-01 8.136500e+00 2.463009e+07 4.449328e-04 8.263170e+00
 4.382567e-04 7.984977e+00 1.361424e-01 1.368350e-01 8.121700e+00 2.399905e+07 4.456989e-04 8.248700e+00
 4.390011e-04 7.969767e+00 1.368455e-01 1.375503e-01 8.107200e+00 2.338481e+07 4.464663e-04 8.234534e+00
 4.397468e-04 7.954651e+00 1.375543e-01 1.382714e-01 8.092800e+00 2.278624e+07 4.472351e-04 8.220470e+00
 4.404938e-04 7.939629e+00 1.382688e-01 1.389984e-01 8.078500e+00 2.220339e+07 4.480053e-04 8.206508e+00
 4.412421e-04 7.924902e+00 1.389890e-01 1.397313e-01 8.064500e+00 2.163583e+07 4.487769e-04 8.192851e+00
 4.419916e-04 7.910268e+00 1.397148e-01 1.404701e-01 8.050600e+00 2.108252e+07 4.495499e-04 8.179295e+00
 4.427424e-04 7.895829e+00 1.404465e-01 1.412148e-01 8.036900e+00 2.054394e+07 4.503242e-04 8.165943e+00
 4.434945e-04 7.881484e+00 1.411838e-01 1.419655e-01 8.023300e+00 2.001928e+07 4.511000e-04 8.152693e+00
 4.442478e-04 7.867433e+00 1.419270e-01 1.427221e-01 8.010000e+00 1.950818e+07 4.518771e-04 8.139748e+00
 4.450025e-04 7.853476e+00 1.426760e-01 1.434848e-01 7.996800e+00 1.901068e+07 4.526556e-04 8.126905e+00
 4.457584e-04 7.839613e+00 1.434307e-01 1.442535e-01 7.983700e+00 1.852563e+07 4.534355e-04 8.114163e+00
 4.465156e-04 7.826044e+00 1.441914e-01 1.450282e-01 7.970900e+00 1.805329e+07 4.542168e-04 8.101728e+00
 4.472741e-04 7.812570e+00 1.449579e-01 1.458090e-01 7.958200e+00 1.759333e+07 4.549996e-04 8.089394e+00
 4.480338e-04 7.799189e+00 1.457303e-01 1.465960e-01 7.945600e+00 1.714504e+07 4.557837e-04 8.077161e+00
 4.487949e-04 7.786102e+00 1.465086e-01 1.473890e-01 7.933300e+00 1.670869e+07 4.565693e-04 8.065235e+00
 4.495573e-04 7.773009e+00 1.472928e-01 1.481882e-01 7.921000e+00 1.628338e+07 4.573562e-04 8.053309e+00
 4.503209e-04 7.760211e+00 1.480830e-01 1.489936e-01 7.909000e+00 1.586923e+07 4.581446e-04 8.041688e+00
 4.510859e-04 7.747506e+00 1.488792e-01 1.498052e-01 7.897100e+00 1.546573e+07 4.589344e-04 8.030169e+00
 4.518521e-04 7.734894e+00 1.496814e-01 1.506231e-01 7.885300e+00 1.507261e+07 4.597256e-04 8.018752e+00
 4.526197e-04 7.722577e+00 1.504896e-01 1.514472e-01 7.873800e+00 1.468960e+07 4.605182e-04 8.007642e+00
 4.533885e-04 7.710254e+00 1.513039e-01 1.522775e-01 7.862300e+00 1.431644e+07 4.613123e-04 7.996531e+00
 4.541587e-04 7.698124e+00 1.521242e-01 1.531142e-01 7.851000e+00 1.395304e+07 4.621078e-04 7.985624e+00
 4.549302e-04 7.686188e+00 1.529507e-01 1.539573e-01 7.839900e+00 1.359880e+07 4.629047e-04 7.974922e+00
 4.557029e-04 7.674346e+00 1.537833e-01 1.548067e-01 7.828900e+00 1.325400e+07 4.637031e-04 7.964321e+00
 4.564770e-04 7.662698e+00 1.546220e-01 1.556625e-01 7.818100e+00 1.291787e+07 4.645029e-04 7.953925e+00
 4.572524e-04 7.651143e+00 1.554669e-01 1.565247e-01 7.807400e+00 1.259071e+07 4.653041e-04 7.943631e+00
 4.580292e-04 7.639782e+00 1.563180e-01 1.573933e-01 7.796900e+00 1.227176e+07 4.661068e-04 7.933541e+00
 4.588072e-04 7.628515e+00 1.571753e-01 1.582685e-01 7.786500e+00 1.196082e+07 4.669110e-04 7.923554e+00
 4.595866e-04 7.617441e+00 1.580389e-01 1.591501e-01 7.776300e+00 1.165817e+07 4.677165e-04 7.913771e+00
 4.603673e-04 7.606461e+00 1.589088e-01 1.600383e-01 7.766200e+00 1.136327e+07 4.685236e-04 7.904090e+00
 4.611493e-04 7.595675e+00 1.597849e-01 1.609330e-01 7.756300e+00 1.107591e+07 4.693321e-04 7.894613e+00
 4.619326e-04 7.584982e+00 1.606674e-01 1.618343e-01 7.746500e+00 1.079590e+07 4.701421e-04 7.885239e+00
 4.627173e-04 7.574382e+00 1.615562e-01 1.627423e-01 7.736800e+00 1.052304e+07 4.709535e-04 7.875967e+00
 4.635033e-04 7.563976e+00 1.624514e-01 1.636569e-01 7.727300e+00 1.025747e+07 4.717664e-04 7.866900e+00
 4.642907e-04 7.553664e+00 1.633530e-01 1.645781e-01 7.717900e+00 9.998368e+06 4.725808e-04 7.857936e+00
 4.650793e-04 7.543445e+00 1.642610e-01 1.655061e-01 7.708600e+00 9.746032e+06 4.733966e-04 7.849073e+00
 4.658694e-04 7.533419e+00 1.651755e-01 1.664408e-01 7.699500e+00 9.500281e+06 4.742139e-04 7.840416e+00
 4.666607e-04 7.523487e+00 1.660964e-01 1.673822e-01 7.690500e+00 9.260650e+06 4.750327e-04 7.831861e+00
 4.674534e-04 7.513748e+00 1.670239e-01 1.683305e-01 7.681700e+00 9.027269e+06 4.758530e-04 7.823511e+00
 4.682475e-04 7.504102e+00 1.679579e-01 1.692856e-01 7.673000e+00 8.799691e+06 4.766748e-04 7.815263e+00
 4.690429e-04 7.494550e+00 1.688984e-01 1.702475e-01 7.664400e+00 8.578188e+06 4.774980e-04 7.807118e+00
 4.698396e-04 7.485191e+00 1.698456e-01 1.712163e-01 7.656000e+00 8.362183e+06 4.783228e-04 7.799178e+00
 4.706377e-04 7.475825e+00 1.707993e-01 1.721921e-01 7.647600e+00 8.151809e+06 4.791490e-04 7.791239e+00
 4.714372e-04 7.466653e+00 1.717597e-01 1.731747e-01 7.639400e+00 7.946783e+06 4.799768e-04 7.783504e+00
 4.722380e-04 7.457673e+00 1.727267e-01 1.741644e-01 7.631400e+00 7.746967e+06 4.808060e-04 7.775975e+00
 4.730402e-04 7.448687e+00 1.737005e-01 1.751610e-01 7.623400e+00 7.552225e+06 4.816368e-04 7.768446e+00
 4.738437e-04 7.439894e+00 1.746809e-01 1.761647e-01 7.615600e+00 7.362428e+06 4.824690e-04 7.761122e+00
 4.746487e-04 7.431194e+00 1.756681e-01 1.771755e-01 7.607900e+00 7.177447e+06 4.833028e-04 7.753901e+00
 4.754549e-04 7.422687e+00 1.766621e-01 1.781934e-01 7.600400e+00 6.997283e+06 4.841381e-04 7.746886e+00
 4.762626e-04 7.414173e+00 1.776629e-01 1.792183e-01 7.592900e+00 6.821563e+06 4.849749e-04 7.739870e+00
 4.770716e-04 7.405852e+00 1.786705e-01 1.802505e-01 7.585600e+00 6.650539e+06 4.858132e-04 7.733061e+00
 4.778820e-04 7.397624e+00 1.796850e-01 1.812899e-01 7.578400e+00 6.483727e+06 4.866530e-04 7.726354e+00
 4.786937e-04 7.389489e+00 1.807063e-01 1.823364e-01 7.571300e+00 6.321255e+06 4.874944e-04 7.719750e+00
 4.795069e-04 7.381447e+00 1.817346e-01 1.833903e-01 7.564300e+00 6.162778e+06 4.883373e-04 7.713250e+00
 4.803214e-04 7.373598e+00 1.827698e-01 1.844514e-01 7.557500e+00 6.008425e+06 4.891818e-04 7.706955e+00
 4.811373e-04 7.365841e+00 1.838120e-01 1.855199e-01 7.550800e+00 5.858086e+06 4.900277e-04 7.700763e+00
 4.819546e-04 7.358078e+00 1.848612e-01 1.865957e-01 7.544100e+00 5.711324e+06 4.908753e-04 7.694572e+00
 4.827733e-04 7.350507e+00 1.859174e-01 1.876789e-01 7.537600e+00 5.568488e+06 4.917243e-04 7.688586e+00
 4.835934e-04 7.343129e+00 1.869807e-01 1.887695e-01 7.531300e+00 5.429150e+06 4.925749e-04 7.682807e+00
 4.844149e-04 7.335744e+00 1.880510e-01 1.898676e-01 7.525000e+00 5.293434e+06 4.934271e-04 7.677028e+00
 4.852377e-04 7.328451e+00 1.891285e-01 1.909732e-01 7.518800e+00 5.161142e+06 4.942808e-04 7.671352e+00
 4.860620e-04 7.321251e+00 1.902132e-01 1.920863e-01 7.512700e+00 5.032186e+06 4.951361e-04 7.665780e+00
 4.868877e-04 7.314244e+00 1.913050e-01 1.932070e-01 7.506800e+00 4.906479e+06 4.959929e-04 7.660414e+00
 4.877147e-04 7.307330e+00 1.924040e-01 1.943353e-01 7.501000e+00 4.783939e+06 4.968513e-04 7.655151e+00
 4.885432e-04 7.300407e+00 1.935102e-01 1.954712e-01 7.495200e+00 4.664583e+06 4.977113e-04 7.649889e+00
 4.893731e-04 7.293678e+00 1.946237e-01 1.966147e-01 7.489600e+00 4.548135e+06 4.985729e-04 7.644833e+00
 4.902044e-04 7.287041e+00 1.957446e-01 1.977660e-01 7.484100e+00 4.434806e+06 4.994360e-04 7.639881e+00
 4.910371e-04 7.280496e+00 1.968727e-01 1.989250e-01 7.478700e+00 4.324140e+06 5.003007e-04 7.635032e+00
 4.918712e-04 7.273944e+00 1.980082e-01 2.000917e-01 7.473300e+00 4.216349e+06 5.011669e-04 7.630184e+00
 4.927067e-04 7.267585e+00 1.991511e-01 2.012663e-01 7.468100e+00 4.111356e+06 5.020348e-04 7.625543e+00
 4.935436e-04 7.261317e+00 2.003014e-01 2.024487e-01 7.463000e+00 4.008911e+06 5.029043e-04 7.621005e+00
 4.943820e-04 7.255142e+00 2.014591e-01 2.036389e-01 7.458000e+00 3.909126e+06 5.037753e-04 7.616572e+00
 4.952218e-04 7.249060e+00 2.026244e-01 2.048371e-01 7.453100e+00 3.811759e+06 5.046479e-04 7.612241e+00
 4.960630e-04 7.243069e+00 2.037971e-01 2.060433e-01 7.448300e+00 3.717004e+06 5.055222e-04 7.608015e+00
 4.969057e-04 7.237171e+00 2.049774e-01 2.072574e-01 7.443600e+00 3.624542e+06 5.063980e-04 7.603893e+00
 4.977498e-04 7.231365e+00 2.061653e-01 2.084795e-01 7.439000e+00 3.534479e+06 5.072755e-04 7.599874e+00
 4.985953e-04 7.225652e+00 2.073607e-01 2.097097e-01 7.434500e+00 3.446510e+06 5.081545e-04 7.595960e+00
 4.994422e-04 7.219930e+00 2.085638e-01 2.109479e-01 7.430000e+00 3.360905e+06 5.090352e-04 7.592046e+00
 5.002906e-04 7.214401e+00 2.097746e-01 2.121943e-01 7.425700e+00 3.277442e+06 5.099175e-04 7.588340e+00
 5.011405e-04 7.208963e+00 2.109930e-01 2.134489e-01 7.421500e+00 3.196068e+06 5.108014e-04 7.584737e+00
 5.019917e-04 7.203518e+00 2.122192e-01 2.147117e-01 7.417300e+00 3.116729e+06 5.116869e-04 7.581136e+00
 5.028445e-04 7.198264e+00 2.134532e-01 2.159827e-01 7.413300e+00 3.039374e+06 5.125741e-04 7.577741e+00
 5.036986e-04 7.193103e+00 2.146949e-01 2.172619e-01 7.409400e+00 2.963953e+06 5.134629e-04 7.574451e+00
 5.045543e-04 7.187934e+00 2.159445e-01 2.185495e-01 7.405500e+00 2.890416e+06 5.143533e-04 7.571163e+00
 5.054113e-04 7.182856e+00 2.172019e-01 2.198455e-01 7.401700e+00 2.818857e+06 5.152454e-04 7.567978e+00
 5.062699e-04 7.177870e+00 2.184673e-01 2.211498e-01 7.398000e+00 2.748946e+06 5.161391e-04 7.564898e+00
 5.071299e-04 7.172977e+00 2.197405e-01 2.224626e-01 7.394400e+00 2.680847e+06 5.170345e-04 7.561922e+00
 5.079913e-04 7.168175e+00 2.210217e-01 2.237838e-01 7.390900e+00 2.614515e+06 5.179315e-04 7.559050e+00
 5.088542e-04 7.163464e+00 2.223109e-01 2.251135e-01 7.387500e+00 2.549704e+06 5.188301e-04 7.556283e+00
 5.097186e-04 7.158846e+00 2.236081e-01 2.264518e-01 7.384200e+00 2.486575e+06 5.197305e-04 7.553621e+00
 5.105844e-04 7.154219e+00 2.249134e-01 2.277986e-01 7.380900e+00 2.425082e+06 5.206324e-04 7.550959e+00
 5.114518e-04 7.149784e+00 2.262267e-01 2.291541e-01 7.377800e+00 2.365059e+06 5.215361e-04 7.548506e+00
 5.123206e-04 7.145340e+00 2.275482e-01 2.305182e-01 7.374700e+00 2.306592e+06 5.224414e-04 7.546054e+00
 5.131908e-04 7.140988e+00 2.288778e-01 2.318911e-01 7.371700e+00 2.249640e+06 5.233484e-04 7.543707e+00
 5.140626e-04 7.136728e+00 2.302157e-01 2.332726e-01 7.368800e+00 2.193986e+06 5.242570e-04 7.541464e+00
 5.149358e-04 7.132559e+00 2.315617e-01 2.346630e-01 7.366000e+00 2.139834e+06 5.251674e-04 7.539326e+00
 5.158105e-04 7.128381e+00 2.329160e-01 2.360621e-01 7.363200e+00 2.086970e+06 5.260794e-04 7.537190e+00
 5.166867e-04 7.124295e+00 2.342785e-01 2.374701e-01 7.360500e+00 2.035477e+06 5.269931e-04 7.535158e+00
 5.175644e-04 7.120301e+00 2.356494e-01 2.388871e-01 7.357900e+00 1.985151e+06 5.279085e-04 7.533231e+00
 5.184436e-04 7.116398e+00 2.370287e-01 2.403129e-01 7.355400e+00 1.936186e+06 5.288256e-04 7.531409e+00
 5.193242e-04 7.112586e+00 2.384163e-01 2.417477e-01 7.353000e+00 1.888436e+06 5.297444e-04 7.529692e+00
 5.202064e-04 7.108765e+00 2.398124e-01 2.431915e-01 7.350600e+00 1.841871e+06 5.306649e-04 7.527977e+00
 5.210901e-04 7.105136e+00 2.412169e-01 2.446444e-01 7.348400e+00 1.796461e+06 5.315871e-04 7.526471e+00
 5.219752e-04 7.101498e+00 2.426299e-01 2.461064e-01 7.346200e+00 1.752178e+06 5.325110e-04 7.524965e+00
 5.228619e-04 7.097851e+00 2.440514e-01 2.475776e-01 7.344000e+00 1.709092e+06 5.334367e-04 7.523462e+00
 5.237501e-04 7.094395e+00 2.454815e-01 2.490579e-01 7.342000e+00 1.666976e+06 5.343640e-04 7.522167e+00
 5.246398e-04 7.090930e+00 2.469202e-01 2.505474e-01 7.340000e+00 1.625951e+06 5.352931e-04 7.520874e+00
 5.255309e-04 7.087557e+00 2.483675e-01 2.520462e-01 7.338100e+00 1.585894e+06 5.362239e-04 7.519687e+00
 5.264237e-04 7.084274e+00 2.498234e-01 2.535543e-01 7.336300e+00 1.546923e+06 5.371564e-04 7.518604e+00
 5.273179e-04 7.080983e+00 2.512881e-01 2.550717e-01 7.334500e+00 1.508824e+06 5.380907e-04 7.517524e+00
 5.282136e-04 7.077782e+00 2.527615e-01 2.565985e-01 7.332800e+00 1.471713e+06 5.390267e-04 7.516549e+00
 5.291109e-04 7.074672e+00 2.542436e-01 2.581348e-01 7.331200e+00 1.435564e+06 5.399644e-04 7.515679e+00
 5.300097e-04 7.071653e+00 2.557346e-01 2.596805e-01 7.329700e+00 1.400265e+06 5.409039e-04 7.514915e+00
 5.309100e-04 7.068625e+00 2.572344e-01 2.612357e-01 7.328200e+00 1.365881e+06 5.418451e-04 7.514153e+00
 5.318118e-04 7.065688e+00 2.587430e-01 2.628005e-01 7.326800e+00 1.332304e+06 5.427881e-04 7.513497e+00
 5.327152e-04 7.062842e+00 2.602606e-01 2.643749e-01 7.325500e+00 1.299639e+06 5.437329e-04 7.512946e+00
 5.336201e-04 7.059986e+00 2.617871e-01 2.659589e-01 7.324200e+00 1.267740e+06 5.446794e-04 7.512397e+00
 5.345266e-04 7.057221e+00 2.633225e-01 2.675526e-01 7.323000e+00 1.236588e+06 5.456277e-04 7.511954e+00
 5.354346e-04 7.054547e+00 2.648670e-01 2.691560e-01 7.321900e+00 1.206283e+06 5.465777e-04 7.511617e+00
 5.363441e-04 7.051863e+00 2.664205e-01 2.707692e-01 7.320800e+00 1.176724e+06 5.475296e-04 7.511281e+00
 5.372552e-04 7.049270e+00 2.679831e-01 2.723922e-01 7.319800e+00 1.147857e+06 5.484832e-04 7.511052e+00
 5.381678e-04 7.046767e+00 2.695548e-01 2.740251e-01 7.318900e+00 1.119738e+06 5.494385e-04 7.510929e+00
 5.390820e-04 7.044255e+00 2.711357e-01 2.756678e-01 7.318000e+00 1.092312e+06 5.503957e-04 7.510808e+00
 5.399977e-04 7.041834e+00 2.727258e-01 2.773205e-01 7.317200e+00 1.065561e+06 5.513547e-04 7.510793e+00
 5.409150e-04 7.039502e+00 2.743250e-01 2.789832e-01 7.316500e+00 1.039469e+06 5.523154e-04 7.510884e+00
 5.418338e-04 7.037162e+00 2.759336e-01 2.806559e-01 7.315800e+00 1.014018e+06 5.532780e-04 7.510977e+00
 5.427542e-04 7.034911e+00 2.775514e-01 2.823386e-01 7.315200e+00 9.891939e+05 5.542424e-04 7.511176e+00
 5.436762e-04 7.032651e+00 2.791785e-01 2.840315e-01 7.314600e+00 9.650131e+05 5.552085e-04 7.511378e+00
 5.445997e-04 7.030481e+00 2.808150e-01 2.857345e-01 7.314100e+00 9.413943e+05 5.561765e-04 7.511686e+00
 5.455248e-04 7.028401e+00 2.824609e-01 2.874478e-01 7.313700e+00 9.184193e+05 5.571463e-04 7.512101e+00
 5.464515e-04 7.026312e+00 2.841163e-01 2.891712e-01 7.313300e+00 8.959462e+05 5.581180e-04 7.512518e+00
 5.473797e-04 7.024312e+00 2.857811e-01 2.909050e-01 7.313000e+00 8.740558e+05 5.590914e-04 7.513041e+00
 5.483096e-04 7.022403e+00 2.874554e-01 2.926491e-01 7.312800e+00 8.527325e+05 5.600667e-04 7.513671e+00
 5.492410e-04 7.020484e+00 2.891393e-01 2.944036e-01 7.312600e+00 8.319030e+05 5.610438e-04 7.514303e+00
 5.501739e-04 7.018554e+00 2.908327e-01 2.961685e-01 7.312400e+00 8.116132e+05 5.620227e-04 7.514938e+00
 5.511085e-04 7.016815e+00 2.925357e-01 2.979439e-01 7.312400e+00 7.917925e+05 5.630035e-04 7.515783e+00
 5.520447e-04 7.014966e+00 2.942484e-01 2.997298e-01 7.312300e+00 7.724856e+05 5.639862e-04 7.516527e+00
 5.529824e-04 7.013307e+00 2.959708e-01 3.015262e-01 7.312400e+00 7.536245e+05 5.649707e-04 7.517482e+00
 5.539217e-04 7.011637e+00 2.977029e-01 3.033332e-01 7.312500e+00 7.352524e+05 5.659570e-04 7.518440e+00
 5.548627e-04 7.009957e+00 2.994448e-01 3.051509e-01 7.312600e+00 7.173562e+05 5.669452e-04 7.519400e+00
 5.558052e-04 7.008367e+00 3.011964e-01 3.069793e-01 7.312800e+00 6.998465e+05 5.679353e-04 7.520467e+00
 5.567494e-04 7.006867e+00 3.029579e-01 3.088184e-01 7.313100e+00 6.828161e+05 5.689272e-04 7.521641e+00
 5.576951e-04 7.005357e+00 3.047293e-01 3.106683e-01 7.313400e+00 6.661773e+05 5.699210e-04 7.522818e+00
 5.586424e-04 7.003936e+00 3.065105e-01 3.125291e-01 7.313800e+00 6.499697e+05 5.709167e-04 7.524102e+00
 5.595914e-04 7.002505e+00 3.083017e-01 3.144007e-01 7.314200e+00 6.341582e+05 5.719143e-04 7.525388e+00
 5.605420e-04 7.001063e+00 3.101028e-01 3.162832e-01 7.314600e+00 6.187329e+05 5.729138e-04 7.526678e+00
 5.614941e-04 6.999811e+00 3.119140e-01 3.181767e-01 7.315200e+00 6.036844e+05 5.739151e-04 7.528179e+00
 5.624479e-04 6.998449e+00 3.137352e-01 3.200812e-01 7.315700e+00 5.890033e+05 5.749184e-04 7.529578e+00
 5.634034e-04 6.997276e+00 3.155665e-01 3.219968e-01 7.316400e+00 5.747027e+05 5.759235e-04 7.531190e+00
 5.643604e-04 6.996092e+00 3.174079e-01 3.239234e-01 7.317100e+00 5.607291e+05 5.769306e-04 7.532804e+00
 5.653191e-04 6.994898e+00 3.192594e-01 3.258612e-01 7.317800e+00 5.470964e+05 5.779395e-04 7.534421e+00
 5.662794e-04 6.993793e+00 3.211212e-01 3.278102e-01 7.318600e+00 5.338379e+05 5.789504e-04 7.536146e+00
 5.672413e-04 6.992677e+00 3.229932e-01 3.297705e-01 7.319400e+00 5.208818e+05 5.799632e-04 7.537874e+00
 5.682048e-04 6.991651e+00 3.248754e-01 3.317420e-01 7.320300e+00 5.082212e+05 5.809779e-04 7.539709e+00
 5.691700e-04 6.990613e+00 3.267679e-01 3.337249e-01 7.321200e+00 4.959086e+05 5.819946e-04 7.541548e+00
 5.701369e-04 6.989666e+00 3.286708e-01 3.357191e-01 7.322200e+00 4.838761e+05 5.830132e-04 7.543494e+00
 5.711054e-04 6.988707e+00 3.305840e-01 3.377248e-01 7.323200e+00 4.721554e+05 5.840337e-04 7.545443e+00
 5.720755e-04 6.987837e+00 3.325076e-01 3.397420e-01 7.324300e+00 4.607012e+05 5.850562e-04 7.547500e+00
 5.730472e-04 6.986956e+00 3.344417e-01 3.417706e-01 7.325400e+00 4.495438e+05 5.860806e-04 7.549561e+00
 5.740207e-04 6.986164e+00 3.363862e-01 3.438109e-01 7.326600e+00 4.386754e+05 5.871069e-04 7.551729e+00
 5.749957e-04 6.985362e+00 3.383413e-01 3.458627e-01 7.327800e+00 4.280358e+05 5.881353e-04 7.553901e+00
 5.759725e-04 6.984548e+00 3.403069e-01 3.479262e-01 7.329000e+00 4.176891e+05 5.891655e-04 7.556076e+00
 5.769509e-04 6.983823e+00 3.422831e-01 3.500014e-01 7.330300e+00 4.075766e+05 5.901978e-04 7.558358e+00
 5.779309e-04 6.983187e+00 3.442699e-01 3.520884e-01 7.331700e+00 3.977261e+05 5.912320e-04 7.560750e+00
 5.789126e-04 6.982540e+00 3.462673e-01 3.541872e-01 7.333100e+00 3.881145e+05 5.922682e-04 7.563144e+00
 5.798960e-04 6.981881e+00 3.482755e-01 3.562978e-01 7.334500e+00 3.787358e+05 5.933064e-04 7.565542e+00
 5.808811e-04 6.981312e+00 3.502944e-01 3.584203e-01 7.336000e+00 3.695844e+05 5.943466e-04 7.568049e+00
 5.818678e-04 6.980730e+00 3.523240e-01 3.605547e-01 7.337500e+00 3.606547e+05 5.953887e-04 7.570558e+00
 5.828562e-04 6.980238e+00 3.543644e-01 3.627012e-01 7.339100e+00 3.519414e+05 5.964329e-04 7.573177e+00
 5.838463e-04 6.979734e+00 3.564157e-01 3.648597e-01 7.340700e+00 3.434537e+05 5.974790e-04 7.575798e+00
 5.848381e-04 6.979319e+00 3.584778e-01 3.670302e-01 7.342400e+00 3.351568e+05 5.985272e-04 7.578529e+00
 5.858315e-04 6.978892e+00 3.605509e-01 3.692129e-01 7.344100e+00 3.270891e+05 5.995773e-04 7.581263e+00
 5.868267e-04 6.978454e+00 3.626349e-01 3.714078e-01 7.345800e+00 3.191884e+05 6.006295e-04 7.584000e+00
 5.878235e-04 6.978104e+00 3.647298e-01 3.736149e-01 7.347600e+00 3.114925e+05 6.016837e-04 7.586847e+00
 5.888220e-04 6.977743e+00 3.668358e-01 3.758342e-01 7.349400e+00 3.039958e+05 6.027400e-04 7.589697e+00
 5.898222e-04 6.977470e+00 3.689528e-01 3.780659e-01 7.351300e+00 2.966669e+05 6.037982e-04 7.592656e+00
 5.908242e-04 6.977185e+00 3.710808e-01 3.803100e-01 7.353200e+00 2.895278e+05 6.048585e-04 7.595618e+00
 5.918278e-04 6.976889e+00 3.732200e-01 3.825664e-01 7.355100e+00 2.825484e+05 6.059209e-04 7.598585e+00
 5.928331e-04 6.976681e+00 3.753704e-01 3.848353e-01 7.357100e+00 2.757620e+05 6.069853e-04 7.601660e+00
 5.938401e-04 6.976461e+00 3.775319e-01 3.871168e-01 7.359100e+00 2.691269e+05 6.080517e-04 7.604740e+00
 5.948489e-04 6.976329e+00 3.797046e-01 3.894108e-01 7.361200e+00 2.626636e+05 6.091202e-04 7.607928e+00
 5.958593e-04 6.976185e+00 3.818886e-01 3.917174e-01 7.363300e+00 2.563326e+05 6.101908e-04 7.611121e+00
 5.968715e-04 6.976029e+00 3.840839e-01 3.940366e-01 7.365400e+00 2.501770e+05 6.112634e-04 7.614317e+00
 5.978854e-04 6.975962e+00 3.862905e-01 3.963685e-01 7.367600e+00 2.441694e+05 6.123381e-04 7.617623e+00
 5.989010e-04 6.975882e+00 3.885084e-01 3.987132e-01 7.369800e+00 2.383063e+05 6.134148e-04 7.620933e+00
 5.999184e-04 6.975791e+00 3.907378e-01 4.010707e-01 7.372000e+00 2.325842e+05 6.144937e-04 7.624247e+00
 6.009374e-04 6.975787e+00 3.929786e-01 4.034410e-01 7.374300e+00 2.269996e+05 6.155746e-04 7.627670e+00
 6.019582e-04 6.975771e+00 3.952308e-01 4.058242e-01 7.376600e+00 2.215698e+05 6.166577e-04 7.631097e+00
 6.029808e-04 6.975843e+00 3.974945e-01 4.082204e-01 7.379000e+00 2.162499e+05 6.177428e-04 7.634635e+00
 6.040050e-04 6.975903e+00 3.997697e-01 4.106295e-01 7.381400e+00 2.110677e+05 6.188301e-04 7.638176e+00
 6.050310e-04 6.975950e+00 4.020565e-01 4.130517e-01 7.383800e+00 2.060000e+05 6.199194e-04 7.641721e+00
 6.060588e-04 6.976086e+00 4.043549e-01 4.154869e-01 7.386300e+00 2.010730e+05 6.210109e-04 7.645377e+00
 6.070883e-04 6.976209e+00 4.066649e-01 4.179352e-01 7.388800e+00 1.962547e+05 6.221045e-04 7.649037e+00
 6.081195e-04 6.976319e+00 4.089866e-01 4.203968e-01 7.391300e+00 1.915609e+05 6.232002e-04 7.652700e+00
 6.091525e-04 6.976417e+00 4.113200e-01 4.228715e-01 7.393800e+00 1.869705e+05 6.242980e-04 7.656368e+00
 6.101873e-04 6.976603e+00 4.136651e-01 4.253595e-01 7.396400e+00 1.825076e+05 6.253980e-04 7.660147e+00
 6.112238e-04 6.976876e+00 4.160219e-01 4.278609e-01 7.399100e+00 1.781427e+05 6.265001e-04 7.664035e+00
 6.122621e-04 6.977037e+00 4.183906e-01 4.303756e-01 7.401700e+00 1.738906e+05 6.276044e-04 7.667822e+00
 6.133021e-04 6.977285e+00 4.207710e-01 4.329037e-01 7.404400e+00 1.697400e+05 6.287108e-04 7.671720e+00
 6.143439e-04 6.977621e+00 4.231633e-01 4.354452e-01 7.407200e+00 1.656723e+05 6.298194e-04 7.675728e+00
 6.153875e-04 6.977844e+00 4.255675e-01 4.380003e-01 7.409900e+00 1.617178e+05 6.309301e-04 7.679634e+00
 6.164328e-04 6.978154e+00 4.279837e-01 4.405689e-01 7.412700e+00 1.578576e+05 6.320431e-04 7.683651e+00
 6.174800e-04 6.978452e+00 4.304117e-01 4.431511e-01 7.415500e+00 1.541047e+05 6.331582e-04 7.687673e+00
 6.185289e-04 6.978836e+00 4.328518e-01 4.457469e-01 7.418400e+00 1.504261e+05 6.342754e-04 7.691805e+00
 6.195795e-04 6.979208e+00 4.353039e-01 4.483564e-01 7.421300e+00 1.468425e+05 6.353949e-04 7.695942e+00
 6.206320e-04 6.979568e+00 4.377680e-01 4.509797e-01 7.424200e+00 1.433370e+05 6.365166e-04 7.700083e+00
 6.216863e-04 6.979914e+00 4.402442e-01 4.536167e-01 7.427100e+00 1.399292e+05 6.376404e-04 7.704229e+00
 6.227423e-04 6.980347e+00 4.427325e-01 4.562676e-01 7.430100e+00 1.365954e+05 6.387665e-04 7.708487e+00
 6.238001e-04 6.980768e+00 4.452330e-01 4.589324e-01 7.433100e+00 1.333476e+05 6.398947e-04 7.712749e+00
 6.248598e-04 6.981175e+00 4.477456e-01 4.616111e-01 7.436100e+00 1.301703e+05 6.410252e-04 7.717015e+00
 6.259212e-04 6.981670e+00 4.502704e-01 4.643037e-01 7.439200e+00 1.270750e+05 6.421579e-04 7.721393e+00
 6.269845e-04 6.982151e+00 4.528075e-01 4.670104e-01 7.442300e+00 1.240596e+05 6.432929e-04 7.725776e+00
 6.280495e-04 6.982619e+00 4.553568e-01 4.697311e-01 7.445400e+00 1.211031e+05 6.444300e-04 7.730164e+00
 6.291164e-04 6.983175e+00 4.579184e-01 4.724659e-01 7.448600e+00 1.182291e+05 6.455694e-04 7.734663e+00
 6.301850e-04 6.983617e+00 4.604923e-01 4.752149e-01 7.451700e+00 1.154231e+05 6.467111e-04 7.739060e+00
 6.312555e-04 6.984246e+00 4.630786e-01 4.779781e-01 7.455000e+00 1.126836e+05 6.478550e-04 7.743676e+00
 6.323278e-04 6.984761e+00 4.656772e-01 4.807555e-01 7.458200e+00 1.100089e+05 6.490012e-04 7.748190e+00
 6.334019e-04 6.985263e+00 4.682883e-01 4.835472e-01 7.461400e+00 1.074088e+05 6.501496e-04 7.752709e+00
 6.344779e-04 6.985852e+00 4.709118e-01 4.863533e-01 7.464700e+00 1.048589e+05 6.513003e-04 7.757340e+00
 6.355556e-04 6.986428e+00 4.735478e-01 4.891737e-01 7.468000e+00 1.023748e+05 6.524532e-04 7.761976e+00
 6.366352e-04 6.987090e+00 4.761963e-01 4.920086e-01 7.471400e+00 9.994402e+04 6.536085e-04 7.766724e+00
 6.377167e-04 6.987639e+00 4.788573e-01 4.948579e-01 7.474700e+00 9.758111e+04 6.547660e-04 7.771370e+00
 6.388000e-04 6.988274e+00 4.815308e-01 4.977218e-01 7.478100e+00 9.526877e+04 6.559259e-04 7.776129e+00
 6.398851e-04 6.988896e+00 4.842169e-01 5.006002e-01 7.481500e+00 9.302099e+04 6.570880e-04 7.780892e+00
 6.409720e-04 6.989604e+00 4.869157e-01 5.034932e-01 7.485000e+00 9.082117e+04 6.582524e-04 7.785768e+00
 6.420608e-04 6.990199e+00 4.896270e-01 5.064009e-01 7.488400e+00 8.867794e+04 6.594192e-04 7.790542e+00
 6.431515e-04 6.990880e+00 4.923511e-01 5.093232e-01 7.491900e+00 8.657568e+04 6.605883e-04 7.795429e+00
 6.442440e-04 6.991548e+00 4.950878e-01 5.122603e-01 7.495400e+00 8.453219e+04 6.617597e-04 7.800321e+00
 6.453384e-04 6.992302e+00 4.978372e-01 5.152122e-01 7.499000e+00 8.253671e+04 6.629334e-04 7.805325e+00
 6.464346e-04 6.992942e+00 5.005994e-01 5.181790e-01 7.502500e+00 8.058810e+04 6.641095e-04 7.810228e+00
 6.475327e-04 6.993668e+00 5.033744e-01 5.211606e-01 7.506100e+00 7.869392e+04 6.652879e-04 7.815244e+00
 6.486326e-04 6.994381e+00 5.061621e-01 5.241571e-01 7.509700e+00 7.683556e+04 6.664686e-04 7.820265e+00
 6.497344e-04 6.995179e+00 5.089627e-01 5.271686e-01 7.513400e+00 7.502499e+04 6.676517e-04 7.825399e+00
 6.508381e-04 6.995864e+00 5.117761e-01 5.301950e-01 7.517000e+00 7.326091e+04 6.688372e-04 7.830431e+00
 6.519437e-04 6.996635e+00 5.146024e-01 5.332366e-01 7.520700e+00 7.153409e+04 6.700251e-04 7.835576e+00
 6.530511e-04 6.997393e+00 5.174415e-01 5.362932e-01 7.524400e+00 6.985162e+04 6.712153e-04 7.840727e+00
 6.541605e-04 6.998136e+00 5.202936e-01 5.393650e-01 7.528100e+00 6.820463e+04 6.724079e-04 7.845883e+00
 6.552717e-04 6.998865e+00 5.231586e-01 5.424519e-01 7.531800e+00 6.660373e+04 6.736029e-04 7.851046e+00
 6.563848e-04 6.999680e+00 5.260366e-01 5.455540e-01 7.535600e+00 6.503647e+04 6.748003e-04 7.856321e+00
 6.574998e-04 7.000481e+00 5.289276e-01 5.486715e-01 7.539400e+00 6.350943e+04 6.760001e-04 7.861603e+00
 6.586166e-04 7.001269e+00 5.318316e-01 5.518042e-01 7.543200e+00 6.201799e+04 6.772023e-04 7.866890e+00
 6.597354e-04 7.002042e+00 5.347487e-01 5.549522e-01 7.547000e+00 6.056132e+04 6.784069e-04 7.872183e+00
 6.608561e-04 7.002901e+00 5.376788e-01 5.581157e-01 7.550900e+00 5.914198e+04 6.796140e-04 7.877590e+00
 6.619787e-04 7.003645e+00 5.406219e-01 5.612946e-01 7.554700e+00 5.775233e+04 6.808234e-04 7.882895e+00
 6.631032e-04 7.004476e+00 5.435782e-01 5.644889e-01 7.558600e+00 5.640157e+04 6.820354e-04 7.888314e+00
 6.642296e-04 7.005292e+00 5.465476e-01 5.676988e-01 7.562500e+00 5.507896e+04 6.832497e-04 7.893738e+00
 6.653579e-04 7.006094e+00 5.495302e-01 5.709242e-01 7.566400e+00 5.379023e+04 6.844665e-04 7.899169e+00
 6.664881e-04 7.006982e+00 5.525259e-01 5.741652e-01 7.570400e+00 5.252831e+04 6.856858e-04 7.904714e+00
 6.676202e-04 7.007855e+00 5.555348e-01 5.774218e-01 7.574400e+00 5.130173e+04 6.869075e-04 7.910265e+00
 6.687543e-04 7.008614e+00 5.585569e-01 5.806942e-01 7.578300e+00 5.010355e+04 6.881317e-04 7.915714e+00
 6.698903e-04 7.009459e+00 5.615922e-01 5.839822e-01 7.582300e+00 4.893019e+04 6.893583e-04 7.921278e+00
 6.710282e-04 7.010289e+00 5.646408e-01 5.872860e-01 7.586300e+00 4.778686e+04 6.905875e-04 7.926847e+00
 6.721681e-04 7.011205e+00 5.677027e-01 5.906056e-01 7.590400e+00 4.667276e+04 6.918191e-04 7.932532e+00
 6.733099e-04 7.012007e+00 5.707778e-01 5.939410e-01 7.594400e+00 4.558165e+04 6.930533e-04 7.938114e+00
 6.744536e-04 7.012894e+00 5.738663e-01 5.972922e-01 7.598500e+00 4.452110e+04 6.942899e-04 7.943811e+00
 6.755993e-04 7.013766e+00 5.769680e-01 6.006594e-01 7.602600e+00 4.348236e+04 6.955291e-04 7.949514e+00
 6.767469e-04 7.014624e+00 5.800831e-01 6.040426e-01 7.606700e+00 4.247014e+04 6.967708e-04 7.955224e+00
 6.778965e-04 7.015467e+00 5.832116e-01 6.074417e-01 7.610800e+00 4.147872e+04 6.980150e-04 7.960940e+00
 6.790480e-04 7.016396e+00 5.863534e-01 6.108569e-01 7.615000e+00 4.051261e+04 6.992617e-04 7.966771e+00
 6.802015e-04 7.017210e+00 5.895087e-01 6.142881e-01 7.619100e+00 3.957115e+04 7.005110e-04 7.972500e+00
 6.813570e-04 7.018110e+00 5.926773e-01 6.177354e-01 7.623300e+00 3.865130e+04 7.017628e-04 7.978344e+00
 6.825144e-04 7.018995e+00 5.958593e-01 6.211988e-01 7.627500e+00 3.775258e+04 7.030172e-04 7.984195e+00
 6.836738e-04 7.019865e+00 5.990548e-01 6.246785e-01 7.631700e+00 3.687448e+04 7.042741e-04 7.990053e+00
 6.848351e-04 7.020720e+00 6.022638e-01 6.281743e-01 7.635900e+00 3.601653e+04 7.055337e-04 7.995917e+00
 6.859984e-04 7.021561e+00 6.054862e-01 6.316864e-01 7.640100e+00 3.518045e+04 7.067958e-04 8.001788e+00
 6.871637e-04 7.022487e+00 6.087221e-01 6.352147e-01 7.644400e+00 3.436565e+04 7.080604e-04 8.007774e+00
 6.883310e-04 7.023298e+00 6.119715e-01 6.387594e-01 7.648600e+00 3.356737e+04 7.093277e-04 8.013658e+00
 6.895002e-04 7.024194e+00 6.152344e-01 6.423204e-01 7.652900e+00 3.278941e+04 7.105976e-04 8.019658e+00
 6.906715e-04 7.025075e+00 6.185108e-01 6.458978e-01 7.657200e+00 3.203123e+04 7.118700e-04 8.025665e+00
 6.918447e-04 7.025942e+00 6.218008e-01 6.494917e-01 7.661500e+00 3.129033e+04 7.131451e-04 8.031679e+00
 6.930199e-04 7.026793e+00 6.251043e-01 6.531020e-01 7.665800e+00 3.056245e+04 7.144229e-04 8.037700e+00
 6.941971e-04 7.027730e+00 6.284214e-01 6.567288e-01 7.670200e+00 2.985879e+04 7.157032e-04 8.043837e+00
 6.953764e-04 7.028552e+00 6.317520e-01 6.603721e-01 7.674500e+00 2.916738e+04 7.169862e-04 8.049872e+00
 6.965576e-04 7.029459e+00 6.350962e-01 6.640319e-01 7.678900e+00 2.849353e+04 7.182718e-04 8.056023e+00
 6.977408e-04 7.030251e+00 6.384540e-01 6.677084e-01 7.683200e+00 2.783321e+04 7.195601e-04 8.062072e+00
 6.989260e-04 7.031128e+00 6.418254e-01 6.714014e-01 7.687600e+00 2.719142e+04 7.208510e-04 8.068237e+00
 7.001133e-04 7.031989e+00 6.452105e-01 6.751112e-01 7.692000e+00 2.656588e+04 7.221446e-04 8.074410e+00
 7.013026e-04 7.032836e+00 6.486091e-01 6.788376e-01 7.696400e+00 2.595115e+04 7.234409e-04 8.080589e+00
 7.024938e-04 7.033668e+00 6.520214e-01 6.825807e-01 7.700800e+00 2.535365e+04 7.247399e-04 8.086776e+00
 7.036872e-04 7.034585e+00 6.554473e-01 6.863406e-01 7.705300e+00 2.476967e+04 7.260416e-04 8.093080e+00
 7.048825e-04 7.035386e+00 6.588868e-01 6.901172e-01 7.709700e+00 2.419889e+04 7.273459e-04 8.099281e+00
 7.060799e-04 7.036273e+00 6.623400e-01 6.939107e-01 7.714200e+00 2.364409e+04 7.286530e-04 8.105600e+00
 7.072793e-04 7.037044e+00 6.658069e-01 6.977210e-01 7.718600e+00 2.309876e+04 7.299628e-04 8.111816e+00
 7.084807e-04 7.037901e+00 6.692874e-01 7.015481e-01 7.723100e+00 2.256724e+04 7.312753e-04 8.118149e+00
 7.096842e-04 7.038742e+00 6.727816e-01 7.053922e-01 7.727600e+00 2.204916e+04 7.325905e-04 8.124490e+00
 7.108897e-04 7.039568e+00 6.762894e-01 7.092531e-01 7.732100e+00 2.154415e+04 7.339085e-04 8.130839e+00
 7.120973e-04 7.040379e+00 6.798110e-01 7.131311e-01 7.736600e+00 2.105047e+04 7.352293e-04 8.137194e+00
 7.133069e-04 7.041174e+00 6.833462e-01 7.170260e-01 7.741100e+00 2.056515e+04 7.365528e-04 8.143558e+00
 7.145186e-04 7.042055e+00 6.868951e-01 7.209379e-01 7.745700e+00 2.009611e+04 7.378790e-04 8.150039e+00
 7.157323e-04 7.042820e+00 6.904577e-01 7.248668e-01 7.750200e+00 1.963493e+04 7.392080e-04 8.156418e+00
 7.169481e-04 7.043670e+00 6.940340e-01 7.288128e-01 7.754800e+00 1.918539e+04 7.405399e-04 8.162915e+00
 7.181660e-04 7.044404e+00 6.976240e-01 7.327759e-01 7.759300e+00 1.874716e+04 7.418745e-04 8.169309e+00
 7.193859e-04 7.045224e+00 7.012276e-01 7.367561e-01 7.763900e+00 1.831748e+04 7.432119e-04 8.175821e+00
 7.206079e-04 7.046028e+00 7.048450e-01 7.407535e-01 7.768500e+00 1.789863e+04 7.445521e-04 8.182341e+00
 7.218320e-04 7.046716e+00 7.084761e-01 7.447680e-01 7.773000e+00 1.749032e+04 7.458951e-04 8.188758e+00
 7.230582e-04 7.047490e+00 7.121208e-01 7.487996e-01 7.777600e+00 1.709110e+04 7.472409e-04 8.195294e+00
 7.242864e-04 7.048248e+00 7.157793e-01 7.528485e-01 7.782200e+00 1.670077e+04 7.485896e-04 8.201837e+00
 7.255167e-04 7.049091e+00 7.194514e-01 7.569147e-01 7.786900e+00 1.631913e+04 7.499411e-04 8.208500e+00
 7.267492e-04 7.049819e+00 7.231373e-01 7.609980e-01 7.791500e+00 1.594709e+04 7.512955e-04 8.215059e+00
 7.279837e-04 7.050531e+00 7.268368e-01 7.650987e-01 7.796100e+00 1.558438e+04 7.526527e-04 8.221627e+00
 7.292203e-04 7.051228e+00 7.305501e-01 7.692166e-01 7.800700e+00 1.522865e+04 7.540128e-04 8.228203e+00
 7.304590e-04 7.052009e+00 7.342770e-01 7.733519e-01 7.805400e+00 1.488289e+04 7.553758e-04 8.234897e+00
 7.316998e-04 7.052675e+00 7.380175e-01 7.775045e-01 7.810000e+00 1.454477e+04 7.567416e-04 8.241489e+00
 7.329427e-04 7.053426e+00 7.417718e-01 7.816744e-01 7.814700e+00 1.421412e+04 7.581104e-04 8.248201e+00
 7.341878e-04 7.054061e+00 7.455397e-01 7.858618e-01 7.819300e+00 1.389078e+04 7.594820e-04 8.254809e+00
 7.354349e-04 7.054781e+00 7.493213e-01 7.900665e-01 7.824000e+00 1.357649e+04 7.608566e-04 8.261537e+00
 7.366842e-04 7.055486e+00 7.531166e-01 7.942886e-01 7.828700e+00 1.326818e+04 7.622341e-04 8.268273e+00
 7.379356e-04 7.056175e+00 7.569255e-01 7.985282e-01 7.833400e+00 1.296757e+04 7.636145e-04 8.275017e+00
 7.391891e-04 7.056749e+00 7.607480e-01 8.027852e-01 7.838000e+00 1.267268e+04 7.649978e-04 8.281659e+00
 7.404447e-04 7.057407e+00 7.645842e-01 8.070597e-01 7.842700e+00 1.238605e+04 7.663841e-04 8.288420e+00
 7.417025e-04 7.058050e+00 7.684340e-01 8.113517e-01 7.847400e+00 1.210570e+04 7.677734e-04 8.295189e+00
 7.429624e-04 7.058678e+00 7.722974e-01 8.156612e-01 7.852100e+00 1.183319e+04 7.691656e-04 8.301968e+00
 7.442245e-04 7.059290e+00 7.761745e-01 8.199882e-01 7.856800e+00 1.156497e+04 7.705608e-04 8.308754e+00
 7.454887e-04 7.059887e+00 7.800651e-01 8.243327e-01 7.861500e+00 1.130345e+04 7.719590e-04 8.315550e+00
 7.467550e-04 7.060569e+00 7.839693e-01 8.286948e-01 7.866300e+00 1.104844e+04 7.733602e-04 8.322465e+00
 7.480235e-04 7.061135e+00 7.878871e-01 8.330744e-01 7.871000e+00 1.079977e+04 7.747643e-04 8.329278e+00
 7.492942e-04 7.061685e+00 7.918184e-01 8.374716e-01 7.875700e+00 1.055651e+04 7.761715e-04 8.336099e+00
 7.505670e-04 7.062220e+00 7.957633e-01 8.418864e-01 7.880400e+00 1.031855e+04 7.775817e-04 8.342929e+00
 7.518419e-04 7.062840e+00 7.997217e-01 8.463187e-01 7.885200e+00 1.008577e+04 7.789950e-04 8.349880e+00
 7.531191e-04 7.063345e+00 8.036937e-01 8.507687e-01 7.889900e+00 9.858780e+03 7.804113e-04 8.356728e+00
 7.543984e-04 7.063934e+00 8.076791e-01 8.552363e-01 7.894700e+00 9.637416e+03 7.818306e-04 8.363696e+00
 7.556799e-04 7.064407e+00 8.116780e-01 8.597215e-01 7.899400e+00 9.420160e+03 7.832530e-04 8.370562e+00
 7.569635e-04 7.064966e+00 8.156904e-01 8.642243e-01 7.904200e+00 9.208970e+03 7.846785e-04 8.377548e+00
 7.582494e-04 7.065408e+00 8.197163e-01 8.687448e-01 7.908900e+00 9.002343e+03 7.861070e-04 8.384431e+00
 7.595374e-04 7.065936e+00 8.237556e-01 8.732829e-01 7.913700e+00 8.800180e+03 7.875386e-04 8.391436e+00
 7.608276e-04 7.066348e+00 8.278083e-01 8.778387e-01 7.918400e+00 8.603655e+03 7.889734e-04 8.398337e+00
 7.621200e-04 7.066845e+00 8.318744e-01 8.824122e-01 7.923200e+00 8.410732e+03 7.904112e-04 8.405360e+00
 7.634146e-04 7.067226e+00 8.359539e-01 8.870033e-01 7.927900e+00 8.222577e+03 7.918522e-04 8.412279e+00
 7.647114e-04 7.067692e+00 8.400468e-01 8.916121e-01 7.932700e+00 8.037869e+03 7.932963e-04 8.419320e+00
 7.660104e-04 7.068143e+00 8.441530e-01 8.962386e-01 7.937500e+00 7.858314e+03 7.947435e-04 8.426371e+00
 7.673116e-04 7.068478e+00 8.482725e-01 9.008828e-01 7.942200e+00 7.682610e+03 7.961939e-04 8.433318e+00
 7.686150e-04 7.068898e+00 8.524053e-01 9.055446e-01 7.947000e+00 7.511800e+03 7.976474e-04 8.440387e+00
 7.699206e-04 7.069303e+00 8.565514e-01 9.102242e-01 7.951800e+00 7.344080e+03 7.991041e-04 8.447465e+00
 7.712285e-04 7.069592e+00 8.607108e-01 9.149214e-01 7.956500e+00 7.180490e+03 8.005640e-04 8.454440e+00
 7.725386e-04 7.069966e+00 8.648833e-01 9.196363e-01 7.961300e+00 7.019859e+03 8.020271e-04 8.461537e+00
 7.738508e-04 7.070325e+00 8.690691e-01 9.243689e-01 7.966100e+00 6.863704e+03 8.034934e-04 8.468644e+00
 7.751654e-04 7.070669e+00 8.732680e-01 9.291193e-01 7.970900e+00 6.710872e+03 8.049628e-04 8.475760e+00
 7.764821e-04 7.070897e+00 8.774801e-01 9.338873e-01 7.975600e+00 6.562292e+03 8.064356e-04 8.482772e+00
 7.778011e-04 7.071210e+00 8.817053e-01 9.386730e-01 7.980400e+00 6.416367e+03 8.079115e-04 8.489907e+00
 7.791224e-04 7.071508e+00 8.859436e-01 9.434764e-01 7.985200e+00 6.274020e+03 8.093907e-04 8.497052e+00
 7.804458e-04 7.071791e+00 8.901949e-01 9.482974e-01 7.990000e+00 6.134215e+03 8.108731e-04 8.504207e+00
 7.817716e-04 7.071958e+00 8.944593e-01 9.531362e-01 7.994700e+00 5.998303e+03 8.123588e-04 8.511258e+00
 7.830995e-04 7.072210e+00 8.987367e-01 9.579926e-01 7.999500e+00 5.866164e+03 8.138478e-04 8.518432e+00
 7.844298e-04 7.072448e+00 9.030271e-01 9.628667e-01 8.004300e+00 5.735914e+03 8.153401e-04 8.525616e+00
 7.857623e-04 7.072570e+00 9.073304e-01 9.677585e-01 8.009000e+00 5.608850e+03 8.168356e-04 8.532696e+00
 7.870970e-04 7.072777e+00 9.116466e-01 9.726680e-01 8.013800e+00 5.484889e+03 8.183345e-04 8.539899e+00
 7.884340e-04 7.072969e+00 9.159757e-01 9.775951e-01 8.018600e+00 5.363950e+03 8.198367e-04 8.547112e+00
 7.897733e-04 7.073146e+00 9.203176e-01 9.825398e-01 8.023400e+00 5.245545e+03 8.213422e-04 8.554336e+00
 7.911149e-04 7.073207e+00 9.246724e-01 9.875022e-01 8.028100e+00 5.129622e+03 8.228510e-04 8.561455e+00
 7.924588e-04 7.073354e+00 9.290399e-01 9.924822e-01 8.032900e+00 5.016523e+03 8.243632e-04 8.568698e+00
 7.938049e-04 7.073486e+00 9.334202e-01 9.974798e-01 8.037700e+00 4.906173e+03 8.258788e-04 8.575952e+00
 7.951533e-04 7.073503e+00 9.378131e-01 1.002495e+00 8.042400e+00 4.798502e+03 8.273977e-04 8.583101e+00
 7.965040e-04 7.073605e+00 9.422187e-01 1.007528e+00 8.047200e+00 4.692329e+03 8.289200e-04 8.590375e+00
 7.978570e-04 7.073592e+00 9.466370e-01 1.012578e+00 8.051900e+00 4.589830e+03 8.304457e-04 8.597544e+00
 7.992123e-04 7.073664e+00 9.510678e-01 1.017646e+00 8.056700e+00 4.488738e+03 8.319749e-04 8.604838e+00
 8.005699e-04 7.073621e+00 9.555112e-01 1.022732e+00 8.061400e+00 4.390099e+03 8.335074e-04 8.612028e+00
 8.019298e-04 7.073664e+00 9.599671e-01 1.027835e+00 8.066200e+00 4.293849e+03 8.350434e-04 8.619343e+00
 8.032921e-04 7.073591e+00 9.644355e-01 1.032955e+00 8.070900e+00 4.199926e+03 8.365828e-04 8.626553e+00
 8.046566e-04 7.073604e+00 9.689163e-01 1.038094e+00 8.075700e+00 4.107942e+03 8.381257e-04 8.633889e+00
 8.060235e-04 7.073502e+00 9.734094e-01 1.043249e+00 8.080400e+00 4.017856e+03 8.396720e-04 8.641120e+00
 8.073926e-04 7.073385e+00 9.779149e-01 1.048422e+00 8.085100e+00 3.929947e+03 8.412218e-04 8.648361e+00
 8.087641e-04 7.073354e+00 9.824328e-01 1.053613e+00 8.089900e+00 3.844158e+03 8.427751e-04 8.655728e+00
 8.101380e-04 7.073208e+00 9.869628e-01 1.058821e+00 8.094600e+00 3.760434e+03 8.443319e-04 8.662990e+00
 8.116462e-04 7.073048e+00 9.915049e-01 1.064046e+00 8.099300e+00 3.678425e+03 8.460420e-04 8.670263e+00
 8.139750e-04 7.072886e+00 9.960471e-01 1.069274e+00 8.104000e+00 3.598389e+03 8.486839e-04 8.677542e+00
 8.163104e-04 7.072730e+00 1.000582e+00 1.074498e+00 8.108700e+00 3.520543e+03 8.513348e-04 8.684827e+00
 8.186526e-04 7.072479e+00 1.005110e+00 1.079717e+00 8.113300e+00 3.444803e+03 8.539948e-04 8.692003e+00
 8.210015e-04 7.072336e+00 1.009631e+00 1.084932e+00 8.118000e+00 3.370820e+03 8.566640e-04 8.699302e+00
 8.233571e-04 7.071998e+00 1.014145e+00 1.090141e+00 8.122500e+00 3.299079e+03 8.593424e-04 8.706376e+00
 8.257195e-04 7.071766e+00 1.018651e+00 1.095345e+00 8.127100e+00 3.228704e+03 8.620300e-04 8.713574e+00
 8.280887e-04 7.071440e+00 1.023150e+00 1.100545e+00 8.131600e+00 3.160443e+03 8.647268e-04 8.720663e+00
 8.304646e-04 7.071121e+00 1.027643e+00 1.105739e+00 8.136100e+00 3.093711e+03 8.674329e-04 8.727761e+00
 8.328474e-04 7.070807e+00 1.032128e+00 1.110929e+00 8.140600e+00 3.028716e+03 8.701483e-04 8.734866e+00
 8.352370e-04 7.070400e+00 1.036606e+00 1.116114e+00 8.145000e+00 2.965650e+03 8.728731e-04 8.741865e+00
 8.376335e-04 7.069998e+00 1.041077e+00 1.121294e+00 8.149400e+00 2.903723e+03 8.756073e-04 8.748871e+00
 8.400368e-04 7.069502e+00 1.045540e+00 1.126469e+00 8.153700e+00 2.843622e+03 8.783509e-04 8.755771e+00
 8.424471e-04 7.069013e+00 1.049997e+00 1.131639e+00 8.158000e+00 2.785052e+03 8.811040e-04 8.762679e+00
 8.448642e-04 7.068529e+00 1.054446e+00 1.136804e+00 8.162300e+00 2.727741e+03 8.838667e-04 8.769596e+00
 8.472883e-04 7.067952e+00 1.058889e+00 1.141964e+00 8.166500e+00 2.671656e+03 8.866388e-04 8.776406e+00
 8.497194e-04 7.067380e+00 1.063324e+00 1.147119e+00 8.170700e+00 2.616987e+03 8.894206e-04 8.783225e+00
 8.521574e-04 7.066815e+00 1.067752e+00 1.152270e+00 8.174900e+00 2.563907e+03 8.922120e-04 8.790054e+00
 8.546024e-04 7.066155e+00 1.072173e+00 1.157415e+00 8.179000e+00 2.512152e+03 8.950130e-04 8.796775e+00
 8.570544e-04 7.065502e+00 1.076587e+00 1.162556e+00 8.183100e+00 2.461061e+03 8.978238e-04 8.803506e+00
 8.595135e-04 7.064855e+00 1.080994e+00 1.167691e+00 8.187200e+00 2.411650e+03 9.006443e-04 8.810246e+00
 8.619796e-04 7.064113e+00 1.085394e+00 1.172822e+00 8.191200e+00 2.363462e+03 9.034746e-04 8.816880e+00
 8.644528e-04 7.063378e+00 1.089787e+00 1.177948e+00 8.195200e+00 2.316263e+03 9.063148e-04 8.823523e+00
 8.669331e-04 7.062548e+00 1.094173e+00 1.183068e+00 8.199100e+00 2.270030e+03 9.091648e-04 8.830059e+00
 8.694205e-04 7.061825e+00 1.098552e+00 1.188184e+00 8.203100e+00 2.225123e+03 9.120247e-04 8.836721e+00
 8.719151e-04 7.060907e+00 1.102923e+00 1.193295e+00 8.206900e+00 2.181124e+03 9.148945e-04 8.843160e+00
 8.744168e-04 7.060096e+00 1.107288e+00 1.198401e+00 8.210800e+00 2.138014e+03 9.177744e-04 8.849726e+00
 8.769257e-04 7.059191e+00 1.111645e+00 1.203501e+00 8.214600e+00 2.095953e+03 9.206642e-04 8.856184e+00
 8.794417e-04 7.058191e+00 1.115996e+00 1.208597e+00 8.218300e+00 2.054912e+03 9.235642e-04 8.862536e+00
 8.819650e-04 7.057197e+00 1.120339e+00 1.213688e+00 8.222000e+00 2.015036e+03 9.264742e-04 8.868898e+00
 8.844956e-04 7.056210e+00 1.124676e+00 1.218774e+00 8.225700e+00 1.975777e+03 9.293944e-04 8.875270e+00
 8.870334e-04 7.055228e+00 1.129005e+00 1.223854e+00 8.229400e+00 1.937463e+03 9.323248e-04 8.881652e+00
 8.895785e-04 7.054153e+00 1.133327e+00 1.228930e+00 8.233000e+00 1.900067e+03 9.352655e-04 8.887927e+00
 8.921309e-04 7.053083e+00 1.137642e+00 1.234001e+00 8.236600e+00 1.863566e+03 9.382164e-04 8.894212e+00
 8.946906e-04 7.051920e+00 1.141950e+00 1.239066e+00 8.240100e+00 1.827616e+03 9.411776e-04 8.900390e+00
 8.972576e-04 7.050762e+00 1.146251e+00 1.244126e+00 8.243600e+00 1.792681e+03 9.441492e-04 8.906578e+00
 8.998320e-04 7.049611e+00 1.150545e+00 1.249182e+00 8.247100e+00 1.758574e+03 9.471312e-04 8.912777e+00
 9.024138e-04 7.048366e+00 1.154831e+00 1.254232e+00 8.250500e+00 1.725124e+03 9.501237e-04 8.918869e+00
 9.050031e-04 7.047127e+00 1.159111e+00 1.259277e+00 8.253900e+00 1.692317e+03 9.531266e-04 8.924971e+00
 9.075997e-04 7.045793e+00 1.163383e+00 1.264317e+00 8.257200e+00 1.660285e+03 9.561401e-04 8.930966e+00
 9.102038e-04 7.044466e+00 1.167649e+00 1.269351e+00 8.260500e+00 1.629008e+03 9.591642e-04 8.936971e+00
 9.128154e-04 7.043145e+00 1.171907e+00 1.274381e+00 8.263800e+00 1.598466e+03 9.621988e-04 8.942987e+00
 9.154344e-04 7.041730e+00 1.176158e+00 1.279405e+00 8.267000e+00 1.568501e+03 9.652442e-04 8.948895e+00
 9.180610e-04 7.040321e+00 1.180401e+00 1.284424e+00 8.270200e+00 1.539102e+03 9.683002e-04 8.954814e+00
 9.206951e-04 7.038919e+00 1.184638e+00 1.289437e+00 8.273400e+00 1.510525e+03 9.713671e-04 8.960743e+00
 9.233368e-04 7.037422e+00 1.188868e+00 1.294446e+00 8.276500e+00 1.482350e+03 9.744447e-04 8.966565e+00
 9.259860e-04 7.035932e+00 1.193090e+00 1.299449e+00 8.279600e+00 1.454963e+03 9.775331e-04 8.972398e+00
 9.286428e-04 7.034347e+00 1.197305e+00 1.304446e+00 8.282600e+00 1.428084e+03 9.806325e-04 8.978123e+00
 9.313073e-04 7.032769e+00 1.201513e+00 1.309439e+00 8.285600e+00 1.401704e+03 9.837427e-04 8.983858e+00
 9.339794e-04 7.031198e+00 1.205713e+00 1.314426e+00 8.288600e+00 1.375937e+03 9.868640e-04 8.989605e+00
 9.366592e-04 7.029532e+00 1.209907e+00 1.319407e+00 8.291500e+00 1.350766e+03 9.899963e-04 8.995243e+00
 9.393467e-04 7.027872e+00 1.214093e+00 1.324383e+00 8.294400e+00 1.326177e+03 9.931397e-04 9.000892e+00
 9.420419e-04 7.026119e+00 1.218272e+00 1.329354e+00 8.297200e+00 1.301803e+03 9.962941e-04 9.006433e+00
 9.447448e-04 7.024473e+00 1.222443e+00 1.334319e+00 8.300100e+00 1.278223e+03 9.994598e-04 9.012104e+00
 9.474554e-04 7.022631e+00 1.226607e+00 1.339279e+00 8.302800e+00 1.255071e+03 1.002637e-03 9.017548e+00
 9.501739e-04 7.020897e+00 1.230764e+00 1.344233e+00 8.305600e+00 1.232341e+03 1.005825e-03 9.023122e+00
 9.529001e-04 7.019070e+00 1.234914e+00 1.349181e+00 8.308300e+00 1.210132e+03 1.009024e-03 9.028587e+00
 9.556342e-04 7.017147e+00 1.239056e+00 1.354124e+00 8.310900e+00 1.188432e+03 1.012235e-03 9.033944e+00
 9.583761e-04 7.015333e+00 1.243191e+00 1.359061e+00 8.313600e+00 1.167123e+03 1.015457e-03 9.039432e+00
 9.611259e-04 7.013424e+00 1.247318e+00 1.363993e+00 8.316200e+00 1.146197e+03 1.018691e-03 9.044811e+00
 9.638836e-04 7.011421e+00 1.251438e+00 1.368919e+00 8.318700e+00 1.125646e+03 1.021936e-03 9.050081e+00
 9.666492e-04 7.009425e+00 1.255551e+00 1.373839e+00 8.321200e+00 1.105565e+03 1.025192e-03 9.055362e+00
 9.694227e-04 7.007435e+00 1.259656e+00 1.378753e+00 8.323700e+00 1.085943e+03 1.028461e-03 9.060654e+00
 9.722041e-04 7.005453e+00 1.263753e+00 1.383662e+00 8.326200e+00 1.066767e+03 1.031741e-03 9.065958e+00
 9.749936e-04 7.003376e+00 1.267844e+00 1.388565e+00 8.328600e+00 1.047930e+03 1.035032e-03 9.071152e+00
 9.777911e-04 7.001205e+00 1.271926e+00 1.393462e+00 8.330900e+00 1.029427e+03 1.038336e-03 9.076238e+00
 9.805965e-04 6.999142e+00 1.276001e+00 1.398353e+00 8.333300e+00 1.011344e+03 1.041651e-03 9.081454e+00
 9.834101e-04 6.996885e+00 1.280069e+00 1.403238e+00 8.335500e+00 9.934882e+02 1.044978e-03 9.086441e+00
 9.862317e-04 6.994734e+00 1.284129e+00 1.408117e+00 8.337800e+00 9.761279e+02 1.048316e-03 9.091560e+00
 9.890614e-04 6.992490e+00 1.288181e+00 1.412990e+00 8.340000e+00 9.591602e+02 1.051667e-03 9.096569e+00
 9.918992e-04 6.990253e+00 1.292226e+00 1.417857e+00 8.342200e+00 9.424885e+02 1.055030e-03 9.101589e+00
 9.947452e-04 6.988023e+00 1.296263e+00 1.422718e+00 8.344400e+00 9.260218e+02 1.058405e-03 9.106621e+00
 9.975993e-04 6.985699e+00 1.300293e+00 1.427573e+00 8.346500e+00 9.100120e+02 1.061792e-03 9.111543e+00
 1.000462e-03 6.983282e+00 1.304314e+00 1.432422e+00 8.348500e+00 8.942800e+02 1.065191e-03 9.116355e+00
 1.003332e-03 6.980972e+00 1.308329e+00 1.437265e+00 8.350600e+00 8.788208e+02 1.068602e-03 9.121299e+00
 1.006211e-03 6.978568e+00 1.312335e+00 1.442101e+00 8.352600e+00 8.637103e+02 1.072026e-03 9.126133e+00
 1.009098e-03 6.976071e+00 1.316334e+00 1.446931e+00 8.354500e+00 8.488605e+02 1.075461e-03 9.130858e+00
 1.011993e-03 6.973681e+00 1.320324e+00 1.451755e+00 8.356500e+00 8.342670e+02 1.078910e-03 9.135714e+00
 1.014897e-03 6.971198e+00 1.324308e+00 1.456573e+00 8.358400e+00 8.200788e+02 1.082370e-03 9.140461e+00
 1.017809e-03 6.968622e+00 1.328283e+00 1.461384e+00 8.360200e+00 8.060576e+02 1.085843e-03 9.145098e+00
 1.020729e-03 6.966052e+00 1.332250e+00 1.466189e+00 8.362000e+00 7.922771e+02 1.089329e-03 9.149745e+00
 1.023658e-03 6.963490e+00 1.336210e+00 1.470988e+00 8.363800e+00 7.788068e+02 1.092827e-03 9.154404e+00
 1.026595e-03 6.960935e+00 1.340161e+00 1.475780e+00 8.365600e+00 7.656382e+02 1.096338e-03 9.159074e+00
 1.029540e-03 6.958286e+00 1.344105e+00 1.480565e+00 8.367300e+00 7.526941e+02 1.099861e-03 9.163633e+00
 1.032494e-03 6.955544e+00 1.348041e+00 1.485344e+00 8.368900e+00 7.399701e+02 1.103397e-03 9.168082e+00
 1.035457e-03 6.952910e+00 1.351969e+00 1.490116e+00 8.370600e+00 7.275312e+02 1.106946e-03 9.172664e+00
 1.038428e-03 6.950182e+00 1.355889e+00 1.494882e+00 8.372200e+00 7.153708e+02 1.110508e-03 9.177135e+00
 1.041407e-03 6.947463e+00 1.359800e+00 1.499641e+00 8.373800e+00 7.032818e+02 1.114082e-03 9.181617e+00
 1.044395e-03 6.944649e+00 1.363704e+00 1.504393e+00 8.375300e+00 6.915955e+02 1.117670e-03 9.185988e+00
 1.047392e-03 6.941843e+00 1.367600e+00 1.509139e+00 8.376800e+00 6.799758e+02 1.121270e-03 9.190371e+00
 1.050397e-03 6.938944e+00 1.371487e+00 1.513878e+00 8.378200e+00 6.686165e+02 1.124884e-03 9.194642e+00
 1.053411e-03 6.936153e+00 1.375367e+00 1.518610e+00 8.379700e+00 6.575739e+02 1.128511e-03 9.199047e+00
 1.056433e-03 6.933269e+00 1.379238e+00 1.523335e+00 8.381100e+00 6.466541e+02 1.132151e-03 9.203340e+00
 1.059464e-03 6.930291e+00 1.383101e+00 1.528053e+00 8.382400e+00 6.359783e+02 1.135804e-03 9.207522e+00
 1.062504e-03 6.927321e+00 1.386956e+00 1.532764e+00 8.383700e+00 6.254805e+02 1.139470e-03 9.211715e+00
 1.065553e-03 6.924359e+00 1.390803e+00 1.537468e+00 8.385000e+00 6.151581e+02 1.143150e-03 9.215919e+00
 1.068610e-03 6.921405e+00 1.394641e+00 1.542165e+00 8.386300e+00 6.050080e+02 1.146843e-03 9.220134e+00
 1.071676e-03 6.918357e+00 1.398472e+00 1.546855e+00 8.387500e+00 5.950845e+02 1.150550e-03 9.224238e+00
 1.074751e-03 6.915317e+00 1.402293e+00 1.551538e+00 8.388700e+00 5.853261e+02 1.154270e-03 9.228352e+00
 1.077835e-03 6.912184e+00 1.406107e+00 1.556213e+00 8.389800e+00 5.757853e+02 1.158004e-03 9.232355e+00
 1.080927e-03 6.909059e+00 1.409912e+00 1.560882e+00 8.390900e+00 5.664022e+02 1.161751e-03 9.236369e+00
 1.084029e-03 6.905942e+00 1.413709e+00 1.565543e+00 8.392000e+00 5.571746e+02 1.165513e-03 9.240394e+00
 1.087139e-03 6.902731e+00 1.417497e+00 1.570197e+00 8.393000e+00 5.480996e+02 1.169287e-03 9.244306e+00
 1.090258e-03 6.899529e+00 1.421277e+00 1.574843e+00 8.394000e+00 5.392267e+02 1.173076e-03 9.248230e+00
 1.093386e-03 6.896334e+00 1.425048e+00 1.579482e+00 8.395000e+00 5.304488e+02 1.176879e-03 9.252164e+00
 1.096523e-03 6.893148e+00 1.428811e+00 1.584114e+00 8.396000e+00 5.219176e+02 1.180695e-03 9.256109e+00
 1.099670e-03 6.889869e+00 1.432565e+00 1.588738e+00 8.396900e+00 5.134760e+02 1.184526e-03 9.259943e+00
 1.102825e-03 6.886497e+00 1.436311e+00 1.593354e+00 8.397700e+00 5.052231e+02 1.188370e-03 9.263663e+00
 1.105989e-03 6.883234e+00 1.440048e+00 1.597963e+00 8.398600e+00 4.971051e+02 1.192229e-03 9.267518e+00
 1.109162e-03 6.879878e+00 1.443776e+00 1.602564e+00 8.399400e+00 4.891203e+02 1.196102e-03 9.271260e+00
 1.112345e-03 6.876429e+00 1.447496e+00 1.607157e+00 8.400100e+00 4.813137e+02 1.199989e-03 9.274889e+00
 1.115536e-03 6.873089e+00 1.451207e+00 1.611743e+00 8.400900e+00 4.736806e+02 1.203890e-03 9.278653e+00
 1.118737e-03 6.869657e+00 1.454910e+00 1.616321e+00 8.401600e+00 4.660805e+02 1.207806e-03 9.282304e+00
 1.121947e-03 6.866132e+00 1.458603e+00 1.620891e+00 8.402200e+00 4.587397e+02 1.211736e-03 9.285842e+00
 1.125166e-03 6.862717e+00 1.462288e+00 1.625453e+00 8.402900e+00 4.514292e+02 1.215681e-03 9.289514e+00
 1.128394e-03 6.859208e+00 1.465964e+00 1.630008e+00 8.403500e+00 4.442818e+02 1.219640e-03 9.293074e+00
 1.131632e-03 6.855608e+00 1.469631e+00 1.634554e+00 8.404000e+00 4.372075e+02 1.223614e-03 9.296520e+00
 1.134879e-03 6.852116e+00 1.473290e+00 1.639092e+00 8.404600e+00 4.303336e+02 1.227603e-03 9.300100e+00
 1.138135e-03 6.848532e+00 1.476939e+00 1.643622e+00 8.405100e+00 4.236126e+02 1.231606e-03 9.303568e+00
 1.141401e-03 6.844856e+00 1.480580e+00 1.648144e+00 8.405500e+00 4.169175e+02 1.235624e-03 9.306922e+00
 1.144676e-03 6.841289e+00 1.484211e+00 1.652658e+00 8.406000e+00 4.103719e+02 1.239657e-03 9.310410e+00
 1.147960e-03 6.837630e+00 1.487834e+00 1.657164e+00 8.406400e+00 4.039722e+02 1.243705e-03 9.313785e+00
 1.151254e-03 6.833878e+00 1.491447e+00 1.661661e+00 8.406700e+00 3.976756e+02 1.247768e-03 9.317046e+00
 1.154557e-03 6.830236e+00 1.495052e+00 1.666150e+00 8.407100e+00 3.914416e+02 1.251846e-03 9.320442e+00
 1.157869e-03 6.826502e+00 1.498647e+00 1.670631e+00 8.407400e+00 3.853085e+02 1.255940e-03 9.323724e+00
 1.161192e-03 6.822675e+00 1.502234e+00 1.675103e+00 8.407600e+00 3.793882e+02 1.260048e-03 9.326892e+00
 1.164523e-03 6.818958e+00 1.505811e+00 1.679567e+00 8.407900e+00 3.734879e+02 1.264172e-03 9.330196e+00
 1.167865e-03 6.815149e+00 1.509379e+00 1.684022e+00 8.408100e+00 3.676825e+02 1.268311e-03 9.333385e+00
 1.171215e-03 6.811248e+00 1.512938e+00 1.688469e+00 8.408200e+00 3.620070e+02 1.272466e-03 9.336459e+00
 1.174576e-03 6.807456e+00 1.516487e+00 1.692907e+00 8.408400e+00 3.564225e+02 1.276636e-03 9.339669e+00
 1.177946e-03 6.803573e+00 1.520027e+00 1.697336e+00 8.408500e+00 3.509277e+02 1.280821e-03 9.342764e+00
 1.181326e-03 6.799698e+00 1.523558e+00 1.701756e+00 8.408600e+00 3.455212e+02 1.285022e-03 9.345870e+00
 1.184715e-03 6.795732e+00 1.527080e+00 1.706168e+00 8.408600e+00 3.402353e+02 1.289239e-03 9.348861e+00
 1.188114e-03 6.791774e+00 1.530592e+00 1.710571e+00 8.408600e+00 3.350678e+02 1.293472e-03 9.351862e+00
 1.191523e-03 6.787826e+00 1.534095e+00 1.714965e+00 8.408600e+00 3.299159e+02 1.297721e-03 9.354873e+00
 1.194942e-03 6.783785e+00 1.537589e+00 1.719350e+00 8.408500e+00 3.248796e+02 1.301985e-03 9.357770e+00
 1.198371e-03 6.779855e+00 1.541073e+00 1.723727e+00 8.408500e+00 3.199558e+02 1.306266e-03 9.360802e+00
 1.201809e-03 6.775732e+00 1.544547e+00 1.728094e+00 8.408300e+00 3.150471e+02 1.310562e-03 9.363593e+00
 1.205257e-03 6.771719e+00 1.548012e+00 1.732452e+00 8.408200e+00 3.103109e+02 1.314875e-03 9.366521e+00
 1.208715e-03 6.767614e+00 1.551468e+00 1.736801e+00 8.408000e+00 3.055882e+02 1.319204e-03 9.369332e+00
 1.212183e-03 6.763519e+00 1.554914e+00 1.741140e+00 8.407800e+00 3.009713e+02 1.323549e-03 9.372154e+00
 1.215661e-03 6.759432e+00 1.558350e+00 1.745471e+00 8.407600e+00 2.964582e+02 1.327910e-03 9.374986e+00
 1.219149e-03 6.755255e+00 1.561777e+00 1.749792e+00 8.407300e+00 2.919570e+02 1.332288e-03 9.377703e+00
 1.222647e-03 6.751086e+00 1.565194e+00 1.754104e+00 8.407000e+00 2.875571e+02 1.336682e-03 9.380429e+00
 1.226155e-03 6.746826e+00 1.568601e+00 1.758406e+00 8.406600e+00 2.832560e+02 1.341093e-03 9.383039e+00
 1.229674e-03 6.742676e+00 1.571999e+00 1.762699e+00 8.406300e+00 2.790232e+02 1.345521e-03 9.385786e+00
 1.233202e-03 6.738435e+00 1.575387e+00 1.766982e+00 8.405900e+00 2.748574e+02 1.349965e-03 9.388416e+00
 1.236740e-03 6.734102e+00 1.578765e+00 1.771256e+00 8.405400e+00 2.707577e+02 1.354427e-03 9.390930e+00
 1.240288e-03 6.729880e+00 1.582133e+00 1.775520e+00 8.405000e+00 2.667227e+02 1.358905e-03 9.393581e+00
 1.243847e-03 6.725567e+00 1.585492e+00 1.779775e+00 8.404500e+00 2.627520e+02 1.363400e-03 9.396115e+00
 1.247416e-03 6.721263e+00 1.588840e+00 1.784020e+00 8.404000e+00 2.588441e+02 1.367912e-03 9.398658e+00
 1.250995e-03 6.716868e+00 1.592179e+00 1.788255e+00 8.403400e+00 2.549983e+02 1.372441e-03 9.401085e+00
 1.254584e-03 6.712482e+00 1.595508e+00 1.792480e+00 8.402800e+00 2.512132e+02 1.376987e-03 9.403522e+00
 1.258184e-03 6.708107e+00 1.598826e+00 1.796696e+00 8.402200e+00 2.475137e+02 1.381550e-03 9.405969e+00
 1.261794e-03 6.703741e+00 1.602135e+00 1.800901e+00 8.401600e+00 2.438977e+02 1.386131e-03 9.408426e+00
 1.265414e-03 6.699284e+00 1.605434e+00 1.805097e+00 8.400900e+00 2.402889e+02 1.390730e-03 9.410765e+00
 1.269045e-03 6.694836e+00 1.608722e+00 1.809282e+00 8.400200e+00 2.367619e+02 1.395345e-03 9.413114e+00
 1.272686e-03 6.690298e+00 1.612001e+00 1.813458e+00 8.399400e+00 2.332665e+02 1.399979e-03 9.415346e+00
 1.276338e-03 6.685870e+00 1.615270e+00 1.817623e+00 8.398700e+00 2.298737e+02 1.404630e-03 9.417714e+00
 1.280000e-03 6.681352e+00 1.618528e+00 1.821778e+00 8.397900e+00 2.265112e+02 1.409299e-03 9.419965e+00
 1.283673e-03 6.676843e+00 1.621776e+00 1.825923e+00 8.397100e+00 2.232248e+02 1.413985e-03 9.422226e+00
 1.287356e-03 6.672244e+00 1.625014e+00 1.830057e+00 8.396200e+00 2.199444e+02 1.418690e-03 9.424369e+00
 1.291049e-03 6.667654e+00 1.628242e+00 1.834181e+00 8.395300e+00 2.167386e+02 1.423412e-03 9.426521e+00
 1.294754e-03 6.663075e+00 1.631459e+00 1.838295e+00 8.394400e+00 2.136056e+02 1.428153e-03 9.428683e+00
 1.298469e-03 6.658506e+00 1.634666e+00 1.842398e+00 8.393500e+00 2.105217e+02 1.432911e-03 9.430855e+00
 1.302194e-03 6.653846e+00 1.637863e+00 1.846491e+00 8.392500e+00 2.074865e+02 1.437688e-03 9.432908e+00
 1.305930e-03 6.649196e+00 1.641049e+00 1.850574e+00 8.391500e+00 2.044988e+02 1.442484e-03 9.434970e+00
 1.309677e-03 6.644557e+00 1.644225e+00 1.854645e+00 8.390500e+00 2.015165e+02 1.447297e-03 9.437042e+00
 1.313435e-03 6.639826e+00 1.647391e+00 1.858706e+00 8.389400e+00 1.986431e+02 1.452130e-03 9.438996e+00
 1.317204e-03 6.635106e+00 1.650546e+00 1.862757e+00 8.388300e+00 1.957740e+02 1.456980e-03 9.440959e+00
 1.320983e-03 6.630397e+00 1.653691e+00 1.866796e+00 8.387200e+00 1.929707e+02 1.461850e-03 9.442931e+00
 1.324773e-03 6.625698e+00 1.656825e+00 1.870825e+00 8.386100e+00 1.902311e+02 1.466738e-03 9.444912e+00
 1.328574e-03 6.620908e+00 1.659949e+00 1.874843e+00 8.384900e+00 1.874953e+02 1.471645e-03 9.446775e+00
 1.332386e-03 6.616129e+00 1.663062e+00 1.878849e+00 8.383700e+00 1.848220e+02 1.476571e-03 9.448646e+00
 1.336209e-03 6.611259e+00 1.666165e+00 1.882845e+00 8.382400e+00 1.822098e+02 1.481516e-03 9.450398e+00
 1.340043e-03 6.606501e+00 1.669257e+00 1.886830e+00 8.381200e+00 1.796007e+02 1.486480e-03 9.452288e+00
 1.343888e-03 6.601652e+00 1.672338e+00 1.890804e+00 8.379900e+00 1.770516e+02 1.491463e-03 9.454059e+00
 1.347744e-03 6.596815e+00 1.675409e+00 1.894767e+00 8.378600e+00 1.745609e+02 1.496465e-03 9.455839e+00
 1.351611e-03 6.591886e+00 1.678468e+00 1.898718e+00 8.377200e+00 1.720729e+02 1.501487e-03 9.457498e+00
 1.355489e-03 6.587070e+00 1.681518e+00 1.902658e+00 8.375900e+00 1.696423e+02 1.506528e-03 9.459296e+00
 1.359378e-03 6.582163e+00 1.684556e+00 1.906587e+00 8.374500e+00 1.672675e+02 1.511589e-03 9.460974e+00
 1.363278e-03 6.577165e+00 1.687584e+00 1.910505e+00 8.373000e+00 1.649297e+02 1.516670e-03 9.462532e+00
 1.367190e-03 6.572280e+00 1.690601e+00 1.914411e+00 8.371600e+00 1.626114e+02 1.521770e-03 9.464228e+00
 1.371113e-03 6.567304e+00 1.693607e+00 1.918306e+00 8.370100e+00 1.603297e+02 1.526890e-03 9.465803e+00
 1.375047e-03 6.562340e+00 1.696602e+00 1.922189e+00 8.368600e+00 1.580840e+02 1.532030e-03 9.467387e+00
 1.378992e-03 6.557285e+00 1.699586e+00 1.926061e+00 8.367000e+00 1.558733e+02 1.537190e-03 9.468851e+00
 1.382948e-03 6.552342e+00 1.702560e+00 1.929921e+00 8.365500e+00 1.536979e+02 1.542370e-03 9.470453e+00
 1.386916e-03 6.547309e+00 1.705522e+00 1.933769e+00 8.363900e+00 1.515563e+02 1.547570e-03 9.471934e+00
 1.390896e-03 6.542186e+00 1.708473e+00 1.937606e+00 8.362200e+00 1.494485e+02 1.552791e-03 9.473295e+00
 1.394887e-03 6.537175e+00 1.711414e+00 1.941431e+00 8.360600e+00 1.473739e+02 1.558032e-03 9.474793e+00
 1.398889e-03 6.532074e+00 1.714343e+00 1.945244e+00 8.358900e+00 1.453474e+02 1.563293e-03 9.476171e+00
 1.402902e-03 6.526985e+00 1.717262e+00 1.949046e+00 8.357200e+00 1.433373e+02 1.568575e-03 9.477557e+00
 1.406928e-03 6.521906e+00 1.720169e+00 1.952835e+00 8.355500e+00 1.413439e+02 1.573878e-03 9.478952e+00
 1.410964e-03 6.516738e+00 1.723065e+00 1.956612e+00 8.353700e+00 1.394117e+02 1.579201e-03 9.480225e+00
 1.415013e-03 6.511580e+00 1.725950e+00 1.960378e+00 8.351900e+00 1.374949e+02 1.584546e-03 9.481506e+00
 1.419073e-03 6.506434e+00 1.728824e+00 1.964131e+00 8.350100e+00 1.355939e+02 1.589911e-03 9.482797e+00
 1.423144e-03 6.501300e+00 1.731687e+00 1.967872e+00 8.348300e+00 1.337518e+02 1.595297e-03 9.484095e+00
 1.427228e-03 6.496075e+00 1.734539e+00 1.971601e+00 8.346400e+00 1.319241e+02 1.600705e-03 9.485272e+00
 1.431323e-03 6.490862e+00 1.737379e+00 1.975318e+00 8.344500e+00 1.301114e+02 1.606134e-03 9.486457e+00
 1.435429e-03 6.485661e+00 1.740208e+00 1.979023e+00 8.342600e+00 1.283410e+02 1.611584e-03 9.487650e+00
 1.439548e-03 6.480471e+00 1.743026e+00 1.982715e+00 8.340700e+00 1.265986e+02 1.617055e-03 9.488852e+00
 1.443678e-03 6.475191e+00 1.745832e+00 1.986395e+00 8.338700e+00 1.248836e+02 1.622549e-03 9.489931e+00
 1.447821e-03 6.469922e+00 1.748627e+00 1.990062e+00 8.336700e+00 1.231953e+02 1.628064e-03 9.491018e+00
 1.451975e-03 6.464666e+00 1.751411e+00 1.993717e+00 8.334700e+00 1.215076e+02 1.633600e-03 9.492113e+00
 1.456141e-03 6.459319e+00 1.754184e+00 1.997360e+00 8.332600e+00 1.198856e+02 1.639159e-03 9.493086e+00
 1.460319e-03 6.454086e+00 1.756945e+00 2.000990e+00 8.330600e+00 1.182633e+02 1.644739e-03 9.494198e+00
 1.464509e-03 6.448762e+00 1.759694e+00 2.004607e+00 8.328500e+00 1.166667e+02 1.650342e-03 9.495187e+00
 1.468711e-03 6.443349e+00 1.762432e+00 2.008212e+00 8.326300e+00 1.150953e+02 1.655967e-03 9.496052e+00
 1.472925e-03 6.438050e+00 1.765159e+00 2.011804e+00 8.324200e+00 1.135488e+02 1.661614e-03 9.497057e+00
 1.477151e-03 6.432660e+00 1.767874e+00 2.015383e+00 8.322000e+00 1.120266e+02 1.667284e-03 9.497938e+00
 1.481389e-03 6.427283e+00 1.770578e+00 2.018949e+00 8.319800e+00 1.105285e+02 1.672976e-03 9.498827e+00
 1.485639e-03 6.421918e+00 1.773270e+00 2.022503e+00 8.317600e+00 1.090542e+02 1.678690e-03 9.499724e+00
 1.489902e-03 6.416462e+00 1.775951e+00 2.026043e+00 8.315300e+00 1.076030e+02 1.684428e-03 9.500497e+00
 1.494177e-03 6.411121e+00 1.778620e+00 2.029571e+00 8.313100e+00 1.061749e+02 1.690188e-03 9.501410e+00
 1.498464e-03 6.405588e+00 1.781277e+00 2.033085e+00 8.310700e+00 1.047694e+02 1.695971e-03 9.502066e+00
 1.502763e-03 6.400169e+00 1.783923e+00 2.036587e+00 8.308400e+00 1.033859e+02 1.701778e-03 9.502862e+00
 1.507075e-03 6.394762e+00 1.786557e+00 2.040075e+00 8.306100e+00 1.020022e+02 1.707607e-03 9.503666e+00
 1.511399e-03 6.389265e+00 1.789180e+00 2.043551e+00 8.303700e+00 1.006514e+02 1.713460e-03 9.504346e+00
 1.515736e-03 6.383780e+00 1.791790e+00 2.047013e+00 8.301300e+00 9.933300e+01 1.719336e-03 9.505033e+00
 1.520085e-03 6.378308e+00 1.794389e+00 2.050462e+00 8.298900e+00 9.803538e+01 1.725236e-03 9.505728e+00
 1.524446e-03 6.372746e+00 1.796977e+00 2.053897e+00 8.296400e+00 9.672653e+01 1.731159e-03 9.506297e+00
 1.528820e-03 6.367196e+00 1.799552e+00 2.057319e+00 8.293900e+00 9.547007e+01 1.737106e-03 9.506874e+00
 1.533207e-03 6.361659e+00 1.802116e+00 2.060728e+00 8.291400e+00 9.421253e+01 1.743077e-03 9.507458e+00
 1.537606e-03 6.356134e+00 1.804668e+00 2.064124e+00 8.288900e+00 9.298553e+01 1.749072e-03 9.508050e+00
 1.542017e-03 6.350621e+00 1.807208e+00 2.067506e+00 8.286400e+00 9.176771e+01 1.755091e-03 9.508650e+00
 1.546442e-03 6.345019e+00 1.809737e+00 2.070874e+00 8.283800e+00 9.057931e+01 1.761134e-03 9.509123e+00
 1.550879e-03 6.339429e+00 1.812253e+00 2.074229e+00 8.281200e+00 8.940986e+01 1.767202e-03 9.509604e+00
 1.555329e-03 6.333852e+00 1.814758e+00 2.077570e+00 8.278600e+00 8.824904e+01 1.773294e-03 9.510092e+00
 1.559791e-03 6.328185e+00 1.817251e+00 2.080898e+00 8.275900e+00 8.709728e+01 1.779410e-03 9.510454e+00
 1.564267e-03 6.322633e+00 1.819732e+00 2.084211e+00 8.273300e+00 8.596404e+01 1.785551e-03 9.510957e+00
 1.568755e-03 6.316991e+00 1.822201e+00 2.087512e+00 8.270600e+00 8.485799e+01 1.791717e-03 9.511333e+00
 1.573256e-03 6.311362e+00 1.824658e+00 2.090798e+00 8.267900e+00 8.376068e+01 1.797908e-03 9.511717e+00
 1.577770e-03 6.305643e+00 1.827103e+00 2.094070e+00 8.265100e+00 8.268976e+01 1.804124e-03 9.511973e+00
 1.582297e-03 6.300040e+00 1.829536e+00 2.097329e+00 8.262400e+00 8.163586e+01 1.810365e-03 9.512371e+00
 1.586837e-03 6.294346e+00 1.831957e+00 2.100574e+00 8.259600e+00 8.057224e+01 1.816632e-03 9.512642e+00
 1.591390e-03 6.288666e+00 1.834366e+00 2.103804e+00 8.256800e+00 7.955202e+01 1.822924e-03 9.512919e+00
 1.595956e-03 6.282998e+00 1.836763e+00 2.107021e+00 8.254000e+00 7.853071e+01 1.829241e-03 9.513204e+00
 1.600535e-03 6.277241e+00 1.839148e+00 2.110224e+00 8.251100e+00 7.753432e+01 1.835584e-03 9.513361e+00
 1.605127e-03 6.271496e+00 1.841521e+00 2.113412e+00 8.248200e+00 7.654550e+01 1.841953e-03 9.513524e+00
 1.609733e-03 6.265764e+00 1.843882e+00 2.116587e+00 8.245300e+00 7.558076e+01 1.848348e-03 9.513695e+00
 1.614351e-03 6.260046e+00 1.846230e+00 2.119747e+00 8.242400e+00 7.461514e+01 1.854768e-03 9.513872e+00
 1.619033e-03 6.254340e+00 1.848567e+00 2.122893e+00 8.239500e+00 7.367309e+01 1.861285e-03 9.514056e+00
 1.624962e-03 6.248549e+00 1.850888e+00 2.126020e+00 8.236500e+00 7.273966e+01 1.869546e-03 9.514107e+00
 1.630912e-03 6.242779e+00 1.853189e+00 2.129123e+00 8.233500e+00 7.183218e+01 1.877848e-03 9.514158e+00
 1.636883e-03 6.237032e+00 1.855471e+00 2.132201e+00 8.230500e+00 7.092581e+01 1.886190e-03 9.514208e+00
 1.642877e-03 6.231306e+00 1.857733e+00 2.135254e+00 8.227500e+00 7.004388e+01 1.894572e-03 9.514259e+00
 1.648892e-03 6.225603e+00 1.859974e+00 2.138281e+00 8.224500e+00 6.917050e+01 1.902996e-03 9.514311e+00
 1.654930e-03 6.219821e+00 1.862195e+00 2.141283e+00 8.221400e+00 6.832033e+01 1.911461e-03 9.514229e+00
 1.660990e-03 6.214062e+00 1.864395e+00 2.144260e+00 8.218300e+00 6.748552e+01 1.919967e-03 9.514149e+00
 1.667072e-03 6.208325e+00 1.866575e+00 2.147210e+00 8.215200e+00 6.665804e+01 1.928514e-03 9.514070e+00
 1.673176e-03 6.202612e+00 1.868734e+00 2.150134e+00 8.212100e+00 6.584532e+01 1.937104e-03 9.513993e+00
 1.679302e-03 6.196922e+00 1.870872e+00 2.153031e+00 8.209000e+00 6.504690e+01 1.945735e-03 9.513919e+00
 1.685451e-03 6.191153e+00 1.872990e+00 2.155903e+00 8.205800e+00 6.426233e+01 1.954409e-03 9.513711e+00
 1.691622e-03 6.185407e+00 1.875087e+00 2.158748e+00 8.202600e+00 6.349130e+01 1.963125e-03 9.513505e+00
 1.697816e-03 6.179684e+00 1.877162e+00 2.161566e+00 8.199400e+00 6.273359e+01 1.971884e-03 9.513302e+00
 1.704033e-03 6.173883e+00 1.879217e+00 2.164358e+00 8.196100e+00 6.197516e+01 1.980686e-03 9.512966e+00
 1.710273e-03 6.168207e+00 1.881252e+00 2.167123e+00 8.192900e+00 6.125023e+01 1.989532e-03 9.512768e+00
 1.716535e-03 6.162452e+00 1.883265e+00 2.169862e+00 8.189600e+00 6.052416e+01 1.998420e-03 9.512438e+00
 1.722820e-03 6.156721e+00 1.885257e+00 2.172574e+00 8.186300e+00 5.981024e+01 2.007352e-03 9.512110e+00
 1.729128e-03 6.150911e+00 1.887229e+00 2.175260e+00 8.182900e+00 5.910851e+01 2.016329e-03 9.511649e+00
 1.735460e-03 6.145226e+00 1.889180e+00 2.177919e+00 8.179600e+00 5.841872e+01 2.025349e-03 9.511327e+00
 1.741814e-03 6.139462e+00 1.891110e+00 2.180551e+00 8.176200e+00 5.774033e+01 2.034414e-03 9.510872e+00
 1.748192e-03 6.133722e+00 1.893020e+00 2.183156e+00 8.172800e+00 5.707340e+01 2.043523e-03 9.510420e+00
 1.754593e-03 6.128005e+00 1.894908e+00 2.185735e+00 8.169400e+00 5.641137e+01 2.052677e-03 9.509971e+00
 1.761018e-03 6.122209e+00 1.896777e+00 2.188287e+00 8.165900e+00 5.577273e+01 2.061876e-03 9.509389e+00
 1.767466e-03 6.116436e+00 1.898624e+00 2.190813e+00 8.162400e+00 5.512615e+01 2.071121e-03 9.508809e+00
 1.773938e-03 6.110687e+00 1.900451e+00 2.193312e+00 8.158900e+00 5.450884e+01 2.080411e-03 9.508234e+00
 1.780433e-03 6.104960e+00 1.902258e+00 2.195785e+00 8.155400e+00 5.388329e+01 2.089747e-03 9.507661e+00
 1.786952e-03 6.099257e+00 1.904044e+00 2.198231e+00 8.151900e+00 5.328019e+01 2.099129e-03 9.507092e+00
 1.793495e-03 6.093474e+00 1.905809e+00 2.200650e+00 8.148300e+00 5.268098e+01 2.108558e-03 9.506389e+00
 1.800062e-03 6.087715e+00 1.907554e+00 2.203043e+00 8.144700e+00 5.209179e+01 2.118033e-03 9.505689e+00
 1.806654e-03 6.081978e+00 1.909279e+00 2.205410e+00 8.141100e+00 5.151218e+01 2.127555e-03 9.504993e+00
 1.813269e-03 6.076162e+00 1.910984e+00 2.207750e+00 8.137400e+00 5.094215e+01 2.137124e-03 9.504162e+00
 1.819908e-03 6.070472e+00 1.912669e+00 2.210064e+00 8.133800e+00 5.037556e+01 2.146740e-03 9.503472e+00
 1.826572e-03 6.064702e+00 1.914333e+00 2.212351e+00 8.130100e+00 4.981833e+01 2.156404e-03 9.502649e+00
 1.833260e-03 6.058954e+00 1.915977e+00 2.214613e+00 8.126400e+00 4.927587e+01 2.166116e-03 9.501828e+00
 1.839973e-03 6.053127e+00 1.917601e+00 2.216848e+00 8.122600e+00 4.873671e+01 2.175877e-03 9.500874e+00
 1.846710e-03 6.047425e+00 1.919206e+00 2.219056e+00 8.118900e+00 4.820087e+01 2.185685e-03 9.500060e+00
 1.853472e-03 6.041643e+00 1.920790e+00 2.221239e+00 8.115100e+00 4.768457e+01 2.195542e-03 9.499112e+00
 1.860258e-03 6.035884e+00 1.922355e+00 2.223396e+00 8.111300e+00 4.717130e+01 2.205448e-03 9.498167e+00
 1.867070e-03 6.030147e+00 1.923900e+00 2.225527e+00 8.107500e+00 4.666105e+01 2.215404e-03 9.497225e+00
 1.873906e-03 6.024330e+00 1.925425e+00 2.227631e+00 8.103600e+00 4.616443e+01 2.225409e-03 9.496149e+00
 1.880768e-03 6.018535e+00 1.926930e+00 2.229710e+00 8.099700e+00 4.567577e+01 2.235463e-03 9.495075e+00
 1.887654e-03 6.012763e+00 1.928416e+00 2.231763e+00 8.095800e+00 4.519005e+01 2.245568e-03 9.494005e+00
 1.894566e-03 6.007013e+00 1.929883e+00 2.233790e+00 8.091900e+00 4.470703e+01 2.255723e-03 9.492939e+00
 1.901503e-03 6.001286e+00 1.931330e+00 2.235792e+00 8.088000e+00 4.424202e+01 2.265928e-03 9.491875e+00
 1.908466e-03 5.995477e+00 1.932757e+00 2.237767e+00 8.084000e+00 4.376956e+01 2.276185e-03 9.490676e+00
 1.915454e-03 5.989691e+00 1.934166e+00 2.239718e+00 8.080000e+00 4.331959e+01 2.286492e-03 9.489480e+00
 1.922467e-03 5.983927e+00 1.935555e+00 2.241642e+00 8.076000e+00 4.286711e+01 2.296851e-03 9.488288e+00
 1.929507e-03 5.978185e+00 1.936925e+00 2.243541e+00 8.072000e+00 4.242206e+01 2.307262e-03 9.487098e+00
 1.936572e-03 5.972362e+00 1.938276e+00 2.245415e+00 8.067900e+00 4.198421e+01 2.317724e-03 9.485773e+00
 1.943663e-03 5.966663e+00 1.939607e+00 2.247264e+00 8.063900e+00 4.154872e+01 2.328239e-03 9.484590e+00
 1.950780e-03 5.960884e+00 1.940920e+00 2.249087e+00 8.059800e+00 4.112986e+01 2.338806e-03 9.483271e+00
 1.957923e-03 5.955023e+00 1.942215e+00 2.250885e+00 8.055600e+00 4.070374e+01 2.349427e-03 9.481816e+00
 1.965092e-03 5.949287e+00 1.943490e+00 2.252658e+00 8.051500e+00 4.028916e+01 2.360100e-03 9.480502e+00
 1.972287e-03 5.943470e+00 1.944746e+00 2.254405e+00 8.047300e+00 3.988596e+01 2.370827e-03 9.479053e+00
 1.979509e-03 5.937674e+00 1.945984e+00 2.256128e+00 8.043100e+00 3.948018e+01 2.381608e-03 9.477606e+00
 1.986757e-03 5.931899e+00 1.947204e+00 2.257826e+00 8.038900e+00 3.908564e+01 2.392442e-03 9.476162e+00
 1.994032e-03 5.926146e+00 1.948405e+00 2.259499e+00 8.034700e+00 3.869316e+01 2.403331e-03 9.474721e+00
 2.001333e-03 5.920414e+00 1.949587e+00 2.261147e+00 8.030500e+00 3.831148e+01 2.414275e-03 9.473283e+00
 2.008661e-03 5.914600e+00 1.950751e+00 2.262770e+00 8.026200e+00 3.792722e+01 2.425273e-03 9.471708e+00
 2.016016e-03 5.908807e+00 1.951897e+00 2.264369e+00 8.021900e+00 3.754940e+01 2.436327e-03 9.470135e+00
 2.023398e-03 5.903036e+00 1.953024e+00 2.265943e+00 8.017600e+00 3.718203e+01 2.447436e-03 9.468566e+00
 2.030806e-03 5.897285e+00 1.954134e+00 2.267493e+00 8.013300e+00 3.681220e+01 2.458601e-03 9.466998e+00
 2.038242e-03 5.891452e+00 1.955225e+00 2.269018e+00 8.008900e+00 3.645690e+01 2.469823e-03 9.465294e+00
 2.045706e-03 5.885640e+00 1.956299e+00 2.270519e+00 8.004500e+00 3.609918e+01 2.481100e-03 9.463592e+00
 2.053196e-03 5.879849e+00 1.957354e+00 2.271996e+00 8.000100e+00 3.574727e+01 2.492435e-03 9.461893e+00
 2.060714e-03 5.874079e+00 1.958392e+00 2.273448e+00 7.995700e+00 3.540130e+01 2.503827e-03 9.460196e+00
 2.068260e-03 5.868328e+00 1.959412e+00 2.274876e+00 7.991300e+00 3.506095e+01 2.515276e-03 9.458501e+00
 2.075833e-03 5.862496e+00 1.960414e+00 2.276281e+00 7.986800e+00 3.472635e+01 2.526782e-03 9.456668e+00
 2.083433e-03 5.856787e+00 1.961398e+00 2.277661e+00 7.982400e+00 3.439339e+01 2.538347e-03 9.454978e+00
 2.091062e-03 5.850995e+00 1.962365e+00 2.279017e+00 7.977900e+00 3.406593e+01 2.549971e-03 9.453150e+00
 2.098719e-03 5.845121e+00 1.963315e+00 2.280350e+00 7.973300e+00 3.374383e+01 2.561652e-03 9.451184e+00
 2.106403e-03 5.839370e+00 1.964247e+00 2.281658e+00 7.968800e+00 3.341950e+01 2.573393e-03 9.449361e+00
 2.114116e-03 5.833639e+00 1.965162e+00 2.282944e+00 7.964300e+00 3.310439e+01 2.585194e-03 9.447539e+00
 2.121857e-03 5.827825e+00 1.966059e+00 2.284205e+00 7.959700e+00 3.279839e+01 2.597054e-03 9.445579e+00
 2.129627e-03 5.822031e+00 1.966940e+00 2.285443e+00 7.955100e+00 3.249004e+01 2.608974e-03 9.443621e+00
 2.137424e-03 5.816256e+00 1.967803e+00 2.286658e+00 7.950500e+00 3.218692e+01 2.620954e-03 9.441665e+00
 2.145251e-03 5.810502e+00 1.968649e+00 2.287849e+00 7.945900e+00 3.188889e+01 2.632995e-03 9.439711e+00
 2.153106e-03 5.804664e+00 1.969478e+00 2.289017e+00 7.941200e+00 3.159219e+01 2.645097e-03 9.437618e+00
 2.160989e-03 5.798949e+00 1.970291e+00 2.290161e+00 7.936600e+00 3.130062e+01 2.657261e-03 9.435667e+00
 2.168902e-03 5.793151e+00 1.971086e+00 2.291283e+00 7.931900e+00 3.101390e+01 2.669486e-03 9.433578e+00
 2.176844e-03 5.787372e+00 1.971865e+00 2.292381e+00 7.927200e+00 3.073216e+01 2.681773e-03 9.431490e+00
 2.184814e-03 5.781509e+00 1.972628e+00 2.293457e+00 7.922400e+00 3.045165e+01 2.694123e-03 9.429262e+00
 2.192814e-03 5.775769e+00 1.973373e+00 2.294510e+00 7.917700e+00 3.017596e+01 2.706535e-03 9.427178e+00
 2.200843e-03 5.770048e+00 1.974102e+00 2.295539e+00 7.913000e+00 2.990504e+01 2.719011e-03 9.425094e+00
 2.208902e-03 5.764243e+00 1.974815e+00 2.296547e+00 7.908200e+00 2.963184e+01 2.731550e-03 9.422872e+00
 2.216990e-03 5.758458e+00 1.975511e+00 2.297531e+00 7.903400e+00 2.936685e+01 2.744152e-03 9.420650e+00
 2.225108e-03 5.752691e+00 1.976191e+00 2.298493e+00 7.898600e+00 2.910295e+01 2.756819e-03 9.418430e+00
 2.233255e-03 5.746943e+00 1.976855e+00 2.299432e+00 7.893800e+00 2.884706e+01 2.769551e-03 9.416212e+00
 2.241433e-03 5.741111e+00 1.977503e+00 2.300349e+00 7.888900e+00 2.858892e+01 2.782347e-03 9.413853e+00
 2.249640e-03 5.735401e+00 1.978134e+00 2.301244e+00 7.884100e+00 2.833530e+01 2.795209e-03 9.411637e+00
 2.257877e-03 5.729607e+00 1.978750e+00 2.302116e+00 7.879200e+00 2.808613e+01 2.808136e-03 9.409280e+00
 2.266144e-03 5.723831e+00 1.979350e+00 2.302966e+00 7.874300e+00 2.783809e+01 2.821129e-03 9.406925e+00
 2.274442e-03 5.718074e+00 1.979933e+00 2.303795e+00 7.869400e+00 2.759437e+01 2.834189e-03 9.404570e+00
 2.282770e-03 5.712232e+00 1.980501e+00 2.304601e+00 7.864400e+00 2.735496e+01 2.847316e-03 9.402075e+00
 2.291129e-03 5.706512e+00 1.981054e+00 2.305385e+00 7.859500e+00 2.711346e+01 2.860509e-03 9.399723e+00
 2.299518e-03 5.700707e+00 1.981590e+00 2.306147e+00 7.854500e+00 2.687939e+01 2.873770e-03 9.397229e+00
 2.307938e-03 5.695024e+00 1.982112e+00 2.306888e+00 7.849600e+00 2.665261e+01 2.887099e-03 9.394879e+00
 2.316388e-03 5.689255e+00 1.982617e+00 2.307607e+00 7.844600e+00 2.642063e+01 2.900496e-03 9.392387e+00
 2.324870e-03 5.683504e+00 1.983107e+00 2.308304e+00 7.839600e+00 2.619280e+01 2.913962e-03 9.389896e+00
 2.333383e-03 5.677669e+00 1.983582e+00 2.308980e+00 7.834500e+00 2.597204e+01 2.927497e-03 9.387264e+00
 2.341927e-03 5.671954e+00 1.984042e+00 2.309634e+00 7.829500e+00 2.574920e+01 2.941101e-03 9.384774e+00
 2.350502e-03 5.666258e+00 1.984486e+00 2.310267e+00 7.824500e+00 2.553348e+01 2.954775e-03 9.382285e+00
 2.359108e-03 5.660476e+00 1.984915e+00 2.310878e+00 7.819400e+00 2.531569e+01 2.968519e-03 9.379654e+00
 2.367746e-03 5.654712e+00 1.985330e+00 2.311469e+00 7.814300e+00 2.510474e+01 2.982334e-03 9.377024e+00
 2.376416e-03 5.648965e+00 1.985729e+00 2.312038e+00 7.809200e+00 2.489182e+01 2.996220e-03 9.374394e+00
 2.385118e-03 5.643236e+00 1.986113e+00 2.312587e+00 7.804100e+00 2.468574e+01 3.010177e-03 9.371764e+00
 2.393851e-03 5.637524e+00 1.986482e+00 2.313114e+00 7.799000e+00 2.448057e+01 3.024206e-03 9.369135e+00
 2.402616e-03 5.631727e+00 1.986837e+00 2.313620e+00 7.793800e+00 2.427634e+01 3.038307e-03 9.366364e+00
 2.411414e-03 5.626050e+00 1.987177e+00 2.314106e+00 7.788700e+00 2.407865e+01 3.052481e-03 9.363735e+00
 2.420243e-03 5.620288e+00 1.987502e+00 2.314571e+00 7.783500e+00 2.387903e+01 3.066728e-03 9.360964e+00
 2.429105e-03 5.614542e+00 1.987813e+00 2.315015e+00 7.778300e+00 2.368311e+01 3.081049e-03 9.358192e+00
 2.437999e-03 5.608814e+00 1.988109e+00 2.315439e+00 7.773100e+00 2.349090e+01 3.095443e-03 9.355421e+00
 2.446926e-03 5.603102e+00 1.988391e+00 2.315842e+00 7.767900e+00 2.329945e+01 3.109911e-03 9.352650e+00
 2.455886e-03 5.597408e+00 1.988658e+00 2.316225e+00 7.762700e+00 2.311176e+01 3.124455e-03 9.349879e+00
 2.464878e-03 5.591627e+00 1.988912e+00 2.316588e+00 7.757400e+00 2.292205e+01 3.139073e-03 9.346964e+00
 2.473904e-03 5.585966e+00 1.989151e+00 2.316930e+00 7.752200e+00 2.273870e+01 3.153767e-03 9.344193e+00
 2.482962e-03 5.580219e+00 1.989375e+00 2.317253e+00 7.746900e+00 2.255879e+01 3.168537e-03 9.341278e+00
 2.492054e-03 5.574489e+00 1.989586e+00 2.317555e+00 7.741600e+00 2.237434e+01 3.183383e-03 9.338363e+00
 2.501179e-03 5.568775e+00 1.989783e+00 2.317837e+00 7.736300e+00 2.219612e+01 3.198306e-03 9.335447e+00
 2.510337e-03 5.563077e+00 1.989966e+00 2.318099e+00 7.731000e+00 2.202387e+01 3.213307e-03 9.332531e+00
 2.519529e-03 5.557396e+00 1.990134e+00 2.318342e+00 7.725700e+00 2.184974e+01 3.228385e-03 9.329615e+00
 2.528754e-03 5.551731e+00 1.990289e+00 2.318565e+00 7.720400e+00 2.167395e+01 3.243541e-03 9.326698e+00
 2.538013e-03 5.545980e+00 1.990431e+00 2.318768e+00 7.715000e+00 2.150659e+01 3.258776e-03 9.323637e+00
 2.547307e-03 5.540348e+00 1.990558e+00 2.318952e+00 7.709700e+00 2.133749e+01 3.274090e-03 9.320719e+00
 2.556634e-03 5.534628e+00 1.990673e+00 2.319116e+00 7.704300e+00 2.117165e+01 3.289484e-03 9.317657e+00
 2.565995e-03 5.528925e+00 1.990773e+00 2.319260e+00 7.698900e+00 2.100905e+01 3.304957e-03 9.314594e+00
 2.575391e-03 5.523238e+00 1.990860e+00 2.319386e+00 7.693500e+00 2.084478e+01 3.320511e-03 9.311530e+00
 2.584821e-03 5.517566e+00 1.990934e+00 2.319492e+00 7.688100e+00 2.068618e+01 3.336146e-03 9.308465e+00
 2.594285e-03 5.511911e+00 1.990994e+00 2.319579e+00 7.682700e+00 2.052583e+01 3.351862e-03 9.305400e+00
 2.603784e-03 5.506167e+00 1.991041e+00 2.319647e+00 7.677200e+00 2.036870e+01 3.367660e-03 9.302190e+00
 2.613318e-03 5.500543e+00 1.991075e+00 2.319696e+00 7.671800e+00 2.021465e+01 3.383540e-03 9.299122e+00
 2.622887e-03 5.494935e+00 1.991096e+00 2.319726e+00 7.666400e+00 2.006142e+01 3.399503e-03 9.296054e+00
 2.632491e-03 5.489239e+00 1.991104e+00 2.319737e+00 7.660900e+00 1.990886e+01 3.415549e-03 9.292840e+00
 2.642130e-03 5.483558e+00 1.991099e+00 2.319729e+00 7.655400e+00 1.975932e+01 3.431679e-03 9.289626e+00
 2.651805e-03 5.477892e+00 1.991080e+00 2.319703e+00 7.649900e+00 1.961291e+01 3.447893e-03 9.286410e+00
 2.661515e-03 5.472242e+00 1.991049e+00 2.319658e+00 7.644400e+00 1.946486e+01 3.464192e-03 9.283192e+00
 2.671260e-03 5.466607e+00 1.991005e+00 2.319595e+00 7.638900e+00 1.931978e+01 3.480576e-03 9.279974e+00
 2.681041e-03 5.460988e+00 1.990949e+00 2.319513e+00 7.633400e+00 1.917767e+01 3.497046e-03 9.276754e+00
 2.690858e-03 5.455383e+00 1.990880e+00 2.319413e+00 7.627900e+00 1.903180e+01 3.513601e-03 9.273533e+00
 2.700711e-03 5.449690e+00 1.990798e+00 2.319295e+00 7.622300e+00 1.889561e+01 3.530243e-03 9.270165e+00
 2.710599e-03 5.444116e+00 1.990703e+00 2.319158e+00 7.616800e+00 1.875561e+01 3.546973e-03 9.266941e+00
 2.720525e-03 5.438453e+00 1.990597e+00 2.319004e+00 7.611200e+00 1.861843e+01 3.563790e-03 9.263571e+00
 2.730486e-03 5.432804e+00 1.990477e+00 2.318831e+00 7.605600e+00 1.847981e+01 3.580695e-03 9.260199e+00
 2.740484e-03 5.427274e+00 1.990346e+00 2.318640e+00 7.600100e+00 1.834844e+01 3.597689e-03 9.256970e+00
 2.750518e-03 5.421655e+00 1.990202e+00 2.318432e+00 7.594500e+00 1.821551e+01 3.614772e-03 9.253594e+00
 2.760590e-03 5.416051e+00 1.990046e+00 2.318206e+00 7.588900e+00 1.808540e+01 3.631944e-03 9.250217e+00
 2.770698e-03 5.410461e+00 1.989878e+00 2.317962e+00 7.583300e+00 1.795163e+01 3.649207e-03 9.246838e+00
 2.780843e-03 5.404782e+00 1.989698e+00 2.317700e+00 7.577600e+00 1.782711e+01 3.666560e-03 9.243312e+00
 2.791025e-03 5.399221e+00 1.989505e+00 2.317421e+00 7.572000e+00 1.769894e+01 3.684005e-03 9.239929e+00
 2.801245e-03 5.393675e+00 1.989301e+00 2.317125e+00 7.566400e+00 1.757352e+01 3.701541e-03 9.236544e+00
 2.811502e-03 5.388039e+00 1.989085e+00 2.316811e+00 7.560700e+00 1.744664e+01 3.719170e-03 9.233012e+00
 2.821796e-03 5.382521e+00 1.988857e+00 2.316480e+00 7.555100e+00 1.732455e+01 3.736891e-03 9.229623e+00
 2.832129e-03 5.376913e+00 1.988618e+00 2.316132e+00 7.549400e+00 1.720522e+01 3.754706e-03 9.226087e+00
 2.842499e-03 5.371319e+00 1.988366e+00 2.315766e+00 7.543700e+00 1.708229e+01 3.772615e-03 9.222548e+00
 2.852907e-03 5.365843e+00 1.988103e+00 2.315384e+00 7.538100e+00 1.696411e+01 3.790618e-03 9.219153e+00
 2.863353e-03 5.360277e+00 1.987829e+00 2.314985e+00 7.532400e+00 1.684656e+01 3.808716e-03 9.215610e+00
 2.873837e-03 5.354725e+00 1.987543e+00 2.314568e+00 7.526700e+00 1.672958e+01 3.826909e-03 9.212064e+00
 2.884360e-03 5.349187e+00 1.987245e+00 2.314135e+00 7.521000e+00 1.661328e+01 3.845199e-03 9.208516e+00
 2.894921e-03 5.343663e+00 1.986936e+00 2.313686e+00 7.515300e+00 1.650150e+01 3.863585e-03 9.204966e+00
 2.905521e-03 5.338048e+00 1.986616e+00 2.313219e+00 7.509500e+00 1.638835e+01 3.882068e-03 9.201268e+00
 2.916160e-03 5.332551e+00 1.986285e+00 2.312736e+00 7.503800e+00 1.627771e+01 3.900649e-03 9.197712e+00
 2.926838e-03 5.327067e+00 1.985942e+00 2.312237e+00 7.498100e+00 1.616578e+01 3.919329e-03 9.194154e+00
 2.937555e-03 5.321493e+00 1.985589e+00 2.311721e+00 7.492300e+00 1.605637e+01 3.938107e-03 9.190448e+00
 2.948311e-03 5.316035e+00 1.985224e+00 2.311189e+00 7.486600e+00 1.594945e+01 3.956985e-03 9.186885e+00
 2.959106e-03 5.310488e+00 1.984848e+00 2.310640e+00 7.480800e+00 1.584310e+01 3.975962e-03 9.183173e+00
 2.969941e-03 5.304953e+00 1.984461e+00 2.310076e+00 7.475000e+00 1.573730e+01 3.995041e-03 9.179458e+00
 2.980816e-03 5.299536e+00 1.984064e+00 2.309495e+00 7.469300e+00 1.563214e+01 4.014220e-03 9.175886e+00
 2.991731e-03 5.294027e+00 1.983655e+00 2.308899e+00 7.463500e+00 1.552752e+01 4.033501e-03 9.172166e+00
 3.002685e-03 5.288532e+00 1.983236e+00 2.308286e+00 7.457700e+00 1.542528e+01 4.052885e-03 9.168442e+00
 3.013680e-03 5.283050e+00 1.982806e+00 2.307658e+00 7.451900e+00 1.532186e+01 4.072372e-03 9.164716e+00
 3.024715e-03 5.277580e+00 1.982366e+00 2.307014e+00 7.446100e+00 1.522268e+01 4.091962e-03 9.160986e+00
 3.035790e-03 5.272123e+00 1.981915e+00 2.306354e+00 7.440300e+00 1.512218e+01 4.111656e-03 9.157254e+00
 3.046906e-03 5.266679e+00 1.981453e+00 2.305679e+00 7.434500e+00 1.502408e+01 4.131455e-03 9.153518e+00
 3.058062e-03 5.261144e+00 1.980981e+00 2.304988e+00 7.428600e+00 1.492836e+01 4.151360e-03 9.149632e+00
 3.069259e-03 5.255725e+00 1.980499e+00 2.304281e+00 7.422800e+00 1.482955e+01 4.171370e-03 9.145890e+00
 3.080498e-03 5.250319e+00 1.980006e+00 2.303560e+00 7.417000e+00 1.473486e+01 4.191487e-03 9.142145e+00
 3.091777e-03 5.244821e+00 1.979503e+00 2.302823e+00 7.411100e+00 1.464081e+01 4.211712e-03 9.138249e+00
 3.103098e-03 5.239439e+00 1.978990e+00 2.302071e+00 7.405300e+00 1.454725e+01 4.232044e-03 9.134497e+00
 3.114460e-03 5.233966e+00 1.978466e+00 2.301304e+00 7.399400e+00 1.445418e+01 4.252485e-03 9.130595e+00
 3.125864e-03 5.228609e+00 1.977933e+00 2.300521e+00 7.393600e+00 1.436519e+01 4.273034e-03 9.126836e+00
 3.137310e-03 5.223160e+00 1.977389e+00 2.299724e+00 7.387700e+00 1.427325e+01 4.293694e-03 9.122926e+00
 3.148797e-03 5.217827e+00 1.976836e+00 2.298912e+00 7.381900e+00 1.418355e+01 4.314464e-03 9.119160e+00
 3.160327e-03 5.212403e+00 1.976272e+00 2.298085e+00 7.376000e+00 1.409611e+01 4.335345e-03 9.115244e+00
 3.171899e-03 5.206990e+00 1.975699e+00 2.297244e+00 7.370100e+00 1.400753e+01 4.356338e-03 9.111323e+00
 3.183513e-03 5.201589e+00 1.975116e+00 2.296387e+00 7.364200e+00 1.392115e+01 4.377443e-03 9.107400e+00
 3.195170e-03 5.196200e+00 1.974523e+00 2.295517e+00 7.358300e+00 1.383359e+01 4.398661e-03 9.103472e+00
 3.206869e-03 5.190823e+00 1.973921e+00 2.294631e+00 7.352400e+00 1.374830e+01 4.419992e-03 9.099540e+00
 3.218611e-03 5.185458e+00 1.973308e+00 2.293732e+00 7.346500e+00 1.366514e+01 4.441438e-03 9.095605e+00
 3.230396e-03 5.180104e+00 1.972687e+00 2.292818e+00 7.340600e+00 1.358243e+01 4.462999e-03 9.091665e+00
 3.242225e-03 5.174761e+00 1.972055e+00 2.291889e+00 7.334700e+00 1.349705e+01 4.484676e-03 9.087722e+00
 3.254097e-03 5.169430e+00 1.971415e+00 2.290947e+00 7.328800e+00 1.341545e+01 4.506469e-03 9.083774e+00
 3.266012e-03 5.164111e+00 1.970765e+00 2.289990e+00 7.322900e+00 1.333432e+01 4.528379e-03 9.079823e+00
 3.277970e-03 5.158803e+00 1.970105e+00 2.289020e+00 7.317000e+00 1.325696e+01 4.550407e-03 9.075867e+00
 3.289973e-03 5.153506e+00 1.969437e+00 2.288036e+00 7.311100e+00 1.317688e+01 4.572553e-03 9.071908e+00
 3.302020e-03 5.148117e+00 1.968759e+00 2.287037e+00 7.305100e+00 1.309729e+01 4.594819e-03 9.067797e+00
 3.314110e-03 5.142842e+00 1.968072e+00 2.286025e+00 7.299200e+00 1.301978e+01 4.617204e-03 9.063829e+00
 3.326245e-03 5.137579e+00 1.967375e+00 2.284999e+00 7.293300e+00 1.294439e+01 4.639709e-03 9.059856e+00
 3.338424e-03 5.132223e+00 1.966670e+00 2.283960e+00 7.287300e+00 1.286635e+01 4.662336e-03 9.055732e+00
 3.350648e-03 5.126981e+00 1.965956e+00 2.282907e+00 7.281400e+00 1.279036e+01 4.685085e-03 9.051751e+00
 3.362917e-03 5.121647e+00 1.965233e+00 2.281841e+00 7.275400e+00 1.271644e+01 4.707957e-03 9.047618e+00
 3.375231e-03 5.116427e+00 1.964501e+00 2.280761e+00 7.269500e+00 1.264149e+01 4.730951e-03 9.043629e+00
 3.387589e-03 5.111115e+00 1.963760e+00 2.279668e+00 7.263500e+00 1.257008e+01 4.754070e-03 9.039487e+00
 3.399993e-03 5.105916e+00 1.963010e+00 2.278562e+00 7.257600e+00 1.249761e+01 4.777314e-03 9.035488e+00
 3.412443e-03 5.100625e+00 1.962252e+00 2.277442e+00 7.251600e+00 1.242416e+01 4.800683e-03 9.031337e+00
 3.424938e-03 5.095448e+00 1.961485e+00 2.276310e+00 7.245700e+00 1.235418e+01 4.824179e-03 9.027329e+00
 3.437478e-03 5.090177e+00 1.960709e+00 2.275164e+00 7.239700e+00 1.228469e+01 4.847802e-03 9.023168e+00
 3.450065e-03 5.084918e+00 1.959925e+00 2.274006e+00 7.233700e+00 1.221420e+01 4.871552e-03 9.019003e+00
 3.462698e-03 5.079772e+00 1.959132e+00 2.272834e+00 7.227800e+00 1.214564e+01 4.895431e-03 9.014981e+00
 3.475376e-03 5.074533e+00 1.958331e+00 2.271650e+00 7.221800e+00 1.207760e+01 4.919439e-03 9.010806e+00
 3.488102e-03 5.069304e+00 1.957521e+00 2.270453e+00 7.215800e+00 1.201002e+01 4.943578e-03 9.006627e+00
 3.500874e-03 5.064085e+00 1.956703e+00 2.269244e+00 7.209800e+00 1.194296e+01 4.967847e-03 9.002442e+00
 3.513693e-03 5.058980e+00 1.955877e+00 2.268022e+00 7.203900e+00 1.187633e+01 4.992248e-03 8.998401e+00
 3.526558e-03 5.053781e+00 1.955043e+00 2.266788e+00 7.197900e+00 1.181020e+01 5.016781e-03 8.994206e+00
 3.539471e-03 5.048593e+00 1.954200e+00 2.265541e+00 7.191900e+00 1.174600e+01 5.041448e-03 8.990007e+00
 3.552431e-03 5.043414e+00 1.953349e+00 2.264282e+00 7.185900e+00 1.168077e+01 5.066248e-03 8.985802e+00
 3.565439e-03 5.038245e+00 1.952491e+00 2.263010e+00 7.179900e+00 1.161608e+01 5.091183e-03 8.981592e+00
 3.578494e-03 5.033086e+00 1.951624e+00 2.261727e+00 7.173900e+00 1.155467e+01 5.116254e-03 8.977378e+00
 3.591597e-03 5.027937e+00 1.950749e+00 2.260431e+00 7.167900e+00 1.149235e+01 5.141461e-03 8.973158e+00
 3.604748e-03 5.022797e+00 1.949867e+00 2.259124e+00 7.161900e+00 1.142905e+01 5.166805e-03 8.968932e+00
 3.617947e-03 5.017667e+00 1.948976e+00 2.257804e+00 7.155900e+00 1.136902e+01 5.192288e-03 8.964702e+00
 3.631194e-03 5.012547e+00 1.948078e+00 2.256473e+00 7.149900e+00 1.130806e+01 5.217909e-03 8.960466e+00
 3.644490e-03 5.007436e+00 1.947172e+00 2.255130e+00 7.143900e+00 1.124891e+01 5.243669e-03 8.956225e+00
 3.657835e-03 5.002438e+00 1.946258e+00 2.253775e+00 7.138000e+00 1.118891e+01 5.269570e-03 8.952127e+00
 3.671228e-03 4.997346e+00 1.945337e+00 2.252408e+00 7.132000e+00 1.113072e+01 5.295613e-03 8.947875e+00
 3.684671e-03 4.992263e+00 1.944408e+00 2.251030e+00 7.126000e+00 1.107157e+01 5.321797e-03 8.943617e+00
 3.698162e-03 4.987190e+00 1.943471e+00 2.249641e+00 7.120000e+00 1.101427e+01 5.348125e-03 8.939354e+00
 3.711704e-03 4.982021e+00 1.942527e+00 2.248240e+00 7.113900e+00 1.095607e+01 5.374596e-03 8.934937e+00
 3.725294e-03 4.976966e+00 1.941576e+00 2.246827e+00 7.107900e+00 1.089968e+01 5.401212e-03 8.930663e+00
 3.738935e-03 4.971920e+00 1.940617e+00 2.245404e+00 7.101900e+00 1.084242e+01 5.427974e-03 8.926383e+00
 3.752625e-03 4.966882e+00 1.939651e+00 2.243969e+00 7.095900e+00 1.078825e+01 5.454882e-03 8.922098e+00
 3.766366e-03 4.961854e+00 1.938678e+00 2.242523e+00 7.089900e+00 1.073324e+01 5.481937e-03 8.917807e+00
 3.780157e-03 4.956835e+00 1.937697e+00 2.241066e+00 7.083900e+00 1.067732e+01 5.509140e-03 8.913510e+00
 3.793998e-03 4.951824e+00 1.936709e+00 2.239598e+00 7.077900e+00 1.062451e+01 5.536493e-03 8.909207e+00
 3.807890e-03 4.946822e+00 1.935714e+00 2.238120e+00 7.071900e+00 1.057079e+01 5.563995e-03 8.904899e+00
 3.821833e-03 4.941829e+00 1.934712e+00 2.236630e+00 7.065900e+00 1.051885e+01 5.591648e-03 8.900584e+00
 3.835827e-03 4.936844e+00 1.933703e+00 2.235130e+00 7.059900e+00 1.046475e+01 5.619453e-03 8.896264e+00
 3.849872e-03 4.931869e+00 1.932687e+00 2.233619e+00 7.053900e+00 1.041368e+01 5.647411e-03 8.891938e+00
 3.863969e-03 4.926901e+00 1.931664e+00 2.232097e+00 7.047900e+00 1.036178e+01 5.675522e-03 8.887606e+00
 3.878117e-03 4.921942e+00 1.930635e+00 2.230565e+00 7.041900e+00 1.031158e+01 5.703787e-03 8.883268e+00
 3.892317e-03 4.916992e+00 1.929598e+00 2.229023e+00 7.035900e+00 1.025926e+01 5.732208e-03 8.878924e+00
 3.906569e-03 4.912049e+00 1.928555e+00 2.227470e+00 7.029900e+00 1.020997e+01 5.760785e-03 8.874573e+00
 3.920873e-03 4.907115e+00 1.927505e+00 2.225906e+00 7.023900e+00 1.016105e+01 5.789520e-03 8.870217e+00
 3.935230e-03 4.902190e+00 1.926448e+00 2.224333e+00 7.017900e+00 1.011138e+01 5.818412e-03 8.865855e+00
 3.949639e-03 4.897272e+00 1.925384e+00 2.222749e+00 7.011900e+00 1.006336e+01 5.847464e-03 8.861486e+00
 3.964101e-03 4.892363e+00 1.924314e+00 2.221156e+00 7.005900e+00 1.001577e+01 5.876676e-03 8.857111e+00
 3.978616e-03 4.887461e+00 1.923238e+00 2.219552e+00 6.999900e+00 9.968607e+00 5.906049e-03 8.852730e+00
 3.993184e-03 4.882568e+00 1.922155e+00 2.217938e+00 6.993900e+00 9.919427e+00 5.935583e-03 8.848342e+00
 4.007805e-03 4.877683e+00 1.921066e+00 2.216315e+00 6.987900e+00 9.873150e+00 5.965281e-03 8.843949e+00
 4.022480e-03 4.872805e+00 1.919970e+00 2.214682e+00 6.981900e+00 9.827276e+00 5.995143e-03 8.839548e+00
 4.037209e-03 4.867935e+00 1.918868e+00 2.213039e+00 6.975900e+00 9.781869e+00 6.025170e-03 8.835142e+00
 4.051992e-03 4.863073e+00 1.917759e+00 2.211386e+00 6.969900e+00 9.735632e+00 6.055362e-03 8.830729e+00
 4.066828e-03 4.858219e+00 1.916645e+00 2.209724e+00 6.963900e+00 9.691065e+00 6.085722e-03 8.826309e+00
 4.081719e-03 4.853372e+00 1.915524e+00 2.208052e+00 6.957900e+00 9.646902e+00 6.116249e-03 8.821883e+00
 4.096665e-03 4.848533e+00 1.914397e+00 2.206371e+00 6.951900e+00 9.603144e+00 6.146945e-03 8.817451e+00
 4.111665e-03 4.843805e+00 1.913264e+00 2.204680e+00 6.946000e+00 9.559867e+00 6.177812e-03 8.813161e+00
 4.126720e-03 4.838981e+00 1.912125e+00 2.202980e+00 6.940000e+00 9.514610e+00 6.208849e-03 8.808715e+00
 4.141831e-03 4.834165e+00 1.910980e+00 2.201271e+00 6.934000e+00 9.472143e+00 6.240058e-03 8.804263e+00
 4.156996e-03 4.829355e+00 1.909829e+00 2.199553e+00 6.928000e+00 9.430107e+00 6.271440e-03 8.799804e+00
 4.172217e-03 4.824553e+00 1.908672e+00 2.197826e+00 6.922000e+00 9.388494e+00 6.302997e-03 8.795338e+00
 4.187494e-03 4.819862e+00 1.907509e+00 2.196089e+00 6.916100e+00 9.347308e+00 6.334728e-03 8.791015e+00
 4.202827e-03 4.815075e+00 1.906340e+00 2.194344e+00 6.910100e+00 9.305332e+00 6.366636e-03 8.786536e+00
 4.218216e-03 4.810294e+00 1.905166e+00 2.192590e+00 6.904100e+00 9.264992e+00 6.398720e-03 8.782050e+00
 4.233662e-03 4.805521e+00 1.903986e+00 2.190827e+00 6.898100e+00 9.225050e+00 6.430983e-03 8.777557e+00
 4.249164e-03 4.800858e+00 1.902800e+00 2.189055e+00 6.892200e+00 9.183217e+00 6.463426e-03 8.773207e+00
 4.264722e-03 4.796099e+00 1.901609e+00 2.187275e+00 6.886200e+00 9.144119e+00 6.496049e-03 8.768700e+00
 4.280338e-03 4.791346e+00 1.900412e+00 2.185486e+00 6.880200e+00 9.105415e+00 6.528853e-03 8.764187e+00
 4.296011e-03 4.786705e+00 1.899209e+00 2.183688e+00 6.874300e+00 9.065976e+00 6.561840e-03 8.759816e+00
 4.311741e-03 4.781966e+00 1.898001e+00 2.181882e+00 6.868300e+00 9.028135e+00 6.595011e-03 8.755288e+00
 4.327529e-03 4.777338e+00 1.896788e+00 2.180068e+00 6.862400e+00 8.990656e+00 6.628367e-03 8.750903e+00
 4.343374e-03 4.772612e+00 1.895569e+00 2.178246e+00 6.856400e+00 8.951359e+00 6.661908e-03 8.746362e+00
 4.359278e-03 4.767997e+00 1.894345e+00 2.176415e+00 6.850500e+00 8.914738e+00 6.695637e-03 8.741963e+00
 4.375240e-03 4.763285e+00 1.893116e+00 2.174576e+00 6.844500e+00 8.877399e+00 6.729554e-03 8.737407e+00
 4.391260e-03 4.758683e+00 1.891881e+00 2.172728e+00 6.838600e+00 8.841555e+00 6.763660e-03 8.732993e+00
 4.407339e-03 4.754088e+00 1.890641e+00 2.170873e+00 6.832700e+00 8.803941e+00 6.797957e-03 8.728573e+00
 4.423477e-03 4.749395e+00 1.889396e+00 2.169010e+00 6.826700e+00 8.767851e+00 6.832445e-03 8.723996e+00
 4.439674e-03 4.744813e+00 1.888146e+00 2.167139e+00 6.820800e+00 8.733220e+00 6.867126e-03 8.719561e+00
 4.455930e-03 4.740236e+00 1.886891e+00 2.165260e+00 6.814900e+00 8.696840e+00 6.902001e-03 8.715119e+00
 4.472246e-03 4.735562e+00 1.885630e+00 2.163373e+00 6.808900e+00 8.661989e+00 6.937072e-03 8.710519e+00
 4.488621e-03 4.730999e+00 1.884365e+00 2.161479e+00 6.803000e+00 8.626419e+00 6.972338e-03 8.706063e+00
 4.505057e-03 4.726441e+00 1.883095e+00 2.159577e+00 6.797100e+00 8.593443e+00 7.007802e-03 8.701599e+00
 4.521552e-03 4.721889e+00 1.881820e+00 2.157667e+00 6.791200e+00 8.559774e+00 7.043465e-03 8.697127e+00
 4.538108e-03 4.717344e+00 1.880540e+00 2.155750e+00 6.785300e+00 8.525419e+00 7.079328e-03 8.692648e+00
 4.554725e-03 4.712804e+00 1.879255e+00 2.153826e+00 6.779400e+00 8.492589e+00 7.115392e-03 8.688162e+00
 4.571403e-03 4.708271e+00 1.877965e+00 2.151894e+00 6.773500e+00 8.459078e+00 7.151658e-03 8.683668e+00
 4.588141e-03 4.703743e+00 1.876671e+00 2.149955e+00 6.767600e+00 8.427015e+00 7.188128e-03 8.679167e+00
 4.604941e-03 4.699221e+00 1.875372e+00 2.148008e+00 6.761700e+00 8.394302e+00 7.224803e-03 8.674659e+00
 4.621802e-03 4.694705e+00 1.874069e+00 2.146055e+00 6.755800e+00 8.360988e+00 7.261684e-03 8.670142e+00
 4.638726e-03 4.690195e+00 1.872760e+00 2.144094e+00 6.749900e+00 8.330143e+00 7.298772e-03 8.665618e+00
 4.655711e-03 4.685690e+00 1.871448e+00 2.142126e+00 6.744000e+00 8.298650e+00 7.336068e-03 8.661087e+00
 4.672758e-03 4.681295e+00 1.870130e+00 2.140152e+00 6.738200e+00 8.266518e+00 7.373575e-03 8.656698e+00
 4.689868e-03 4.676801e+00 1.868809e+00 2.138170e+00 6.732300e+00 8.236874e+00 7.411292e-03 8.652151e+00
 4.707040e-03 4.672313e+00 1.867483e+00 2.136182e+00 6.726400e+00 8.206544e+00 7.449222e-03 8.647597e+00
 4.724275e-03 4.667935e+00 1.866152e+00 2.134187e+00 6.720600e+00 8.175633e+00 7.487366e-03 8.643185e+00
 4.741574e-03 4.663458e+00 1.864817e+00 2.132185e+00 6.714700e+00 8.145131e+00 7.525725e-03 8.638615e+00
 4.758935e-03 4.659090e+00 1.863478e+00 2.130176e+00 6.708900e+00 8.117052e+00 7.564300e-03 8.634188e+00
 4.776360e-03 4.654623e+00 1.862135e+00 2.128161e+00 6.703000e+00 8.087354e+00 7.603092e-03 8.629603e+00
 4.793850e-03 4.650266e+00 1.860787e+00 2.126139e+00 6.697200e+00 8.058009e+00 7.642104e-03 8.625160e+00
 4.811403e-03 4.645810e+00 1.859435e+00 2.124111e+00 6.691300e+00 8.029113e+00 7.681336e-03 8.620559e+00
 4.829020e-03 4.641463e+00 1.858079e+00 2.122077e+00 6.685500e+00 8.000591e+00 7.720789e-03 8.616100e+00
 4.846702e-03 4.637121e+00 1.856719e+00 2.120036e+00 6.679700e+00 7.972451e+00 7.760466e-03 8.611633e+00
 4.864448e-03 4.632785e+00 1.855355e+00 2.117989e+00 6.673900e+00 7.944727e+00 7.800366e-03 8.607159e+00
 4.882260e-03 4.628453e+00 1.853987e+00 2.115936e+00 6.668100e+00 7.917379e+00 7.840493e-03 8.602677e+00
 4.900137e-03 4.624022e+00 1.852615e+00 2.113877e+00 6.662200e+00 7.888457e+00 7.880847e-03 8.598036e+00
 4.918079e-03 4.619700e+00 1.851239e+00 2.111812e+00 6.656400e+00 7.861904e+00 7.921429e-03 8.593538e+00
 4.936087e-03 4.615383e+00 1.849860e+00 2.109740e+00 6.650600e+00 7.835770e+00 7.962241e-03 8.589032e+00
 4.954161e-03 4.611175e+00 1.848476e+00 2.107663e+00 6.644900e+00 7.809014e+00 8.003284e-03 8.584668e+00
 4.972301e-03 4.606868e+00 1.847088e+00 2.105580e+00 6.639100e+00 7.781651e+00 8.044560e-03 8.580145e+00
 4.990508e-03 4.602565e+00 1.845697e+00 2.103491e+00 6.633300e+00 7.756697e+00 8.086070e-03 8.575615e+00
 5.008781e-03 4.598267e+00 1.844302e+00 2.101396e+00 6.627500e+00 7.731128e+00 8.127815e-03 8.571077e+00
 5.027121e-03 4.593973e+00 1.842904e+00 2.099296e+00 6.621700e+00 7.704959e+00 8.169798e-03 8.566530e+00
 5.045528e-03 4.589788e+00 1.841501e+00 2.097190e+00 6.616000e+00 7.680200e+00 8.212019e-03 8.562126e+00
 5.064003e-03 4.585504e+00 1.840096e+00 2.095078e+00 6.610200e+00 7.654820e+00 8.254480e-03 8.557563e+00
 5.082545e-03 4.581328e+00 1.838686e+00 2.092961e+00 6.604500e+00 7.630826e+00 8.297182e-03 8.553142e+00
 5.101155e-03 4.577052e+00 1.837273e+00 2.090839e+00 6.598700e+00 7.605265e+00 8.340127e-03 8.548563e+00
 5.119833e-03 4.572885e+00 1.835857e+00 2.088711e+00 6.593000e+00 7.581069e+00 8.383317e-03 8.544126e+00
 5.138580e-03 4.568722e+00 1.834437e+00 2.086578e+00 6.587300e+00 7.558266e+00 8.426752e-03 8.539681e+00
 5.157395e-03 4.564459e+00 1.833014e+00 2.084440e+00 6.581500e+00 7.533891e+00 8.470435e-03 8.535077e+00
 5.176280e-03 4.560305e+00 1.831587e+00 2.082296e+00 6.575800e+00 7.509912e+00 8.514367e-03 8.530615e+00
 5.195233e-03 4.556155e+00 1.830157e+00 2.080148e+00 6.570100e+00 7.486326e+00 8.558548e-03 8.526145e+00
 5.214256e-03 4.552008e+00 1.828724e+00 2.077994e+00 6.564400e+00 7.464080e+00 8.602982e-03 8.521666e+00
 5.233348e-03 4.547866e+00 1.827287e+00 2.075835e+00 6.558700e+00 7.441299e+00 8.647670e-03 8.517179e+00
 5.252511e-03 4.543728e+00 1.825847e+00 2.073672e+00 6.553000e+00 7.417939e+00 8.692612e-03 8.512684e+00
 5.271743e-03 4.539594e+00 1.824405e+00 2.071503e+00 6.547300e+00 7.395916e+00 8.737811e-03 8.508181e+00
 5.291046e-03 4.535568e+00 1.822959e+00 2.069330e+00 6.541700e+00 7.374283e+00 8.783268e-03 8.503819e+00
 5.310420e-03 4.531442e+00 1.821509e+00 2.067152e+00 6.536000e+00 7.351160e+00 8.828985e-03 8.499299e+00
 5.329864e-03 4.527319e+00 1.820057e+00 2.064969e+00 6.530300e+00 7.330307e+00 8.874963e-03 8.494770e+00
 5.349380e-03 4.523305e+00 1.818602e+00 2.062782e+00 6.524700e+00 7.308901e+00 8.921205e-03 8.490383e+00
 5.368967e-03 4.519190e+00 1.817144e+00 2.060590e+00 6.519000e+00 7.286960e+00 8.967710e-03 8.485837e+00
 5.388626e-03 4.515183e+00 1.815683e+00 2.058393e+00 6.513400e+00 7.266335e+00 9.014482e-03 8.481434e+00
 5.408357e-03 4.511075e+00 1.814219e+00 2.056192e+00 6.507700e+00 7.245147e+00 9.061522e-03 8.476871e+00
 5.428160e-03 4.507075e+00 1.812752e+00 2.053987e+00 6.502100e+00 7.225299e+00 9.108832e-03 8.472450e+00
 5.448036e-03 4.503079e+00 1.811282e+00 2.051777e+00 6.496500e+00 7.204913e+00 9.156412e-03 8.468021e+00
 5.467984e-03 4.499086e+00 1.809810e+00 2.049563e+00 6.490900e+00 7.185833e+00 9.204266e-03 8.463583e+00
 5.488006e-03 4.495097e+00 1.808334e+00 2.047345e+00 6.485300e+00 7.165301e+00 9.252394e-03 8.459136e+00
 5.508101e-03 4.491111e+00 1.806856e+00 2.045123e+00 6.479700e+00 7.146075e+00 9.300798e-03 8.454681e+00
 5.528269e-03 4.487128e+00 1.805376e+00 2.042896e+00 6.474100e+00 7.126323e+00 9.349480e-03 8.450217e+00
 5.548511e-03 4.483149e+00 1.803892e+00 2.040666e+00 6.468500e+00 7.106961e+00 9.398442e-03 8.445745e+00
 5.568827e-03 4.479173e+00 1.802406e+00 2.038432e+00 6.462900e+00 7.087944e+00 9.447685e-03 8.441264e+00
 5.589218e-03 4.475200e+00 1.800918e+00 2.036193e+00 6.457300e+00 7.069353e+00 9.497211e-03 8.436774e+00
 5.609684e-03 4.471335e+00 1.799427e+00 2.033951e+00 6.451800e+00 7.050247e+00 9.547022e-03 8.432426e+00
 5.630224e-03 4.467368e+00 1.797933e+00 2.031705e+00 6.446200e+00 7.032428e+00 9.597120e-03 8.427919e+00
 5.650839e-03 4.463509e+00 1.796437e+00 2.029455e+00 6.440700e+00 7.013193e+00 9.647506e-03 8.423554e+00
 5.671530e-03 4.459653e+00 1.794939e+00 2.027202e+00 6.435200e+00 6.996146e+00 9.698182e-03 8.419179e+00
 5.692297e-03 4.455695e+00 1.793438e+00 2.024945e+00 6.429600e+00 6.978586e+00 9.749150e-03 8.414646e+00
 5.713140e-03 4.451845e+00 1.791935e+00 2.022684e+00 6.424100e+00 6.960494e+00 9.800412e-03 8.410255e+00
 5.734059e-03 4.447998e+00 1.790429e+00 2.020420e+00 6.418600e+00 6.943704e+00 9.851970e-03 8.405854e+00
 5.755055e-03 4.444153e+00 1.788921e+00 2.018152e+00 6.413100e+00 6.926406e+00 9.903825e-03 8.401445e+00
 5.776128e-03 4.440312e+00 1.787411e+00 2.015881e+00 6.407600e+00 6.908604e+00 9.955979e-03 8.397027e+00
 5.797277e-03 4.436473e+00 1.785899e+00 2.013607e+00 6.402100e+00 6.892971e+00 1.000843e-02 8.392600e+00
 5.818505e-03 4.432637e+00 1.784385e+00 2.011329e+00 6.396600e+00 6.875944e+00 1.006119e-02 8.388164e+00
 5.839810e-03 4.428908e+00 1.782868e+00 2.009048e+00 6.391200e+00 6.859301e+00 1.011426e-02 8.383870e+00
 5.861193e-03 4.425077e+00 1.781349e+00 2.006764e+00 6.385700e+00 6.843050e+00 1.016763e-02 8.379417e+00
 5.882654e-03 4.421353e+00 1.779828e+00 2.004477e+00 6.380300e+00 6.827182e+00 1.022130e-02 8.375105e+00
 5.904194e-03 4.417527e+00 1.778306e+00 2.002186e+00 6.374800e+00 6.811699e+00 1.027529e-02 8.370634e+00
 5.925812e-03 4.413808e+00 1.776781e+00 1.999893e+00 6.369400e+00 6.794850e+00 1.032960e-02 8.366304e+00
 5.947510e-03 4.410092e+00 1.775254e+00 1.997597e+00 6.364000e+00 6.780136e+00 1.038421e-02 8.361966e+00
 5.969287e-03 4.406274e+00 1.773725e+00 1.995298e+00 6.358500e+00 6.764932e+00 1.043914e-02 8.357468e+00
 5.991145e-03 4.402562e+00 1.772194e+00 1.992995e+00 6.353100e+00 6.749246e+00 1.049439e-02 8.353111e+00
 6.013082e-03 4.398853e+00 1.770662e+00 1.990691e+00 6.347700e+00 6.734831e+00 1.054997e-02 8.348746e+00
 6.035099e-03 4.395250e+00 1.769127e+00 1.988383e+00 6.342400e+00 6.719917e+00 1.060586e-02 8.344522e+00
 6.057197e-03 4.391546e+00 1.767591e+00 1.986073e+00 6.337000e+00 6.706251e+00 1.066208e-02 8.340138e+00
 6.079376e-03 4.387843e+00 1.766053e+00 1.983760e+00 6.331600e+00 6.691241e+00 1.071862e-02 8.335746e+00
 6.101636e-03 4.384143e+00 1.764514e+00 1.981444e+00 6.326200e+00 6.677518e+00 1.077549e-02 8.331345e+00
 6.123978e-03 4.380549e+00 1.762972e+00 1.979126e+00 6.320900e+00 6.663283e+00 1.083270e-02 8.327085e+00
 6.146401e-03 4.376853e+00 1.761429e+00 1.976806e+00 6.315500e+00 6.649430e+00 1.089023e-02 8.322665e+00
 6.168907e-03 4.373263e+00 1.759884e+00 1.974483e+00 6.310200e+00 6.635984e+00 1.094810e-02 8.318387e+00
 6.191495e-03 4.369675e+00 1.758338e+00 1.972158e+00 6.304900e+00 6.622046e+00 1.100631e-02 8.314100e+00
