# MvsR for pwp /home/gieg/projects/BAM_old/src/projects/eos/tab/pwpfits/eos_eng.pwp
# rho_c, R_iso, M, Mb, R, Lambda, e_c, R_inv
 4.231008e-04 8.509692e+00 1.193893e-01 1.198148e-01 8.629500e+00 4.945283e+07 4.301179e-04 8.748866e+00
 4.239333e-04 8.489964e+00 1.199129e-01 1.203458e-01 8.610300e+00 4.823523e+07 4.309741e-04 8.729912e+00
 4.247675e-04 8.470431e+00 1.204408e-01 1.208813e-01 8.591300e+00 4.704826e+07 4.318321e-04 8.711160e+00
 4.256033e-04 8.451094e+00 1.209732e-01 1.214214e-01 8.572500e+00 4.589063e+07 4.326918e-04 8.692611e+00
 4.264408e-04 8.431852e+00 1.215101e-01 1.219660e-01 8.553800e+00 4.476162e+07 4.335533e-04 8.674163e+00
 4.272799e-04 8.412906e+00 1.220514e-01 1.225153e-01 8.535400e+00 4.366106e+07 4.344166e-04 8.656019e+00
 4.281207e-04 8.394055e+00 1.225972e-01 1.230691e-01 8.517100e+00 4.258746e+07 4.352816e-04 8.637976e+00
 4.289631e-04 8.375400e+00 1.231475e-01 1.236275e-01 8.499000e+00 4.154068e+07 4.361484e-04 8.620136e+00
 4.298071e-04 8.356840e+00 1.237023e-01 1.241906e-01 8.481000e+00 4.052005e+07 4.370170e-04 8.602397e+00
 4.306529e-04 8.338575e+00 1.242616e-01 1.247583e-01 8.463300e+00 3.952467e+07 4.378873e-04 8.584963e+00
 4.315003e-04 8.320406e+00 1.248255e-01 1.253306e-01 8.445700e+00 3.855392e+07 4.387595e-04 8.567630e+00
 4.323494e-04 8.302433e+00 1.253939e-01 1.259077e-01 8.428300e+00 3.760719e+07 4.396334e-04 8.550499e+00
 4.332001e-04 8.284654e+00 1.259668e-01 1.264894e-01 8.411100e+00 3.668413e+07 4.405091e-04 8.533572e+00
 4.340525e-04 8.266971e+00 1.265444e-01 1.270758e-01 8.394000e+00 3.578441e+07 4.413867e-04 8.516745e+00
 4.349066e-04 8.249484e+00 1.271265e-01 1.276670e-01 8.377100e+00 3.490670e+07 4.422660e-04 8.500122e+00
 4.357624e-04 8.232191e+00 1.277132e-01 1.282629e-01 8.360400e+00 3.405095e+07 4.431471e-04 8.483701e+00
 4.366198e-04 8.215094e+00 1.283046e-01 1.288635e-01 8.343900e+00 3.321637e+07 4.440301e-04 8.467484e+00
 4.374790e-04 8.198193e+00 1.289006e-01 1.294689e-01 8.327600e+00 3.240242e+07 4.449148e-04 8.451469e+00
 4.383398e-04 8.181386e+00 1.295012e-01 1.300791e-01 8.311400e+00 3.160885e+07 4.458014e-04 8.435556e+00
 4.392023e-04 8.164675e+00 1.301065e-01 1.306941e-01 8.295300e+00 3.083513e+07 4.466898e-04 8.419744e+00
 4.400666e-04 8.148259e+00 1.307165e-01 1.313140e-01 8.279500e+00 3.008030e+07 4.475800e-04 8.404237e+00
 4.409325e-04 8.131939e+00 1.313311e-01 1.319386e-01 8.263800e+00 2.934459e+07 4.484720e-04 8.388831e+00
 4.418001e-04 8.115813e+00 1.319505e-01 1.325681e-01 8.248300e+00 2.862706e+07 4.493659e-04 8.373629e+00
 4.426695e-04 8.099783e+00 1.325746e-01 1.332025e-01 8.232900e+00 2.792725e+07 4.502616e-04 8.358528e+00
 4.435405e-04 8.083948e+00 1.332034e-01 1.338417e-01 8.217700e+00 2.724473e+07 4.511592e-04 8.343630e+00
 4.444133e-04 8.068308e+00 1.338370e-01 1.344859e-01 8.202700e+00 2.657951e+07 4.520586e-04 8.328935e+00
 4.452877e-04 8.052763e+00 1.344753e-01 1.351350e-01 8.187800e+00 2.593048e+07 4.529598e-04 8.314342e+00
 4.461639e-04 8.037414e+00 1.351184e-01 1.357890e-01 8.173100e+00 2.529769e+07 4.538630e-04 8.299951e+00
 4.470419e-04 8.022259e+00 1.357664e-01 1.364479e-01 8.158600e+00 2.468073e+07 4.547679e-04 8.285765e+00
 4.479215e-04 8.007200e+00 1.364191e-01 1.371119e-01 8.144200e+00 2.407855e+07 4.556748e-04 8.271679e+00
 4.488029e-04 7.992236e+00 1.370767e-01 1.377808e-01 8.129900e+00 2.349164e+07 4.565835e-04 8.257696e+00
 4.496860e-04 7.977566e+00 1.377391e-01 1.384547e-01 8.115900e+00 2.291961e+07 4.574940e-04 8.244017e+00
 4.505709e-04 7.962892e+00 1.384063e-01 1.391337e-01 8.101900e+00 2.236126e+07 4.584065e-04 8.230339e+00
 4.514575e-04 7.948513e+00 1.390785e-01 1.398177e-01 8.088200e+00 2.181686e+07 4.593208e-04 8.216965e+00
 4.523458e-04 7.934129e+00 1.397555e-01 1.405067e-01 8.074500e+00 2.128607e+07 4.602370e-04 8.203592e+00
 4.532359e-04 7.920040e+00 1.404375e-01 1.412008e-01 8.061100e+00 2.076814e+07 4.611551e-04 8.190524e+00
 4.541277e-04 7.906046e+00 1.411244e-01 1.419001e-01 8.047800e+00 2.026334e+07 4.620751e-04 8.177557e+00
 4.550213e-04 7.892147e+00 1.418162e-01 1.426044e-01 8.034600e+00 1.977096e+07 4.629970e-04 8.164692e+00
 4.559167e-04 7.878443e+00 1.425129e-01 1.433139e-01 8.021600e+00 1.929067e+07 4.639208e-04 8.152031e+00
 4.568138e-04 7.864833e+00 1.432147e-01 1.440285e-01 8.008700e+00 1.882218e+07 4.648465e-04 8.139472e+00
 4.577127e-04 7.851419e+00 1.439214e-01 1.447483e-01 7.996000e+00 1.836558e+07 4.657741e-04 8.127116e+00
 4.586133e-04 7.838100e+00 1.446332e-01 1.454733e-01 7.983400e+00 1.792000e+07 4.667036e-04 8.114862e+00
 4.595157e-04 7.824975e+00 1.453500e-01 1.462035e-01 7.971000e+00 1.748553e+07 4.676351e-04 8.102812e+00
 4.604199e-04 7.811945e+00 1.460718e-01 1.469389e-01 7.958700e+00 1.706153e+07 4.685684e-04 8.090863e+00
 4.613259e-04 7.799011e+00 1.467987e-01 1.476795e-01 7.946500e+00 1.664810e+07 4.695037e-04 8.079017e+00
 4.622337e-04 7.786271e+00 1.475306e-01 1.484255e-01 7.934500e+00 1.624499e+07 4.704410e-04 8.067374e+00
 4.631432e-04 7.773725e+00 1.482677e-01 1.491767e-01 7.922700e+00 1.585174e+07 4.713801e-04 8.055936e+00
 4.640545e-04 7.761275e+00 1.490098e-01 1.499332e-01 7.911000e+00 1.546812e+07 4.723212e-04 8.044599e+00
 4.649677e-04 7.748919e+00 1.497571e-01 1.506950e-01 7.899400e+00 1.509406e+07 4.732643e-04 8.033364e+00
 4.658826e-04 7.736658e+00 1.505095e-01 1.514622e-01 7.887900e+00 1.472897e+07 4.742093e-04 8.022231e+00
 4.667993e-04 7.724592e+00 1.512671e-01 1.522348e-01 7.876600e+00 1.437315e+07 4.751563e-04 8.011302e+00
 4.677178e-04 7.712621e+00 1.520299e-01 1.530127e-01 7.865400e+00 1.402584e+07 4.761052e-04 8.000476e+00
 4.686382e-04 7.700844e+00 1.527979e-01 1.537961e-01 7.854400e+00 1.368735e+07 4.770561e-04 7.989853e+00
 4.695603e-04 7.689162e+00 1.535711e-01 1.545848e-01 7.843500e+00 1.335696e+07 4.780089e-04 7.979333e+00
 4.704843e-04 7.677575e+00 1.543495e-01 1.553790e-01 7.832700e+00 1.303479e+07 4.789637e-04 7.968914e+00
 4.714101e-04 7.666082e+00 1.551332e-01 1.561787e-01 7.822000e+00 1.272047e+07 4.799205e-04 7.958598e+00
 4.723377e-04 7.654784e+00 1.559222e-01 1.569839e-01 7.811500e+00 1.241380e+07 4.808793e-04 7.948486e+00
 4.732671e-04 7.643580e+00 1.567164e-01 1.577946e-01 7.801100e+00 1.211461e+07 4.818401e-04 7.938476e+00
 4.741983e-04 7.632471e+00 1.575160e-01 1.586108e-01 7.790800e+00 1.182286e+07 4.828028e-04 7.928569e+00
 4.751314e-04 7.621557e+00 1.583209e-01 1.594325e-01 7.780700e+00 1.153835e+07 4.837676e-04 7.918866e+00
 4.760664e-04 7.610737e+00 1.591311e-01 1.602598e-01 7.770700e+00 1.126061e+07 4.847344e-04 7.909265e+00
 4.770031e-04 7.600012e+00 1.599467e-01 1.610928e-01 7.760800e+00 1.098978e+07 4.857031e-04 7.899766e+00
 4.779417e-04 7.589381e+00 1.607677e-01 1.619313e-01 7.751000e+00 1.072537e+07 4.866739e-04 7.890370e+00
 4.788822e-04 7.578945e+00 1.615941e-01 1.627755e-01 7.741400e+00 1.046767e+07 4.876467e-04 7.881178e+00
 4.798245e-04 7.568603e+00 1.624260e-01 1.636253e-01 7.731900e+00 1.021623e+07 4.886215e-04 7.872089e+00
 4.807686e-04 7.558355e+00 1.632632e-01 1.644808e-01 7.722500e+00 9.970887e+06 4.895983e-04 7.863102e+00
 4.817146e-04 7.548202e+00 1.641059e-01 1.653420e-01 7.713200e+00 9.731491e+06 4.905772e-04 7.854218e+00
 4.826625e-04 7.538143e+00 1.649541e-01 1.662089e-01 7.704000e+00 9.498173e+06 4.915581e-04 7.845436e+00
 4.836123e-04 7.528279e+00 1.658079e-01 1.670816e-01 7.695000e+00 9.270230e+06 4.925410e-04 7.836859e+00
 4.845639e-04 7.518509e+00 1.666671e-01 1.679601e-01 7.686100e+00 9.047940e+06 4.935260e-04 7.828384e+00
 4.855174e-04 7.508734e+00 1.675318e-01 1.688443e-01 7.677200e+00 8.831162e+06 4.945130e-04 7.819910e+00
 4.864727e-04 7.499152e+00 1.684022e-01 1.697344e-01 7.668500e+00 8.619493e+06 4.955021e-04 7.811640e+00
 4.874300e-04 7.489765e+00 1.692781e-01 1.706303e-01 7.660000e+00 8.413199e+06 4.964932e-04 7.803576e+00
 4.883891e-04 7.480373e+00 1.701596e-01 1.715320e-01 7.651500e+00 8.211760e+06 4.974864e-04 7.795512e+00
 4.893501e-04 7.471074e+00 1.710467e-01 1.724396e-01 7.643100e+00 8.015312e+06 4.984816e-04 7.787550e+00
 4.903130e-04 7.461970e+00 1.719395e-01 1.733532e-01 7.634900e+00 7.823603e+06 4.994790e-04 7.779794e+00
 4.912778e-04 7.452960e+00 1.728379e-01 1.742726e-01 7.626800e+00 7.636518e+06 5.004784e-04 7.772140e+00
 4.922445e-04 7.443944e+00 1.737420e-01 1.751981e-01 7.618700e+00 7.454065e+06 5.014799e-04 7.764487e+00
 4.932131e-04 7.435122e+00 1.746519e-01 1.761295e-01 7.610800e+00 7.275888e+06 5.024834e-04 7.757038e+00
 4.941836e-04 7.426395e+00 1.755674e-01 1.770668e-01 7.603000e+00 7.102238e+06 5.034891e-04 7.749693e+00
 4.951560e-04 7.417762e+00 1.764887e-01 1.780103e-01 7.595300e+00 6.932652e+06 5.044969e-04 7.742451e+00
 4.961303e-04 7.409222e+00 1.774157e-01 1.789597e-01 7.587700e+00 6.767260e+06 5.055067e-04 7.735311e+00
 4.971066e-04 7.400777e+00 1.783485e-01 1.799153e-01 7.580200e+00 6.605733e+06 5.065187e-04 7.728274e+00
 4.980847e-04 7.392426e+00 1.792872e-01 1.808769e-01 7.572800e+00 6.448311e+06 5.075328e-04 7.721341e+00
 4.990648e-04 7.384269e+00 1.802316e-01 1.818446e-01 7.565600e+00 6.294561e+06 5.085490e-04 7.714613e+00
 5.000468e-04 7.376105e+00 1.811820e-01 1.828185e-01 7.558400e+00 6.144612e+06 5.095673e-04 7.707885e+00
 5.010308e-04 7.368036e+00 1.821381e-01 1.837986e-01 7.551300e+00 5.998261e+06 5.105877e-04 7.701260e+00
 5.020167e-04 7.360061e+00 1.831002e-01 1.847848e-01 7.544300e+00 5.855421e+06 5.116103e-04 7.694739e+00
 5.030045e-04 7.352180e+00 1.840682e-01 1.857773e-01 7.537400e+00 5.716109e+06 5.126350e-04 7.688320e+00
 5.039943e-04 7.344392e+00 1.850421e-01 1.867760e-01 7.530600e+00 5.580035e+06 5.136619e-04 7.682005e+00
 5.049860e-04 7.336799e+00 1.860220e-01 1.877810e-01 7.524000e+00 5.447420e+06 5.146908e-04 7.675895e+00
 5.059797e-04 7.329199e+00 1.870078e-01 1.887923e-01 7.517400e+00 5.317883e+06 5.157220e-04 7.669786e+00
 5.069753e-04 7.321693e+00 1.879997e-01 1.898099e-01 7.510900e+00 5.191542e+06 5.167553e-04 7.663781e+00
 5.079729e-04 7.314282e+00 1.889976e-01 1.908338e-01 7.504500e+00 5.068128e+06 5.177908e-04 7.657878e+00
 5.089724e-04 7.306963e+00 1.900015e-01 1.918641e-01 7.498200e+00 4.947854e+06 5.188284e-04 7.652079e+00
 5.099739e-04 7.299739e+00 1.910114e-01 1.929008e-01 7.492000e+00 4.830362e+06 5.198682e-04 7.646383e+00
 5.109774e-04 7.292608e+00 1.920275e-01 1.939439e-01 7.485900e+00 4.715767e+06 5.209102e-04 7.640791e+00
 5.119829e-04 7.285571e+00 1.930497e-01 1.949935e-01 7.479900e+00 4.603909e+06 5.219544e-04 7.635302e+00
 5.129903e-04 7.278528e+00 1.940780e-01 1.960495e-01 7.473900e+00 4.494720e+06 5.230007e-04 7.629814e+00
 5.139997e-04 7.271679e+00 1.951125e-01 1.971121e-01 7.468100e+00 4.388137e+06 5.240492e-04 7.624532e+00
 5.150111e-04 7.264923e+00 1.961531e-01 1.981811e-01 7.462400e+00 4.284181e+06 5.251000e-04 7.619353e+00
 5.160245e-04 7.258161e+00 1.971999e-01 1.992567e-01 7.456700e+00 4.182618e+06 5.261529e-04 7.614176e+00
 5.170399e-04 7.251492e+00 1.982530e-01 2.003389e-01 7.451100e+00 4.083641e+06 5.272081e-04 7.609101e+00
 5.180573e-04 7.245017e+00 1.993123e-01 2.014277e-01 7.445700e+00 3.986939e+06 5.282655e-04 7.604234e+00
 5.190767e-04 7.238535e+00 2.003778e-01 2.025231e-01 7.440300e+00 3.892620e+06 5.293250e-04 7.599367e+00
 5.200981e-04 7.232147e+00 2.014497e-01 2.036251e-01 7.435000e+00 3.800466e+06 5.303869e-04 7.594604e+00
 5.211215e-04 7.225753e+00 2.025279e-01 2.047339e-01 7.429700e+00 3.710659e+06 5.314509e-04 7.589841e+00
 5.221469e-04 7.219552e+00 2.036124e-01 2.058493e-01 7.424600e+00 3.622911e+06 5.325172e-04 7.585285e+00
 5.231743e-04 7.213445e+00 2.047032e-01 2.069715e-01 7.419600e+00 3.537323e+06 5.335857e-04 7.580834e+00
 5.242038e-04 7.207330e+00 2.058005e-01 2.081005e-01 7.414600e+00 3.453767e+06 5.346565e-04 7.576383e+00
 5.252353e-04 7.201310e+00 2.069041e-01 2.092362e-01 7.409700e+00 3.372196e+06 5.357295e-04 7.572035e+00
 5.262688e-04 7.195382e+00 2.080142e-01 2.103788e-01 7.404900e+00 3.292560e+06 5.368047e-04 7.567792e+00
 5.273043e-04 7.189548e+00 2.091307e-01 2.115282e-01 7.400200e+00 3.214813e+06 5.378823e-04 7.563653e+00
 5.283419e-04 7.183708e+00 2.102537e-01 2.126845e-01 7.395500e+00 3.138980e+06 5.389621e-04 7.559515e+00
 5.293815e-04 7.178061e+00 2.113832e-01 2.138477e-01 7.391000e+00 3.065013e+06 5.400441e-04 7.555583e+00
 5.304232e-04 7.172407e+00 2.125193e-01 2.150178e-01 7.386500e+00 2.992662e+06 5.411285e-04 7.551653e+00
 5.314669e-04 7.166846e+00 2.136618e-01 2.161949e-01 7.382100e+00 2.922092e+06 5.422151e-04 7.547827e+00
 5.325127e-04 7.161378e+00 2.148110e-01 2.173789e-01 7.377800e+00 2.853324e+06 5.433041e-04 7.544105e+00
 5.335605e-04 7.155904e+00 2.159667e-01 2.185700e-01 7.373500e+00 2.786117e+06 5.443953e-04 7.540384e+00
 5.346104e-04 7.150623e+00 2.171290e-01 2.197681e-01 7.369400e+00 2.720437e+06 5.454888e-04 7.536870e+00
 5.356624e-04 7.145335e+00 2.182980e-01 2.209732e-01 7.365300e+00 2.656435e+06 5.465846e-04 7.533358e+00
 5.367164e-04 7.140040e+00 2.194737e-01 2.221855e-01 7.361200e+00 2.593945e+06 5.476828e-04 7.529846e+00
 5.377725e-04 7.134938e+00 2.206560e-01 2.234049e-01 7.357300e+00 2.532931e+06 5.487832e-04 7.526542e+00
 5.388307e-04 7.129829e+00 2.218451e-01 2.246315e-01 7.353400e+00 2.473357e+06 5.498860e-04 7.523239e+00
 5.398910e-04 7.124814e+00 2.230409e-01 2.258652e-01 7.349600e+00 2.415190e+06 5.509911e-04 7.520041e+00
 5.409533e-04 7.119891e+00 2.242434e-01 2.271061e-01 7.345900e+00 2.358510e+06 5.520986e-04 7.516947e+00
 5.420178e-04 7.115061e+00 2.254527e-01 2.283543e-01 7.342300e+00 2.303053e+06 5.532083e-04 7.513958e+00
 5.430843e-04 7.110225e+00 2.266689e-01 2.296098e-01 7.338700e+00 2.248960e+06 5.543205e-04 7.510969e+00
 5.441529e-04 7.105481e+00 2.278919e-01 2.308725e-01 7.335200e+00 2.196195e+06 5.554349e-04 7.508086e+00
 5.452237e-04 7.100730e+00 2.291217e-01 2.321426e-01 7.331700e+00 2.144620e+06 5.565518e-04 7.505203e+00
 5.462965e-04 7.096172e+00 2.303584e-01 2.334200e-01 7.328400e+00 2.094312e+06 5.576710e-04 7.502529e+00
 5.473715e-04 7.091607e+00 2.316020e-01 2.347048e-01 7.325100e+00 2.045136e+06 5.587926e-04 7.499856e+00
 5.484486e-04 7.087035e+00 2.328526e-01 2.359971e-01 7.321800e+00 1.997220e+06 5.599165e-04 7.497184e+00
 5.495277e-04 7.082655e+00 2.341101e-01 2.372967e-01 7.318700e+00 1.950380e+06 5.610428e-04 7.494720e+00
 5.506091e-04 7.078269e+00 2.353746e-01 2.386039e-01 7.315600e+00 1.904690e+06 5.621715e-04 7.492258e+00
 5.516925e-04 7.073875e+00 2.366461e-01 2.399185e-01 7.312500e+00 1.860074e+06 5.633027e-04 7.489797e+00
 5.527781e-04 7.069674e+00 2.379246e-01 2.412407e-01 7.309600e+00 1.816506e+06 5.644362e-04 7.487544e+00
 5.538658e-04 7.065465e+00 2.392102e-01 2.425705e-01 7.306700e+00 1.774008e+06 5.655721e-04 7.485293e+00
 5.549556e-04 7.061249e+00 2.405029e-01 2.439078e-01 7.303800e+00 1.732462e+06 5.667104e-04 7.483044e+00
 5.560476e-04 7.057226e+00 2.418026e-01 2.452528e-01 7.301100e+00 1.691890e+06 5.678511e-04 7.481003e+00
 5.571418e-04 7.053196e+00 2.431095e-01 2.466054e-01 7.298400e+00 1.652359e+06 5.689943e-04 7.478963e+00
 5.582381e-04 7.049158e+00 2.444236e-01 2.479657e-01 7.295700e+00 1.613711e+06 5.701399e-04 7.476925e+00
 5.593365e-04 7.045312e+00 2.457448e-01 2.493338e-01 7.293200e+00 1.576011e+06 5.712879e-04 7.475095e+00
 5.604371e-04 7.041359e+00 2.470732e-01 2.507095e-01 7.290600e+00 1.539153e+06 5.724383e-04 7.473164e+00
 5.615399e-04 7.037599e+00 2.484089e-01 2.520931e-01 7.288200e+00 1.503199e+06 5.735913e-04 7.471441e+00
 5.626449e-04 7.033831e+00 2.497518e-01 2.534844e-01 7.285800e+00 1.468127e+06 5.747466e-04 7.469720e+00
 5.637520e-04 7.030156e+00 2.511020e-01 2.548836e-01 7.283500e+00 1.433876e+06 5.759044e-04 7.468104e+00
 5.648613e-04 7.026473e+00 2.524595e-01 2.562907e-01 7.281200e+00 1.400347e+06 5.770647e-04 7.466490e+00
 5.659728e-04 7.022882e+00 2.538244e-01 2.577056e-01 7.279000e+00 1.367680e+06 5.782275e-04 7.464981e+00
 5.670865e-04 7.019284e+00 2.551965e-01 2.591285e-01 7.276800e+00 1.335777e+06 5.793927e-04 7.463474e+00
 5.682023e-04 7.015778e+00 2.565761e-01 2.605593e-01 7.274700e+00 1.304619e+06 5.805604e-04 7.462073e+00
 5.693204e-04 7.012365e+00 2.579631e-01 2.619981e-01 7.272700e+00 1.274262e+06 5.817306e-04 7.460777e+00
 5.704406e-04 7.008943e+00 2.593575e-01 2.634450e-01 7.270700e+00 1.244541e+06 5.829033e-04 7.459482e+00
 5.715631e-04 7.005614e+00 2.607593e-01 2.648999e-01 7.268800e+00 1.215550e+06 5.840785e-04 7.458293e+00
 5.726878e-04 7.002277e+00 2.621687e-01 2.663629e-01 7.266900e+00 1.187269e+06 5.852562e-04 7.457106e+00
 5.738147e-04 6.999033e+00 2.635855e-01 2.678340e-01 7.265100e+00 1.159614e+06 5.864364e-04 7.456025e+00
 5.749438e-04 6.995880e+00 2.650099e-01 2.693132e-01 7.263400e+00 1.132636e+06 5.876192e-04 7.455050e+00
 5.760751e-04 6.992720e+00 2.664418e-01 2.708006e-01 7.261700e+00 1.106255e+06 5.888044e-04 7.454076e+00
 5.772086e-04 6.989552e+00 2.678814e-01 2.722963e-01 7.260000e+00 1.080521e+06 5.899923e-04 7.453104e+00
 5.783444e-04 6.986576e+00 2.693285e-01 2.738002e-01 7.258500e+00 1.055417e+06 5.911826e-04 7.452342e+00
 5.794824e-04 6.983492e+00 2.707832e-01 2.753123e-01 7.256900e+00 1.030898e+06 5.923755e-04 7.451478e+00
 5.806227e-04 6.980500e+00 2.722457e-01 2.768328e-01 7.255400e+00 1.006888e+06 5.935709e-04 7.450720e+00
 5.817652e-04 6.977600e+00 2.737158e-01 2.783615e-01 7.254000e+00 9.834965e+05 5.947689e-04 7.450067e+00
 5.829099e-04 6.974692e+00 2.751936e-01 2.798987e-01 7.252600e+00 9.607085e+05 5.959695e-04 7.449417e+00
 5.840569e-04 6.971876e+00 2.766791e-01 2.814442e-01 7.251300e+00 9.383913e+05 5.971726e-04 7.448873e+00
 5.852062e-04 6.969052e+00 2.781725e-01 2.829982e-01 7.250000e+00 9.165927e+05 5.983783e-04 7.448331e+00
 5.863577e-04 6.966319e+00 2.796736e-01 2.845607e-01 7.248800e+00 8.953285e+05 5.995866e-04 7.447895e+00
 5.875115e-04 6.963679e+00 2.811825e-01 2.861316e-01 7.247700e+00 8.745855e+05 6.007975e-04 7.447565e+00
 5.886676e-04 6.960931e+00 2.826992e-01 2.877111e-01 7.246500e+00 8.542965e+05 6.020110e-04 7.447133e+00
 5.898259e-04 6.958374e+00 2.842238e-01 2.892991e-01 7.245500e+00 8.345048e+05 6.032271e-04 7.446912e+00
 5.909865e-04 6.955709e+00 2.857563e-01 2.908958e-01 7.244400e+00 8.151457e+05 6.044458e-04 7.446589e+00
 5.921494e-04 6.953236e+00 2.872967e-01 2.925010e-01 7.243500e+00 7.962612e+05 6.056671e-04 7.446476e+00
 5.933146e-04 6.950654e+00 2.888451e-01 2.941149e-01 7.242500e+00 7.778394e+05 6.068911e-04 7.446261e+00
 5.944820e-04 6.948264e+00 2.904014e-01 2.957375e-01 7.241700e+00 7.597947e+05 6.081177e-04 7.446257e+00
 5.956518e-04 6.945766e+00 2.919657e-01 2.973688e-01 7.240800e+00 7.422166e+05 6.093469e-04 7.446151e+00
 5.968239e-04 6.943460e+00 2.935381e-01 2.990089e-01 7.240100e+00 7.250453e+05 6.105788e-04 7.446256e+00
 5.979983e-04 6.941045e+00 2.951184e-01 3.006578e-01 7.239300e+00 7.082712e+05 6.118133e-04 7.446259e+00
 5.991750e-04 6.938721e+00 2.967069e-01 3.023154e-01 7.238600e+00 6.918850e+05 6.130504e-04 7.446368e+00
 6.003540e-04 6.936489e+00 2.983034e-01 3.039820e-01 7.238000e+00 6.759227e+05 6.142903e-04 7.446584e+00
 6.015353e-04 6.934249e+00 2.999080e-01 3.056574e-01 7.237400e+00 6.602847e+05 6.155328e-04 7.446803e+00
 6.027189e-04 6.932100e+00 3.015208e-01 3.073417e-01 7.236900e+00 6.450298e+05 6.167780e-04 7.447128e+00
 6.039049e-04 6.929843e+00 3.031418e-01 3.090350e-01 7.236300e+00 6.301485e+05 6.180259e-04 7.447351e+00
 6.050932e-04 6.927777e+00 3.047709e-01 3.107372e-01 7.235900e+00 6.155895e+05 6.192764e-04 7.447786e+00
 6.062839e-04 6.925703e+00 3.064083e-01 3.124485e-01 7.235500e+00 6.013870e+05 6.205297e-04 7.448223e+00
 6.074769e-04 6.923620e+00 3.080539e-01 3.141688e-01 7.235100e+00 5.875323e+05 6.217857e-04 7.448663e+00
 6.086722e-04 6.921628e+00 3.097078e-01 3.158982e-01 7.234800e+00 5.739570e+05 6.230444e-04 7.449209e+00
 6.098699e-04 6.919627e+00 3.113700e-01 3.176368e-01 7.234500e+00 5.607337e+05 6.243058e-04 7.449758e+00
 6.110700e-04 6.917618e+00 3.130405e-01 3.193844e-01 7.234200e+00 5.477958e+05 6.255699e-04 7.450310e+00
 6.122724e-04 6.915700e+00 3.147194e-01 3.211413e-01 7.234000e+00 5.351747e+05 6.268368e-04 7.450969e+00
 6.134771e-04 6.913873e+00 3.164066e-01 3.229073e-01 7.233900e+00 5.228441e+05 6.281064e-04 7.451735e+00
 6.146843e-04 6.911938e+00 3.181022e-01 3.246826e-01 7.233700e+00 5.108153e+05 6.293787e-04 7.452399e+00
 6.158938e-04 6.910194e+00 3.198062e-01 3.264672e-01 7.233700e+00 4.990452e+05 6.306539e-04 7.453275e+00
 6.171057e-04 6.908340e+00 3.215187e-01 3.282611e-01 7.233600e+00 4.875807e+05 6.319317e-04 7.454049e+00
 6.183200e-04 6.906578e+00 3.232397e-01 3.300643e-01 7.233600e+00 4.763451e+05 6.332124e-04 7.454931e+00
 6.195367e-04 6.904907e+00 3.249691e-01 3.318769e-01 7.233700e+00 4.653847e+05 6.344958e-04 7.455920e+00
 6.207558e-04 6.903127e+00 3.267071e-01 3.336990e-01 7.233700e+00 4.546925e+05 6.357820e-04 7.456807e+00
 6.219772e-04 6.901538e+00 3.284536e-01 3.355304e-01 7.233900e+00 4.442617e+05 6.370710e-04 7.457906e+00
 6.232011e-04 6.899841e+00 3.302087e-01 3.373714e-01 7.234000e+00 4.340382e+05 6.383629e-04 7.458903e+00
 6.244274e-04 6.898234e+00 3.319724e-01 3.392218e-01 7.234200e+00 4.240649e+05 6.396575e-04 7.460008e+00
 6.256561e-04 6.896718e+00 3.337447e-01 3.410818e-01 7.234500e+00 4.143356e+05 6.409549e-04 7.461221e+00
 6.268872e-04 6.895093e+00 3.355257e-01 3.429514e-01 7.234700e+00 4.048292e+05 6.422551e-04 7.462332e+00
 6.281207e-04 6.893558e+00 3.373153e-01 3.448306e-01 7.235000e+00 3.955404e+05 6.435582e-04 7.463550e+00
 6.293567e-04 6.892115e+00 3.391136e-01 3.467194e-01 7.235400e+00 3.864643e+05 6.448641e-04 7.464877e+00
 6.305951e-04 6.890662e+00 3.409207e-01 3.486179e-01 7.235800e+00 3.775959e+05 6.461729e-04 7.466206e+00
 6.318359e-04 6.889201e+00 3.427365e-01 3.505261e-01 7.236200e+00 3.689444e+05 6.474845e-04 7.467538e+00
 6.330792e-04 6.887830e+00 3.445610e-01 3.524440e-01 7.236700e+00 3.605043e+05 6.487990e-04 7.468979e+00
 6.343249e-04 6.886350e+00 3.463944e-01 3.543717e-01 7.237100e+00 3.522301e+05 6.501163e-04 7.470317e+00
 6.355731e-04 6.885060e+00 3.482366e-01 3.563093e-01 7.237700e+00 3.441583e+05 6.514365e-04 7.471868e+00
 6.368237e-04 6.883661e+00 3.500876e-01 3.582566e-01 7.238200e+00 3.362839e+05 6.527596e-04 7.473318e+00
 6.380768e-04 6.882353e+00 3.519474e-01 3.602139e-01 7.238800e+00 3.286018e+05 6.540856e-04 7.474876e+00
 6.393323e-04 6.881136e+00 3.538162e-01 3.621810e-01 7.239500e+00 3.210699e+05 6.554145e-04 7.476542e+00
 6.405904e-04 6.879809e+00 3.556939e-01 3.641581e-01 7.240100e+00 3.137344e+05 6.567463e-04 7.478105e+00
 6.418509e-04 6.878572e+00 3.575805e-01 3.661452e-01 7.240800e+00 3.065661e+05 6.580810e-04 7.479778e+00
 6.431138e-04 6.877427e+00 3.594761e-01 3.681423e-01 7.241600e+00 2.995610e+05 6.594186e-04 7.481559e+00
 6.443793e-04 6.876171e+00 3.613806e-01 3.701494e-01 7.242300e+00 2.927155e+05 6.607591e-04 7.483237e+00
 6.456473e-04 6.875006e+00 3.632942e-01 3.721666e-01 7.243100e+00 2.860258e+05 6.621026e-04 7.485025e+00
 6.469177e-04 6.873932e+00 3.652168e-01 3.741939e-01 7.244000e+00 2.794885e+05 6.634490e-04 7.486920e+00
 6.481907e-04 6.872748e+00 3.671485e-01 3.762313e-01 7.244800e+00 2.731217e+05 6.647984e-04 7.488714e+00
 6.494661e-04 6.871655e+00 3.690892e-01 3.782789e-01 7.245700e+00 2.668889e+05 6.661507e-04 7.490617e+00
 6.507441e-04 6.870652e+00 3.710391e-01 3.803367e-01 7.246700e+00 2.608082e+05 6.675060e-04 7.492628e+00
 6.520246e-04 6.869539e+00 3.729980e-01 3.824048e-01 7.247600e+00 2.548553e+05 6.688643e-04 7.494537e+00
 6.533076e-04 6.868516e+00 3.749662e-01 3.844831e-01 7.248600e+00 2.490477e+05 6.702256e-04 7.496555e+00
 6.545931e-04 6.867484e+00 3.769435e-01 3.865717e-01 7.249600e+00 2.433818e+05 6.715898e-04 7.498577e+00
 6.558811e-04 6.866542e+00 3.789299e-01 3.886706e-01 7.250700e+00 2.378250e+05 6.729571e-04 7.500708e+00
 6.571717e-04 6.865591e+00 3.809257e-01 3.907800e-01 7.251800e+00 2.324134e+05 6.743273e-04 7.502842e+00
 6.584649e-04 6.864629e+00 3.829306e-01 3.928997e-01 7.252900e+00 2.271244e+05 6.757006e-04 7.504979e+00
 6.597605e-04 6.863658e+00 3.849448e-01 3.950298e-01 7.254000e+00 2.219552e+05 6.770769e-04 7.507120e+00
 6.610587e-04 6.862777e+00 3.869683e-01 3.971705e-01 7.255200e+00 2.169211e+05 6.784562e-04 7.509370e+00
 6.623595e-04 6.861886e+00 3.890011e-01 3.993216e-01 7.256400e+00 2.119831e+05 6.798386e-04 7.511624e+00
 6.636629e-04 6.860985e+00 3.910433e-01 4.014833e-01 7.257600e+00 2.071655e+05 6.812240e-04 7.513882e+00
 6.649688e-04 6.860174e+00 3.930948e-01 4.036555e-01 7.258900e+00 2.024654e+05 6.826125e-04 7.516248e+00
 6.662772e-04 6.859353e+00 3.951556e-01 4.058383e-01 7.260200e+00 1.978631e+05 6.840040e-04 7.518619e+00
 6.675883e-04 6.858523e+00 3.972259e-01 4.080317e-01 7.261500e+00 1.933730e+05 6.853987e-04 7.520993e+00
 6.689019e-04 6.857682e+00 3.993056e-01 4.102359e-01 7.262800e+00 1.889763e+05 6.867963e-04 7.523371e+00
 6.702181e-04 6.856931e+00 4.013947e-01 4.124507e-01 7.264200e+00 1.846946e+05 6.881971e-04 7.525858e+00
 6.715369e-04 6.856170e+00 4.034933e-01 4.146762e-01 7.265600e+00 1.805095e+05 6.896010e-04 7.528350e+00
 6.728583e-04 6.855399e+00 4.056014e-01 4.169125e-01 7.267000e+00 1.764111e+05 6.910080e-04 7.530845e+00
 6.741823e-04 6.854718e+00 4.077190e-01 4.191596e-01 7.268500e+00 1.724200e+05 6.924181e-04 7.533450e+00
 6.755089e-04 6.853927e+00 4.098461e-01 4.214175e-01 7.269900e+00 1.685114e+05 6.938313e-04 7.535952e+00
 6.768381e-04 6.853226e+00 4.119827e-01 4.236862e-01 7.271400e+00 1.646909e+05 6.952477e-04 7.538565e+00
 6.781699e-04 6.852614e+00 4.141289e-01 4.259659e-01 7.273000e+00 1.609705e+05 6.966672e-04 7.541287e+00
 6.795044e-04 6.851892e+00 4.162847e-01 4.282564e-01 7.274500e+00 1.573267e+05 6.980899e-04 7.543908e+00
 6.808414e-04 6.851260e+00 4.184502e-01 4.305580e-01 7.276100e+00 1.537716e+05 6.995157e-04 7.546638e+00
 6.821811e-04 6.850618e+00 4.206252e-01 4.328705e-01 7.277700e+00 1.502898e+05 7.009447e-04 7.549372e+00
 6.835235e-04 6.849966e+00 4.228099e-01 4.351940e-01 7.279300e+00 1.468992e+05 7.023768e-04 7.552111e+00
 6.848684e-04 6.849403e+00 4.250043e-01 4.375285e-01 7.281000e+00 1.435782e+05 7.038122e-04 7.554959e+00
 6.862161e-04 6.848830e+00 4.272084e-01 4.398742e-01 7.282700e+00 1.403381e+05 7.052507e-04 7.557812e+00
 6.875663e-04 6.848246e+00 4.294221e-01 4.422309e-01 7.284400e+00 1.371705e+05 7.066924e-04 7.560669e+00
 6.889193e-04 6.847652e+00 4.316456e-01 4.445988e-01 7.286100e+00 1.340740e+05 7.081374e-04 7.563530e+00
 6.902749e-04 6.847048e+00 4.338789e-01 4.469778e-01 7.287800e+00 1.310468e+05 7.095856e-04 7.566395e+00
 6.916331e-04 6.846533e+00 4.361219e-01 4.493681e-01 7.289600e+00 1.280932e+05 7.110369e-04 7.569370e+00
 6.929941e-04 6.846008e+00 4.383747e-01 4.517696e-01 7.291400e+00 1.252114e+05 7.124916e-04 7.572350e+00
 6.943577e-04 6.845472e+00 4.406373e-01 4.541823e-01 7.293200e+00 1.223828e+05 7.139495e-04 7.575334e+00
 6.957240e-04 6.845026e+00 4.429098e-01 4.566063e-01 7.295100e+00 1.196339e+05 7.154106e-04 7.578429e+00
 6.970930e-04 6.844469e+00 4.451921e-01 4.590417e-01 7.296900e+00 1.169356e+05 7.168750e-04 7.581421e+00
 6.984647e-04 6.844001e+00 4.474842e-01 4.614884e-01 7.298800e+00 1.143029e+05 7.183427e-04 7.584524e+00
 6.998390e-04 6.843523e+00 4.497863e-01 4.639465e-01 7.300700e+00 1.117341e+05 7.198137e-04 7.587632e+00
 7.012161e-04 6.843035e+00 4.520982e-01 4.664160e-01 7.302600e+00 1.092226e+05 7.212879e-04 7.590744e+00
 7.025959e-04 6.842635e+00 4.544200e-01 4.688970e-01 7.304600e+00 1.067671e+05 7.227655e-04 7.593967e+00
 7.039784e-04 6.842226e+00 4.567518e-01 4.713894e-01 7.306600e+00 1.043662e+05 7.242463e-04 7.597194e+00
 7.053637e-04 6.841805e+00 4.590936e-01 4.738934e-01 7.308600e+00 1.020236e+05 7.257305e-04 7.600426e+00
 7.067516e-04 6.841374e+00 4.614453e-01 4.764089e-01 7.310600e+00 9.973785e+04 7.272180e-04 7.603663e+00
 7.081423e-04 6.840932e+00 4.638070e-01 4.789359e-01 7.312600e+00 9.749365e+04 7.287089e-04 7.606903e+00
 7.095357e-04 6.840579e+00 4.661787e-01 4.814745e-01 7.314700e+00 9.530393e+04 7.302031e-04 7.610256e+00
 7.109319e-04 6.840115e+00 4.685604e-01 4.840248e-01 7.316700e+00 9.317175e+04 7.317007e-04 7.613505e+00
 7.123308e-04 6.839741e+00 4.709522e-01 4.865867e-01 7.318800e+00 9.108250e+04 7.332016e-04 7.616867e+00
 7.137325e-04 6.839356e+00 4.733540e-01 4.891603e-01 7.320900e+00 8.904387e+04 7.347059e-04 7.620232e+00
 7.151369e-04 6.839060e+00 4.757659e-01 4.917456e-01 7.323100e+00 8.705043e+04 7.362136e-04 7.623710e+00
 7.165441e-04 6.838653e+00 4.781879e-01 4.943427e-01 7.325200e+00 8.510116e+04 7.377247e-04 7.627085e+00
 7.179540e-04 6.838335e+00 4.806199e-01 4.969515e-01 7.327400e+00 8.319509e+04 7.392392e-04 7.630572e+00
 7.193667e-04 6.838007e+00 4.830621e-01 4.995721e-01 7.329600e+00 8.133517e+04 7.407571e-04 7.634064e+00
 7.207822e-04 6.837667e+00 4.855145e-01 5.022045e-01 7.331800e+00 7.952026e+04 7.422785e-04 7.637560e+00
 7.222005e-04 6.837316e+00 4.879769e-01 5.048488e-01 7.334000e+00 7.774164e+04 7.438032e-04 7.641061e+00
 7.236216e-04 6.836955e+00 4.904496e-01 5.075050e-01 7.336200e+00 7.600606e+04 7.453315e-04 7.644567e+00
 7.250455e-04 6.836682e+00 4.929324e-01 5.101731e-01 7.338500e+00 7.430515e+04 7.468631e-04 7.648185e+00
 7.264722e-04 6.836399e+00 4.954254e-01 5.128531e-01 7.340800e+00 7.264900e+04 7.483983e-04 7.651808e+00
 7.279017e-04 6.836104e+00 4.979286e-01 5.155451e-01 7.343100e+00 7.102584e+04 7.499369e-04 7.655435e+00
 7.293340e-04 6.835799e+00 5.004420e-01 5.182490e-01 7.345400e+00 6.944537e+04 7.514790e-04 7.659068e+00
 7.307691e-04 6.835482e+00 5.029657e-01 5.209650e-01 7.347700e+00 6.789631e+04 7.530246e-04 7.662705e+00
 7.322071e-04 6.835154e+00 5.054996e-01 5.236931e-01 7.350000e+00 6.638137e+04 7.545737e-04 7.666348e+00
 7.336478e-04 6.834915e+00 5.080438e-01 5.264332e-01 7.352400e+00 6.490628e+04 7.561263e-04 7.670103e+00
 7.350914e-04 6.834665e+00 5.105982e-01 5.291854e-01 7.354800e+00 6.346040e+04 7.576825e-04 7.673863e+00
 7.365379e-04 6.834404e+00 5.131630e-01 5.319498e-01 7.357200e+00 6.204943e+04 7.592421e-04 7.677628e+00
 7.379872e-04 6.834132e+00 5.157380e-01 5.347262e-01 7.359600e+00 6.066638e+04 7.608054e-04 7.681398e+00
 7.394393e-04 6.833848e+00 5.183233e-01 5.375149e-01 7.362000e+00 5.931973e+04 7.623721e-04 7.685173e+00
 7.408943e-04 6.833654e+00 5.209190e-01 5.403158e-01 7.364500e+00 5.800259e+04 7.639425e-04 7.689061e+00
 7.423522e-04 6.833348e+00 5.235250e-01 5.431289e-01 7.366900e+00 5.671430e+04 7.655164e-04 7.692846e+00
 7.438129e-04 6.833131e+00 5.261413e-01 5.459543e-01 7.369400e+00 5.545424e+04 7.670939e-04 7.696745e+00
 7.452766e-04 6.832902e+00 5.287680e-01 5.487919e-01 7.371900e+00 5.422178e+04 7.686750e-04 7.700649e+00
 7.467430e-04 6.832663e+00 5.314051e-01 5.516419e-01 7.374400e+00 5.302176e+04 7.702597e-04 7.704557e+00
 7.482124e-04 6.832411e+00 5.340525e-01 5.545041e-01 7.376900e+00 5.184526e+04 7.718481e-04 7.708471e+00
 7.496847e-04 6.832149e+00 5.367103e-01 5.573788e-01 7.379400e+00 5.069710e+04 7.734400e-04 7.712391e+00
 7.511599e-04 6.831875e+00 5.393786e-01 5.602658e-01 7.381900e+00 4.957143e+04 7.750356e-04 7.716315e+00
 7.526379e-04 6.831691e+00 5.420572e-01 5.631652e-01 7.384500e+00 4.847541e+04 7.766349e-04 7.720354e+00
 7.541189e-04 6.831494e+00 5.447462e-01 5.660770e-01 7.387100e+00 4.740326e+04 7.782378e-04 7.724397e+00
 7.556028e-04 6.831186e+00 5.474457e-01 5.690013e-01 7.389600e+00 4.635446e+04 7.798444e-04 7.728338e+00
 7.570896e-04 6.830967e+00 5.501556e-01 5.719381e-01 7.392200e+00 4.532850e+04 7.814547e-04 7.732392e+00
 7.585793e-04 6.830837e+00 5.528759e-01 5.748874e-01 7.394900e+00 4.432955e+04 7.830686e-04 7.736560e+00
 7.600720e-04 6.830595e+00 5.556067e-01 5.778492e-01 7.397500e+00 4.334999e+04 7.846863e-04 7.740626e+00
 7.615676e-04 6.830341e+00 5.583480e-01 5.808235e-01 7.400100e+00 4.239397e+04 7.863077e-04 7.744696e+00
 7.630662e-04 6.830177e+00 5.610997e-01 5.838104e-01 7.402800e+00 4.145648e+04 7.879328e-04 7.748881e+00
 7.645677e-04 6.829900e+00 5.638619e-01 5.868099e-01 7.405400e+00 4.054154e+04 7.895616e-04 7.752963e+00
 7.660721e-04 6.829713e+00 5.666346e-01 5.898220e-01 7.408100e+00 3.964855e+04 7.911942e-04 7.757159e+00
 7.675795e-04 6.829513e+00 5.694177e-01 5.928468e-01 7.410800e+00 3.877490e+04 7.928306e-04 7.761361e+00
 7.690899e-04 6.829303e+00 5.722114e-01 5.958841e-01 7.413500e+00 3.792017e+04 7.944707e-04 7.765568e+00
 7.706032e-04 6.829080e+00 5.750156e-01 5.989342e-01 7.416200e+00 3.708594e+04 7.961146e-04 7.769781e+00
 7.721196e-04 6.828846e+00 5.778302e-01 6.019970e-01 7.418900e+00 3.626779e+04 7.977623e-04 7.774000e+00
 7.736389e-04 6.828601e+00 5.806554e-01 6.050725e-01 7.421600e+00 3.547118e+04 7.994138e-04 7.778224e+00
 7.751612e-04 6.828344e+00 5.834911e-01 6.081607e-01 7.424300e+00 3.469364e+04 8.010692e-04 7.782454e+00
 7.766865e-04 6.828175e+00 5.863373e-01 6.112617e-01 7.427100e+00 3.392914e+04 8.027283e-04 7.786799e+00
 7.782148e-04 6.827895e+00 5.891940e-01 6.143754e-01 7.429800e+00 3.318479e+04 8.043913e-04 7.791041e+00
 7.797461e-04 6.827704e+00 5.920613e-01 6.175020e-01 7.432600e+00 3.245646e+04 8.060582e-04 7.795397e+00
 7.812804e-04 6.827500e+00 5.949391e-01 6.206413e-01 7.435400e+00 3.174381e+04 8.077289e-04 7.799760e+00
 7.828177e-04 6.827285e+00 5.978274e-01 6.237935e-01 7.438200e+00 3.104991e+04 8.094034e-04 7.804128e+00
 7.843581e-04 6.827059e+00 6.007263e-01 6.269586e-01 7.441000e+00 3.036754e+04 8.110819e-04 7.808502e+00
 7.859015e-04 6.826821e+00 6.036357e-01 6.301365e-01 7.443800e+00 2.970150e+04 8.127643e-04 7.812883e+00
 7.874479e-04 6.826571e+00 6.065556e-01 6.333273e-01 7.446600e+00 2.905299e+04 8.144505e-04 7.817269e+00
 7.889974e-04 6.826309e+00 6.094861e-01 6.365311e-01 7.449400e+00 2.841678e+04 8.161407e-04 7.821661e+00
 7.905499e-04 6.826136e+00 6.124272e-01 6.397477e-01 7.452300e+00 2.779576e+04 8.178349e-04 7.826169e+00
 7.921055e-04 6.825851e+00 6.153788e-01 6.429773e-01 7.455100e+00 2.718803e+04 8.195329e-04 7.830574e+00
 7.936641e-04 6.825655e+00 6.183409e-01 6.462199e-01 7.458000e+00 2.659330e+04 8.212350e-04 7.835094e+00
 7.952258e-04 6.825347e+00 6.213136e-01 6.494754e-01 7.460800e+00 2.601276e+04 8.229409e-04 7.839510e+00
 7.967906e-04 6.825127e+00 6.242968e-01 6.527440e-01 7.463700e+00 2.544606e+04 8.246509e-04 7.844042e+00
 7.983585e-04 6.824895e+00 6.272906e-01 6.560255e-01 7.466600e+00 2.489002e+04 8.263649e-04 7.848581e+00
 7.999294e-04 6.824652e+00 6.302950e-01 6.593201e-01 7.469500e+00 2.434724e+04 8.280829e-04 7.853126e+00
 8.015034e-04 6.824397e+00 6.333099e-01 6.626277e-01 7.472400e+00 2.381738e+04 8.298049e-04 7.857677e+00
 8.030806e-04 6.824130e+00 6.363353e-01 6.659483e-01 7.475300e+00 2.329879e+04 8.315309e-04 7.862234e+00
 8.046608e-04 6.823852e+00 6.393713e-01 6.692821e-01 7.478200e+00 2.279123e+04 8.332609e-04 7.866798e+00
 8.062441e-04 6.823562e+00 6.424178e-01 6.726289e-01 7.481100e+00 2.229447e+04 8.349951e-04 7.871368e+00
 8.078306e-04 6.823260e+00 6.454749e-01 6.759888e-01 7.484000e+00 2.180952e+04 8.367333e-04 7.875945e+00
 8.094202e-04 6.822946e+00 6.485425e-01 6.793618e-01 7.486900e+00 2.133610e+04 8.384755e-04 7.880527e+00
 8.110129e-04 6.822721e+00 6.516206e-01 6.827480e-01 7.489900e+00 2.087150e+04 8.402219e-04 7.885227e+00
 8.127667e-04 6.822384e+00 6.547084e-01 6.861463e-01 7.492800e+00 2.041917e+04 8.421456e-04 7.889822e+00
 8.145624e-04 6.822139e+00 6.578040e-01 6.895547e-01 7.495800e+00 1.997653e+04 8.441161e-04 7.894533e+00
 8.163621e-04 6.821785e+00 6.609073e-01 6.929733e-01 7.498700e+00 1.954561e+04 8.460917e-04 7.899140e+00
 8.181658e-04 6.821522e+00 6.640184e-01 6.964019e-01 7.501700e+00 1.912161e+04 8.480724e-04 7.903862e+00
 8.199734e-04 6.821151e+00 6.671372e-01 6.998407e-01 7.504600e+00 1.870992e+04 8.500582e-04 7.908481e+00
 8.217851e-04 6.820870e+00 6.702637e-01 7.032896e-01 7.507600e+00 1.830692e+04 8.520493e-04 7.913215e+00
 8.236007e-04 6.820481e+00 6.733979e-01 7.067486e-01 7.510500e+00 1.791243e+04 8.540455e-04 7.917845e+00
 8.254204e-04 6.820183e+00 6.765398e-01 7.102177e-01 7.513500e+00 1.752625e+04 8.560469e-04 7.922592e+00
 8.272440e-04 6.819775e+00 6.796895e-01 7.136969e-01 7.516400e+00 1.714922e+04 8.580535e-04 7.927234e+00
 8.290717e-04 6.819459e+00 6.828468e-01 7.171863e-01 7.519400e+00 1.678208e+04 8.600653e-04 7.931993e+00
 8.309035e-04 6.819135e+00 6.860118e-01 7.206858e-01 7.522400e+00 1.642262e+04 8.620824e-04 7.936758e+00
 8.327393e-04 6.818701e+00 6.891844e-01 7.241954e-01 7.525300e+00 1.607065e+04 8.641048e-04 7.941419e+00
 8.345791e-04 6.818359e+00 6.923648e-01 7.277151e-01 7.528300e+00 1.572790e+04 8.661324e-04 7.946197e+00
 8.364230e-04 6.817907e+00 6.955527e-01 7.312450e-01 7.531200e+00 1.539317e+04 8.681654e-04 7.950871e+00
 8.382710e-04 6.817548e+00 6.987483e-01 7.347851e-01 7.534200e+00 1.506357e+04 8.702037e-04 7.955661e+00
 8.401231e-04 6.817079e+00 7.019516e-01 7.383353e-01 7.537100e+00 1.474257e+04 8.722473e-04 7.960348e+00
 8.419792e-04 6.816701e+00 7.051624e-01 7.418956e-01 7.540100e+00 1.442995e+04 8.742962e-04 7.965151e+00
 8.438395e-04 6.816214e+00 7.083809e-01 7.454661e-01 7.543000e+00 1.412290e+04 8.763506e-04 7.969851e+00
 8.457038e-04 6.815819e+00 7.116070e-01 7.490467e-01 7.546000e+00 1.382384e+04 8.784103e-04 7.974667e+00
 8.475723e-04 6.815315e+00 7.148406e-01 7.526375e-01 7.548900e+00 1.353090e+04 8.804754e-04 7.979380e+00
 8.494449e-04 6.814902e+00 7.180818e-01 7.562384e-01 7.551900e+00 1.324397e+04 8.825459e-04 7.984210e+00
 8.513217e-04 6.814380e+00 7.213306e-01 7.598494e-01 7.554800e+00 1.296448e+04 8.846219e-04 7.988936e+00
 8.532026e-04 6.813950e+00 7.245869e-01 7.634706e-01 7.557800e+00 1.268991e+04 8.867034e-04 7.993779e+00
 8.550877e-04 6.813411e+00 7.278507e-01 7.671020e-01 7.560700e+00 1.242247e+04 8.887903e-04 7.998518e+00
 8.569769e-04 6.812863e+00 7.311221e-01 7.707435e-01 7.563600e+00 1.216045e+04 8.908828e-04 8.003264e+00
 8.588703e-04 6.812406e+00 7.344009e-01 7.743951e-01 7.566600e+00 1.190522e+04 8.929807e-04 8.008128e+00
 8.607678e-04 6.811841e+00 7.376872e-01 7.780568e-01 7.569500e+00 1.165441e+04 8.950842e-04 8.012888e+00
 8.626696e-04 6.811267e+00 7.409810e-01 7.817287e-01 7.572400e+00 1.141010e+04 8.971932e-04 8.017654e+00
 8.645756e-04 6.810684e+00 7.442823e-01 7.854107e-01 7.575300e+00 1.117070e+04 8.993078e-04 8.022428e+00
 8.664858e-04 6.810192e+00 7.475910e-01 7.891029e-01 7.578300e+00 1.093612e+04 9.014280e-04 8.027320e+00
 8.684002e-04 6.809592e+00 7.509071e-01 7.928051e-01 7.581200e+00 1.070759e+04 9.035538e-04 8.032107e+00
 8.703188e-04 6.808983e+00 7.542306e-01 7.965175e-01 7.584100e+00 1.048429e+04 9.056852e-04 8.036901e+00
 8.722417e-04 6.808365e+00 7.575615e-01 8.002400e-01 7.587000e+00 1.026545e+04 9.078223e-04 8.041703e+00
 8.741688e-04 6.807739e+00 7.608998e-01 8.039726e-01 7.589900e+00 1.005098e+04 9.099651e-04 8.046511e+00
 8.761002e-04 6.807104e+00 7.642454e-01 8.077153e-01 7.592800e+00 9.841410e+03 9.121135e-04 8.051327e+00
 8.780358e-04 6.806460e+00 7.675983e-01 8.114680e-01 7.595700e+00 9.636618e+03 9.142676e-04 8.056149e+00
 8.799757e-04 6.805808e+00 7.709586e-01 8.152309e-01 7.598600e+00 9.436489e+03 9.164275e-04 8.060979e+00
 8.819199e-04 6.805047e+00 7.743261e-01 8.190038e-01 7.601400e+00 9.240325e+03 9.185930e-04 8.065705e+00
 8.838685e-04 6.804377e+00 7.777009e-01 8.227868e-01 7.604300e+00 9.048046e+03 9.207644e-04 8.070549e+00
 8.858213e-04 6.803699e+00 7.810830e-01 8.265799e-01 7.607200e+00 8.860140e+03 9.229415e-04 8.075401e+00
 8.877784e-04 6.803013e+00 7.844723e-01 8.303830e-01 7.610100e+00 8.677050e+03 9.251245e-04 8.080260e+00
 8.897398e-04 6.802217e+00 7.878688e-01 8.341961e-01 7.612900e+00 8.497560e+03 9.273132e-04 8.085014e+00
 8.917056e-04 6.801514e+00 7.912724e-01 8.380193e-01 7.615800e+00 8.321598e+03 9.295078e-04 8.089888e+00
 8.936757e-04 6.800701e+00 7.946833e-01 8.418525e-01 7.618600e+00 8.150140e+03 9.317082e-04 8.094657e+00
 8.956502e-04 6.799981e+00 7.981012e-01 8.456957e-01 7.621500e+00 7.982548e+03 9.339146e-04 8.099545e+00
 8.976290e-04 6.799151e+00 8.015263e-01 8.495489e-01 7.624300e+00 7.818225e+03 9.361268e-04 8.104329e+00
 8.996123e-04 6.798314e+00 8.049585e-01 8.534121e-01 7.627100e+00 7.657109e+03 9.383449e-04 8.109120e+00
 9.015999e-04 6.797568e+00 8.083978e-01 8.572853e-01 7.630000e+00 7.499621e+03 9.405690e-04 8.114032e+00
 9.035918e-04 6.796713e+00 8.118441e-01 8.611684e-01 7.632800e+00 7.345675e+03 9.427991e-04 8.118838e+00
 9.055882e-04 6.795850e+00 8.152974e-01 8.650615e-01 7.635600e+00 7.195185e+03 9.450351e-04 8.123652e+00
 9.075890e-04 6.794978e+00 8.187577e-01 8.689645e-01 7.638400e+00 7.047609e+03 9.472771e-04 8.128473e+00
 9.095942e-04 6.794099e+00 8.222249e-01 8.728774e-01 7.641200e+00 6.902893e+03 9.495252e-04 8.133302e+00
 9.116039e-04 6.793210e+00 8.256992e-01 8.768003e-01 7.644000e+00 6.761422e+03 9.517793e-04 8.138139e+00
 9.136180e-04 6.792314e+00 8.291803e-01 8.807330e-01 7.646800e+00 6.623553e+03 9.540394e-04 8.142983e+00
 9.156365e-04 6.791309e+00 8.326683e-01 8.846756e-01 7.649500e+00 6.488335e+03 9.563057e-04 8.147722e+00
 9.176595e-04 6.790396e+00 8.361632e-01 8.886281e-01 7.652300e+00 6.355717e+03 9.585780e-04 8.152582e+00
 9.196870e-04 6.789474e+00 8.396649e-01 8.925904e-01 7.655100e+00 6.226471e+03 9.608565e-04 8.157450e+00
 9.217189e-04 6.788445e+00 8.431734e-01 8.965625e-01 7.657800e+00 6.100100e+03 9.631411e-04 8.162212e+00
 9.237553e-04 6.787507e+00 8.466887e-01 9.005445e-01 7.660600e+00 5.976142e+03 9.654319e-04 8.167095e+00
 9.257963e-04 6.786461e+00 8.502107e-01 9.045362e-01 7.663300e+00 5.854551e+03 9.677288e-04 8.171873e+00
 9.278417e-04 6.785406e+00 8.537394e-01 9.085377e-01 7.666000e+00 5.735664e+03 9.700320e-04 8.176659e+00
 9.298917e-04 6.784344e+00 8.572748e-01 9.125490e-01 7.668700e+00 5.619415e+03 9.723415e-04 8.181452e+00
 9.319462e-04 6.783273e+00 8.608169e-01 9.165700e-01 7.671400e+00 5.505744e+03 9.746571e-04 8.186254e+00
 9.340052e-04 6.782295e+00 8.643656e-01 9.206007e-01 7.674200e+00 5.394228e+03 9.769791e-04 8.191177e+00
 9.360688e-04 6.781108e+00 8.679209e-01 9.246411e-01 7.676800e+00 5.285181e+03 9.793073e-04 8.195881e+00
 9.381369e-04 6.780013e+00 8.714828e-01 9.286911e-01 7.679500e+00 5.178544e+03 9.816419e-04 8.200706e+00
 9.402096e-04 6.778910e+00 8.750511e-01 9.327508e-01 7.682200e+00 5.074262e+03 9.839828e-04 8.205540e+00
 9.422869e-04 6.777799e+00 8.786260e-01 9.368202e-01 7.684900e+00 4.971942e+03 9.863301e-04 8.210381e+00
 9.443688e-04 6.776580e+00 8.822074e-01 9.408992e-01 7.687500e+00 4.871880e+03 9.886838e-04 8.215117e+00
 9.464553e-04 6.775454e+00 8.857951e-01 9.449877e-01 7.690200e+00 4.774019e+03 9.910438e-04 8.219975e+00
 9.485464e-04 6.774219e+00 8.893893e-01 9.490858e-01 7.692800e+00 4.677677e+03 9.934103e-04 8.224727e+00
 9.506421e-04 6.773076e+00 8.929898e-01 9.531934e-01 7.695500e+00 4.583769e+03 9.957833e-04 8.229601e+00
 9.527424e-04 6.771826e+00 8.965966e-01 9.573106e-01 7.698100e+00 4.492228e+03 9.981627e-04 8.234369e+00
 9.548474e-04 6.770567e+00 9.002097e-01 9.614372e-01 7.700700e+00 4.402091e+03 1.000549e-03 8.239145e+00
 9.569570e-04 6.769301e+00 9.038291e-01 9.655733e-01 7.703300e+00 4.313931e+03 1.002941e-03 8.243930e+00
 9.590713e-04 6.768028e+00 9.074547e-01 9.697188e-01 7.705900e+00 4.227703e+03 1.005340e-03 8.248723e+00
 9.611903e-04 6.766746e+00 9.110865e-01 9.738738e-01 7.708500e+00 4.143360e+03 1.007746e-03 8.253524e+00
 9.633139e-04 6.765356e+00 9.147244e-01 9.780381e-01 7.711000e+00 4.060860e+03 1.010158e-03 8.258219e+00
 9.654422e-04 6.764059e+00 9.183684e-01 9.822117e-01 7.713600e+00 3.979611e+03 1.012577e-03 8.263037e+00
 9.675753e-04 6.762755e+00 9.220185e-01 9.863947e-01 7.716200e+00 3.900407e+03 1.015002e-03 8.267863e+00
 9.697130e-04 6.761343e+00 9.256746e-01 9.905870e-01 7.718700e+00 3.822665e+03 1.017434e-03 8.272583e+00
 9.718555e-04 6.759923e+00 9.293367e-01 9.947886e-01 7.721200e+00 3.746877e+03 1.019873e-03 8.277311e+00
 9.740027e-04 6.758596e+00 9.330047e-01 9.989994e-01 7.723800e+00 3.672227e+03 1.022318e-03 8.282163e+00
 9.761546e-04 6.757161e+00 9.366787e-01 1.003219e+00 7.726300e+00 3.599452e+03 1.024771e-03 8.286908e+00
 9.783113e-04 6.755718e+00 9.403585e-01 1.007449e+00 7.728800e+00 3.528011e+03 1.027230e-03 8.291661e+00
 9.804728e-04 6.754269e+00 9.440441e-01 1.011687e+00 7.731300e+00 3.458363e+03 1.029695e-03 8.296423e+00
 9.826391e-04 6.752711e+00 9.477356e-01 1.015934e+00 7.733700e+00 3.389748e+03 1.032168e-03 8.301079e+00
 9.848101e-04 6.751247e+00 9.514327e-01 1.020191e+00 7.736200e+00 3.322854e+03 1.034647e-03 8.305858e+00
 9.869859e-04 6.749775e+00 9.551356e-01 1.024456e+00 7.738700e+00 3.257179e+03 1.037134e-03 8.310645e+00
 9.891666e-04 6.748196e+00 9.588442e-01 1.028731e+00 7.741100e+00 3.193149e+03 1.039627e-03 8.315326e+00
 9.913520e-04 6.746609e+00 9.625583e-01 1.033015e+00 7.743500e+00 3.130058e+03 1.042127e-03 8.320016e+00
 9.935423e-04 6.745116e+00 9.662780e-01 1.037307e+00 7.746000e+00 3.068547e+03 1.044634e-03 8.324829e+00
 9.957374e-04 6.743515e+00 9.700033e-01 1.041609e+00 7.748400e+00 3.008149e+03 1.047148e-03 8.329536e+00
 9.979374e-04 6.741907e+00 9.737341e-01 1.045919e+00 7.750800e+00 2.949261e+03 1.049669e-03 8.334251e+00
 1.000142e-03 6.740292e+00 9.774702e-01 1.050238e+00 7.753200e+00 2.891228e+03 1.052197e-03 8.338975e+00
 1.002352e-03 6.738569e+00 9.812118e-01 1.054566e+00 7.755500e+00 2.834646e+03 1.054732e-03 8.343593e+00
 1.004566e-03 6.736940e+00 9.849588e-01 1.058903e+00 7.757900e+00 2.779081e+03 1.057274e-03 8.348334e+00
 1.006786e-03 6.735304e+00 9.887110e-01 1.063248e+00 7.760300e+00 2.724515e+03 1.059823e-03 8.353084e+00
 1.009010e-03 6.733561e+00 9.924685e-01 1.067602e+00 7.762600e+00 2.671312e+03 1.062379e-03 8.357727e+00
 1.011240e-03 6.731811e+00 9.962312e-01 1.071965e+00 7.764900e+00 2.619248e+03 1.064942e-03 8.362379e+00
 1.013474e-03 6.730054e+00 9.999991e-01 1.076336e+00 7.767200e+00 2.568113e+03 1.067513e-03 8.367040e+00
 1.015713e-03 6.728291e+00 1.003772e+00 1.080716e+00 7.769500e+00 2.518073e+03 1.070091e-03 8.371709e+00
 1.017957e-03 6.726520e+00 1.007550e+00 1.085105e+00 7.771800e+00 2.469102e+03 1.072675e-03 8.376388e+00
 1.020206e-03 6.724743e+00 1.011333e+00 1.089502e+00 7.774100e+00 2.420826e+03 1.075268e-03 8.381075e+00
 1.022460e-03 6.722960e+00 1.015121e+00 1.093907e+00 7.776400e+00 2.373755e+03 1.077867e-03 8.385771e+00
 1.024719e-03 6.721069e+00 1.018914e+00 1.098321e+00 7.778600e+00 2.327856e+03 1.080474e-03 8.390360e+00
 1.026983e-03 6.719272e+00 1.022712e+00 1.102743e+00 7.780900e+00 2.282601e+03 1.083088e-03 8.395073e+00
 1.029252e-03 6.717369e+00 1.026515e+00 1.107174e+00 7.783100e+00 2.238472e+03 1.085709e-03 8.399680e+00
 1.031526e-03 6.715458e+00 1.030322e+00 1.111613e+00 7.785300e+00 2.195121e+03 1.088338e-03 8.404295e+00
 1.033805e-03 6.713542e+00 1.034134e+00 1.116060e+00 7.787500e+00 2.152534e+03 1.090974e-03 8.408919e+00
 1.036089e-03 6.711619e+00 1.037951e+00 1.120515e+00 7.789700e+00 2.111006e+03 1.093618e-03 8.413553e+00
 1.038378e-03 6.709690e+00 1.041773e+00 1.124979e+00 7.791900e+00 2.070358e+03 1.096269e-03 8.418195e+00
 1.040673e-03 6.707654e+00 1.045599e+00 1.129450e+00 7.794000e+00 2.030422e+03 1.098927e-03 8.422729e+00
 1.042972e-03 6.705712e+00 1.049429e+00 1.133930e+00 7.796200e+00 1.991184e+03 1.101593e-03 8.427390e+00
 1.045276e-03 6.703664e+00 1.053264e+00 1.138417e+00 7.798300e+00 1.953066e+03 1.104267e-03 8.431942e+00
 1.047586e-03 6.701711e+00 1.057104e+00 1.142913e+00 7.800500e+00 1.915326e+03 1.106948e-03 8.436621e+00
 1.049900e-03 6.699650e+00 1.060947e+00 1.147416e+00 7.802600e+00 1.878524e+03 1.109637e-03 8.441191e+00
 1.052220e-03 6.697584e+00 1.064795e+00 1.151927e+00 7.804700e+00 1.842636e+03 1.112333e-03 8.445771e+00
 1.054545e-03 6.695411e+00 1.068648e+00 1.156446e+00 7.806700e+00 1.807233e+03 1.115037e-03 8.450243e+00
 1.056874e-03 6.693333e+00 1.072504e+00 1.160973e+00 7.808800e+00 1.772578e+03 1.117749e-03 8.454841e+00
 1.059210e-03 6.691249e+00 1.076365e+00 1.165508e+00 7.810900e+00 1.738652e+03 1.120468e-03 8.459448e+00
 1.061550e-03 6.689059e+00 1.080229e+00 1.170050e+00 7.812900e+00 1.705439e+03 1.123196e-03 8.463947e+00
 1.063895e-03 6.686863e+00 1.084098e+00 1.174600e+00 7.814900e+00 1.672924e+03 1.125930e-03 8.468455e+00
 1.066246e-03 6.684661e+00 1.087971e+00 1.179157e+00 7.816900e+00 1.641090e+03 1.128673e-03 8.472972e+00
 1.068601e-03 6.682453e+00 1.091847e+00 1.183722e+00 7.818900e+00 1.609803e+03 1.131424e-03 8.477498e+00
 1.070962e-03 6.680241e+00 1.095728e+00 1.188295e+00 7.820900e+00 1.579052e+03 1.134182e-03 8.482034e+00
 1.073329e-03 6.678022e+00 1.099612e+00 1.192874e+00 7.822900e+00 1.548947e+03 1.136949e-03 8.486579e+00
 1.075700e-03 6.675698e+00 1.103500e+00 1.197461e+00 7.824800e+00 1.519586e+03 1.139723e-03 8.491015e+00
 1.078077e-03 6.673469e+00 1.107391e+00 1.202056e+00 7.826800e+00 1.490726e+03 1.142505e-03 8.495578e+00
 1.080458e-03 6.671133e+00 1.111287e+00 1.206657e+00 7.828700e+00 1.462579e+03 1.145295e-03 8.500033e+00
 1.082846e-03 6.668793e+00 1.115185e+00 1.211266e+00 7.830600e+00 1.434800e+03 1.148093e-03 8.504497e+00
 1.085238e-03 6.666447e+00 1.119088e+00 1.215882e+00 7.832500e+00 1.407602e+03 1.150899e-03 8.508970e+00
 1.087636e-03 6.664097e+00 1.122993e+00 1.220505e+00 7.834400e+00 1.381075e+03 1.153714e-03 8.513453e+00
 1.090039e-03 6.661640e+00 1.126902e+00 1.225135e+00 7.836200e+00 1.354893e+03 1.156536e-03 8.517827e+00
 1.092447e-03 6.659279e+00 1.130815e+00 1.229772e+00 7.838100e+00 1.329358e+03 1.159367e-03 8.522328e+00
 1.094861e-03 6.656813e+00 1.134730e+00 1.234416e+00 7.839900e+00 1.304353e+03 1.162205e-03 8.526720e+00
 1.097280e-03 6.654442e+00 1.138649e+00 1.239067e+00 7.841800e+00 1.279768e+03 1.165052e-03 8.531241e+00
 1.099704e-03 6.651965e+00 1.142571e+00 1.243724e+00 7.843600e+00 1.255694e+03 1.167907e-03 8.535652e+00
 1.102134e-03 6.649384e+00 1.146496e+00 1.248388e+00 7.845300e+00 1.232118e+03 1.170770e-03 8.539953e+00
 1.104569e-03 6.646898e+00 1.150424e+00 1.253059e+00 7.847100e+00 1.209030e+03 1.173642e-03 8.544383e+00
 1.107009e-03 6.644407e+00 1.154355e+00 1.257736e+00 7.848900e+00 1.186328e+03 1.176522e-03 8.548823e+00
 1.109455e-03 6.641811e+00 1.158289e+00 1.262420e+00 7.850600e+00 1.164096e+03 1.179410e-03 8.553152e+00
 1.111906e-03 6.639312e+00 1.162226e+00 1.267111e+00 7.852400e+00 1.142322e+03 1.182307e-03 8.557611e+00
 1.114363e-03 6.636707e+00 1.166165e+00 1.271807e+00 7.854100e+00 1.120998e+03 1.185212e-03 8.561960e+00
 1.116825e-03 6.634097e+00 1.170107e+00 1.276511e+00 7.855800e+00 1.100028e+03 1.188126e-03 8.566318e+00
 1.119292e-03 6.631383e+00 1.174052e+00 1.281220e+00 7.857400e+00 1.079490e+03 1.191048e-03 8.570566e+00
 1.121765e-03 6.628765e+00 1.177999e+00 1.285936e+00 7.859100e+00 1.059375e+03 1.193978e-03 8.574943e+00
 1.124244e-03 6.626143e+00 1.181949e+00 1.290657e+00 7.860800e+00 1.039673e+03 1.196917e-03 8.579330e+00
 1.126728e-03 6.623416e+00 1.185901e+00 1.295385e+00 7.862400e+00 1.020376e+03 1.199865e-03 8.583607e+00
 1.129217e-03 6.620685e+00 1.189856e+00 1.300119e+00 7.864000e+00 1.001318e+03 1.202821e-03 8.587893e+00
 1.131712e-03 6.617949e+00 1.193813e+00 1.304859e+00 7.865600e+00 9.828060e+02 1.205786e-03 8.592189e+00
 1.134212e-03 6.615210e+00 1.197772e+00 1.309604e+00 7.867200e+00 9.645968e+02 1.208760e-03 8.596494e+00
 1.136718e-03 6.612467e+00 1.201733e+00 1.314356e+00 7.868800e+00 9.466860e+02 1.211742e-03 8.600809e+00
 1.139230e-03 6.609620e+00 1.205696e+00 1.319113e+00 7.870300e+00 9.292149e+02 1.214733e-03 8.605014e+00
 1.141747e-03 6.606869e+00 1.209661e+00 1.323876e+00 7.871900e+00 9.121005e+02 1.217733e-03 8.609348e+00
 1.144269e-03 6.604014e+00 1.213629e+00 1.328645e+00 7.873400e+00 8.952645e+02 1.220742e-03 8.613572e+00
 1.146797e-03 6.601155e+00 1.217598e+00 1.333419e+00 7.874900e+00 8.787023e+02 1.223759e-03 8.617805e+00
 1.149331e-03 6.598293e+00 1.221569e+00 1.338198e+00 7.876400e+00 8.624791e+02 1.226786e-03 8.622048e+00
 1.151870e-03 6.595326e+00 1.225542e+00 1.342983e+00 7.877800e+00 8.466531e+02 1.229821e-03 8.626180e+00
 1.154415e-03 6.592457e+00 1.229516e+00 1.347773e+00 7.879300e+00 8.310828e+02 1.232865e-03 8.630443e+00
 1.156966e-03 6.589483e+00 1.233492e+00 1.352569e+00 7.880700e+00 8.157647e+02 1.235919e-03 8.634594e+00
 1.159522e-03 6.586608e+00 1.237469e+00 1.357370e+00 7.882200e+00 8.008857e+02 1.238981e-03 8.638876e+00
 1.162084e-03 6.583628e+00 1.241448e+00 1.362175e+00 7.883600e+00 7.861825e+02 1.242052e-03 8.643046e+00
 1.164651e-03 6.580544e+00 1.245429e+00 1.366986e+00 7.884900e+00 7.717779e+02 1.245133e-03 8.647106e+00
 1.167225e-03 6.577558e+00 1.249410e+00 1.371802e+00 7.886300e+00 7.576654e+02 1.248222e-03 8.651296e+00
 1.169803e-03 6.574569e+00 1.253393e+00 1.376623e+00 7.887700e+00 7.438388e+02 1.251321e-03 8.655496e+00
 1.172388e-03 6.571476e+00 1.257378e+00 1.381448e+00 7.889000e+00 7.302915e+02 1.254429e-03 8.659584e+00
 1.174978e-03 6.568380e+00 1.261363e+00 1.386278e+00 7.890300e+00 7.169603e+02 1.257546e-03 8.663682e+00
 1.177574e-03 6.565282e+00 1.265349e+00 1.391113e+00 7.891600e+00 7.038985e+02 1.260673e-03 8.667790e+00
 1.180176e-03 6.562181e+00 1.269336e+00 1.395953e+00 7.892900e+00 6.911007e+02 1.263809e-03 8.671907e+00
 1.182783e-03 6.559077e+00 1.273325e+00 1.400797e+00 7.894200e+00 6.785608e+02 1.266954e-03 8.676034e+00
 1.185397e-03 6.555870e+00 1.277314e+00 1.405645e+00 7.895400e+00 6.662731e+02 1.270109e-03 8.680050e+00
 1.188016e-03 6.552761e+00 1.281303e+00 1.410498e+00 7.896700e+00 6.542326e+02 1.273273e-03 8.684197e+00
 1.190640e-03 6.549549e+00 1.285294e+00 1.415355e+00 7.897900e+00 6.423301e+02 1.276446e-03 8.688231e+00
 1.193271e-03 6.546335e+00 1.289285e+00 1.420216e+00 7.899100e+00 6.307183e+02 1.279629e-03 8.692276e+00
 1.195907e-03 6.543118e+00 1.293276e+00 1.425081e+00 7.900300e+00 6.192893e+02 1.282822e-03 8.696330e+00
 1.198550e-03 6.539799e+00 1.297268e+00 1.429951e+00 7.901400e+00 6.081891e+02 1.286024e-03 8.700273e+00
 1.201198e-03 6.536578e+00 1.301261e+00 1.434824e+00 7.902600e+00 5.972128e+02 1.289236e-03 8.704346e+00
 1.203852e-03 6.533254e+00 1.305253e+00 1.439701e+00 7.903700e+00 5.864571e+02 1.292457e-03 8.708308e+00
 1.206511e-03 6.529928e+00 1.309246e+00 1.444582e+00 7.904800e+00 5.759162e+02 1.295688e-03 8.712279e+00
 1.209177e-03 6.526601e+00 1.313239e+00 1.449467e+00 7.905900e+00 5.655861e+02 1.298929e-03 8.716261e+00
 1.211849e-03 6.523271e+00 1.317232e+00 1.454355e+00 7.907000e+00 5.554621e+02 1.302180e-03 8.720251e+00
 1.214526e-03 6.519940e+00 1.321225e+00 1.459247e+00 7.908100e+00 5.454953e+02 1.305440e-03 8.724252e+00
 1.217209e-03 6.516506e+00 1.325218e+00 1.464142e+00 7.909100e+00 5.356835e+02 1.308711e-03 8.728140e+00
 1.219899e-03 6.513071e+00 1.329211e+00 1.469041e+00 7.910100e+00 5.261541e+02 1.311991e-03 8.732038e+00
 1.222594e-03 6.509634e+00 1.333204e+00 1.473943e+00 7.911100e+00 5.166863e+02 1.315281e-03 8.735945e+00
 1.225295e-03 6.506196e+00 1.337196e+00 1.478848e+00 7.912100e+00 5.075329e+02 1.318581e-03 8.739863e+00
 1.228002e-03 6.502757e+00 1.341188e+00 1.483756e+00 7.913100e+00 4.984787e+02 1.321892e-03 8.743790e+00
 1.230715e-03 6.499215e+00 1.345180e+00 1.488667e+00 7.914000e+00 4.896043e+02 1.325212e-03 8.747604e+00
 1.233434e-03 6.495773e+00 1.349171e+00 1.493582e+00 7.915000e+00 4.809061e+02 1.328542e-03 8.751550e+00
 1.236160e-03 6.492230e+00 1.353161e+00 1.498499e+00 7.915900e+00 4.723412e+02 1.331883e-03 8.755384e+00
 1.238891e-03 6.488685e+00 1.357151e+00 1.503419e+00 7.916800e+00 4.639462e+02 1.335234e-03 8.759227e+00
 1.241628e-03 6.485139e+00 1.361140e+00 1.508341e+00 7.917700e+00 4.557553e+02 1.338595e-03 8.763080e+00
 1.244371e-03 6.481491e+00 1.365128e+00 1.513266e+00 7.918500e+00 4.476888e+02 1.341966e-03 8.766819e+00
 1.247120e-03 6.477944e+00 1.369115e+00 1.518194e+00 7.919400e+00 4.397452e+02 1.345347e-03 8.770692e+00
 1.249876e-03 6.474295e+00 1.373101e+00 1.523124e+00 7.920200e+00 4.319947e+02 1.348739e-03 8.774451e+00
 1.252637e-03 6.470645e+00 1.377087e+00 1.528057e+00 7.921000e+00 4.243971e+02 1.352141e-03 8.778220e+00
 1.255405e-03 6.466995e+00 1.381071e+00 1.532991e+00 7.921800e+00 4.169141e+02 1.355554e-03 8.781998e+00
 1.258179e-03 6.463243e+00 1.385053e+00 1.537928e+00 7.922500e+00 4.095786e+02 1.358977e-03 8.785663e+00
 1.260958e-03 6.459593e+00 1.389035e+00 1.542867e+00 7.923300e+00 4.023875e+02 1.362411e-03 8.789461e+00
 1.263744e-03 6.455840e+00 1.393015e+00 1.547808e+00 7.924000e+00 3.953376e+02 1.365856e-03 8.793145e+00
 1.266536e-03 6.452088e+00 1.396993e+00 1.552751e+00 7.924700e+00 3.883934e+02 1.369311e-03 8.796838e+00
 1.269335e-03 6.448336e+00 1.400970e+00 1.557695e+00 7.925400e+00 3.815858e+02 1.372776e-03 8.800542e+00
 1.272139e-03 6.444583e+00 1.404946e+00 1.562642e+00 7.926100e+00 3.749116e+02 1.376253e-03 8.804255e+00
 1.274950e-03 6.440831e+00 1.408920e+00 1.567590e+00 7.926800e+00 3.683684e+02 1.379740e-03 8.807978e+00
 1.277767e-03 6.436977e+00 1.412891e+00 1.572539e+00 7.927400e+00 3.619533e+02 1.383238e-03 8.811586e+00
 1.280590e-03 6.433124e+00 1.416862e+00 1.577490e+00 7.928000e+00 3.556635e+02 1.386746e-03 8.815204e+00
 1.283419e-03 6.429272e+00 1.420830e+00 1.582442e+00 7.928600e+00 3.494373e+02 1.390266e-03 8.818832e+00
 1.286255e-03 6.425419e+00 1.424796e+00 1.587395e+00 7.929200e+00 3.433622e+02 1.393796e-03 8.822470e+00
 1.289096e-03 6.421568e+00 1.428760e+00 1.592350e+00 7.929800e+00 3.374344e+02 1.397338e-03 8.826117e+00
 1.291945e-03 6.417615e+00 1.432722e+00 1.597305e+00 7.930300e+00 3.315654e+02 1.400891e-03 8.829649e+00
 1.294799e-03 6.413664e+00 1.436681e+00 1.602262e+00 7.930800e+00 3.258109e+02 1.404454e-03 8.833191e+00
 1.297660e-03 6.409713e+00 1.440638e+00 1.607219e+00 7.931300e+00 3.201962e+02 1.408029e-03 8.836743e+00
 1.300527e-03 6.405763e+00 1.444593e+00 1.612177e+00 7.931800e+00 3.146364e+02 1.411615e-03 8.840304e+00
 1.303400e-03 6.401814e+00 1.448545e+00 1.617136e+00 7.932300e+00 3.092117e+02 1.415212e-03 8.843875e+00
 1.306280e-03 6.397764e+00 1.452495e+00 1.622096e+00 7.932700e+00 3.038922e+02 1.418820e-03 8.847330e+00
 1.309166e-03 6.393817e+00 1.456442e+00 1.627055e+00 7.933200e+00 2.986502e+02 1.422440e-03 8.850921e+00
 1.312058e-03 6.389770e+00 1.460386e+00 1.632016e+00 7.933600e+00 2.935102e+02 1.426071e-03 8.854396e+00
 1.314957e-03 6.385725e+00 1.464328e+00 1.636976e+00 7.934000e+00 2.884946e+02 1.429714e-03 8.857881e+00
 1.317862e-03 6.381681e+00 1.468266e+00 1.641937e+00 7.934400e+00 2.835514e+02 1.433368e-03 8.861375e+00
 1.320774e-03 6.377536e+00 1.472202e+00 1.646898e+00 7.934700e+00 2.786799e+02 1.437033e-03 8.864753e+00
 1.323692e-03 6.373394e+00 1.476135e+00 1.651858e+00 7.935000e+00 2.739263e+02 1.440710e-03 8.868141e+00
 1.326617e-03 6.369354e+00 1.480064e+00 1.656819e+00 7.935400e+00 2.692177e+02 1.444399e-03 8.871664e+00
 1.329548e-03 6.365215e+00 1.483990e+00 1.661779e+00 7.935700e+00 2.646235e+02 1.448099e-03 8.875071e+00
 1.332485e-03 6.360977e+00 1.487913e+00 1.666739e+00 7.935900e+00 2.601404e+02 1.451811e-03 8.878362e+00
 1.335429e-03 6.356841e+00 1.491832e+00 1.671699e+00 7.936200e+00 2.556990e+02 1.455535e-03 8.881788e+00
 1.338380e-03 6.352607e+00 1.495748e+00 1.676658e+00 7.936400e+00 2.513651e+02 1.459270e-03 8.885098e+00
 1.341337e-03 6.348374e+00 1.499661e+00 1.681617e+00 7.936600e+00 2.470930e+02 1.463018e-03 8.888417e+00
 1.344300e-03 6.344143e+00 1.503570e+00 1.686574e+00 7.936800e+00 2.429243e+02 1.466777e-03 8.891746e+00
 1.347270e-03 6.339915e+00 1.507475e+00 1.691531e+00 7.937000e+00 2.387937e+02 1.470548e-03 8.895084e+00
 1.350247e-03 6.335690e+00 1.511376e+00 1.696488e+00 7.937200e+00 2.347632e+02 1.474331e-03 8.898432e+00
 1.353230e-03 6.331365e+00 1.515273e+00 1.701443e+00 7.937300e+00 2.307898e+02 1.478127e-03 8.901663e+00
 1.356220e-03 6.327144e+00 1.519167e+00 1.706397e+00 7.937500e+00 2.269126e+02 1.481934e-03 8.905031e+00
 1.359216e-03 6.322824e+00 1.523056e+00 1.711349e+00 7.937600e+00 2.230703e+02 1.485754e-03 8.908281e+00
 1.362219e-03 6.318406e+00 1.526942e+00 1.716301e+00 7.937600e+00 2.193210e+02 1.489586e-03 8.911413e+00
 1.365229e-03 6.314092e+00 1.530823e+00 1.721251e+00 7.937700e+00 2.156245e+02 1.493430e-03 8.914682e+00
 1.368245e-03 6.309679e+00 1.534700e+00 1.726199e+00 7.937700e+00 2.120174e+02 1.497286e-03 8.917833e+00
 1.371268e-03 6.305371e+00 1.538572e+00 1.731146e+00 7.937800e+00 2.084792e+02 1.501155e-03 8.921121e+00
 1.374298e-03 6.300965e+00 1.542440e+00 1.736091e+00 7.937800e+00 2.049902e+02 1.505036e-03 8.924292e+00
 1.377334e-03 6.296561e+00 1.546304e+00 1.741034e+00 7.937800e+00 2.015499e+02 1.508930e-03 8.927471e+00
 1.380377e-03 6.292060e+00 1.550163e+00 1.745975e+00 7.937700e+00 1.982104e+02 1.512836e-03 8.930533e+00
 1.383427e-03 6.287663e+00 1.554017e+00 1.750915e+00 7.937700e+00 1.948826e+02 1.516755e-03 8.933732e+00
 1.386484e-03 6.283168e+00 1.557866e+00 1.755852e+00 7.937600e+00 1.916351e+02 1.520687e-03 8.936812e+00
 1.389547e-03 6.278677e+00 1.561711e+00 1.760787e+00 7.937500e+00 1.884664e+02 1.524631e-03 8.939902e+00
 1.392617e-03 6.274189e+00 1.565551e+00 1.765719e+00 7.937400e+00 1.853246e+02 1.528588e-03 8.943001e+00
 1.395694e-03 6.269705e+00 1.569385e+00 1.770649e+00 7.937300e+00 1.822591e+02 1.532558e-03 8.946110e+00
 1.398778e-03 6.265124e+00 1.573215e+00 1.775576e+00 7.937100e+00 1.792355e+02 1.536540e-03 8.949099e+00
 1.401868e-03 6.260546e+00 1.577040e+00 1.780501e+00 7.936900e+00 1.762850e+02 1.540536e-03 8.952098e+00
 1.404965e-03 6.256074e+00 1.580859e+00 1.785423e+00 7.936800e+00 1.733595e+02 1.544545e-03 8.955235e+00
 1.408069e-03 6.251402e+00 1.584673e+00 1.790342e+00 7.936500e+00 1.705047e+02 1.548566e-03 8.958124e+00
 1.411180e-03 6.246837e+00 1.588481e+00 1.795258e+00 7.936300e+00 1.677189e+02 1.552601e-03 8.961151e+00
 1.414298e-03 6.242275e+00 1.592284e+00 1.800171e+00 7.936100e+00 1.649412e+02 1.556649e-03 8.964188e+00
 1.417423e-03 6.237617e+00 1.596082e+00 1.805081e+00 7.935800e+00 1.622452e+02 1.560710e-03 8.967105e+00
 1.420555e-03 6.232963e+00 1.599874e+00 1.809988e+00 7.935500e+00 1.595858e+02 1.564785e-03 8.970031e+00
 1.423693e-03 6.228313e+00 1.603660e+00 1.814891e+00 7.935200e+00 1.569623e+02 1.568872e-03 8.972966e+00
 1.426839e-03 6.223668e+00 1.607440e+00 1.819790e+00 7.934900e+00 1.543886e+02 1.572974e-03 8.975911e+00
 1.429991e-03 6.218926e+00 1.611215e+00 1.824686e+00 7.934500e+00 1.518770e+02 1.577088e-03 8.978735e+00
 1.433150e-03 6.214290e+00 1.614983e+00 1.829578e+00 7.934200e+00 1.493991e+02 1.581216e-03 8.981699e+00
 1.436317e-03 6.209558e+00 1.618746e+00 1.834467e+00 7.933800e+00 1.469812e+02 1.585358e-03 8.984542e+00
 1.439490e-03 6.204831e+00 1.622502e+00 1.839351e+00 7.933400e+00 1.445824e+02 1.589514e-03 8.987394e+00
 1.442671e-03 6.200007e+00 1.626252e+00 1.844232e+00 7.932900e+00 1.422289e+02 1.593683e-03 8.990125e+00
 1.445858e-03 6.195290e+00 1.629996e+00 1.849108e+00 7.932500e+00 1.399322e+02 1.597866e-03 8.992996e+00
 1.449052e-03 6.190476e+00 1.633734e+00 1.853980e+00 7.932000e+00 1.376535e+02 1.602062e-03 8.995746e+00
 1.452254e-03 6.185668e+00 1.637465e+00 1.858847e+00 7.931500e+00 1.354301e+02 1.606273e-03 8.998505e+00
 1.455463e-03 6.180865e+00 1.641190e+00 1.863710e+00 7.931000e+00 1.332483e+02 1.610498e-03 9.001272e+00
 1.458678e-03 6.176068e+00 1.644908e+00 1.868569e+00 7.930500e+00 1.310954e+02 1.614736e-03 9.004050e+00
 1.461901e-03 6.171276e+00 1.648619e+00 1.873423e+00 7.930000e+00 1.289829e+02 1.618989e-03 9.006836e+00
 1.465131e-03 6.166389e+00 1.652324e+00 1.878272e+00 7.929400e+00 1.269214e+02 1.623256e-03 9.009500e+00
 1.468368e-03 6.161507e+00 1.656022e+00 1.883116e+00 7.928800e+00 1.248755e+02 1.627537e-03 9.012174e+00
 1.471612e-03 6.156631e+00 1.659713e+00 1.887955e+00 7.928200e+00 1.228792e+02 1.631832e-03 9.014857e+00
 1.474864e-03 6.151760e+00 1.663397e+00 1.892789e+00 7.927600e+00 1.209202e+02 1.636141e-03 9.017548e+00
 1.478122e-03 6.146795e+00 1.667074e+00 1.897617e+00 7.926900e+00 1.189757e+02 1.640466e-03 9.020118e+00
 1.481388e-03 6.141937e+00 1.670743e+00 1.902441e+00 7.926300e+00 1.170785e+02 1.644804e-03 9.022828e+00
 1.484661e-03 6.136983e+00 1.674406e+00 1.907259e+00 7.925600e+00 1.152059e+02 1.649157e-03 9.025415e+00
 1.487941e-03 6.132036e+00 1.678062e+00 1.912071e+00 7.924900e+00 1.133788e+02 1.653525e-03 9.028012e+00
 1.491228e-03 6.127095e+00 1.681710e+00 1.916878e+00 7.924200e+00 1.115855e+02 1.657907e-03 9.030617e+00
 1.494523e-03 6.122059e+00 1.685350e+00 1.921679e+00 7.923400e+00 1.098155e+02 1.662304e-03 9.033099e+00
 1.497825e-03 6.117132e+00 1.688983e+00 1.926474e+00 7.922700e+00 1.080683e+02 1.666716e-03 9.035723e+00
 1.501134e-03 6.112109e+00 1.692609e+00 1.931263e+00 7.921900e+00 1.063538e+02 1.671143e-03 9.038223e+00
 1.504451e-03 6.107093e+00 1.696227e+00 1.936045e+00 7.921100e+00 1.046807e+02 1.675584e-03 9.040732e+00
 1.507775e-03 6.102083e+00 1.699837e+00 1.940822e+00 7.920300e+00 1.030292e+02 1.680041e-03 9.043250e+00
 1.511106e-03 6.096979e+00 1.703440e+00 1.945593e+00 7.919400e+00 1.013988e+02 1.684513e-03 9.045644e+00
 1.514445e-03 6.091984e+00 1.707034e+00 1.950357e+00 7.918600e+00 9.981736e+01 1.688999e-03 9.048180e+00
 1.517791e-03 6.086894e+00 1.710621e+00 1.955114e+00 7.917700e+00 9.824672e+01 1.693502e-03 9.050591e+00
 1.521144e-03 6.081811e+00 1.714200e+00 1.959865e+00 7.916800e+00 9.670530e+01 1.698019e-03 9.053012e+00
 1.524505e-03 6.076735e+00 1.717770e+00 1.964609e+00 7.915900e+00 9.519245e+01 1.702552e-03 9.055441e+00
 1.527873e-03 6.071565e+00 1.721332e+00 1.969346e+00 7.914900e+00 9.370741e+01 1.707100e-03 9.057746e+00
 1.531249e-03 6.066504e+00 1.724887e+00 1.974076e+00 7.914000e+00 9.224995e+01 1.711664e-03 9.060192e+00
 1.534632e-03 6.061349e+00 1.728433e+00 1.978800e+00 7.913000e+00 9.081073e+01 1.716243e-03 9.062514e+00
 1.538023e-03 6.056202e+00 1.731970e+00 1.983516e+00 7.912000e+00 8.938990e+01 1.720838e-03 9.064845e+00
 1.541421e-03 6.051062e+00 1.735499e+00 1.988224e+00 7.911000e+00 8.801182e+01 1.725448e-03 9.067185e+00
 1.544826e-03 6.045828e+00 1.739020e+00 1.992926e+00 7.909900e+00 8.663460e+01 1.730075e-03 9.069399e+00
 1.548239e-03 6.040704e+00 1.742532e+00 1.997619e+00 7.908900e+00 8.529099e+01 1.734717e-03 9.071755e+00
 1.551660e-03 6.035485e+00 1.746035e+00 2.002306e+00 7.907800e+00 8.398002e+01 1.739375e-03 9.073987e+00
 1.555088e-03 6.030275e+00 1.749529e+00 2.006984e+00 7.906700e+00 8.267759e+01 1.744049e-03 9.076226e+00
 1.558524e-03 6.025073e+00 1.753015e+00 2.011655e+00 7.905600e+00 8.140690e+01 1.748740e-03 9.078475e+00
 1.561967e-03 6.019880e+00 1.756492e+00 2.016318e+00 7.904500e+00 8.015196e+01 1.753446e-03 9.080731e+00
 1.565418e-03 6.014592e+00 1.759960e+00 2.020972e+00 7.903300e+00 7.892754e+01 1.758169e-03 9.082862e+00
 1.568877e-03 6.009313e+00 1.763419e+00 2.025619e+00 7.902100e+00 7.771089e+01 1.762908e-03 9.085001e+00
 1.572343e-03 6.004145e+00 1.766869e+00 2.030257e+00 7.901000e+00 7.652393e+01 1.767663e-03 9.087283e+00
 1.575817e-03 5.998780e+00 1.770310e+00 2.034887e+00 7.899700e+00 7.535156e+01 1.772435e-03 9.089305e+00
 1.579299e-03 5.993527e+00 1.773741e+00 2.039509e+00 7.898500e+00 7.420774e+01 1.777224e-03 9.091469e+00
 1.582788e-03 5.988282e+00 1.777164e+00 2.044122e+00 7.897300e+00 7.307100e+01 1.782029e-03 9.093641e+00
 1.586285e-03 5.982945e+00 1.780577e+00 2.048726e+00 7.896000e+00 7.196207e+01 1.786851e-03 9.095687e+00
 1.589790e-03 5.977615e+00 1.783980e+00 2.053322e+00 7.894700e+00 7.086662e+01 1.791689e-03 9.097741e+00
 1.593302e-03 5.972295e+00 1.787374e+00 2.057908e+00 7.893400e+00 6.979797e+01 1.796545e-03 9.099804e+00
 1.596822e-03 5.966984e+00 1.790759e+00 2.062486e+00 7.892100e+00 6.873566e+01 1.801417e-03 9.101874e+00
 1.600350e-03 5.961580e+00 1.794134e+00 2.067055e+00 7.890700e+00 6.769938e+01 1.806306e-03 9.103817e+00
 1.603886e-03 5.956288e+00 1.797499e+00 2.071614e+00 7.889400e+00 6.667568e+01 1.811213e-03 9.105904e+00
 1.607430e-03 5.950902e+00 1.800855e+00 2.076164e+00 7.888000e+00 6.566433e+01 1.816137e-03 9.107863e+00
 1.610981e-03 5.945526e+00 1.804200e+00 2.080705e+00 7.886600e+00 6.468402e+01 1.821078e-03 9.109830e+00
 1.614541e-03 5.940057e+00 1.807536e+00 2.085236e+00 7.885100e+00 6.370932e+01 1.826036e-03 9.111670e+00
 1.618108e-03 5.934700e+00 1.810862e+00 2.089758e+00 7.883700e+00 6.275243e+01 1.831012e-03 9.113653e+00
 1.621648e-03 5.929250e+00 1.814178e+00 2.094270e+00 7.882200e+00 6.181313e+01 1.835957e-03 9.115508e+00
 1.625188e-03 5.923912e+00 1.817484e+00 2.098772e+00 7.880800e+00 6.089077e+01 1.840907e-03 9.117508e+00
 1.628736e-03 5.918481e+00 1.820781e+00 2.103265e+00 7.879300e+00 5.998520e+01 1.845875e-03 9.119379e+00
 1.632291e-03 5.912957e+00 1.824068e+00 2.107749e+00 7.877700e+00 5.909044e+01 1.850860e-03 9.121122e+00
 1.635854e-03 5.907545e+00 1.827344e+00 2.112223e+00 7.876200e+00 5.821190e+01 1.855863e-03 9.123009e+00
 1.639425e-03 5.902041e+00 1.830611e+00 2.116687e+00 7.874600e+00 5.734938e+01 1.860884e-03 9.124768e+00
 1.643003e-03 5.896648e+00 1.833868e+00 2.121141e+00 7.873100e+00 5.649164e+01 1.865922e-03 9.126671e+00
 1.646590e-03 5.891163e+00 1.837115e+00 2.125585e+00 7.871500e+00 5.565492e+01 1.870978e-03 9.128445e+00
 1.650184e-03 5.885687e+00 1.840351e+00 2.130020e+00 7.869900e+00 5.483869e+01 1.876052e-03 9.130227e+00
 1.653786e-03 5.880119e+00 1.843578e+00 2.134444e+00 7.868200e+00 5.402688e+01 1.881143e-03 9.131880e+00
 1.657396e-03 5.874664e+00 1.846794e+00 2.138858e+00 7.866600e+00 5.322973e+01 1.886253e-03 9.133677e+00
 1.661014e-03 5.869116e+00 1.850000e+00 2.143261e+00 7.864900e+00 5.244710e+01 1.891381e-03 9.135345e+00
 1.664640e-03 5.863578e+00 1.853195e+00 2.147654e+00 7.863200e+00 5.167874e+01 1.896527e-03 9.137021e+00
 1.668273e-03 5.858051e+00 1.856380e+00 2.152037e+00 7.861500e+00 5.092435e+01 1.901691e-03 9.138703e+00
 1.671915e-03 5.852534e+00 1.859555e+00 2.156409e+00 7.859800e+00 5.017383e+01 1.906874e-03 9.140394e+00
 1.675565e-03 5.846924e+00 1.862719e+00 2.160770e+00 7.858000e+00 4.944179e+01 1.912075e-03 9.141954e+00
 1.679222e-03 5.841428e+00 1.865872e+00 2.165120e+00 7.856300e+00 4.871829e+01 1.917295e-03 9.143660e+00
 1.682888e-03 5.835840e+00 1.869015e+00 2.169460e+00 7.854500e+00 4.801269e+01 1.922533e-03 9.145234e+00
 1.686561e-03 5.830262e+00 1.872147e+00 2.173788e+00 7.852700e+00 4.731056e+01 1.927790e-03 9.146817e+00
 1.690243e-03 5.824695e+00 1.875269e+00 2.178105e+00 7.850900e+00 4.662583e+01 1.933066e-03 9.148406e+00
 1.693932e-03 5.819139e+00 1.878379e+00 2.182411e+00 7.849100e+00 4.594902e+01 1.938361e-03 9.150003e+00
 1.697630e-03 5.813491e+00 1.881479e+00 2.186706e+00 7.847200e+00 4.528892e+01 1.943675e-03 9.151469e+00
 1.701336e-03 5.807854e+00 1.884567e+00 2.190989e+00 7.845300e+00 4.463198e+01 1.949008e-03 9.152941e+00
 1.705049e-03 5.802227e+00 1.887645e+00 2.195261e+00 7.843400e+00 4.398708e+01 1.954360e-03 9.154421e+00
 1.708771e-03 5.796612e+00 1.890712e+00 2.199521e+00 7.841500e+00 4.335379e+01 1.959731e-03 9.155908e+00
 1.712501e-03 5.791008e+00 1.893767e+00 2.203769e+00 7.839600e+00 4.273208e+01 1.965122e-03 9.157402e+00
 1.716239e-03 5.785416e+00 1.896812e+00 2.208006e+00 7.837700e+00 4.212161e+01 1.970532e-03 9.158903e+00
 1.719986e-03 5.779731e+00 1.899845e+00 2.212230e+00 7.835700e+00 4.151399e+01 1.975962e-03 9.160272e+00
 1.723740e-03 5.774058e+00 1.902867e+00 2.216443e+00 7.833700e+00 4.092155e+01 1.981412e-03 9.161648e+00
 1.727503e-03 5.768397e+00 1.905878e+00 2.220643e+00 7.831700e+00 4.033576e+01 1.986881e-03 9.163031e+00
 1.731274e-03 5.762747e+00 1.908877e+00 2.224831e+00 7.829700e+00 3.976463e+01 1.992370e-03 9.164420e+00
 1.735053e-03 5.757109e+00 1.911865e+00 2.229007e+00 7.827700e+00 3.919605e+01 1.997879e-03 9.165817e+00
 1.738840e-03 5.751379e+00 1.914841e+00 2.233171e+00 7.825600e+00 3.864161e+01 2.003409e-03 9.167080e+00
 1.742636e-03 5.745764e+00 1.917806e+00 2.237322e+00 7.823600e+00 3.809344e+01 2.008958e-03 9.168490e+00
 1.746440e-03 5.740058e+00 1.920759e+00 2.241460e+00 7.821500e+00 3.755149e+01 2.014528e-03 9.169767e+00
 1.750252e-03 5.734363e+00 1.923701e+00 2.245586e+00 7.819400e+00 3.702309e+01 2.020118e-03 9.171051e+00
 1.754073e-03 5.728681e+00 1.926631e+00 2.249698e+00 7.817300e+00 3.650426e+01 2.025728e-03 9.172341e+00
 1.757901e-03 5.722908e+00 1.929549e+00 2.253798e+00 7.815100e+00 3.599125e+01 2.031359e-03 9.173497e+00
 1.761739e-03 5.717249e+00 1.932456e+00 2.257885e+00 7.813000e+00 3.548397e+01 2.037011e-03 9.174800e+00
 1.765584e-03 5.711500e+00 1.935351e+00 2.261959e+00 7.810800e+00 3.498594e+01 2.042684e-03 9.175969e+00
 1.769438e-03 5.705763e+00 1.938234e+00 2.266020e+00 7.808600e+00 3.449693e+01 2.048377e-03 9.177145e+00
 1.773301e-03 5.700038e+00 1.941105e+00 2.270068e+00 7.806400e+00 3.401675e+01 2.054091e-03 9.178327e+00
 1.777172e-03 5.694326e+00 1.943964e+00 2.274102e+00 7.804200e+00 3.354199e+01 2.059827e-03 9.179515e+00
 1.781051e-03 5.688523e+00 1.946811e+00 2.278123e+00 7.801900e+00 3.307247e+01 2.065584e-03 9.180568e+00
 1.784939e-03 5.682835e+00 1.949646e+00 2.282130e+00 7.799700e+00 3.261152e+01 2.071361e-03 9.181769e+00
 1.788835e-03 5.677057e+00 1.952469e+00 2.286124e+00 7.797400e+00 3.215889e+01 2.077161e-03 9.182835e+00
 1.792740e-03 5.671291e+00 1.955279e+00 2.290104e+00 7.795100e+00 3.171454e+01 2.082982e-03 9.183907e+00
 1.796653e-03 5.665538e+00 1.958078e+00 2.294070e+00 7.792800e+00 3.127822e+01 2.088824e-03 9.184985e+00
 1.800575e-03 5.659695e+00 1.960864e+00 2.298022e+00 7.790400e+00 3.084357e+01 2.094689e-03 9.185928e+00
 1.804505e-03 5.653967e+00 1.963638e+00 2.301960e+00 7.788100e+00 3.041992e+01 2.100575e-03 9.187018e+00
 1.808444e-03 5.648150e+00 1.966400e+00 2.305885e+00 7.785700e+00 3.000393e+01 2.106483e-03 9.187972e+00
 1.812392e-03 5.642448e+00 1.969149e+00 2.309795e+00 7.783400e+00 2.959250e+01 2.112413e-03 9.189075e+00
 1.816348e-03 5.636656e+00 1.971886e+00 2.313690e+00 7.781000e+00 2.918561e+01 2.118365e-03 9.190041e+00
 1.820313e-03 5.630877e+00 1.974611e+00 2.317572e+00 7.778600e+00 2.878613e+01 2.124340e-03 9.191013e+00
 1.824286e-03 5.625008e+00 1.977323e+00 2.321439e+00 7.776100e+00 2.839388e+01 2.130337e-03 9.191848e+00
 1.828268e-03 5.619255e+00 1.980023e+00 2.325292e+00 7.773700e+00 2.800872e+01 2.136356e-03 9.192832e+00
 1.832259e-03 5.613412e+00 1.982710e+00 2.329130e+00 7.771200e+00 2.762775e+01 2.142398e-03 9.193679e+00
 1.836259e-03 5.607583e+00 1.985384e+00 2.332953e+00 7.768700e+00 2.725372e+01 2.148463e-03 9.194531e+00
 1.840267e-03 5.601766e+00 1.988046e+00 2.336762e+00 7.766200e+00 2.688649e+01 2.154551e-03 9.195389e+00
 1.844284e-03 5.595963e+00 1.990695e+00 2.340555e+00 7.763700e+00 2.652054e+01 2.160662e-03 9.196252e+00
 1.848310e-03 5.590174e+00 1.993332e+00 2.344334e+00 7.761200e+00 2.616388e+01 2.166796e-03 9.197122e+00
 1.852345e-03 5.584398e+00 1.995955e+00 2.348098e+00 7.758700e+00 2.581108e+01 2.172953e-03 9.197996e+00
 1.856388e-03 5.578532e+00 1.998566e+00 2.351847e+00 7.756100e+00 2.546210e+01 2.179133e-03 9.198733e+00
 1.860440e-03 5.572680e+00 2.001164e+00 2.355581e+00 7.753500e+00 2.512206e+01 2.185337e-03 9.199475e+00
 1.864501e-03 5.566841e+00 2.003750e+00 2.359299e+00 7.750900e+00 2.478815e+01 2.191564e-03 9.200223e+00
 1.868571e-03 5.561016e+00 2.006322e+00 2.363002e+00 7.748300e+00 2.445783e+01 2.197815e-03 9.200975e+00
 1.872650e-03 5.555205e+00 2.008881e+00 2.366690e+00 7.745700e+00 2.413104e+01 2.204090e-03 9.201734e+00
 1.876738e-03 5.549304e+00 2.011428e+00 2.370362e+00 7.743000e+00 2.380778e+01 2.210389e-03 9.202353e+00
 1.880834e-03 5.543520e+00 2.013961e+00 2.374019e+00 7.740400e+00 2.349040e+01 2.216712e-03 9.203121e+00
 1.884940e-03 5.537647e+00 2.016482e+00 2.377660e+00 7.737700e+00 2.318119e+01 2.223059e-03 9.203751e+00
 1.889055e-03 5.531788e+00 2.018989e+00 2.381285e+00 7.735000e+00 2.287523e+01 2.229430e-03 9.204385e+00
 1.893178e-03 5.525943e+00 2.021484e+00 2.384895e+00 7.732300e+00 2.257254e+01 2.235826e-03 9.205025e+00
 1.897311e-03 5.520112e+00 2.023965e+00 2.388488e+00 7.729600e+00 2.227763e+01 2.242247e-03 9.205669e+00
 1.901452e-03 5.514295e+00 2.026433e+00 2.392066e+00 7.726900e+00 2.198356e+01 2.248692e-03 9.206319e+00
 1.905603e-03 5.508388e+00 2.028888e+00 2.395628e+00 7.724100e+00 2.169488e+01 2.255162e-03 9.206828e+00
 1.909763e-03 5.502496e+00 2.031330e+00 2.399173e+00 7.721300e+00 2.141147e+01 2.261657e-03 9.207342e+00
 1.913931e-03 5.496618e+00 2.033758e+00 2.402703e+00 7.718500e+00 2.113102e+01 2.268177e-03 9.207861e+00
 1.918109e-03 5.490755e+00 2.036173e+00 2.406216e+00 7.715700e+00 2.085571e+01 2.274722e-03 9.208385e+00
 1.922296e-03 5.484905e+00 2.038575e+00 2.409713e+00 7.712900e+00 2.058540e+01 2.281292e-03 9.208914e+00
 1.926492e-03 5.479070e+00 2.040964e+00 2.413194e+00 7.710100e+00 2.031582e+01 2.287888e-03 9.209447e+00
 1.930697e-03 5.473250e+00 2.043339e+00 2.416658e+00 7.707300e+00 2.005325e+01 2.294510e-03 9.209985e+00
 1.934912e-03 5.467340e+00 2.045701e+00 2.420105e+00 7.704400e+00 1.979342e+01 2.301157e-03 9.210381e+00
 1.939135e-03 5.461445e+00 2.048050e+00 2.423536e+00 7.701500e+00 1.953632e+01 2.307830e-03 9.210782e+00
 1.943368e-03 5.455564e+00 2.050385e+00 2.426951e+00 7.698600e+00 1.928594e+01 2.314529e-03 9.211188e+00
 1.947610e-03 5.449698e+00 2.052707e+00 2.430348e+00 7.695700e+00 1.904010e+01 2.321254e-03 9.211597e+00
 1.951862e-03 5.443847e+00 2.055015e+00 2.433729e+00 7.692800e+00 1.879294e+01 2.328006e-03 9.212012e+00
 1.956122e-03 5.438010e+00 2.057310e+00 2.437093e+00 7.689900e+00 1.855219e+01 2.334784e-03 9.212430e+00
 1.960392e-03 5.432084e+00 2.059591e+00 2.440440e+00 7.686900e+00 1.831779e+01 2.341589e-03 9.212707e+00
 1.964672e-03 5.426173e+00 2.061858e+00 2.443770e+00 7.683900e+00 1.808389e+01 2.348420e-03 9.212987e+00
 1.968960e-03 5.420381e+00 2.064113e+00 2.447083e+00 7.681000e+00 1.785429e+01 2.355278e-03 9.213419e+00
 1.973258e-03 5.414500e+00 2.066353e+00 2.450379e+00 7.678000e+00 1.762519e+01 2.362163e-03 9.213707e+00
 1.977566e-03 5.408633e+00 2.068580e+00 2.453658e+00 7.675000e+00 1.740215e+01 2.369075e-03 9.214000e+00
 1.981882e-03 5.402678e+00 2.070794e+00 2.456919e+00 7.671900e+00 1.718139e+01 2.376014e-03 9.214150e+00
 1.986208e-03 5.396841e+00 2.072993e+00 2.460163e+00 7.668900e+00 1.696645e+01 2.382981e-03 9.214451e+00
 1.990544e-03 5.390916e+00 2.075179e+00 2.463390e+00 7.665800e+00 1.675195e+01 2.389976e-03 9.214608e+00
 1.994889e-03 5.385109e+00 2.077352e+00 2.466599e+00 7.662800e+00 1.654314e+01 2.396998e-03 9.214917e+00
 1.999244e-03 5.379214e+00 2.079510e+00 2.469791e+00 7.659700e+00 1.633474e+01 2.404047e-03 9.215082e+00
 2.003608e-03 5.373334e+00 2.081655e+00 2.472966e+00 7.656600e+00 1.613016e+01 2.411125e-03 9.215250e+00
 2.007981e-03 5.367469e+00 2.083787e+00 2.476122e+00 7.653500e+00 1.592936e+01 2.418231e-03 9.215423e+00
 2.012364e-03 5.361515e+00 2.085904e+00 2.479261e+00 7.650300e+00 1.573224e+01 2.425366e-03 9.215451e+00
 2.016757e-03 5.355680e+00 2.088008e+00 2.482383e+00 7.647200e+00 1.553551e+01 2.432528e-03 9.215630e+00
 2.021159e-03 5.349861e+00 2.090098e+00 2.485486e+00 7.644100e+00 1.534239e+01 2.439720e-03 9.215814e+00
 2.025571e-03 5.343952e+00 2.092174e+00 2.488572e+00 7.640900e+00 1.515282e+01 2.446940e-03 9.215852e+00
 2.029993e-03 5.338059e+00 2.094237e+00 2.491639e+00 7.637700e+00 1.496674e+01 2.454189e-03 9.215894e+00
 2.034424e-03 5.332182e+00 2.096286e+00 2.494689e+00 7.634500e+00 1.478103e+01 2.461467e-03 9.215939e+00
 2.038865e-03 5.326320e+00 2.098320e+00 2.497721e+00 7.631300e+00 1.460024e+01 2.468774e-03 9.215988e+00
 2.043315e-03 5.320473e+00 2.100341e+00 2.500735e+00 7.628100e+00 1.441978e+01 2.476111e-03 9.216040e+00
 2.047776e-03 5.314537e+00 2.102348e+00 2.503730e+00 7.624800e+00 1.424415e+01 2.483477e-03 9.215946e+00
 2.052246e-03 5.308721e+00 2.104342e+00 2.506708e+00 7.621600e+00 1.407026e+01 2.490872e-03 9.216005e+00
 2.056726e-03 5.302817e+00 2.106321e+00 2.509667e+00 7.618300e+00 1.389815e+01 2.498298e-03 9.215917e+00
 2.061215e-03 5.296928e+00 2.108287e+00 2.512608e+00 7.615000e+00 1.373068e+01 2.505754e-03 9.215832e+00
 2.065714e-03 5.291158e+00 2.110238e+00 2.515531e+00 7.611800e+00 1.356344e+01 2.513239e-03 9.215901e+00
 2.070224e-03 5.285196e+00 2.112176e+00 2.518435e+00 7.608400e+00 1.339930e+01 2.520755e-03 9.215672e+00
 2.074743e-03 5.279354e+00 2.114100e+00 2.521321e+00 7.605100e+00 1.323820e+01 2.528302e-03 9.215597e+00
 2.079271e-03 5.273527e+00 2.116010e+00 2.524189e+00 7.601800e+00 1.307871e+01 2.535879e-03 9.215524e+00
 2.083810e-03 5.267716e+00 2.117906e+00 2.527038e+00 7.598500e+00 1.292219e+01 2.543487e-03 9.215455e+00
 2.088359e-03 5.261816e+00 2.119788e+00 2.529868e+00 7.595100e+00 1.276586e+01 2.551126e-03 9.215237e+00
 2.092917e-03 5.255932e+00 2.121656e+00 2.532680e+00 7.591700e+00 1.261378e+01 2.558796e-03 9.215023e+00
 2.097486e-03 5.250063e+00 2.123511e+00 2.535473e+00 7.588300e+00 1.246454e+01 2.566497e-03 9.214811e+00
 2.102064e-03 5.244315e+00 2.125351e+00 2.538248e+00 7.585000e+00 1.231415e+01 2.574230e-03 9.214753e+00
 2.106653e-03 5.238374e+00 2.127177e+00 2.541003e+00 7.581500e+00 1.216786e+01 2.581995e-03 9.214396e+00
 2.111252e-03 5.232553e+00 2.128990e+00 2.543740e+00 7.578100e+00 1.202559e+01 2.589791e-03 9.214192e+00
 2.115860e-03 5.226747e+00 2.130788e+00 2.546459e+00 7.574700e+00 1.188215e+01 2.597619e-03 9.213990e+00
 2.120479e-03 5.220853e+00 2.132573e+00 2.549158e+00 7.571200e+00 1.174142e+01 2.605480e-03 9.213640e+00
 2.125107e-03 5.215079e+00 2.134343e+00 2.551839e+00 7.567800e+00 1.160333e+01 2.613373e-03 9.213444e+00
 2.129746e-03 5.209217e+00 2.136100e+00 2.554500e+00 7.564300e+00 1.146781e+01 2.621298e-03 9.213098e+00
 2.134395e-03 5.203370e+00 2.137843e+00 2.557143e+00 7.560800e+00 1.133361e+01 2.629256e-03 9.212755e+00
 2.139054e-03 5.197540e+00 2.139571e+00 2.559766e+00 7.557300e+00 1.120076e+01 2.637247e-03 9.212414e+00
 2.143723e-03 5.191725e+00 2.141286e+00 2.562371e+00 7.553800e+00 1.107039e+01 2.645271e-03 9.212075e+00
 2.148403e-03 5.185926e+00 2.142987e+00 2.564956e+00 7.550300e+00 1.094248e+01 2.653328e-03 9.211739e+00
 2.153093e-03 5.180143e+00 2.144673e+00 2.567523e+00 7.546800e+00 1.081462e+01 2.661419e-03 9.211404e+00
 2.157792e-03 5.174272e+00 2.146346e+00 2.570070e+00 7.543200e+00 1.068920e+01 2.669543e-03 9.210919e+00
 2.162503e-03 5.168521e+00 2.148005e+00 2.572598e+00 7.539700e+00 1.056614e+01 2.677701e-03 9.210589e+00
 2.167223e-03 5.162681e+00 2.149650e+00 2.575107e+00 7.536100e+00 1.044427e+01 2.685893e-03 9.210108e+00
 2.171954e-03 5.156857e+00 2.151281e+00 2.577596e+00 7.532500e+00 1.032360e+01 2.694119e-03 9.209629e+00
 2.176695e-03 5.151050e+00 2.152898e+00 2.580067e+00 7.528900e+00 1.020520e+01 2.702379e-03 9.209152e+00
 2.181446e-03 5.145258e+00 2.154501e+00 2.582518e+00 7.525300e+00 1.008906e+01 2.710674e-03 9.208677e+00
 2.186208e-03 5.139482e+00 2.156090e+00 2.584949e+00 7.521700e+00 9.972958e+00 2.719004e-03 9.208203e+00
 2.190980e-03 5.133722e+00 2.157665e+00 2.587362e+00 7.518100e+00 9.860126e+00 2.727369e-03 9.207731e+00
 2.195763e-03 5.127874e+00 2.159226e+00 2.589755e+00 7.514400e+00 9.748378e+00 2.735768e-03 9.207107e+00
 2.200556e-03 5.122146e+00 2.160773e+00 2.592128e+00 7.510800e+00 9.637707e+00 2.744203e-03 9.206639e+00
 2.205359e-03 5.116330e+00 2.162307e+00 2.594482e+00 7.507100e+00 9.528130e+00 2.752674e-03 9.206018e+00
 2.210173e-03 5.110634e+00 2.163826e+00 2.596817e+00 7.503500e+00 9.421641e+00 2.761180e-03 9.205552e+00
 2.214998e-03 5.104850e+00 2.165332e+00 2.599132e+00 7.499800e+00 9.315166e+00 2.769722e-03 9.204935e+00
 2.219833e-03 5.099082e+00 2.166823e+00 2.601427e+00 7.496100e+00 9.210733e+00 2.778300e-03 9.204318e+00
 2.224678e-03 5.093330e+00 2.168301e+00 2.603703e+00 7.492400e+00 9.108284e+00 2.786914e-03 9.203703e+00
 2.229535e-03 5.087594e+00 2.169765e+00 2.605960e+00 7.488700e+00 9.006834e+00 2.795565e-03 9.203089e+00
 2.234401e-03 5.081769e+00 2.171215e+00 2.608196e+00 7.484900e+00 8.906344e+00 2.804253e-03 9.202322e+00
 2.239279e-03 5.076065e+00 2.172651e+00 2.610414e+00 7.481200e+00 8.806808e+00 2.812977e-03 9.201711e+00
 2.244167e-03 5.070273e+00 2.174073e+00 2.612611e+00 7.477400e+00 8.709203e+00 2.821739e-03 9.200946e+00
 2.249065e-03 5.064601e+00 2.175481e+00 2.614789e+00 7.473700e+00 8.613473e+00 2.830537e-03 9.200336e+00
 2.253975e-03 5.058841e+00 2.176876e+00 2.616947e+00 7.469900e+00 8.517721e+00 2.839374e-03 9.199573e+00
 2.258895e-03 5.053096e+00 2.178257e+00 2.619086e+00 7.466100e+00 8.424735e+00 2.848248e-03 9.198811e+00
 2.263826e-03 5.047368e+00 2.179623e+00 2.621205e+00 7.462300e+00 8.332648e+00 2.857160e-03 9.198050e+00
 2.268767e-03 5.041656e+00 2.180977e+00 2.623304e+00 7.458500e+00 8.241414e+00 2.866110e-03 9.197290e+00
 2.273720e-03 5.035959e+00 2.182316e+00 2.625383e+00 7.454700e+00 8.151061e+00 2.875098e-03 9.196530e+00
 2.278683e-03 5.030279e+00 2.183641e+00 2.627443e+00 7.450900e+00 8.063349e+00 2.884125e-03 9.195771e+00
 2.283657e-03 5.024615e+00 2.184953e+00 2.629482e+00 7.447100e+00 7.974699e+00 2.893191e-03 9.195013e+00
 2.288642e-03 5.018863e+00 2.186251e+00 2.631502e+00 7.443200e+00 7.889522e+00 2.902296e-03 9.194100e+00
 2.293638e-03 5.013231e+00 2.187535e+00 2.633503e+00 7.439400e+00 7.803415e+00 2.911440e-03 9.193344e+00
 2.298644e-03 5.007510e+00 2.188806e+00 2.635483e+00 7.435500e+00 7.719841e+00 2.920623e-03 9.192432e+00
 2.303662e-03 5.001805e+00 2.190062e+00 2.637443e+00 7.431600e+00 7.636203e+00 2.929846e-03 9.191520e+00
 2.308691e-03 4.996117e+00 2.191306e+00 2.639384e+00 7.427700e+00 7.555046e+00 2.939109e-03 9.190609e+00
 2.313730e-03 4.990549e+00 2.192535e+00 2.641305e+00 7.423900e+00 7.473826e+00 2.948412e-03 9.189854e+00
 2.318781e-03 4.984893e+00 2.193751e+00 2.643206e+00 7.420000e+00 7.395009e+00 2.957755e-03 9.188943e+00
 2.323842e-03 4.979147e+00 2.194953e+00 2.645087e+00 7.416000e+00 7.315311e+00 2.967139e-03 9.187876e+00
 2.328915e-03 4.973523e+00 2.196141e+00 2.646948e+00 7.412100e+00 7.238775e+00 2.976564e-03 9.186966e+00
 2.333999e-03 4.967915e+00 2.197316e+00 2.648790e+00 7.408200e+00 7.161383e+00 2.986029e-03 9.186056e+00
 2.339093e-03 4.962217e+00 2.198477e+00 2.650611e+00 7.404200e+00 7.086288e+00 2.995536e-03 9.184990e+00
 2.344199e-03 4.956641e+00 2.199625e+00 2.652413e+00 7.400300e+00 7.011885e+00 3.005084e-03 9.184080e+00
 2.349316e-03 4.950976e+00 2.200759e+00 2.654194e+00 7.396300e+00 6.938207e+00 3.014674e-03 9.183013e+00
 2.354445e-03 4.945432e+00 2.201880e+00 2.655956e+00 7.392400e+00 6.865221e+00 3.024306e-03 9.182104e+00
 2.359584e-03 4.939798e+00 2.202987e+00 2.657698e+00 7.388400e+00 6.794424e+00 3.033981e-03 9.181037e+00
 2.364735e-03 4.934181e+00 2.204081e+00 2.659420e+00 7.384400e+00 6.722797e+00 3.043697e-03 9.179970e+00
 2.369896e-03 4.928579e+00 2.205161e+00 2.661122e+00 7.380400e+00 6.654060e+00 3.053456e-03 9.178902e+00
 2.375070e-03 4.922994e+00 2.206227e+00 2.662804e+00 7.376400e+00 6.584509e+00 3.063258e-03 9.177835e+00
 2.380254e-03 4.917424e+00 2.207281e+00 2.664466e+00 7.372400e+00 6.516341e+00 3.073104e-03 9.176767e+00
 2.385450e-03 4.911871e+00 2.208320e+00 2.666108e+00 7.368400e+00 6.449530e+00 3.082992e-03 9.175698e+00
 2.390657e-03 4.906228e+00 2.209347e+00 2.667731e+00 7.364300e+00 6.383349e+00 3.092925e-03 9.174472e+00
 2.395875e-03 4.900706e+00 2.210360e+00 2.669333e+00 7.360300e+00 6.317794e+00 3.102901e-03 9.173403e+00
 2.401105e-03 4.895200e+00 2.211360e+00 2.670915e+00 7.356300e+00 6.253551e+00 3.112921e-03 9.172333e+00
 2.406346e-03 4.889605e+00 2.212346e+00 2.672478e+00 7.352200e+00 6.189206e+00 3.122986e-03 9.171104e+00
 2.411599e-03 4.884026e+00 2.213319e+00 2.674021e+00 7.348100e+00 6.126843e+00 3.133095e-03 9.169875e+00
 2.416863e-03 4.878568e+00 2.214279e+00 2.675543e+00 7.344100e+00 6.064388e+00 3.143249e-03 9.168804e+00
 2.422139e-03 4.873020e+00 2.215225e+00 2.677046e+00 7.340000e+00 6.003853e+00 3.153449e-03 9.167573e+00
 2.427426e-03 4.867488e+00 2.216159e+00 2.678529e+00 7.335900e+00 5.943225e+00 3.163693e-03 9.166342e+00
 2.432725e-03 4.861972e+00 2.217079e+00 2.679992e+00 7.331800e+00 5.883822e+00 3.173984e-03 9.165110e+00
 2.438035e-03 4.856472e+00 2.217986e+00 2.681435e+00 7.327700e+00 5.824969e+00 3.184320e-03 9.163877e+00
 2.443357e-03 4.850987e+00 2.218880e+00 2.682859e+00 7.323600e+00 5.766670e+00 3.194703e-03 9.162643e+00
 2.448691e-03 4.845519e+00 2.219760e+00 2.684262e+00 7.319500e+00 5.708914e+00 3.205132e-03 9.161407e+00
 2.454036e-03 4.839960e+00 2.220628e+00 2.685646e+00 7.315300e+00 5.652332e+00 3.215607e-03 9.160012e+00
 2.459393e-03 4.834523e+00 2.221482e+00 2.687010e+00 7.311200e+00 5.596918e+00 3.226130e-03 9.158775e+00
 2.464761e-03 4.829101e+00 2.222324e+00 2.688354e+00 7.307100e+00 5.541383e+00 3.236700e-03 9.157537e+00
 2.470141e-03 4.823590e+00 2.223152e+00 2.689678e+00 7.302900e+00 5.486976e+00 3.247317e-03 9.156138e+00
 2.475533e-03 4.818200e+00 2.223968e+00 2.690982e+00 7.298800e+00 5.432482e+00 3.257982e-03 9.154897e+00
 2.480937e-03 4.812719e+00 2.224770e+00 2.692266e+00 7.294600e+00 5.379711e+00 3.268696e-03 9.153495e+00
 2.486353e-03 4.807255e+00 2.225560e+00 2.693531e+00 7.290400e+00 5.327425e+00 3.279457e-03 9.152092e+00
 2.491780e-03 4.801806e+00 2.226336e+00 2.694776e+00 7.286200e+00 5.275622e+00 3.290268e-03 9.150688e+00
 2.497219e-03 4.796373e+00 2.227100e+00 2.696001e+00 7.282000e+00 5.224305e+00 3.301127e-03 9.149281e+00
 2.502670e-03 4.791060e+00 2.227851e+00 2.697207e+00 7.277900e+00 5.173464e+00 3.312035e-03 9.148034e+00
 2.508133e-03 4.785658e+00 2.228589e+00 2.698392e+00 7.273700e+00 5.124255e+00 3.322993e-03 9.146625e+00
 2.513608e-03 4.780166e+00 2.229314e+00 2.699558e+00 7.269400e+00 5.074934e+00 3.334001e-03 9.145054e+00
 2.519095e-03 4.774794e+00 2.230027e+00 2.700705e+00 7.265200e+00 5.026639e+00 3.345058e-03 9.143642e+00
 2.524594e-03 4.769439e+00 2.230727e+00 2.701831e+00 7.261000e+00 4.978223e+00 3.356167e-03 9.142228e+00
 2.530105e-03 4.764098e+00 2.231414e+00 2.702938e+00 7.256800e+00 4.930823e+00 3.367325e-03 9.140812e+00
 2.535627e-03 4.758667e+00 2.232088e+00 2.704026e+00 7.252500e+00 4.883307e+00 3.378535e-03 9.139233e+00
 2.541162e-03 4.753358e+00 2.232750e+00 2.705093e+00 7.248300e+00 4.837334e+00 3.389796e-03 9.137814e+00
 2.546709e-03 4.748064e+00 2.233399e+00 2.706141e+00 7.244100e+00 4.791796e+00 3.401108e-03 9.136393e+00
 2.552268e-03 4.742679e+00 2.234036e+00 2.707170e+00 7.239800e+00 4.746670e+00 3.412472e-03 9.134809e+00
 2.557840e-03 4.737309e+00 2.234660e+00 2.708179e+00 7.235500e+00 4.701968e+00 3.423888e-03 9.133222e+00
 2.563423e-03 4.732061e+00 2.235272e+00 2.709168e+00 7.231300e+00 4.658746e+00 3.435357e-03 9.131795e+00
 2.569019e-03 4.726722e+00 2.235871e+00 2.710138e+00 7.227000e+00 4.614859e+00 3.446878e-03 9.130205e+00
 2.574626e-03 4.721398e+00 2.236457e+00 2.711089e+00 7.222700e+00 4.571914e+00 3.458453e-03 9.128612e+00
 2.580246e-03 4.716090e+00 2.237032e+00 2.712020e+00 7.218400e+00 4.529883e+00 3.470080e-03 9.127016e+00
 2.585879e-03 4.710796e+00 2.237594e+00 2.712932e+00 7.214100e+00 4.487723e+00 3.481762e-03 9.125419e+00
 2.591523e-03 4.705518e+00 2.238143e+00 2.713824e+00 7.209800e+00 4.446469e+00 3.493497e-03 9.123819e+00
 2.597180e-03 4.700255e+00 2.238680e+00 2.714697e+00 7.205500e+00 4.405092e+00 3.505287e-03 9.122217e+00
 2.602850e-03 4.695007e+00 2.239205e+00 2.715550e+00 7.201200e+00 4.365110e+00 3.517131e-03 9.120613e+00
 2.608531e-03 4.689774e+00 2.239718e+00 2.716384e+00 7.196900e+00 4.324994e+00 3.529030e-03 9.119006e+00
 2.614225e-03 4.684555e+00 2.240219e+00 2.717199e+00 7.192600e+00 4.285740e+00 3.540985e-03 9.117397e+00
 2.619932e-03 4.679352e+00 2.240707e+00 2.717995e+00 7.188300e+00 4.246865e+00 3.552995e-03 9.115785e+00
 2.625651e-03 4.674058e+00 2.241183e+00 2.718771e+00 7.183900e+00 4.208343e+00 3.565061e-03 9.114008e+00
 2.631382e-03 4.668885e+00 2.241647e+00 2.719528e+00 7.179600e+00 4.170662e+00 3.577183e-03 9.112391e+00
 2.637126e-03 4.663726e+00 2.242100e+00 2.720266e+00 7.175300e+00 4.132846e+00 3.589361e-03 9.110772e+00
 2.642882e-03 4.658477e+00 2.242540e+00 2.720985e+00 7.170900e+00 4.096334e+00 3.601597e-03 9.108986e+00
 2.648652e-03 4.653348e+00 2.242968e+00 2.721685e+00 7.166600e+00 4.059688e+00 3.613890e-03 9.107361e+00
 2.654433e-03 4.648128e+00 2.243384e+00 2.722365e+00 7.162200e+00 4.022919e+00 3.626240e-03 9.105570e+00
 2.660227e-03 4.642923e+00 2.243788e+00 2.723027e+00 7.157800e+00 3.987887e+00 3.638648e-03 9.103776e+00
 2.666034e-03 4.637838e+00 2.244180e+00 2.723669e+00 7.153500e+00 3.952703e+00 3.651114e-03 9.102143e+00
 2.671854e-03 4.632662e+00 2.244561e+00 2.724293e+00 7.149100e+00 3.917407e+00 3.663639e-03 9.100343e+00
 2.677686e-03 4.627501e+00 2.244930e+00 2.724898e+00 7.144700e+00 3.883336e+00 3.676223e-03 9.098540e+00
 2.683531e-03 4.622354e+00 2.245287e+00 2.725483e+00 7.140300e+00 3.849134e+00 3.688866e-03 9.096734e+00
 2.689389e-03 4.617328e+00 2.245632e+00 2.726050e+00 7.136000e+00 3.815700e+00 3.701569e-03 9.095089e+00
 2.695259e-03 4.612211e+00 2.245965e+00 2.726598e+00 7.131600e+00 3.782569e+00 3.714332e-03 9.093276e+00
 2.701143e-03 4.607107e+00 2.246287e+00 2.727127e+00 7.127200e+00 3.749755e+00 3.727155e-03 9.091461e+00
 2.707039e-03 4.602019e+00 2.246597e+00 2.727638e+00 7.122800e+00 3.717239e+00 3.740038e-03 9.089642e+00
 2.712948e-03 4.596944e+00 2.246896e+00 2.728130e+00 7.118400e+00 3.685035e+00 3.752983e-03 9.087820e+00
 2.718870e-03 4.591884e+00 2.247183e+00 2.728603e+00 7.114000e+00 3.653548e+00 3.765989e-03 9.085994e+00
 2.724805e-03 4.586839e+00 2.247459e+00 2.729057e+00 7.109600e+00 3.621942e+00 3.779057e-03 9.084166e+00
 2.730753e-03 4.581701e+00 2.247723e+00 2.729493e+00 7.105100e+00 3.591465e+00 3.792187e-03 9.082169e+00
 2.736714e-03 4.576684e+00 2.247976e+00 2.729910e+00 7.100700e+00 3.560864e+00 3.805379e-03 9.080333e+00
 2.742688e-03 4.571681e+00 2.248217e+00 2.730309e+00 7.096300e+00 3.530132e+00 3.818635e-03 9.078494e+00
 2.748674e-03 4.566693e+00 2.248447e+00 2.730689e+00 7.091900e+00 3.500508e+00 3.831953e-03 9.076651e+00
 2.754674e-03 4.561612e+00 2.248666e+00 2.731051e+00 7.087400e+00 3.471557e+00 3.845336e-03 9.074640e+00
 2.760687e-03 4.556651e+00 2.248874e+00 2.731394e+00 7.083000e+00 3.442084e+00 3.858782e-03 9.072790e+00
 2.766714e-03 4.551705e+00 2.249070e+00 2.731719e+00 7.078600e+00 3.413285e+00 3.872292e-03 9.070936e+00
 2.772753e-03 4.546666e+00 2.249255e+00 2.732026e+00 7.074100e+00 3.385149e+00 3.885868e-03 9.068913e+00
 2.778806e-03 4.541748e+00 2.249429e+00 2.732314e+00 7.069700e+00 3.356499e+00 3.899508e-03 9.067052e+00
 2.784871e-03 4.536737e+00 2.249592e+00 2.732584e+00 7.065200e+00 3.328892e+00 3.913214e-03 9.065022e+00
 2.790950e-03 4.531846e+00 2.249744e+00 2.732836e+00 7.060800e+00 3.301545e+00 3.926986e-03 9.063153e+00
 2.797043e-03 4.526863e+00 2.249884e+00 2.733070e+00 7.056300e+00 3.274458e+00 3.940824e-03 9.061115e+00
 2.803148e-03 4.521894e+00 2.250014e+00 2.733286e+00 7.051800e+00 3.247627e+00 3.954729e-03 9.059072e+00
 2.809267e-03 4.517045e+00 2.250133e+00 2.733484e+00 7.047400e+00 3.221043e+00 3.968701e-03 9.057192e+00
 2.815399e-03 4.512103e+00 2.250241e+00 2.733664e+00 7.042900e+00 3.194716e+00 3.982741e-03 9.055141e+00
 2.821545e-03 4.507175e+00 2.250338e+00 2.733825e+00 7.038400e+00 3.169379e+00 3.996848e-03 9.053087e+00
 2.827704e-03 4.502367e+00 2.250425e+00 2.733969e+00 7.034000e+00 3.143548e+00 4.011024e-03 9.051194e+00
 2.833876e-03 4.497466e+00 2.250501e+00 2.734095e+00 7.029500e+00 3.118321e+00 4.025269e-03 9.049131e+00
 2.840062e-03 4.492578e+00 2.250565e+00 2.734204e+00 7.025000e+00 3.092972e+00 4.039582e-03 9.047064e+00
 2.846262e-03 4.487704e+00 2.250620e+00 2.734294e+00 7.020500e+00 3.068587e+00 4.053966e-03 9.044992e+00
 2.852475e-03 4.482844e+00 2.250663e+00 2.734367e+00 7.016000e+00 3.044077e+00 4.068419e-03 9.042916e+00
 2.858701e-03 4.478104e+00 2.250696e+00 2.734422e+00 7.011600e+00 3.020148e+00 4.082942e-03 9.041003e+00
 2.864941e-03 4.473270e+00 2.250719e+00 2.734460e+00 7.007100e+00 2.996103e+00 4.097537e-03 9.038918e+00
 2.871195e-03 4.468449e+00 2.250731e+00 2.734480e+00 7.002600e+00 2.972635e+00 4.112202e-03 9.036829e+00
 2.877462e-03 4.463642e+00 2.250732e+00 2.734482e+00 6.998100e+00 2.949041e+00 4.126940e-03 9.034735e+00
 2.883744e-03 4.458849e+00 2.250723e+00 2.734467e+00 6.993600e+00 2.926015e+00 4.141749e-03 9.032637e+00
 2.890038e-03 4.454068e+00 2.250704e+00 2.734435e+00 6.989100e+00 2.903562e+00 4.156631e-03 9.030534e+00
 2.896347e-03 4.449300e+00 2.250674e+00 2.734385e+00 6.984600e+00 2.880635e+00 4.171586e-03 9.028427e+00
 2.902669e-03 4.444546e+00 2.250634e+00 2.734318e+00 6.980100e+00 2.858268e+00 4.186614e-03 9.026315e+00
 2.909005e-03 4.439804e+00 2.250584e+00 2.734234e+00 6.975600e+00 2.836453e+00 4.201717e-03 9.024198e+00
 2.915355e-03 4.435076e+00 2.250524e+00 2.734133e+00 6.971100e+00 2.814840e+00 4.216893e-03 9.022076e+00
 2.921719e-03 4.430254e+00 2.250453e+00 2.734014e+00 6.966500e+00 2.792778e+00 4.232144e-03 9.019782e+00
 2.928097e-03 4.425551e+00 2.250373e+00 2.733879e+00 6.962000e+00 2.771593e+00 4.247471e-03 9.017651e+00
 2.934488e-03 4.420862e+00 2.250282e+00 2.733726e+00 6.957500e+00 2.750605e+00 4.262873e-03 9.015515e+00
 2.940894e-03 4.416185e+00 2.250181e+00 2.733556e+00 6.953000e+00 2.729817e+00 4.278351e-03 9.013374e+00
 2.947314e-03 4.411521e+00 2.250071e+00 2.733370e+00 6.948500e+00 2.709239e+00 4.293906e-03 9.011228e+00
 2.953747e-03 4.406869e+00 2.249950e+00 2.733167e+00 6.944000e+00 2.688853e+00 4.309538e-03 9.009078e+00
 2.960195e-03 4.402124e+00 2.249819e+00 2.732947e+00 6.939400e+00 2.668667e+00 4.325247e-03 9.006753e+00
 2.966656e-03 4.397497e+00 2.249679e+00 2.732710e+00 6.934900e+00 2.649307e+00 4.341035e-03 9.004592e+00
 2.973132e-03 4.392884e+00 2.249529e+00 2.732456e+00 6.930400e+00 2.629510e+00 4.356900e-03 9.002426e+00
 2.979622e-03 4.388283e+00 2.249369e+00 2.732186e+00 6.925900e+00 2.609907e+00 4.372845e-03 9.000255e+00
 2.986126e-03 4.383694e+00 2.249199e+00 2.731899e+00 6.921400e+00 2.590797e+00 4.388869e-03 8.998079e+00
 2.992644e-03 4.379011e+00 2.249020e+00 2.731596e+00 6.916800e+00 2.571573e+00 4.404973e-03 8.995729e+00
 2.999177e-03 4.374448e+00 2.248831e+00 2.731277e+00 6.912300e+00 2.553143e+00 4.421157e-03 8.993542e+00
 3.005724e-03 4.369896e+00 2.248632e+00 2.730941e+00 6.907800e+00 2.534293e+00 4.437423e-03 8.991350e+00
 3.012285e-03 4.365250e+00 2.248424e+00 2.730588e+00 6.903200e+00 2.515926e+00 4.453769e-03 8.988984e+00
 3.018860e-03 4.360723e+00 2.248207e+00 2.730220e+00 6.898700e+00 2.498036e+00 4.470198e-03 8.986781e+00
 3.025450e-03 4.356208e+00 2.247980e+00 2.729835e+00 6.894200e+00 2.480025e+00 4.486709e-03 8.984573e+00
 3.032054e-03 4.351599e+00 2.247743e+00 2.729434e+00 6.889600e+00 2.461906e+00 4.503302e-03 8.982190e+00
 3.038673e-03 4.347108e+00 2.247497e+00 2.729017e+00 6.885100e+00 2.444546e+00 4.519979e-03 8.979971e+00
 3.045306e-03 4.342630e+00 2.247242e+00 2.728584e+00 6.880600e+00 2.427060e+00 4.536740e-03 8.977747e+00
 3.051953e-03 4.338056e+00 2.246978e+00 2.728135e+00 6.876000e+00 2.410044e+00 4.553585e-03 8.975347e+00
 3.058615e-03 4.333601e+00 2.246704e+00 2.727670e+00 6.871500e+00 2.392911e+00 4.570515e-03 8.973111e+00
 3.065292e-03 4.329158e+00 2.246422e+00 2.727189e+00 6.867000e+00 2.376232e+00 4.587531e-03 8.970870e+00
 3.071983e-03 4.324620e+00 2.246130e+00 2.726693e+00 6.862400e+00 2.359432e+00 4.604632e-03 8.968453e+00
 3.078688e-03 4.320201e+00 2.245829e+00 2.726181e+00 6.857900e+00 2.343086e+00 4.621820e-03 8.966201e+00
 3.085409e-03 4.315686e+00 2.245519e+00 2.725653e+00 6.853300e+00 2.327181e+00 4.639095e-03 8.963772e+00
 3.092144e-03 4.311291e+00 2.245200e+00 2.725110e+00 6.848800e+00 2.310876e+00 4.656458e-03 8.961508e+00
 3.098893e-03 4.306906e+00 2.244872e+00 2.724551e+00 6.844300e+00 2.295019e+00 4.673908e-03 8.959238e+00
 3.105658e-03 4.302426e+00 2.244535e+00 2.723976e+00 6.839700e+00 2.279041e+00 4.691447e-03 8.956792e+00
 3.112437e-03 4.298065e+00 2.244190e+00 2.723387e+00 6.835200e+00 2.263775e+00 4.709075e-03 8.954510e+00
 3.119231e-03 4.293716e+00 2.243835e+00 2.722782e+00 6.830700e+00 2.248388e+00 4.726793e-03 8.952223e+00
 3.126040e-03 4.289270e+00 2.243472e+00 2.722161e+00 6.826100e+00 2.232889e+00 4.744602e-03 8.949758e+00
 3.132864e-03 4.284943e+00 2.243100e+00 2.721526e+00 6.821600e+00 2.218080e+00 4.762500e-03 8.947459e+00
 3.139702e-03 4.280520e+00 2.242720e+00 2.720875e+00 6.817000e+00 2.203160e+00 4.780491e-03 8.944982e+00
 3.146556e-03 4.276216e+00 2.242330e+00 2.720209e+00 6.812500e+00 2.188656e+00 4.798573e-03 8.942671e+00
 3.153424e-03 4.271922e+00 2.241933e+00 2.719529e+00 6.808000e+00 2.173769e+00 4.816748e-03 8.940353e+00
 3.160308e-03 4.267533e+00 2.241526e+00 2.718833e+00 6.803400e+00 2.159562e+00 4.835015e-03 8.937858e+00
 3.167206e-03 4.263262e+00 2.241111e+00 2.718123e+00 6.798900e+00 2.145237e+00 4.853377e-03 8.935528e+00
 3.174120e-03 4.259002e+00 2.240688e+00 2.717398e+00 6.794400e+00 2.131322e+00 4.871832e-03 8.933192e+00
 3.181048e-03 4.254645e+00 2.240257e+00 2.716658e+00 6.789800e+00 2.117035e+00 4.890383e-03 8.930678e+00
 3.187992e-03 4.250407e+00 2.239817e+00 2.715903e+00 6.785300e+00 2.103409e+00 4.909028e-03 8.928329e+00
 3.194951e-03 4.246180e+00 2.239368e+00 2.715134e+00 6.780800e+00 2.089665e+00 4.927770e-03 8.925974e+00
 3.201925e-03 4.241856e+00 2.238912e+00 2.714350e+00 6.776200e+00 2.076320e+00 4.946608e-03 8.923440e+00
 3.208915e-03 4.237650e+00 2.238447e+00 2.713552e+00 6.771700e+00 2.063111e+00 4.965543e-03 8.921072e+00
 3.215919e-03 4.233455e+00 2.237974e+00 2.712740e+00 6.767200e+00 2.049542e+00 4.984577e-03 8.918698e+00
 3.222939e-03 4.229163e+00 2.237493e+00 2.711913e+00 6.762600e+00 2.036617e+00 5.003708e-03 8.916145e+00
 3.229974e-03 4.224989e+00 2.237004e+00 2.711072e+00 6.758100e+00 2.023822e+00 5.022938e-03 8.913758e+00
 3.237025e-03 4.220826e+00 2.236507e+00 2.710216e+00 6.753600e+00 2.010911e+00 5.042268e-03 8.911364e+00
 3.244091e-03 4.216566e+00 2.236002e+00 2.709347e+00 6.749000e+00 1.998387e+00 5.061698e-03 8.908792e+00
 3.251172e-03 4.212424e+00 2.235489e+00 2.708464e+00 6.744500e+00 1.985995e+00 5.081229e-03 8.906385e+00
 3.258269e-03 4.208292e+00 2.234968e+00 2.707566e+00 6.740000e+00 1.973250e+00 5.100862e-03 8.903971e+00
 3.265381e-03 4.204170e+00 2.234439e+00 2.706655e+00 6.735500e+00 1.961124e+00 5.120596e-03 8.901551e+00
 3.272509e-03 4.199951e+00 2.233903e+00 2.705730e+00 6.730900e+00 1.949121e+00 5.140433e-03 8.898951e+00
 3.279653e-03 4.195850e+00 2.233358e+00 2.704791e+00 6.726400e+00 1.937249e+00 5.160374e-03 8.896517e+00
 3.286812e-03 4.191759e+00 2.232807e+00 2.703839e+00 6.721900e+00 1.925273e+00 5.180418e-03 8.894077e+00
 3.293986e-03 4.187678e+00 2.232247e+00 2.702873e+00 6.717400e+00 1.913654e+00 5.200567e-03 8.891629e+00
 3.301177e-03 4.183607e+00 2.231680e+00 2.701893e+00 6.712900e+00 1.902158e+00 5.220821e-03 8.889175e+00
 3.308383e-03 4.179546e+00 2.231105e+00 2.700900e+00 6.708400e+00 1.890329e+00 5.241181e-03 8.886714e+00
 3.315604e-03 4.175387e+00 2.230523e+00 2.699894e+00 6.703800e+00 1.879087e+00 5.261648e-03 8.884073e+00
 3.322842e-03 4.171346e+00 2.229933e+00 2.698874e+00 6.699300e+00 1.867970e+00 5.282222e-03 8.881598e+00
 3.330095e-03 4.167314e+00 2.229336e+00 2.697841e+00 6.694800e+00 1.856741e+00 5.302904e-03 8.879116e+00
 3.337364e-03 4.163293e+00 2.228731e+00 2.696794e+00 6.690300e+00 1.845865e+00 5.323695e-03 8.876627e+00
 3.344649e-03 4.159281e+00 2.228119e+00 2.695735e+00 6.685800e+00 1.835105e+00 5.344594e-03 8.874131e+00
 3.351950e-03 4.155279e+00 2.227500e+00 2.694663e+00 6.681300e+00 1.824016e+00 5.365604e-03 8.871628e+00
 3.359267e-03 4.151286e+00 2.226874e+00 2.693577e+00 6.676800e+00 1.813496e+00 5.386724e-03 8.869118e+00
 3.366600e-03 4.147303e+00 2.226240e+00 2.692479e+00 6.672300e+00 1.803098e+00 5.407956e-03 8.866601e+00
 3.373949e-03 4.143329e+00 2.225599e+00 2.691368e+00 6.667800e+00 1.792590e+00 5.429300e-03 8.864076e+00
 3.381313e-03 4.139365e+00 2.224951e+00 2.690244e+00 6.663300e+00 1.782413e+00 5.450756e-03 8.861544e+00
 3.388694e-03 4.135410e+00 2.224296e+00 2.689107e+00 6.658800e+00 1.771919e+00 5.472326e-03 8.859005e+00
 3.396091e-03 4.131465e+00 2.223634e+00 2.687958e+00 6.654300e+00 1.761978e+00 5.494010e-03 8.856459e+00
 3.403505e-03 4.127528e+00 2.222966e+00 2.686797e+00 6.649800e+00 1.751932e+00 5.515808e-03 8.853906e+00
 3.410934e-03 4.123709e+00 2.222290e+00 2.685623e+00 6.645400e+00 1.742213e+00 5.537723e-03 8.851518e+00
 3.418380e-03 4.119791e+00 2.221607e+00 2.684436e+00 6.640900e+00 1.732179e+00 5.559753e-03 8.848950e+00
 3.425841e-03 4.115882e+00 2.220918e+00 2.683237e+00 6.636400e+00 1.722685e+00 5.581901e-03 8.846375e+00
 3.433319e-03 4.111982e+00 2.220221e+00 2.682026e+00 6.631900e+00 1.713083e+00 5.604166e-03 8.843791e+00
 3.440814e-03 4.108092e+00 2.219518e+00 2.680803e+00 6.627400e+00 1.703804e+00 5.626550e-03 8.841201e+00
 3.448325e-03 4.104317e+00 2.218809e+00 2.679568e+00 6.623000e+00 1.694215e+00 5.649053e-03 8.838777e+00
 3.455852e-03 4.100444e+00 2.218092e+00 2.678320e+00 6.618500e+00 1.684941e+00 5.671676e-03 8.836171e+00
 3.463396e-03 4.096580e+00 2.217369e+00 2.677061e+00 6.614000e+00 1.675985e+00 5.694419e-03 8.833558e+00
 3.470956e-03 4.092832e+00 2.216640e+00 2.675790e+00 6.609600e+00 1.666717e+00 5.717285e-03 8.831112e+00
 3.478532e-03 4.088986e+00 2.215904e+00 2.674507e+00 6.605100e+00 1.657765e+00 5.740272e-03 8.828484e+00
 3.486125e-03 4.085255e+00 2.215161e+00 2.673213e+00 6.600700e+00 1.648711e+00 5.763382e-03 8.826022e+00
 3.493735e-03 4.081426e+00 2.214412e+00 2.671906e+00 6.596200e+00 1.640174e+00 5.786617e-03 8.823379e+00
 3.501361e-03 4.077712e+00 2.213657e+00 2.670589e+00 6.591800e+00 1.631533e+00 5.809975e-03 8.820902e+00
 3.509004e-03 4.073900e+00 2.212895e+00 2.669259e+00 6.587300e+00 1.622795e+00 5.833460e-03 8.818243e+00
