# rho, p, epsilon
0 2.56e-11 3.800404955842467e-16 2.560106483747716e-11
1 2.570015417781497e-11 3.820593716716198e-16 2.5701224671991728e-11
2 2.5800700186072635e-11 3.840889725651735e-16 2.5801776366998882e-11
3 2.5901639557720523e-11 3.8612935523792853e-16 2.590272145560579e-11
4 2.600297383170343e-11 3.881805769655604e-16 2.6004061476917718e-11
5 2.6104704552986935e-11 3.9024269532800877e-16 2.6105797976061582e-11
6 2.6206833272580934e-11 3.923157682110928e-16 2.6207932504209472e-11
7 2.63093615475633e-11 3.9439985380813667e-16 2.631046661860231e-11
8 2.641229094110373e-11 3.964950106216052e-16 2.6413401882573707e-11
9 2.6515623022487137e-11 3.9860129746473725e-16 2.6516739865573377e-11
10 2.6619359367138237e-11 4.0071877346320967e-16 2.662048214319169e-11
11 2.672350155664512e-11 4.0284749805678866e-16 2.6724630297183285e-11
12 2.6828051178783482e-11 4.0498753100099995e-16 2.6829185915491285e-11
13 2.6933009827540833e-11 4.071389323688068e-16 2.6934150592271522e-11
14 2.7038379103140798e-11 4.093017625522959e-16 2.703952592791683e-11
15 2.7144160612067506e-11 4.1147608226437267e-16 2.7145313529081457e-11
16 2.7250355967090097e-11 4.1366195254046565e-16 2.7251515008705548e-11
17 2.73569667872873e-11 4.158594347402399e-16 2.7358131986039764e-11
18 2.746399469807212e-11 4.1806859054931926e-16 2.7465166086669947e-11
19 2.7571441331216626e-11 4.202894819810179e-16 2.7572618942541913e-11
20 2.7679308324876817e-11 4.2252217137808125e-16 2.7680492191986353e-11
21 2.7787597323617607e-11 4.2476672141443603e-16 2.7788787479743775e-11
22 2.7896309978437903e-11 4.2702319509694943e-16 2.7897506456989633e-11
23 2.8005447946795877e-11 4.292916557672004e-16 2.800665078135957e-11
24 2.8115012892633788e-11 4.315721671032478e-16 2.811622211697427e-11
25 2.822500648640403e-11 4.3386479312143266e-16 2.8226222134465494e-11
26 2.8335430405094154e-11 4.361695981781651e-16 2.833665251100111e-11
27 2.844628633225254e-11 4.384866469717339e-16 2.8447514930310782e-11
28 2.855757595801407e-11 4.4081600454412222e-16 2.855881108271163e-11
29 2.866930097912589e-11 4.4315773628283357e-16 2.867054266513401e-11
30 2.878146309897329e-11 4.455119079227272e-16 2.8782711381147395e-11
31 2.8894064027605663e-11 4.478785855478634e-16 2.8895318940986338e-11
32 2.9007105481762582e-11 4.502578355933585e-16 2.9008367061576565e-11
33 2.912058918489997e-11 4.526497248472498e-16 2.9121857466561115e-11
34 2.923451686721639e-11 4.550543204523708e-16 2.9235791886326696e-11
35 2.93488902656794e-11 4.57471689908235e-16 2.9350172058029987e-11
36 2.946371112405206e-11 4.599019010729315e-16 2.9464999725624176e-11
37 2.95789811929195e-11 4.623450221650297e-16 2.9580276639885545e-11
38 2.969470222971573e-11 4.648011217654964e-16 2.9696004558440254e-11
39 2.9810875998749975e-11 4.672702688196115e-16 2.98121852457907e-11
40 2.992750427123427e-11 4.697525326389178e-16 2.9928820473343137e-11
41 3.0044588825309995e-11 4.722479829031572e-16 3.004591201943417e-11
42 3.016213144607511e-11 4.747566896622287e-16 3.016346166935804e-11
43 3.0280133925611354e-11 4.772787233381552e-16 3.0281471215393806e-11
44 3.0398598063011586e-11 4.798141547270595e-16 3.039994245683266e-11
45 3.05175256644072e-11 4.82363055001153e-16 3.0518877200005454e-11
46 3.063691854299568e-11 4.849254957107323e-16 3.063827725831013e-11
47 3.075677851906822e-11 4.875015487861885e-16 3.075814445223943e-11
48 3.08771074200375e-11 4.900912865400255e-16 3.0878480609408626e-11
49 3.099790708046552e-11 4.926947816688912e-16 3.0999287564583447e-11
50 3.1119179342091615e-11 4.953121072556169e-16 3.1120567159707964e-11
51 3.124092605386048e-11 4.979433367712694e-16 3.124232124393274e-11
52 3.136314907195039e-11 5.005885440772132e-16 3.1364551673643004e-11
53 3.148585025980164e-11 5.032478034271872e-16 3.1487260312487103e-11
54 3.16090314881444e-11 5.059211894693772e-16 3.161044903140438e-11
55 3.173269463502806e-11 5.086087772485284e-16 3.1734119708654474e-11
56 3.185684158584931e-11 5.113106422080409e-16 3.185827422984546e-11
57 3.198147423338101e-11 5.140268601920901e-16 3.198291448796271e-11
58 3.2106594477801085e-11 5.167575074477557e-16 3.210804238339779e-11
59 3.2232204226721476e-11 5.195026606271628e-16 3.223365982397742e-11
60 3.23583053952172e-11 5.22262396789632e-16 3.2359768724992504e-11
61 3.248489990585559e-11 5.250367934038442e-16 3.2486371009227466e-11
62 3.261198968872557e-11 5.278259283500141e-16 3.2613468606989414e-11
63 3.273957668146712e-11 5.30629879922077e-16 3.2741063456137725e-11
64 3.286766282930077e-11 5.334487268298865e-16 3.286915750211346e-11
65 3.299625008505731e-11 5.362825482014235e-16 3.29977526979691e-11
66 3.3125340409207514e-11 5.391314235850182e-16 3.312685100439833e-11
67 3.325493576989205e-11 5.419954329515821e-16 3.325645438976588e-11
68 3.3385038142951646e-11 5.448746566968569e-16 3.338656483013773e-11
69 3.351564951195664e-11 5.47769175643659e-16 3.35171843093107e-11
70 3.364677186823804e-11 5.506790710441653e-16 3.3648314818843424e-11
71 3.3778407210917346e-11 5.536044245821835e-16 3.37799583580863e-11
72 3.391055754693718e-11 5.565453183754473e-16 3.391211693421203e-11
73 3.4043224891091856e-11 5.595018349779213e-16 3.404479256224623e-11
74 3.417641126605812e-11 5.624740573821192e-16 3.417798726509819e-11
75 3.431011870242599e-11 5.654620690214326e-16 3.431170307359169e-11
76 3.444434923872968e-11 5.684659537724735e-16 3.4445942026495976e-11
77 3.457910492147873e-11 5.714857959574289e-16 3.4580706170556835e-11
78 3.4714387805189164e-11 5.745216803464274e-16 3.4715997560527814e-11
79 3.485019995241486e-11 5.775736921599194e-16 3.485181825920157e-11
80 3.4986543433778937e-11 5.806419170710687e-16 3.498817033744128e-11
81 3.512342032800538e-11 5.837264412081579e-16 3.512505587421224e-11
82 3.526083272195069e-11 5.868273511570054e-16 3.526247695661355e-11
83 3.539878271063588e-11 5.899447339634009e-16 3.540043567991014e-11
84 3.553727239727781e-11 5.930786771355332e-16 3.553893414756404e-11
85 3.567630389332215e-11 5.962292686464687e-16 3.567797447126741e-11
86 3.5815879318474945e-11 5.993965969366064e-16 3.581755877097413e-11
87 3.595600080073514e-11 6.025807509161644e-16 3.5957689174932216e-11
88 3.609667047642698e-11 6.057818199676754e-16 3.609836781971638e-11
89 3.6237890490232576e-11 6.089998939484957e-16 3.6239596850260504e-11
90 3.6379662995224655e-11 6.12235063193328e-16 3.638137841989042e-11
91 3.6521990152899314e-11 6.15487418516757e-16 3.652371469035669e-11
92 3.6664874133209045e-11 6.187570512157984e-16 3.6666607831867586e-11
93 3.680831711459576e-11 6.220440530724618e-16 3.681006002312221e-11
94 3.695232128402404e-11 6.253485163563275e-16 3.695407345134367e-11
95 3.7096888837014465e-11 6.286705338271362e-16 3.709865031231244e-11
96 3.72420219776771e-11 6.32010198737393e-16 3.724379281039987e-11
97 3.7387722918745076e-11 6.353676048349851e-16 3.738950315860177e-11
98 3.753399388160835e-11 6.387428463658133e-16 3.753578357857216e-11
99 3.76808370963477e-11 6.421360180764414e-16 3.76826363006573e-11
100 3.782825480176815e-11 6.455472152167413e-16 3.783006356392908e-11
101 3.7976249245433975e-11 6.489765335425882e-16 3.7978067616220085e-11
102 3.8124822683702405e-11 6.524240693185345e-16 3.8126650714157265e-11
103 3.827397738175813e-11 6.558899193205153e-16 3.8275815123196465e-11
104 3.842371561364788e-11 6.593741808385652e-16 3.8425563117657015e-11
105 3.857403966231507e-11 6.628769516795499e-16 3.8575896980756374e-11
106 3.8724951819634604e-11 6.663983301699101e-16 3.8726819004644946e-11
107 3.8876454386447836e-11 6.699384151584236e-16 3.887833149044105e-11
108 3.902854967259763e-11 6.734973060189786e-16 3.9030436748266e-11
109 3.9181239996963594e-11 6.770751026533642e-16 3.91831370972793e-11
110 3.933452768749741e-11 6.80671905494074e-16 3.933643486571404e-11
111 3.948841508125836e-11 6.842878155071257e-16 3.94903323909124e-11
112 3.964290452444893e-11 6.879229341948958e-16 3.9644832019361276e-11
113 3.9797998372450745e-11 6.915773635989717e-16 3.979993610672819e-11
114 3.9953698989859856e-11 6.952512063030017e-16 3.9955647017896626e-11
115 4.0110008750523726e-11 6.989445654355967e-16 4.011196712700301e-11
116 4.0266930037576804e-11 7.026575446732109e-16 4.026889881747228e-11
117 4.042446524347701e-11 7.063902482430549e-16 4.042644448205438e-11
118 4.058261677004221e-11 7.1014278092602235e-16 4.0584606522860775e-11
119 4.074138702848683e-11 7.139152480596306e-16 4.074338735140105e-11
120 4.090077843945865e-11 7.17707755540978e-16 4.090278938861966e-11
121 4.106079343307564e-11 7.215204098297161e-16 4.1062815064932884e-11
122 4.12214344489631e-11 7.25353317951039e-16 4.1223466820265904e-11
123 4.138270393629077e-11 7.292065874986866e-16 4.138474710408993e-11
124 4.154460435381023e-11 7.330803266379653e-16 4.15466583754596e-11
125 4.1707138169892377e-11 7.369746441087849e-16 4.170920310305049e-11
126 4.1870307862565024e-11 7.408896492287096e-16 4.187238376519671e-11
127 4.2034115919550715e-11 7.448254518960285e-16 4.203620284992875e-11
128 4.219856483830464e-11 7.487821625928389e-16 4.2200662855011325e-11
129 4.236365712605289e-11 7.527598923881527e-16 4.2365766287981744e-11
130 4.252939529983e-11 7.567587529409979e-16 4.253151566618742e-11
131 4.269578188651832e-11 7.607788565035766e-16 4.26979135168252e-11
132 4.286281942288591e-11 7.648203159244008e-16 4.286496237697935e-11
133 4.303051045562534e-11 7.688832446514638e-16 4.303266479366029e-11
134 4.3198857541392544e-11 7.729677567354243e-16 4.3201023323843536e-11
135 4.3367863246845786e-11 7.770739668328092e-16 4.3370040534508594e-11
136 4.353753014868479e-11 7.812019902092302e-16 4.353971900267816e-11
137 4.3707860833690055e-11 7.853519427426218e-16 4.37100613154574e-11
138 4.387885789876225e-11 7.895239409264921e-16 4.38810700700734e-11
139 4.405052395096182e-11 7.937181018731937e-16 4.405274787391474e-11
140 4.4222861607548774e-11 7.979345433172115e-16 4.4225097344571305e-11
141 4.4395873496022524e-11 8.02173383618467e-16 4.439812110987414e-11
142 4.456956225416199e-11 8.064347417656411e-16 4.457182180793556e-11
143 4.4743930530065976e-11 8.107187373795188e-16 4.4746202087189546e-11
144 4.4918980982192835e-11 8.150254907163286e-16 4.4921264606431386e-11
145 4.5094716279402073e-11 8.193551226711462e-16 4.509701203485933e-11
146 4.527113910099433e-11 8.237077547812689e-16 4.527344705211454e-11
147 4.544825213675237e-11 8.2808350922963295e-16 4.545057234832215e-11
148 4.562605808698215e-11 8.324825088482421e-16 4.5628390624132254e-11
149 4.580455966255397e-11 8.369048771216176e-16 4.5806904590761166e-11
150 4.5983759584943754e-11 8.413507381902617e-16 4.598611697003261e-11
151 4.616366058627461e-11 8.458202168541451e-16 4.6166030494419407e-11
152 4.6344265409358455e-11 8.503134385762092e-16 4.634664790708499e-11
153 4.6525576807737815e-11 8.548305294858868e-16 4.652797196192529e-11
154 4.670759754572785e-11 8.593716163826447e-16 4.671000542361074e-11
155 4.689033039845846e-11 8.639368267395422e-16 4.6892751067628436e-11
156 4.707377815191661e-11 8.685262887068085e-16 4.707621168032437e-11
157 4.72579436029888e-11 8.731401311154417e-16 4.7260390058946046e-11
158 4.744282955950373e-11 8.777784834808241e-16 4.744528901168503e-11
159 4.762843884027527e-11 8.824414760063627e-16 4.763091135772002e-11
160 4.7814774275144684e-11 8.871292395871258e-16 4.7817259927259034e-11
161 4.800183870502492e-11 8.918419058135447e-16 4.8004337561583734e-11
162 4.818963498194317e-11 8.9657960697509e-16 4.8192147113091955e-11
163 4.8378165969084525e-11 9.013424760639883e-16 4.838069144534143e-11
164 4.8567434540835634e-11 9.061306467789571e-16 4.856997343309342e-11
165 4.875744358282854e-11 9.109442535289564e-16 4.875999596235657e-11
166 4.8948195991984654e-11 9.157834314369626e-16 4.895076193043089e-11
167 4.913969467655894e-11 9.20648316343761e-16 4.914227424595196e-11
168 4.933194255618426e-11 9.255390448117599e-16 4.9334535828935276e-11
169 4.952494256191584e-11 9.304557541288222e-16 4.9527549610820734e-11
170 4.9718697636276033e-11 9.353985823121214e-16 4.972131853451738e-11
171 4.991321073329911e-11 9.403676681120146e-16 4.991584555444828e-11
172 5.0108484818576357e-11 9.45363151015938e-16 5.0111133636595534e-11
173 5.030452286930144e-11 9.503851712523263e-16 5.0307185758545704e-11
174 5.050132787431503e-11 9.554338697945304e-16 5.050400490953447e-11
175 5.0698902834151544e-11 9.605093883648044e-16 5.0701594090493345e-11
176 5.089725076108412e-11 9.656118694382632e-16 5.089995631409467e-11
177 5.1096374679170734e-11 9.707414562468876e-16 5.1099094604797736e-11
178 5.129627762430029e-11 9.758982927835443e-16 5.129901199889488e-11
179 5.149696264423891e-11 9.810825238060291e-16 5.149971154455786e-11
180 5.169843279867643e-11 9.86294294841129e-16 5.170119630188424e-11
181 5.190069115927301e-11 9.915337521887087e-16 5.1903469342944095e-11
182 5.210374080970598e-11 9.968010429258158e-16 5.2106533751826886e-11
183 5.2307584845716876e-11 1.0020963149108111e-15 5.2310392624688406e-11
184 5.25122263751586e-11 1.0074197167875172e-15 5.2515049069798025e-11
185 5.271766851804282e-11 1.0127713979893934e-15 5.272050620758616e-11
186 5.292391440658755e-11 1.0181515087437283e-15 5.2926767170691705e-11
187 5.31309671852649e-11 1.0235602000758586e-15 5.3133835104009935e-11
188 5.3338830010848994e-11 1.0289976238134067e-15 5.3341713164740386e-11
189 5.354750605246435e-11 1.0344639325905503e-15 5.3550404522435254e-11
190 5.37569984916333e-11 1.039959279852283e-15 5.37599123590468e-11
191 5.396731052232582e-11 1.045483819858756e-15 5.397023986897723e-11
192 5.4178445351007354e-11 1.0510377076895852e-15 5.4181390259126484e-11
193 5.439040619668789e-11 1.0566210992482116e-15 5.4393366748941395e-11
194 5.4603196290971095e-11 1.0622341512662763e-15 5.460617257046477e-11
195 5.481681887810352e-11 1.0678770213080206e-15 5.481981096838465e-11
196 5.5031277215024104e-11 1.0735498677747083e-15 5.50342852000838e-11
197 5.5246574571413824e-11 1.0792528499090733e-15 5.5249598535689354e-11
198 5.5462714229745536e-11 1.0849861277997898e-15 5.546575425812275e-11
199 5.567969948533402e-11 1.0907498623859647e-15 5.5682755663149704e-11
200 5.5897533646386234e-11 1.096544215461656e-15 5.590060605943048e-11
201 5.6116220034051735e-11 1.1023693496804158e-15 5.6119308768570404e-11
202 5.633576198247333e-11 1.108225428559854e-15 5.633886712517041e-11
203 5.655616283883789e-11 1.1141126164862303e-15 5.6559284476877995e-11
204 5.677742596342764e-11 1.1200310787190735e-15 5.6780564184438425e-11
205 5.699955472967045e-11 1.125980981395797e-15 5.700270962174505e-11
206 5.722255252419263e-11 1.1319624915363978e-15 5.722572417589216e-11
207 5.7446422746869694e-11 1.1379757770481227e-15 5.744961124722575e-11
208 5.767116881087838e-11 1.1440210067301852e-15 5.7674374249395495e-11
209 5.7896794142748697e-11 1.1500983502785056e-15 5.7900016609406897e-11
210 5.812330218241619e-11 1.1562079782904738e-15 5.812654176767346e-11
211 5.835069638327437e-11 1.162350062269739e-15 5.835395317806928e-11
212 5.857898021222734e-11 1.1685247746310224e-15 5.858225430798151e-11
213 5.88081571497427e-11 1.1747322887049585e-15 5.881144863836343e-11
214 5.90382306899046e-11 1.1809727787429606e-15 5.90415396637874e-11
215 5.926920434046694e-11 1.1872464199221108e-15 5.927253089249819e-11
216 5.950108162290699e-11 1.1935533883500793e-15 5.950442584646647e-11
217 5.973386607247894e-11 1.1998938610700667e-15 5.97372280614425e-11
218 5.996756123826788e-11 1.2062680160657743e-15 5.99709410870101e-11
219 6.020217068324414e-11 1.212676032266406e-15 6.020556848664088e-11
220 6.04376979843166e-11 1.2191180895516664e-15 6.044111383774777e-11
221 6.067414673238875e-11 1.2255943687568478e-15 6.067758073174092e-11
222 6.09115205324124e-11 1.2321050516778814e-15 6.091497277408152e-11
223 6.114982300344293e-11 1.2386503210764473e-15 6.115329358433704e-11
224 6.138905777869446e-11 1.2452303606851033e-15 6.13925467962364e-11
225 6.162922850559521e-11 1.2518453552124435e-15 6.163273605772534e-11
226 6.187033884584313e-11 1.258495490348283e-15 6.187386503102212e-11
227 6.211239247546178e-11 1.2651809527688716e-15 6.211593739267333e-11
228 6.235539308485626e-11 1.2719019301421313e-15 6.23589568336099e-11
229 6.259934437886959e-11 1.2786586111329275e-15 6.260292705920347e-11
230 6.284425007683912e-11 1.285451185408363e-15 6.284785178932285e-11
231 6.309011391265328e-11 1.2922798436431018e-15 6.309373475839068e-11
232 6.333693963480846e-11 1.2991447775247233e-15 6.334057971544044e-11
233 6.358473100646623e-11 1.3060461797591019e-15 6.358839042417368e-11
234 6.383349180551089e-11 1.3129842440758247e-15 6.38371706630175e-11
235 6.408322582460612e-11 1.319959165233599e-15 6.408692422518126e-11
236 6.433393687125427e-11 1.3269711390257642e-15 6.43376549187159e-11
237 6.458562876785344e-11 1.3340203622857592e-15 6.458936656657106e-11
238 6.4838305351756e-11 1.3411070328926547e-15 6.484206300665352e-11
239 6.509197047532705e-11 1.3482313497767058e-15 6.509574809188578e-11
240 6.534662800600327e-11 1.3553935129249403e-15 6.535042569026484e-11
241 6.56022818263517e-11 1.362593723386768e-15 6.56060996849211e-11
242 6.585893583412914e-11 1.3698321832796289e-15 6.586277397417766e-11
243 6.611659394234141e-11 1.3771090957946624e-15 6.612045247160964e-11
244 6.637526007930311e-11 1.3844246652024143e-15 6.6379139106104e-11
245 6.663493818869746e-11 1.3917790968585698e-15 6.663883782191937e-11
246 6.689563222963646e-11 1.399172597209718e-15 6.689955257874615e-11
247 6.715734617672123e-11 1.4066053737991469e-15 6.716128735176699e-11
248 6.742008402010259e-11 1.41407763527267e-15 6.742404613171735e-11
249 6.768384976554223e-11 1.4215895913844903e-15 6.76878329249466e-11
250 6.79486474344726e-11 1.4291414530030571e-15 6.795265175347804e-11
251 6.821448106405999e-11 1.436733432117033e-15 6.821850665507191e-11
252 6.848135470726482e-11 1.4443657418412126e-15 6.848540168328577e-11
253 6.874927243290386e-11 1.452038596422513e-15 6.87533409075367e-11
254 6.901823832571218e-11 1.4597522112459878e-15 6.902232841316323e-11
255 6.928825648640544e-11 1.4675068028408733e-15 6.929236830148775e-11
256 6.955933103174242e-11 1.4753025888866663e-15 6.956346468987894e-11
257 6.983146609458779e-11 1.4831397882192354e-15 6.983562171181462e-11
258 7.010466582397511e-11 1.491018620836963e-15 7.010884351694478e-11
259 7.037893438517009e-11 1.4989393079069215e-15 7.03831342711548e-11
260 7.065427595973408e-11 1.5069020717710822e-15 7.065849815662903e-11
261 7.093069474558789e-11 1.5149071359525556e-15 7.093493937191456e-11
262 7.120819495707565e-11 1.5229547251618653e-15 7.121246213198515e-11
263 7.148678082502924e-11 1.5310450653032586e-15 7.149107066830562e-11
264 7.176645659683296e-11 1.539178383481054e-15 7.177076922889662e-11
265 7.204722653648715e-11 1.5473549080059824e-15 7.205156207839817e-11
266 7.232909492467499e-11 1.5555748684016484e-15 7.233345349813657e-11
267 7.261206605882655e-11 1.563838495410938e-15 7.261644778618841e-11
268 7.289614425318459e-11 1.5721460210025044e-15 7.29005492574464e-11
269 7.318133383887042e-11 1.580497678377281e-15 7.318576224368525e-11
270 7.346763916394981e-11 1.5888937019750247e-15 7.347209109362763e-11
271 7.375506459349943e-11 1.5973343274809008e-15 7.375954017301057e-11
272 7.404361450967326e-11 1.6058197918320955e-15 7.404811386465189e-11
273 7.433329331176946e-11 1.6143503332244682e-15 7.433781656851718e-11
274 7.462410541629747e-11 1.6229261911192388e-15 7.462865270178685e-11
275 7.491605525704532e-11 1.6315476062497086e-15 7.49206266989234e-11
276 7.52091472851472e-11 1.6402148206280175e-15 7.521374301173914e-11
277 7.550338596915136e-11 1.6489280775519385e-15 7.550800610946402e-11
278 7.579877579508825e-11 1.6576876216117075e-15 7.580342047881382e-11
279 7.60953212665392e-11 1.666493698696898e-15 7.609999062405877e-11
280 7.639302690470381e-11 1.6753465560032855e-15 7.639772106709116e-11
281 7.669189724847081e-11 1.684246442039844e-15 7.669661634749598e-11
282 7.699193685448599e-11 1.693193606635683e-15 7.699668102261902e-11
283 7.729315029722196e-11 1.702188300947071e-15 7.72979196676366e-11
284 7.759554216904794e-11 1.711230777464486e-15 7.760033687562542e-11
285 7.789911708029972e-11 1.7203212900197015e-15 7.790393725763247e-11
286 7.820387965935e-11 1.7294600937929133e-15 7.820872544274544e-11
287 7.850983455267893e-11 1.738647445319902e-15 7.851470607816328e-11
288 7.881698642494497e-11 1.7478836024992349e-15 7.882188382926702e-11
289 7.912533995905598e-11 1.7571688245995043e-15 7.9130263379691e-11
290 7.943489985624063e-11 1.7665033722666068e-15 7.943984943139419e-11
291 7.974567083612007e-11 1.7758875075310588e-15 7.975064670473194e-11
292 8.005765763677994e-11 1.7853214938153527e-15 8.006265993852793e-11
293 8.037086501484251e-11 1.794805595941351e-15 8.037589389014647e-11
294 8.06852977455396e-11 1.8043400801377304e-15 8.069035333556533e-11
295 8.100096062278407e-11 1.8139252140474145e-15 8.100604306944725e-11
296 8.131785845924482e-11 1.8235612667351486e-15 8.132296790521506e-11
297 8.163599608641894e-11 1.83324850869501e-15 8.16411326751237e-11
298 8.195537835470562e-11 1.8429872118580137e-15 8.196054223033437e-11
299 8.227601013348015e-11 1.852777649599743e-15 8.228120144098826e-11
300 8.259789631116814e-11 1.8626200967480257e-15 8.260311519628103e-11
301 8.292104179532004e-11 1.8725148295906483e-15 8.292628840453727e-11
302 8.324545151268601e-11 1.8824621258831115e-15 8.32507259932854e-11
303 8.357113040929095e-11 1.892462264856426e-15 8.35764329093327e-11
304 8.389808345051e-11 1.902515527224953e-15 8.390341411884081e-11
305 8.422631562114419e-11 1.9126221951942825e-15 8.423167460740152e-11
306 8.455583192549644e-11 1.922782552469155e-15 8.45612193801126e-11
307 8.488663738744786e-11 1.9329968842614276e-15 8.489205346165439e-11
308 8.521873705053438e-11 1.9432654772980766e-15 8.522418189636611e-11
309 8.555213597802359e-11 1.9535886198292488e-15 8.555760974832305e-11
310 8.588683925299234e-11 1.9639666016363642e-15 8.589234210141398e-11
311 8.622285197840278e-11 1.974399714040205e-15 8.622838405941732e-11
312 8.656017927718233e-11 1.9848882499091604e-15 8.656574074608105e-11
313 8.689882629230031e-11 1.9954325036674026e-15 8.690441730519948e-11
314 8.723879818684674e-11 2.0060327713031626e-15 8.724441890069193e-11
315 8.758010014411109e-11 2.0166893503770414e-15 8.758575071668162e-11
316 8.792273736766123e-11 2.0274025400303594e-15 8.792841795757458e-11
317 8.826671508142283e-11 2.0381726409935558e-15 8.82724258481391e-11
318 8.861203852975899e-11 2.04899995559463e-15 8.861777963358538e-11
319 8.895871297755016e-11 2.0598847877676276e-15 8.896448457964546e-11
320 8.930674371027445e-11 2.0708274430611726e-15 8.931254597265356e-11
321 8.96561360340882e-11 2.081828228647045e-15 8.96619691196267e-11
322 9.00068952759069e-11 2.092887453328802e-15 9.001275934834561e-11
323 9.035902678348635e-11 2.1040054275504485e-15 9.03649220074359e-11
324 9.071253592550462e-11 2.1151824634051616e-15 9.071846246645013e-11
325 9.106742809164241e-11 2.126418874644005e-15 9.107338611594806e-11
326 9.14237086926674e-11 2.1377149766848062e-15 9.142969836758118e-11
327 9.178138316051532e-11 2.1490710866209654e-15 9.178740465417368e-11
328 9.214045694837312e-11 2.160487523230366e-15 9.214651042980566e-11
329 9.250093553076206e-11 2.1719646069843246e-15 9.250702116989636e-11
330 9.28628244036213e-11 2.1835026600565874e-15 9.28689423712876e-11
331 9.322612908439153e-11 2.1951020063323724e-15 9.32322795523276e-11
332 9.359085511209923e-11 2.2067629714174614e-15 9.35970382529551e-11
333 9.3957008047441e-11 2.2184858826473413e-15 9.396322403478393e-11
334 9.432459347286847e-11 2.230271069096393e-15 9.433084248118775e-11
335 9.46936169926733e-11 2.2421188615871255e-15 9.469989919738508e-11
336 9.506408423307269e-11 2.2540295926994676e-15 9.507039981052504e-11
337 9.543600084229509e-11 2.266003596780099e-15 9.544234996977289e-11
338 9.580937249066643e-11 2.278041209951839e-15 9.581575534639633e-11
339 9.618420487069643e-11 2.2901427701230797e-15 9.619062163385187e-11
340 9.65605036971659e-11 2.3023086169972854e-15 9.65669545478721e-11
341 9.693827470721225e-11 2.3145390920824785e-15 9.694475982655135e-11
342 9.731752366041926e-11 2.326834538700899e-15 9.732404323043537e-11
343 9.769825633890346e-11 2.339195301998594e-15 9.77048105426077e-11
344 9.808047854740253e-11 2.351621728955119e-15 9.808706756877828e-11
345 9.84641961133639e-11 2.364114168393275e-15 9.847082013737187e-11
346 9.884941488703355e-11 2.3766729709889045e-15 9.8856074099617e-11
347 9.923614074154522e-11 2.389298489280732e-15 9.924283532963525e-11
348 9.962437957300996e-11 2.401991077680262e-15 9.963110972453064e-11
349 1.0001413730060599e-10 2.4147510924817263e-15 1.0002090320447974e-10
350 1.0040541986666899e-10 2.427578891872087e-15 1.0041222171282177e-10
351 1.0079823323678267e-10 2.44047483594109e-15 1.0080507121614942e-10
352 1.0119258339986973e-10 2.453439286691375e-15 1.0119945770439969e-10
353 1.0158847636828316e-10 2.466472608048634e-15 1.0159538719094526e-10
354 1.0198591817789835e-10 2.4795751658718444e-15 1.0199286571268658e-10
355 1.0238491488820339e-10 2.49274732796348e-15 1.0239189933014236e-10
356 1.0278547258239405e-10 2.5059894640799235e-15 1.0279249412754433e-10
357 1.0318759736746473e-10 2.5193019459417853e-15 1.0319465621292843e-10
358 1.0359129537430214e-10 2.5326851472443564e-15 1.0359839171822843e-10
359 1.0399657275777862e-10 2.546139443668096e-15 1.0400370679936932e-10
360 1.0440343569684609e-10 2.5596652128891764e-15 1.044106076363612e-10
361 1.0481189039463018e-10 2.5732628345900868e-15 1.0481910043339354e-10
362 1.0522194307852487e-10 2.586932690470292e-15 1.0522919141892981e-10
363 1.0563360000028737e-10 2.6006751642569435e-15 1.0564088684580239e-10
364 1.060468674361335e-10 2.6144906417156552e-15 1.0605419299130797e-10
365 1.0646175168683335e-10 2.628379510661331e-15 1.0646911615730328e-10
366 1.068782590778073e-10 2.642342160969047e-15 1.0688566267030106e-10
367 1.0729639595922255e-10 2.6563789845850033e-15 1.0730383888156674e-10
368 1.0771616870608983e-10 2.6704903755375196e-15 1.0772365116721504e-10
369 1.0813758371836068e-10 2.6846767299481015e-15 1.0814510592830746e-10
370 1.0856064742102545e-10 2.6989384460425687e-15 1.0856820959095006e-10
371 1.0898536626420945e-10 2.713275924162181e-15 1.0899296860638995e-10
372 1.0941174672327398e-10 2.727689566774959e-15 1.0941938945111604e-10
373 1.0983979529891329e-10 2.742179778486929e-15 1.0984747862695628e-10
374 1.1026951851725407e-10 2.7567469660534873e-15 1.1027724266117705e-10
375 1.1070092292995504e-10 2.771391538390827e-15 1.107086881065828e-10
376 1.111340151143068e-10 2.7861139065874125e-15 1.1114182154161597e-10
377 1.1156880167333206e-10 2.800914483915516e-15 1.1157664957045724e-10
378 1.1200528923588638e-10 2.8157936858428234e-15 1.1201317882312622e-10
379 1.1244348445675923e-10 2.8307519300440983e-15 1.1245141595558271e-10
380 1.128833940167754e-10 2.8457896364128997e-15 1.12891367649828e-10
381 1.1332502462289689e-10 2.860907227073374e-15 1.133330406140068e-10
382 1.1376838300832517e-10 2.876105126392104e-15 1.1377644158250967e-10
383 1.1421347593260386e-10 2.8913837609900202e-15 1.1422157731607555e-10
384 1.1466031018172215e-10 2.906743559754391e-15 1.1466845460189534e-10
385 1.1510889256821655e-10 2.9221849538508036e-15 1.1511708025371363e-10
386 1.1555922993127742e-10 2.937708376735356e-15 1.1556746111193529e-10
387 1.1601132913685143e-10 2.9533142641667656e-15 1.1601960404372794e-10
388 1.1646519707774673e-10 2.9690030542186157e-15 1.1647351594312715e-10
389 1.1692084067373803e-10 2.984775187291654e-15 1.1692920373114162e-10
390 1.17378266871672e-10 3.000631106126151e-15 1.1738667435585855e-10
391 1.1783748264557338e-10 3.0165712558143346e-15 1.178459347925498e-10
392 1.182984949967511e-10 3.0325960838128783e-15 1.1830699204377794e-10
393 1.1876131095390518e-10 3.0487060399554646e-15 1.1876985313950342e-10
394 1.1922593757323382e-10 3.064901576465415e-15 1.1923452513719158e-10
395 1.1969238193854094e-10 3.081183147968378e-15 1.1970101512192012e-10
396 1.2016065116134431e-10 3.0975512115050947e-15 1.201693302064874e-10
397 1.2063075238098388e-10 3.1140062265442313e-15 1.2063947753152073e-10
398 1.2110269276473055e-10 3.1305486549952682e-15 1.2111146426558528e-10
399 1.2157647950789567e-10 3.1471789612214767e-15 1.215852976052935e-10
400 1.2205211983394103e-10 3.1638976120529648e-15 1.2206098477541515e-10
401 1.2252962099458708e-10 3.180705076799712e-15 1.2253853302898567e-10
402 1.230089902699265e-10 3.1976018272648522e-15 1.230179496474197e-10
403 1.2349023496853316e-10 3.2145883377578443e-15 1.234992419406201e-10
404 1.2397336242757408e-10 3.2316650851078046e-15 1.2398241724708982e-10
405 1.2445838001292126e-10 3.2488325486768936e-15 1.244674829340441e-10
406 1.2494529511926396e-10 3.266091210373768e-15 1.2495444639752241e-10
407 1.254341151702216e-10 3.2834415546671158e-15 1.254433150625016e-10
408 1.2592484761845668e-10 3.3008840685992486e-15 1.2593409638300883e-10
409 1.2641749994578864e-10 3.3184192417997752e-15 1.2642679784223546e-10
410 1.269120796633078e-10 3.33604756649935e-15 1.2692142695265093e-10
411 1.2740859431148996e-10 3.3537695375434853e-15 1.274179912561176e-10
412 1.2790705146031124e-10 3.3715856524064443e-15 1.2791649832400547e-10
413 1.2840745870936362e-10 3.3894964112052073e-15 1.2841695575730778e-10
414 1.2890982368797126e-10 3.407502316713525e-15 1.289193711867574e-10
415 1.2941415405530476e-10 3.4256038743759613e-15 1.294237522729412e-10
416 1.2992045750050106e-10 3.4438015923221933e-15 1.2993010670641977e-10
417 1.3042874174277854e-10 3.4620959813811964e-15 1.3043844220784284e-10
418 1.309390145315553e-10 3.4804875550956075e-15 1.309487665280674e-10
419 1.314512836465673e-10 3.4989768297361376e-15 1.314610874482759e-10
420 1.3196555689798684e-10 3.5175643243160634e-15 1.3197541278009494e-10
421 1.3248184212654187e-10 3.5362505606058015e-15 1.3249175036571437e-10
422 1.3300014720363532e-10 3.555036063147548e-15 1.3301010807800688e-10
423 1.3352048003146527e-10 3.57392135927001e-15 1.3353049382064805e-10
424 1.3404284854314525e-10 3.592906979103202e-15 1.3405291552823682e-10
425 1.3456726070282538e-10 3.611993455593329e-15 1.3457738116641646e-10
426 1.3509372450581368e-10 3.6311813245177525e-15 1.351038987319963e-10
427 1.3562224797869798e-10 3.650471124500022e-15 1.3563247625307333e-10
428 1.361528391794683e-10 3.6698633970249975e-15 1.3616312178915474e-10
429 1.3668550619763976e-10 3.689358686454056e-15 1.3669584343128092e-10
430 1.372202571543764e-10 3.708957540040381e-15 1.372306493021492e-10
431 1.377571002026128e-10 3.728660507944252e-15 1.377675475562357e-10
432 1.3829604352718167e-10 3.748468143248606e-15 1.3830654637992284e-10
433 1.388370953449365e-10 3.768381001974485e-15 1.3884765399162197e-10
434 1.393802639048774e-10 3.788399643096661e-15 1.3939087864189942e-10
435 1.3992555748827672e-10 3.808524628559331e-15 1.3993622861360212e-10
436 1.4047298440880545e-10 3.8287565232918836e-15 1.4048371222198383e-10
437 1.4102255301265994e-10 3.849095895224766e-15 1.4103333781483224e-10
438 1.4157427167868913e-10 3.869543315305426e-15 1.4158511377259604e-10
439 1.4212814881852225e-10 3.890099357514329e-15 1.421390485085127e-10
440 1.426841928766972e-10 3.910764598881082e-15 1.4269515046873685e-10
441 1.4324241233078915e-10 3.931539619500624e-15 1.432534281324691e-10
442 1.4380281569153988e-10 3.952425002549516e-15 1.4381389001208521e-10
443 1.4436541150298755e-10 3.973421334302303e-15 1.4437654465326598e-10
444 1.449302083425974e-10 3.994529204148001e-15 1.4494140063512814e-10
445 1.4549721482139042e-10 4.0157492046065524e-15 1.4550846657035282e-10
446 1.4606643958407793e-10 4.0370819313455855e-15 1.4607775110532036e-10
447 1.4663789130919117e-10 4.0585279831970526e-15 1.4664926292023983e-10
448 1.4721157870921416e-10 4.080087962174062e-15 1.472230107292821e-10
449 1.4778751053071653e-10 4.101762473487774e-15 1.477990032807125e-10
450 1.4836569555448688e-10 4.123552125564393e-15 1.4837724935702438e-10
451 1.4894614259566664e-10 4.1454575300622425e-15 1.48957757775073e-10
452 1.4952886050388445e-10 4.167479301888939e-15 1.4954053738620993e-10
453 1.5011385816339115e-10 4.189618059218652e-15 1.5012559707641803e-10
454 1.5070114449319517e-10 4.2118744235094555e-15 1.50712945766447e-10
455 1.5129072844719856e-10 4.2342490195207756e-15 1.5130259241194947e-10
456 1.5188261901433343e-10 4.2567424753309226e-15 1.5189454600361727e-10
457 1.5247682521869908e-10 4.279355422354732e-15 1.5248881556731893e-10
458 1.5307335611969952e-10 4.302088495361275e-15 1.5308541016423703e-10
459 1.5367222081218162e-10 4.324942332491692e-15 1.536843388910064e-10
460 1.5427342842657445e-10 4.347917575277118e-15 1.5428561087985367e-10
461 1.5487698812902583e-10 4.371014868656601e-15 1.548892352987337e-10
462 1.5548290912154603e-10 4.39423486099535e-15 1.554952213514734e-10
463 1.560912006421454e-10 4.417578204102837e-15 1.5610357827790944e-10
464 1.5670187196497591e-10 4.441045553251117e-15 1.5671431535402977e-10
465 1.5731493240047257e-10 4.46463756719323e-15 1.5732744189211525e-10
466 1.5793039129549532e-10 4.488354908181681e-15 1.5794296724088134e-10
467 1.5854825803347158e-10 4.512198241987039e-15 1.585609007856208e-10
468 1.591685420345393e-10 4.536168237916624e-15 1.5918125194834705e-10
469 1.5979125275569054e-10 4.560265568833293e-15 1.5980403018793744e-10
470 1.6041639969091576e-10 4.58449091117433e-15 1.6042924500027765e-10
471 1.6104399237134844e-10 4.608844944970433e-15 1.610569059184066e-10
472 1.6167404036541048e-10 4.633328353864803e-15 1.6168702251266166e-10
473 1.6230655327895803e-10 4.657941825132339e-15 1.623196043908247e-10
474 1.6294154075542866e-10 4.682686049698948e-15 1.6295466119826918e-10
475 1.6357901247598567e-10 4.707561722160842e-15 1.635922026181046e-10
476 1.6421897815966976e-10 4.732569540804196e-15 1.6423223837132817e-10
477 1.6486144756354443e-10 4.757710207624632e-15 1.6487477821697033e-10
478 1.655064304828455e-10 4.782984428346966e-15 1.655198319522443e-10
479 1.6615393675113047e-10 4.8083929124450084e-15 1.6616740941269538e-10
480 1.6680397624042832e-10 4.833936373161486e-15 1.668175204723511e-10
481 1.6745655886139017e-10 4.859615527528056e-15 1.6747017504387156e-10
482 1.6811169456344024e-10 4.885431096385443e-15 1.6812538307870073e-10
483 1.6876939333492766e-10 4.911383804403666e-15 1.6878315456721818e-10
484 1.6942966520327866e-10 4.937474380102384e-15 1.694434995388914e-10
485 1.7009252023514957e-10 4.963703555871347e-15 1.701064280624288e-10
486 1.7075796853658015e-10 4.990072067990954e-15 1.7077195024593312e-10
487 1.7142602025314774e-10 5.01658065665292e-15 1.7144007623705567e-10
488 1.7209668557012203e-10 5.0432300659810555e-15 1.7211081622315107e-10
489 1.7276997471262017e-10 5.070021044052155e-15 1.7278418043143255e-10
490 1.7344589794576348e-10 5.096954342917023e-15 1.7346017912912858e-10
491 1.7412446557483112e-10 5.124030718621473e-15 1.7413882262363668e-10
492 1.748056879454215e-10 5.151250931227722e-15 1.7482012126268494e-10
493 1.7548957544360698e-10 5.178615744835606e-15 1.7550408543448656e-10
494 1.7617613849609324e-10 5.206125927604068e-15 1.761907255678996e-10
495 1.7686538757037788e-10 5.23378225177271e-15 1.7688005213258539e-10
496 1.775573331749104e-10 5.261585493683484e-15 1.7757207563916867e-10
497 1.7825198585925207e-10 5.289536433802466e-15 1.7826680663939748e-10
498 1.78949356214237e-10 5.317635856741783e-15 1.789642557263043e-10
499 1.7964945487213346e-10 5.345884551281628e-15 1.7966443353436762e-10
500 1.8035229250680615e-10 5.3742833103924035e-15 1.8036735073967385e-10
501 1.8105787983387878e-10 5.40283293125698e-15 1.8107301806008038e-10
502 1.8176622761089745e-10 5.431534215293079e-15 1.8178144625537874e-10
503 1.8247734663749484e-10 5.460387968175765e-15 1.8249264612745917e-10
504 1.8319124775555537e-10 5.489394999860087e-15 1.8320662852047535e-10
505 1.8390794184937765e-10 5.518556124603708e-15 1.8392340432100752e-10
506 1.8462743984584495e-10 5.547872160989931e-15 1.846429844582324e-10
507 1.853497527145886e-10 5.5773439319505565e-15 1.8536537990408716e-10
508 1.8607489146815628e-10 5.606972264789027e-15 1.8609060167343755e-10
509 1.8680286716217964e-10 5.636757991203634e-15 1.8681866082424547e-10
510 1.8753369089554298e-10 5.666701947310869e-15 1.87549568457738e-10
511 1.8826737381055251e-10 5.6968049736689034e-15 1.882833357185765e-10
512 1.890039270931062e-10 5.7270679153011735e-15 1.8901997379502662e-10
513 1.897433619728642e-10 5.7574916217201034e-15 1.8975949391912875e-10
514 1.9048568972342026e-10 5.7880769469509545e-15 1.9050190736686953e-10
515 1.9123092166247345e-10 5.8188247495558e-15 1.9124722545835366e-10
516 1.919790691520007e-10 5.849735892657614e-15 1.919954595579765e-10
517 1.9273014359843025e-10 5.88081124396452e-15 1.927466210745974e-10
518 1.9348415645281527e-10 5.912051675794132e-15 1.9350072146171381e-10
519 1.942411192110086e-10 5.943458065098046e-15 1.9425777221763566e-10
520 1.95001043413838e-10 5.975031293486462e-15 1.950177848856609e-10
521 1.9576394064728287e-10 6.0067722472529536e-15 1.9578077105425217e-10
522 1.9652982254264778e-10 6.038681817399232e-15 1.9654674235721066e-10
523 1.9729870077674447e-10 6.070760899660338e-15 1.9731571047385782e-10
524 1.9807058707206677e-10 6.103010394529664e-15 1.980876871292106e-10
525 1.988454931969701e-10 6.135431207284262e-15 1.9886268409416084e-10
526 1.9962343096585094e-10 6.16802424801026e-15 1.9964071318565512e-10
527 2.004044122393268e-10 6.200790431628397e-15 2.0042178626687437e-10
528 2.0118844892441728e-10 6.233730677919724e-15 2.0120591524741538e-10
529 2.0197555297472544e-10 6.266845911551407e-15 2.0199311208347202e-10
530 2.0276573639062003e-10 6.3001370621026894e-15 2.0278338877801764e-10
531 2.035590112194186e-10 6.33360506409099e-15 2.0357675738098822e-10
532 2.0435538955557108e-10 6.367250856998131e-15 2.0437322998946601e-10
533 2.0515488354084413e-10 6.40107538529671e-15 2.05172818747864e-10
534 2.0595750536450637e-10 6.435079598476618e-15 2.0597553584811124e-10
535 2.0676326726351498e-10 6.469264451071719e-15 2.0678139352983935e-10
536 2.075721815226989e-10 6.5036309026865125e-15 2.0759040408056605e-10
537 2.0838426047495122e-10 6.538179918023274e-15 2.084025798358874e-10
538 2.0919951650141385e-10 6.572912466909002e-15 2.092179331796627e-10
539 2.1001796203166705e-10 6.607829524322672e-15 2.1003647654420395e-10
540 2.1083960954391904e-10 6.642932070422611e-15 2.1085822241046576e-10
541 2.1166447156519617e-10 6.6782210905739985e-15 2.1168318330823533e-10
542 2.1249256067153393e-10 6.713697575376546e-15 2.1251137181632376e-10
543 2.1332388948816863e-10 6.749362520692283e-15 2.1334280056275757e-10
544 2.1415847068973007e-10 6.785216927673534e-15 2.141774822249718e-10
545 2.1499631700043457e-10 6.821261802791004e-15 2.1501542953000278e-10
546 2.1583744119427907e-10 6.857498157862038e-15 2.1585665525468248e-10
547 2.1668185609523584e-10 6.8939270100790235e-15 2.1670117222583317e-10
548 2.1752957457744811e-10 6.930549382037947e-15 2.1754899332046336e-10
549 2.1838060956542617e-10 6.967366301767094e-15 2.1840013146596376e-10
550 2.1923497403424457e-10 7.004378802755913e-15 2.192545996403047e-10
551 2.2009268100974075e-10 7.041587923984055e-15 2.2011241087223472e-10
552 2.2095374356871016e-10 7.0789947099503974e-15 2.209735782414758e-10
553 2.2181817483911084e-10 7.116600210702585e-15 2.218381148789282e-10
554 2.2268598800026014e-10 7.15440548186636e-15 2.2270603396686697e-10
555 2.2355719628303648e-10 7.192411584675225e-15 2.2357734873914405e-10
556 2.2443181297008103e-10 7.230619586000237e-15 2.244520724813898e-10
557 2.2530985139600038e-10 7.269030558379963e-15 2.253302185312161e-10
558 2.2619132494756963e-10 7.307645580050568e-15 2.2621180027841906e-10
559 2.2707624706393666e-10 7.346465734976102e-15 2.2709683116518374e-10
560 2.2796463123682693e-10 7.385492112878919e-15 2.2798532468628892e-10
561 2.2885649101074923e-10 7.424725809270267e-15 2.288772943893129e-10
562 2.2975183998320212e-10 7.464167925481038e-15 2.2977275387484008e-10
563 2.3065069180488131e-10 7.503819568692692e-15 2.3067171679666835e-10
564 2.3155306017988777e-10 7.543681851968326e-15 2.3157419686201743e-10
565 2.3245895886593756e-10 7.583755894283969e-15 2.3248020783173864e-10
566 2.3336840167456785e-10 7.62404282055982e-15 2.33389763520521e-10
567 2.342814024713531e-10 7.664543761692078e-15 2.3430287779710767e-10
568 2.351979751761129e-10 7.705259854584529e-15 2.352195645845038e-10
569 2.361181337631247e-10 7.746192242180479e-15 2.3613983786018915e-10
570 2.3704189226133735e-10 7.787342073494868e-15 2.37063711656332e-10
571 2.379692647545847e-10 7.828710503646502e-15 2.3799120006000295e-10
572 2.3890026538180037e-10 7.87029869389048e-15 2.389223172133891e-10
573 2.398349083372334e-10 7.912107811650807e-15 2.3985707731401055e-10
574 2.4077320787066455e-10 7.954139030553146e-15 2.407954946149365e-10
575 2.4171517828762364e-10 7.996393530457776e-15 2.4173758342500265e-10
576 2.4266083394960756e-10 8.038872497492706e-15 2.426833581090293e-10
577 2.436101892742994e-10 8.08157712408697e-15 2.4363283308804055e-10
578 2.4456325873578805e-10 8.124508609004106e-15 2.445860228394841e-10
579 2.455200568647891e-10 8.167668157375799e-15 2.4554294189745227e-10
580 2.4648059824886603e-10 8.211056980735715e-15 2.465036048529032e-10
581 2.4744489753265417e-10 8.254676297053556e-15 2.4746802635388473e-10
582 2.4841296941807934e-10 8.298527330769059e-15 2.4843622110575347e-10
583 2.493848286645886e-10 8.34261131282666e-15 2.494082038714055e-10
584 2.503604900893707e-10 8.386929480709838e-15 2.503839894714969e-10
585 2.5133996856758343e-10 8.431483078475924e-15 2.513635927846711e-10
586 2.5232327903258027e-10 8.476273356791006e-15 2.5234702874778593e-10
587 2.5331043647613803e-10 8.521301572965052e-15 2.533343123561411e-10
588 2.5430145594868534e-10 8.56656899098718e-15 2.5432545866370666e-10
589 2.5529635255953237e-10 8.612076881561166e-15 2.553204827833533e-10
590 2.562951414771008e-10 8.657826522141093e-15 2.5631939988708195e-10
591 2.5729783792915564e-10 8.703819196967231e-15 2.573222252062559e-10
592 2.5830445720303676e-10 8.750056197102064e-15 2.583289740318326e-10
593 2.593150146458924e-10 8.796538820466549e-15 2.5933966171459677e-10
594 2.603295256649141e-10 8.843268371876593e-15 2.6035430366539607e-10
595 2.6134800572756737e-10 8.890246163079483e-15 2.6137291535537127e-10
596 2.6237047036183374e-10 8.937473512791e-15 2.623955123161989e-10
597 2.6339693515644347e-10 8.984951746732256e-15 2.634221101403237e-10
598 2.644274157611141e-10 9.03268219766693e-15 2.644527244811976e-10
599 2.654619278867893e-10 9.080666205438709e-15 2.6548737105351827e-10
600 2.66500487305878e-10 9.128905117008879e-15 2.665260656334687e-10
601 2.6754310985249523e-10 9.177400286494144e-15 2.6756882405895816e-10
602 2.685898114227034e-10 9.226153075204633e-15 2.686156622298632e-10
603 2.696406079747546e-10 9.275164851682122e-15 2.696665961082705e-10
604 2.70695515529334e-10 9.324436991738439e-15 2.7072164171872e-10
605 2.7175455016980397e-10 9.37397087849409e-15 2.717808151484496e-10
606 2.7281772804244954e-10 9.423767902417093e-15 2.728441325476402e-10
607 2.738850653567242e-10 9.473829461361989e-15 2.7391161012966203e-10
608 2.749565783854974e-10 9.524156960609103e-15 2.7498326417132186e-10
609 2.7603228346530247e-10 9.574751812903979e-15 2.7605911101311147e-10
610 2.771121969965856e-10 9.62561543849704e-15 2.771391670594565e-10
611 2.7819633544395723e-10 9.676749265183511e-15 2.782234487789679e-10
612 2.7928471533643845e-10 9.728154728343286e-15 2.793119727046886e-10
613 2.8037735326771973e-10 9.779833270981536e-15 2.8040475543435215e-10
614 2.8147426589640946e-10 9.831786343769005e-15 2.8150181363063163e-10
615 2.825754699462891e-10 9.88401540508279e-15 2.826031640213948e-10
616 2.8368098220656805e-10 9.936521921047268e-15 2.8370882339995883e-10
617 2.847908195321397e-10 9.989307365575268e-15 2.8481880862534714e-10
618 2.8590499884383834e-10 1.0042373220409423e-14 2.8593313662254535e-10
619 2.870235371286972e-10 1.0095720975163785e-14 2.870518243827608e-10
620 2.8814645144020736e-10 1.014935212736563e-14 2.8817488896368033e-10
621 2.892737588985779e-10 1.0203268182497494e-14 2.8930234748973126e-10
622 2.904054766909969e-10 1.0257470654039446e-14 2.904342171523423e-10
623 2.915416220718931e-10 1.0311961063511543e-14 2.9157051521020534e-10
624 2.926822123632007e-10 1.0366740940516643e-14 2.927112589895405e-10
625 2.9382726495461847e-10 1.042181182278307e-14 2.938564658843549e-10
626 2.9497679730388184e-10 1.047717525620815e-14 2.950061533567156e-10
627 2.961308269370246e-10 1.0532832794901366e-14 2.961603389370107e-10
628 2.972893714486471e-10 1.0588786001228046e-14 2.9731904022421834e-10
629 2.984524485021846e-10 1.0645036445853218e-14 2.984822748861745e-10
630 2.9962007583017647e-10 1.0701585707785692e-14 2.9965006065984286e-10
631 3.007922712345367e-10 1.0758435374422408e-14 3.008224153515851e-10
632 3.0196905258682513e-10 1.0815587041592963e-14 3.0199935683743244e-10
633 3.0315043782852007e-10 1.0873042313604436e-14 3.0318090306335825e-10
634 3.0433644497129176e-10 1.093080280328641e-14 3.043670720455519e-10
635 3.05527092097277e-10 1.0988870132036241e-14 3.0555788187069304e-10
636 3.067223973593548e-10 1.1047245929864587e-14 3.0675335069622793e-10
637 3.079223789814233e-10 1.1105931835441146e-14 3.07953496750646e-10
638 3.0912705525867743e-10 1.116492949614068e-14 3.091583383337581e-10
639 3.1033644455788785e-10 1.1224240568089225e-14 3.103678938169751e-10
640 3.115505653176811e-10 1.1283866716210612e-14 3.115821816435885e-10
641 3.127694360488219e-10 1.1343809614273248e-14 3.1280122032905286e-10
642 3.139930753344904e-10 1.1404070944936854e-14 3.1402502846126284e-10
643 3.1522150183057286e-10 1.1464652399800074e-14 3.152536247008445e-10
644 3.164547342659413e-10 1.1525555679447712e-14 3.164870277814347e-10
645 3.1769279144274013e-10 1.1586782493498528e-14 3.1772525650996807e-10
646 3.18935692236673e-10 1.1648334560653236e-14 3.189683297669638e-10
647 3.2018345559729033e-10 1.1710213608742746e-14 3.202162665068137e-10
648 3.2143610054827834e-10 1.1772421374776653e-14 3.2146908575807085e-10
649 3.2269364618774916e-10 1.1834959604992016e-14 3.2272680662374005e-10
650 3.23956111688532e-10 1.1897830054902379e-14 3.2398944828156936e-10
651 3.2522351629846515e-10 1.196103448934702e-14 3.2525702998434217e-10
652 3.2649587934069007e-10 1.2024574682540533e-14 3.265295710601709e-10
653 3.277732202139452e-10 1.2088452418122591e-14 3.278070909127916e-10
654 3.2905555839286254e-10 1.2152669489208054e-14 3.2908960902186044e-10
655 3.303429134282652e-10 1.221722769843734e-14 3.3037714494325143e-10
656 3.316353049474605e-10 1.2282128858026774e-14 3.3166971830934953e-10
657 3.329327526545473e-10 1.2347374789819856e-14 3.3296734882935804e-10
658 3.342352763307106e-10 1.2412967325338132e-14 3.34270056289594e-10
659 3.3554289583452513e-10 1.2478908305832688e-14 3.3557786055379103e-10
660 3.368556311022576e-10 1.254519958233581e-14 3.368907815634022e-10
661 3.3817350214817085e-10 1.2611843015712974e-14 3.3820883933790434e-10
662 3.3949652906482906e-10 1.2678840476715063e-14 3.3953205397510334e-10
663 3.408247320234038e-10 1.2746193846030875e-14 3.408604456514402e-10
664 3.42158131273982e-10 1.2813905014339942e-14 3.421940346222995e-10
665 3.434967471458743e-10 1.2881975882365581e-14 3.435328412223174e-10
666 3.4484060004792514e-10 1.2950408360928257e-14 3.448768858656923e-10
667 3.46189710468824e-10 1.3019204370999219e-14 3.4622618904649613e-10
668 3.4754409897741765e-10 1.3088365843754426e-14 3.475807713389865e-10
669 3.489037862230238e-10 1.3157894720628763e-14 3.48940653397921e-10
670 3.5026879293574594e-10 1.3227792953370522e-14 3.503058559588716e-10
671 3.516391399267894e-10 1.3298062504096218e-14 3.516763998385413e-10
672 3.530148480887799e-10 1.33687053453457e-14 3.530523059350828e-10
673 3.5439593839607673e-10 1.3439723460137273e-14 3.544335952284116e-10
674 3.5578243190510066e-10 1.3511118842023767e-14 3.5582028878053407e-10
675 3.571743497546497e-10 1.3582893495148233e-14 3.572124077358638e-10
676 3.585717131662225e-10 1.3655049434300258e-14 3.586099733215446e-10
677 3.599745434443419e-10 1.3727588684972524e-14 3.6001300684777464e-10
678 3.613828619768801e-10 1.3800513283417673e-14 3.614215297081314e-10
679 3.627966902353842e-10 1.3873825276705459e-14 3.6283556337989776e-10
680 3.64216049775404e-10 1.3947526722780214e-14 3.642551294243896e-10
681 3.6564096223682043e-10 1.4021619690518615e-14 3.656802494872847e-10
682 3.6707144934417564e-10 1.4096106259787771e-14 3.671109452989528e-10
683 3.6850753290700395e-10 1.4170988521503584e-14 3.6854723867478675e-10
684 3.6994923482016463e-10 1.424626857768947e-14 3.6998915151553547e-10
685 3.713965770641771e-10 1.4321948541535422e-14 3.714367058076394e-10
686 3.7284958170554995e-10 1.4398030537457026e-14 3.728899236235596e-10
687 3.743082708971267e-10 1.447451670115557e-14 3.743488271221235e-10
688 3.7577266687841707e-10 1.455140917967766e-14 3.7581343854885657e-10
689 3.7724279197593803e-10 1.4628710131475606e-14 3.7728378023632374e-10
690 3.7871866860355377e-10 1.4706421726467967e-14 3.78759874604469e-10
691 3.8020031926281774e-10 1.4784546146100504e-14 3.8024174416095807e-10
692 3.816877665433156e-10 1.4863085583407395e-14 3.817294115015213e-10
693 3.8318103312300965e-10 1.4942042243072786e-14 3.8322289931029814e-10
694 3.8468014176858444e-10 1.5021418341492704e-14 3.8472223036018344e-10
695 3.861851153357941e-10 1.5101216106837252e-14 3.8622742751317434e-10
696 3.876959767698107e-10 1.5181437779113176e-14 3.877385137207193e-10
697 3.89212749105574e-10 1.5262085610226717e-14 3.892555120240677e-10
698 3.907354554681428e-10 1.5343161864046853e-14 3.9077844555462147e-10
699 3.9226411907304744e-10 1.5424668816468832e-14 3.923073375342877e-10
700 3.937987632266437e-10 1.5506608755478057e-14 3.9384221127583296e-10
701 3.953394113264681e-10 1.5588983981214325e-14 3.9538309018323854e-10
702 3.968860868615965e-10 1.5671796806036473e-14 3.969299977520595e-10
703 3.984388134129954e-10 1.5755049554586933e-14 3.984829575697754e-10
704 3.9999761465389144e-10 1.5838744563857527e-14 4.0004199331616115e-10
705 4.0156251435012575e-10 1.5922884183254703e-14 4.0160712876364055e-10
706 4.0313353636051784e-10 1.600747077466559e-14 4.0317838777765113e-10
707 4.047107046372295e-10 1.6092506712524275e-14 4.047557943170073e-10
708 4.0629404322612976e-10 1.6177994383878487e-14 4.063393724342667e-10
709 4.078835762671618e-10 1.6263936188456566e-14 4.079291462760961e-10
710 4.0947932799471084e-10 1.635033453873487e-14 4.0952514008364036e-10
711 4.1108132273797354e-10 1.6437191860005454e-14 4.111273781928914e-10
712 4.1268958492132903e-10 1.6524510590444175e-14 4.1273588503506014e-10
713 4.1430413906471127e-10 1.661229318117913e-14 4.1435068513694825e-10
714 4.1592500978398285e-10 1.6700542096359458e-14 4.1597180312132263e-10
715 4.1755222179131213e-10 1.6789259813224604e-14 4.175992637072926e-10
716 4.1918579989554305e-10 1.6878448822173496e-14 4.1923309171068e-10
717 4.208257690025835e-10 1.6968111626834983e-14 4.2087331204440767e-10
718 4.224721541157786e-10 1.705825074413779e-14 4.2251994971887284e-10
719 4.2412498033629316e-10 1.714886870438121e-14 4.2417302984233007e-10
720 4.257842728634947e-10 1.7239968051306182e-14 4.258325776212742e-10
721 4.2745005699533753e-10 1.733155134216665e-14 4.274986183608247e-10
722 4.291223581287484e-10 1.742362114780138e-14 4.2917117746511154e-10
723 4.3080120176001377e-10 1.7516180052706126e-14 4.3085028043766273e-10
724 4.324866134851685e-10 1.7609230655106153e-14 4.3253595288179307e-10
725 4.341786190003863e-10 1.7702775567029204e-14 4.3422822050099496e-10
726 4.358772441023711e-10 1.7796817414378797e-14 4.3592710909932983e-10
727 4.375825146887506e-10 1.7891358837007953e-14 4.376326445818221e-10
728 4.3929445675847114e-10 1.798640248879329e-14 4.3934485295485386e-10
729 4.4101309641219407e-10 1.808195103770953e-14 4.4106376032656204e-10
730 4.4273845985269343e-10 1.8178007165904372e-14 4.427893929072356e-10
731 4.444705733852559e-10 1.8274573569773808e-14 4.445217770097165e-10
732 4.4620946341808335e-10 1.8371652960037907e-14 4.462609390498016e-10
733 4.479551564626882e-10 1.846924806181649e-14 4.4800690554663895e-10
734 4.497076791343087e-10 1.8567361614706243e-14 4.4975970312314284e-10
735 4.514670581523072e-10 1.8665996372857217e-14 4.515193585063926e-10
736 4.5323332034057967e-10 1.8765155105050246e-14 4.532858985280419e-10
737 4.550064926279643e-10 1.886484059477465e-14 4.55059350124728e-10
738 4.567866020486523e-10 1.8965055640306404e-14 4.568397403384829e-10
739 4.5857367574260014e-10 1.9065803054786648e-14 4.5862709631714485e-10
740 4.603677409559429e-10 1.9167085666300685e-14 4.6042144531477316e-10
741 4.6216882504141027e-10 1.9268906317957365e-14 4.622228146920636e-10
742 4.6397695545874306e-10 1.9371267867968873e-14 4.6403123191676545e-10
743 4.657921597751122e-10 1.9474173189730988e-14 4.658467245641006e-10
744 4.676144656655388e-10 1.957762517190372e-14 4.676693203171839e-10
745 4.694439009133183e-10 1.9681626718492533e-14 4.694990469674475e-10
746 4.71280493410436e-10 1.9786180748929397e-14 4.713359324150567e-10
747 4.73124271158004e-10 1.9891290198155412e-14 4.731800046693471e-10
748 4.749752622666807e-10 1.999695801670277e-14 4.750312918492442e-10
749 4.768334949571008e-10 2.0103187170777652e-14 4.768898221836937e-10
750 4.786989975603061e-10 2.020998064234353e-14 4.787556240120925e-10
751 4.805717985181767e-10 2.0317341429204843e-14 4.806287257847204e-10
752 4.824519263838656e-10 2.0425272545091182e-14 4.825091560631744e-10
753 4.843394098222332e-10 2.0533777019741853e-14 4.843969435208041e-10
754 4.862342776102847e-10 2.0642857898990962e-14 4.862921169431489e-10
755 4.881365586376089e-10 2.0752518244852874e-14 4.881947052283768e-10
756 4.900462819068185e-10 2.08627611356082e-14 4.901047373877258e-10
757 4.919634765339922e-10 2.0973589665890202e-14 4.920222425459455e-10
758 4.938881717491189e-10 2.1085006946771634e-14 4.939472499417414e-10
759 4.958203968965429e-10 2.1197016105852112e-14 4.958797889282216e-10
760 4.977601814354121e-10 2.1309620287345897e-14 4.978198889733432e-10
761 4.997075549401262e-10 2.1422822652170128e-14 4.997675796603626e-10
762 5.0166254710079e-10 2.153662637803372e-14 5.017228906882887e-10
763 5.036251877236583e-10 2.1651034659526053e-14 5.036858518723268e-10
764 5.05595506731602e-10 2.1766050708207375e-14 5.056564931443464e-10
765 5.075735341645564e-10 2.188167775269847e-14 5.07634844553329e-10
766 5.095593001799812e-10 2.1997919038771415e-14 5.096209362658288e-10
767 5.115528350533204e-10 2.211477782944071e-14 5.116147985664325e-10
768 5.135541691784637e-10 2.2232257405054817e-14 5.136164618582207e-10
769 5.155633330682099e-10 2.235036106338832e-14 5.156259566632327e-10
770 5.175803573547325e-10 2.2469092119734426e-14 5.176433136229309e-10
771 5.19605272790046e-10 2.2588453906998085e-14 5.196685634986682e-10
772 5.216381102464756e-10 2.270844977578951e-14 5.217017371721579e-10
773 5.236789007171269e-10 2.282908309451824e-14 5.237428656459438e-10
774 5.257276753163596e-10 2.2950357249487723e-14 5.257919800438736e-10
775 5.277844652802629e-10 2.307227564499046e-14 5.278491116115749e-10
776 5.29849301967124e-10 2.3194841703403076e-14 5.299142917169241e-10
777 5.319222168579184e-10 2.331805886528316e-14 5.319875518505369e-10
778 5.340032415567819e-10 2.3441930589465323e-14 5.340689236262403e-10
779 5.360924077914941e-10 2.3566460353158425e-14 5.361584387815569e-10
780 5.381897474139624e-10 2.3691651652043196e-14 5.382561291781885e-10
781 5.402952924007076e-10 2.3817508000370336e-14 5.403620268025026e-10
782 5.424090748533512e-10 2.3944032931059183e-14 5.424761637660196e-10
783 5.445311269991051e-10 2.407122999579688e-14 5.445985723059026e-10
784 5.466614811912628e-10 2.419910276513807e-14 5.4672928478545e-10
785 5.488001699096929e-10 2.4327654828605155e-14 5.488683336945874e-10
786 5.509472257613337e-10 2.4456889794789e-14 5.510157516503644e-10
787 5.531026814806912e-10 2.4586811291450302e-14 5.531715713974514e-10
788 5.552665699303371e-10 2.4717422965621332e-14 5.553358258086388e-10
789 5.574389241014111e-10 2.4848728483708424e-14 5.575085478853393e-10
790 5.59619777114123e-10 2.4980731531594812e-14 5.596897707580901e-10
791 5.618091622182575e-10 2.5113435814744097e-14 5.618795276870584e-10
792 5.640071127936845e-10 2.5246845058304476e-14 5.640778520625514e-10
793 5.662136623508576e-10 2.5380963007212664e-14 5.662847774055158e-10
794 5.684288445313394e-10 2.55157934262999e-14 5.685003373680628e-10
795 5.706526931083056e-10 2.5651340100397095e-14 5.707245657339728e-10
796 5.728852419870612e-10 2.5787606834441154e-14 5.729574964192122e-10
797 5.751265252055584e-10 2.5924597453581838e-14 5.751991634724507e-10
798 5.773765769349149e-10 2.6062315803289106e-14 5.774496010755805e-10
799 5.796354314799353e-10 2.6200765749461086e-14 5.797088435442383e-10
800 5.819031232796338e-10 2.6339951178532574e-14 5.819769253283275e-10
801 5.841796869077595e-10 2.647987599758416e-14 5.842538810125448e-10
802 5.864651570733234e-10 2.662054413445185e-14 5.865397453169063e-10
803 5.887595686211276e-10 2.67619595378374e-14 5.888345530972782e-10
804 5.910629565322967e-10 2.6904126177419083e-14 5.911383393459076e-10
805 5.933753559248132e-10 2.704704804396333e-14 5.934511391919588e-10
806 5.956968020540437e-10 2.7190729149436127e-14 5.957729879020396e-10
807 5.980273303132903e-10 2.7335173527116533e-14 5.981039208807529e-10
808 6.003669762343211e-10 2.748038523170931e-14 6.004439736712277e-10
809 6.027157754879145e-10 2.7626368339458897e-14 6.027931819556638e-10
810 6.050737638844023e-10 2.7773126948263826e-14 6.051515815558749e-10
811 6.074409773742161e-10 2.7920665177791738e-14 6.075192084338352e-10
812 6.098174520484356e-10 2.8068987169595067e-14 6.098960986922291e-10
813 6.122032241393384e-10 2.8218097087227244e-14 6.122822885749998e-10
814 6.14598330020953e-10 2.836799911635964e-14 6.146778144679036e-10
815 6.170028062096125e-10 2.851869746489899e-14 6.170827128990639e-10
816 6.194166893645123e-10 2.867019636310557e-14 6.194970205395289e-10
817 6.218400162882684e-10 2.882250006371191e-14 6.219207742038302e-10
818 6.242728239274786e-10 2.897561284204219e-14 6.243540108505448e-10
819 6.26715149373286e-10 2.9129538996132246e-14 6.267967675828583e-10
820 6.291670298619442e-10 2.9284282846850236e-14 6.292490816491315e-10
821 6.316285027753852e-10 2.943984873801788e-14 6.317109904434668e-10
822 6.340996056417922e-10 2.9596241036532644e-14 6.341825315062832e-10
823 6.365803761361606e-10 2.9753464132489593e-14 6.366637425248768e-10
824 6.390708520808889e-10 2.9911522439305644e-14 6.391546613340118e-10
825 6.415710714463441e-10 3.0070420393842794e-14 6.416553259164874e-10
826 6.440810723514441e-10 3.0230162456532824e-14 6.441657744037188e-10
827 6.46600893064238e-10 3.039075311150251e-14 6.466860450763192e-10
828 6.491305720024902e-10 3.055219686669952e-14 6.492161763646842e-10
829 6.516701477342657e-10 3.071449825401893e-14 6.517562068495761e-10
830 6.542196589785183e-10 3.0877661829430426e-14 6.543061752627147e-10
831 6.567791446056809e-10 3.1041692173106246e-14 6.568661204873661e-10
832 6.593486436382583e-10 3.120659388954969e-14 6.594360815589361e-10
833 6.619281952514219e-10 3.137237160772444e-14 6.62016097665566e-10
834 6.645178387736068e-10 3.153902998118443e-14 6.6460620814873e-10
835 6.671176136871147e-10 3.1706573688204705e-14 6.67206452503838e-10
836 6.697275596287045e-10 3.1875007431912e-14 6.698168703808262e-10
837 6.723477163902131e-10 3.2044335940417857e-14 6.724375015847794e-10
838 6.749781239191511e-10 3.221456396695062e-14 6.750683860765265e-10
839 6.77618822319315e-10 3.2385696289989055e-14 6.777095639732525e-10
840 6.802698518513978e-10 3.255773771339646e-14 6.803610755491107e-10
841 6.829312529336036e-10 3.273069306655553e-14 6.830229612358364e-10
842 6.856030661422634e-10 3.290456720450394e-14 6.856952616233641e-10
843 6.882853322124541e-10 3.3079365008070606e-14 6.883780174604463e-10
844 6.909780920386191e-10 3.3255091384012713e-14 6.910712696552746e-10
845 6.936813866751919e-10 3.3431751265153426e-14 6.937750592761039e-10
846 6.963952573372224e-10 3.360934961052039e-14 6.964894275518788e-10
847 6.99119745401005e-10 3.3787891405484926e-14 6.992144158728622e-10
848 7.018548924047092e-10 3.396738166190196e-14 7.019500657912663e-10
849 7.046007400490135e-10 3.4147825418250725e-14 7.046964190218871e-10
850 7.073573301977403e-10 3.432922773977621e-14 7.074535174427392e-10
851 7.101247048784952e-10 3.4511593718631313e-14 7.102214030956961e-10
852 7.1290290628331e-10 3.469492847402e-14 7.130001181871329e-10
853 7.156919767692743e-10 3.487923715234023e-14 7.15789705088559e-10
854 7.184919588591992e-10 3.506452492732958e-14 7.185902063372818e-10
855 7.213028952422535e-10 3.5250797000209695e-14 7.214016646370435e-10
856 7.241248287746177e-10 3.5438058599832485e-14 7.242241228586754e-10
857 7.269578024801376e-10 3.562631498282693e-14 7.270576240407516e-10
858 7.298018595509795e-10 3.5815571433746606e-14 7.299022113902455e-10
859 7.326570433482898e-10 3.6005833265218055e-14 7.327579282831892e-10
860 7.355233974028552e-10 3.619710581808988e-14 7.356248182653333e-10
861 7.384009654157667e-10 3.6389394461582697e-14 7.385029250528133e-10
862 7.412897912590861e-10 3.6582704593439864e-14 7.413922925328148e-10
863 7.441899189765143e-10 3.677704164007898e-14 7.442929647642432e-10
864 7.471013927840635e-10 3.6972411056744204e-14 7.472049859783955e-10
865 7.50024257070734e-10 3.7168818327659624e-14 7.501284005796384e-10
866 7.529585563991786e-10 3.7366268966182365e-14 7.530632531460729e-10
867 7.559043355064006e-10 3.7564768514958554e-14 7.560095884302317e-10
868 7.588616393044238e-10 3.776432254607817e-14 7.589674513597514e-10
869 7.618305128809797e-10 3.796493666123159e-14 7.619368870380589e-10
870 7.648110015001957e-10 3.816661649186685e-14 7.649179407450604e-10
871 7.678031506032846e-10 3.836936769934776e-14 7.679106579378312e-10
872 7.708070058092375e-10 3.857319597511277e-14 7.709150842513094e-10
873 7.738226129155195e-10 3.877810704083477e-14 7.739312654989915e-10
874 7.76850017898768e-10 3.898410664858173e-14 7.76959247673632e-10
875 7.798892669154936e-10 3.9191200580978083e-14 7.799990769479435e-10
876 7.829404063027833e-10 3.939939465136713e-14 7.830507996753015e-10
877 7.86003482579008e-10 3.960869470397419e-14 7.861144623904518e-10
878 7.890785424445307e-10 3.981910661407067e-14 7.891901118102199e-10
879 7.921656327824191e-10 4.003063628813895e-14 7.922777948342221e-10
880 7.952648006591604e-10 4.024328966403824e-14 7.953775585455835e-10
881 7.983760933253784e-10 4.0457072711171235e-14 7.984894502116534e-10
882 8.014995582165577e-10 4.0671991430651884e-14 8.01613517284731e-10
883 8.046352429537538e-10 4.0888051855473015e-14 8.047498074027755e-10
884 8.077831953443381e-10 4.1105260050676944e-14 8.078983683901522e-10
885 8.109434633827146e-10 4.132362211352491e-14 8.110592482583489e-10
886 8.141160952510543e-10 4.1543144173668423e-14 8.142324952067114e-10
887 8.173011393200301e-10 4.176383239332131e-14 8.174181576231785e-10
888 8.20498644149554e-10 4.198569296743273e-14 8.206162840850201e-10
889 8.237086584895177e-10 4.220873212386105e-14 8.238269233595772e-10
890 8.269312312805359e-10 4.24329561235487e-14 8.270501244050075e-10
891 8.301664116546922e-10 4.265837126069786e-14 8.302859363710303e-10
892 8.334142489362881e-10 4.2884983862947214e-14 8.335344085996764e-10
893 8.366747926425956e-10 4.311280029154955e-14 8.367955906260417e-10
894 8.399480924846114e-10 4.3341826941550273e-14 8.40069532179041e-10
895 8.432341983678155e-10 4.357207024196702e-14 8.433562831821678e-10
896 8.465331603929349e-10 4.38035366559703e-14 8.466558937542584e-10
897 8.498450288566942e-10 4.403623268106397e-14 8.499684142102427e-10
898 8.531698542526027e-10 4.427016484926909e-14 8.53293895061932e-10
899 8.565076872717106e-10 4.4505339727306314e-14 8.566323870187762e-10
900 8.598585788033854e-10 4.4741763916780424e-14 8.599839409886395e-10
901 8.632225799360876e-10 4.4979444054365744e-14 8.633486080785779e-10
902 8.665997419581498e-10 4.5218386811992316e-14 8.66726439595618e-10
903 8.699901163585583e-10 4.5458598897033277e-14 8.701174870475397e-10
904 8.733937548277386e-10 4.5700087052493096e-14 8.735218021436616e-10
905 8.768107092583432e-10 4.5942858057196903e-14 8.769394367956298e-10
906 8.802410317460426e-10 4.618691872598072e-14 8.803704431182095e-10
907 8.836847745903199e-10 4.64322759098828e-14 8.838148734300798e-10
908 8.871419902952682e-10 4.667893649633592e-14 8.872727802546315e-10
909 8.906127315703906e-10 4.6926907409360747e-14 8.907442163207682e-10
910 8.940970513314043e-10 4.717619560976017e-14 8.942292345637107e-10
911 8.975950027010473e-10 4.7426808095314725e-14 8.977278881258041e-10
912 9.01106639009888e-10 4.7678751900979e-14 9.012402303573281e-10
913 9.046320137971425e-10 4.793203409907943e-14 9.047663148173148e-10
914 9.081711808114756e-10 4.8186661799511704e-14 9.083061952743501e-10
915 9.117241940118427e-10 4.844264214994195e-14 9.118599257074168e-10
916 9.152911075682976e-10 4.869998233600636e-14 9.154275603067017e-10
917 9.188719758628222e-10 4.895868958151313e-14 9.190091534744276e-10
918 9.224668534901555e-10 4.921877114864522e-14 9.22604759825681e-10
919 9.260757952586258e-10 4.948023433816428e-14 9.262144341892467e-10
920 9.29698856190987e-10 4.97430864896155e-14 9.298382316084429e-10
921 9.333360915252565e-10 5.000733498153372e-14 9.334762073419614e-10
922 9.369875567155582e-10 5.027298723165048e-14 9.371284168647095e-10
923 9.406533074329675e-10 5.054005069710232e-14 9.40794915868657e-10
924 9.443333995663601e-10 5.0808532874640036e-14 9.444757602636845e-10
925 9.480278892232648e-10 5.1078441300839204e-14 9.48171006178438e-10
926 9.517368327307213e-10 5.134978355231189e-14 9.518807099611857e-10
927 9.554602866361253e-10 5.16225672459184e-14 9.556049281806654e-10
928 9.591983077081124e-10 5.1896800038982584e-14 9.593437176269677e-10
929 9.629509529374089e-10 5.217248962950579e-14 9.630971353123877e-10
930 9.667182795377042e-10 5.244964375638317e-14 9.668652384722988e-10
931 9.705003449465235e-10 5.2728270199620976e-14 9.706480845660249e-10
932 9.74297206826103e-10 5.300837678055488e-14 9.74445731277717e-10
933 9.781089230642695e-10 5.32899713620696e-14 9.782582365172325e-10
934 9.819355517753226e-10 5.357306184881958e-14 9.820856584210195e-10
935 9.857771513009208e-10 5.385765618745087e-14 9.859280553530023e-10
936 9.896337802109717e-10 5.414376236682426e-14 9.897854859054722e-10
937 9.935054973045232e-10 5.443138841823943e-14 9.936580088999804e-10
938 9.973923616106623e-10 5.4720542415660495e-14 9.975456833882361e-10
939 1.001294432389413e-09 5.5011232475942613e-14 1.0014485686530062e-09
940 1.005211769132641e-09 5.530346675905981e-14 1.0053667242090197e-09
941 1.0091444315649608e-09 5.559725346833411e-14 1.0093002098038758e-09
942 1.0130924796446448e-09 5.589260085066569e-14 1.0132490854189545e-09
943 1.017055973564544e-09 5.618951719676485e-14 1.0172134112703361e-09
944 1.0210349737529866e-09 5.648801084138333e-14 1.0211932478097025e-09
945 1.025029540874726e-09 5.6788090163550265e-14 1.0251886557252837e-09
946 1.0290397358318486e-09 5.708976358680611e-14 1.0291996959427683e-09
947 1.0330656197647055e-09 5.739303957943937e-14 1.0332264296262353e-09
948 1.037107254052847e-09 5.769792665472441e-14 1.0372689181790874e-09
949 1.0411647003159553e-09 5.800443337116029e-14 1.0413272232449875e-09
950 1.0452380204147867e-09 5.831256833271117e-14 1.0454014067087995e-09
951 1.0493272764521132e-09 5.862234018904769e-14 1.0494915306975307e-09
952 1.05343253077367e-09 5.893375763578989e-14 1.0535976575812805e-09
953 1.0575538459691056e-09 5.924682941475123e-14 1.0577198499741919e-09
954 1.061691284872936e-09 5.956156431418396e-14 1.0618581707354037e-09
955 1.065844910565504e-09 5.987797116902596e-14 1.0660126829700138e-09
956 1.070014786373943e-09 6.019605886114891e-14 1.070183450030042e-09
957 1.0742009758731272e-09 6.051583631960636e-14 1.07437053551538e-09
958 1.0784035428866655e-09 6.08373125208864e-14 1.0785740032747894e-09
959 1.0826225514878582e-09 6.116049648916221e-14 1.0827939174068542e-09
960 1.0868580660006777e-09 6.148539729654585e-14 1.0870303422609665e-09
961 1.0911101510007494e-09 6.18120240633428e-14 1.0912833424383057e-09
962 1.0953788713163359e-09 6.214038595830805e-14 1.0955529827928246e-09
963 1.099664292029326e-09 6.247049219890344e-14 1.0998393284322383e-09
964 1.1039664784762263e-09 6.280235205155644e-14 1.1041424447190172e-09
965 1.1082854962491575e-09 6.313597483192019e-14 1.1084623972713835e-09
966 1.1126214111968552e-09 6.347136990513512e-14 1.112799251964313e-09
967 1.1169742894256724e-09 6.380854668609173e-14 1.1171530749305379e-09
968 1.1213441973005886e-09 6.414751463969495e-14 1.1215239325615585e-09
969 1.1257312014462213e-09 6.448828328112977e-14 1.1259118915086524e-09
970 1.1301353687478413e-09 6.483086217612838e-14 1.1303170186838922e-09
971 1.134556766352393e-09 6.517526094123869e-14 1.1347393812611678e-09
972 1.1389954616695182e-09 6.552148924409429e-14 1.1391790466772081e-09
973 1.1434515223725876e-09 6.58695568036861e-14 1.143636082632616e-09
974 1.1479250163997153e-09 6.62194733906339e-14 1.1481105570928819e-09
975 1.1524160119548214e-09 6.657124882746261e-14 1.1526025382894472e-09
976 1.156924577508654e-09 6.692489298887674e-14 1.1571120947207286e-09
977 1.1614507817998366e-09 6.728041580203771e-14 1.161639295153164e-09
978 1.165994693835918e-09 6.763782724684282e-14 1.1661842086222653e-09
979 1.1705563828944226e-09 6.799713735620512e-14 1.170746904433668e-09
980 1.175135918523908e-09 6.835835621633525e-14 1.1753274521641906e-09
981 1.1797333705450239e-09 6.87214939670244e-14 1.179925921662893e-09
982 1.1843488090515779e-09 6.908656080192905e-14 1.184542383052145e-09
983 1.1889823044116039e-09 6.945356696885713e-14 1.1891769067286937e-09
984 1.1936339272684342e-09 6.98225227700556e-14 1.1938295633647376e-09
985 1.1983037485417776e-09 7.019343856249972e-14 1.1985004239090039e-09
986 1.2029918394288046e-09 7.056632475818415e-14 1.2031895595878374e-09
987 1.2076982714052138e-09 7.094119182441361e-14 1.2078970419062644e-09
988 1.212423116226351e-09 7.131805028409917e-14 1.2126229426491156e-09
989 1.2171664459282838e-09 7.169691071605195e-14 1.2173673338820988e-09
990 1.2219283328289043e-09 7.207778375528057e-14 1.2221302879529048e-09
991 1.2267088495290315e-09 7.246068009328957e-14 1.2269118774923093e-09
992 1.2315080689135195e-09 7.284561047837971e-14 1.2317121754152816e-09
993 1.236326064152367e-09 7.32325857159495e-14 1.2365312549220965e-09
994 1.2411629087018346e-09 7.362161666879863e-14 1.241369189499451e-09
995 1.2460186763055623e-09 7.401271425743281e-14 1.2462260529215834e-09
996 1.250893440995697e-09 7.440588946037047e-14 1.2511019192514014e-09
997 1.2557872770940183e-09 7.48011533144508e-14 1.2559968628416085e-09
998 1.2607002592130734e-09 7.519851691514358e-14 1.2609109583358407e-09
999 1.2656324622573144e-09 7.559799141686074e-14 1.2658442806698036e-09
1000 1.2705839614242394e-09 7.599958803326937e-14 1.270796905072415e-09
1001 1.27555483220554e-09 7.640331803760656e-14 1.275768907066953e-09
1002 1.2805451503882519e-09 7.680919276299578e-14 1.280760362472207e-09
1003 1.285554992055915e-09 7.721722360276554e-14 1.2857713474036408e-09
1004 1.290584433589714e-09 7.762742201076747e-14 1.2908019382745317e-09
1005 1.2956335516696726e-09 7.803979950170033e-14 1.2958522117971658e-09
1006 1.3007024232758026e-09 7.845436765143163e-14 1.3009222449839898e-09
1007 1.3057911256892828e-09 7.887113809732297e-14 1.3060121151487895e-09
1008 1.3108997364936366e-09 7.929012253855665e-14 1.311121899907868e-09
1009 1.3160283335759155e-09 7.97113327364642e-14 1.3162516771812308e-09
1010 1.3211769951278868e-09 8.013478051485646e-14 1.3214015251937746e-09
1011 1.3263457996472246e-09 8.056047776035547e-14 1.3265715224764791e-09
1012 1.3315348259387077e-09 8.098843642272815e-14 1.3317617478676046e-09
1013 1.3367441531154206e-09 8.14186685152218e-14 1.3369722805138959e-09
1014 1.34197386059996e-09 8.185118611490126e-14 1.3422031998717882e-09
1015 1.3472240281256447e-09 8.228600136298794e-14 1.3474545857086191e-09
1016 1.3524947357377385e-09 8.272312646520113e-14 1.3527265181038516e-09
1017 1.3577860637946465e-09 8.316257369209873e-14 1.358019077450272e-09
1018 1.3630980929691755e-09 8.360435537942451e-14 1.3633323444552502e-09
1019 1.3684309042497395e-09 8.404848392845249e-14 1.3686664001419476e-09
1020 1.3737845789416025e-09 8.449497180633565e-14 1.3740213258505602e-09
1021 1.3791591986681157e-09 8.494383154645564e-14 1.379397203239556e-09
1022 1.384554845371964e-09 8.539507574877491e-14 1.3847941142869244e-09
1023 1.3899716013164141e-09 8.584871708019022e-14 1.3902121412914234e-09
1024 1.395409549086569e-09 8.63047682748882e-14 1.3956513668738358e-09
1025 1.4008687715906268e-09 8.676324213470287e-14 1.4011118739782292e-09
1026 1.406349352061146e-09 8.722415152947508e-14 1.4065937458732226e-09
1027 1.4118513740563123e-09 8.76875093974136e-14 1.412097066153253e-09
1028 1.4173749214612148e-09 8.815332874545842e-14 1.4176219187398532e-09
1029 1.4229200784891236e-09 8.862162264964593e-14 1.4231683878829324e-09
1030 1.4284869296827738e-09 8.909240425547576e-14 1.428736558162057e-09
1031 1.4340755599156554e-09 8.956568677828003e-14 1.4343265144877453e-09
1032 1.439686054393306e-09 9.004148350359423e-14 1.4399383421027603e-09
1033 1.4453184986546164e-09 9.051980778753055e-14 1.445572126583415e-09
1034 1.4509729785731118e-09 9.1000673057151e-14 1.4512279538408557e-09
1035 1.4566495803582949e-09 9.148409281084712e-14 1.4569059101224067e-09
1036 1.462348390556938e-09 9.197008061871703e-14 1.4626060820128622e-09
1037 1.468069496054408e-09 9.245865012294686e-14 1.4683285564358134e-09
1038 1.473812984075991e-09 9.294981503819356e-14 1.4740734206549734e-09
1039 1.479578942188222e-09 9.34435891519701e-14 1.4798407622755087e-09
1040 1.4853674583002204e-09 9.393998632503229e-14 1.4856306692453752e-09
1041 1.4911786206650301e-09 9.443902049176799e-14 1.4914432298566592e-09
1042 1.4970125178809647e-09 9.494070566058824e-14 1.497278532746925e-09
1043 1.5028692388929587e-09 9.544505591432047e-14 1.5031366669005657e-09
1044 1.508748872993923e-09 9.595208541060381e-14 1.5090177216501608e-09
1045 1.5146515098261077e-09 9.646180838228657e-14 1.514921786677839e-09
1046 1.520577239382473e-09 9.697423913782626e-14 1.520848952016652e-09
1047 1.526526152008038e-09 9.748939206168908e-14 1.5267993080519226e-09
1048 1.5324983384012947e-09 9.800728161475698e-14 1.5327729455226603e-09
1049 1.5384938896155658e-09 9.852792233473138e-14 1.538769955522922e-09
1050 1.5445128970604002e-09 9.905132883654191e-14 1.5447904295032055e-09
1051 1.5505554525029649e-09 9.957751581275649e-14 1.5508344592718454e-09
1052 1.5566216480694457e-09 1.0010649803399391e-13 1.556902136996413e-09
1053 1.562711576246451e-09 1.0063829034933847e-13 1.562993555205123e-09
1054 1.5688253298824218e-09 1.0117290768675664e-13 1.5691088067882428e-09
1055 1.574963002189048e-09 1.0171036505351629e-13 1.5752479849995109e-09
1056 1.5811246867426883e-09 1.0225067753660784e-13 1.581411183457559e-09
1057 1.5873104774857984e-09 1.0279386030316786e-13 1.5875984961473392e-09
1058 1.5935204687283623e-09 1.0333992860090477e-13 1.593810017421558e-09
1059 1.5997547551493298e-09 1.0388889775852682e-13 1.6000458420021158e-09
1060 1.6060134317980612e-09 1.0444078318617246e-13 1.6063060649815493e-09
1061 1.6122965940957755e-09 1.0499560037584291e-13 1.6125907818244853e-09
1062 1.6186043378370057e-09 1.0555336490183702e-13 1.6189000883690948e-09
1063 1.6249367591910656e-09 1.06114092421189e-13 1.6252340808285605e-09
1064 1.6312939547034897e-09 1.0667779867410564e-13 1.6315928557925198e-09
1065 1.6376760212975448e-09 1.0724449948441164e-13 1.6379765102285764e-09
1066 1.6440830562756815e-09 1.0781421075999152e-13 1.644385141483753e-09
1067 1.650515157321024e-09 1.0838694849323668e-13 1.6508188472859833e-09
1068 1.6569724224988592e-09 1.0896272876149432e-13 1.6572777257456012e-09
1069 1.6634549502581329e-09 1.0954156772751886e-13 1.6637618753568391e-09
1070 1.6699628394329492e-09 1.1012348163992549e-13 1.6702713949993283e-09
1071 1.6764961892440784e-09 1.1070848683364639e-13 1.6768063839396077e-09
1072 1.68305509930047e-09 1.1129659973038924e-13 1.683366941832639e-09
1073 1.6896396696007701e-09 1.1188783683909822e-13 1.6899531687233249e-09
1074 1.6962500005348471e-09 1.1248221475641734e-13 1.6965651650480362e-09
1075 1.7028861928853223e-09 1.1307975016715646e-13 1.703203031636143e-09
1076 1.7095483478291123e-09 1.1368045984476018e-13 1.7098668697115598e-09
1077 1.7162365669389448e-09 1.1428436065177618e-13 1.7165567808942615e-09
1078 1.722950952184949e-09 1.1489146954033247e-13 1.7232728672018758e-09
1079 1.7296916059361816e-09 1.155018035526105e-13 1.730015231051209e-09
1080 1.736458630962195e-09 1.161153798213244e-13 1.7367839752598194e-09
1081 1.7432521304346043e-09 1.167322155702018e-13 1.7435792030475797e-09
1082 1.7500722079286598e-09 1.1735232811446736e-13 1.7504010180382569e-09
1083 1.7569189674248268e-09 1.1797573486132884e-13 1.7572495242610894e-09
1084 1.7637925133103702e-09 1.1860245331046564e-13 1.7641248261523745e-09
1085 1.7706929503809462e-09 1.1923250105452012e-13 1.7710270285570608e-09
1086 1.7776203838422007e-09 1.1986589577959154e-13 1.7779562367303496e-09
1087 1.7845749193113725e-09 1.205026552657323e-13 1.7849125563392975e-09
1088 1.7915566628189035e-09 1.2114279738744717e-13 1.7918960934644294e-09
1089 1.7985657208100562e-09 1.2178634011419516e-13 1.7989069546013564e-09
1090 1.8056022001465354e-09 1.2243330151089363e-13 1.805945246662399e-09
1091 1.8126662081081184e-09 1.230836997384257e-13 1.8130110769782199e-09
1092 1.81975785239429e-09 1.2373755305414995e-13 1.8201045532994594e-09
1093 1.8268772411258926e-09 1.2439487981241351e-13 1.8272257837983868e-09
1094 1.8340244828467439e-09 1.2505569846506468e-13 1.8343748770705206e-09
1095 1.8411996865253371e-09 1.2572002756197489e-13 1.8415519421363286e-09
1096 1.8484029615564728e-09 1.2638788575155672e-13 1.848757088442862e-09
1097 1.8556344177629332e-09 1.2705929178128817e-13 1.855990425865433e-09
1098 1.862894165397158e-09 1.277342644982387e-13 1.863252064709288e-09
1099 1.870182315142924e-09 1.2841282284959851e-13 1.870542115711292e-09
1100 1.8774989781170323e-09 1.2909498588321022e-13 1.8778606900416166e-09
1101 1.8848442658710052e-09 1.2978077274810375e-13 1.8852078993054372e-09
1102 1.8922182903927833e-09 1.3047020269503371e-13 1.892583855544635e-09
1103 1.8996211641084348e-09 1.3116329507701975e-13 1.899988671239502e-09
1104 1.90705299988387e-09 1.3186006934989004e-13 1.9074224593104625e-09
1105 1.914513911026561e-09 1.325605450728272e-13 1.914885333119791e-09
1106 1.922004011287277e-09 1.332647419089182e-13 1.9223774064733506e-09
1107 1.9295234148617887e-09 1.3397267962570328e-13 1.9298987936223003e-09
1108 1.9370722363926545e-09 1.346843780957354e-13 1.9374496092648783e-09
1109 1.944650590970938e-09 1.3539985729713498e-13 1.9450299685481247e-09
1110 1.9522585941379704e-09 1.3611913731415158e-13 1.952639987069646e-09
1111 1.9598963618871126e-09 1.3684223833772762e-13 1.9602797808793753e-09
1112 1.9675640106655227e-09 1.3756918066606516e-13 1.967949466481345e-09
1113 1.9752616573759316e-09 1.382999847051957e-13 1.975649160835461e-09
1114 1.9829894193784266e-09 1.3903467096955309e-13 1.983378981359291e-09
1115 1.990747414492238e-09 1.3977326008254907e-13 1.991139045929849e-09
1116 1.998535760997538e-09 1.405157727771527e-13 1.9989294728854005e-09
1117 2.006354577637244e-09 1.4126222989647193e-13 2.006750381027262e-09
1118 2.014203983618826e-09 1.4201265239433884e-13 2.014601889621615e-09
1119 2.022084098616128e-09 1.4276706133589783e-13 2.022484118401325e-09
1120 2.029995042771189e-09 1.4352547789819707e-13 2.030397187567768e-09
1121 2.037936936696078e-09 1.442879233707826e-13 2.0383412177926643e-09
1122 2.04590990147473e-09 1.450544191562964e-13 2.0463163302199167e-09
1123 2.0539140586648026e-09 1.458249867710777e-13 2.0543226464674698e-09
1124 2.061949530299495e-09 1.4659964784576385e-13 2.06236028862913e-09
1125 2.070016438889458e-09 1.4737842412590226e-13 2.0704293792764763e-09
1126 2.078114907424629e-09 1.4816133747255762e-13 2.0785300414606997e-09
1127 2.086245059376117e-09 1.4894840986292653e-13 2.086662398714486e-09
1128 2.0944070186980818e-09 1.497396633909542e-13 2.0948265750539008e-09
1129 2.1026009098296267e-09 1.505351202679548e-13 2.103022694980282e-09
1130 2.1108268576966944e-09 1.513348028232349e-13 2.1112508834821362e-09
1131 2.119084987713972e-09 1.5213873350472022e-13 2.119511266037048e-09
1132 2.127375425786803e-09 1.5294693487958587e-13 2.127803968613591e-09
1133 2.1356982983131073e-09 1.537594296348898e-13 2.136129117673252e-09
1134 2.144053732185307e-09 1.5457624057820968e-13 2.1444868401723603e-09
1135 2.1524418547922633e-09 1.5539739063828296e-13 2.1528772635640176e-09
1136 2.1608627940212245e-09 1.5622290286565161e-13 2.1613005158000606e-09
1137 2.1693166782597437e-09 1.570528004333056e-13 2.169756725332969e-09
1138 2.177803636397687e-09 1.5788710663733855e-13 2.1782460211178838e-09
1139 2.1863237978291637e-09 1.5872584489759824e-13 2.186768532614534e-09
1140 2.1948772924545082e-09 1.5956903875834492e-13 2.195324389789222e-09
1141 2.2034642506822605e-09 1.6041671188891218e-13 2.203913723116808e-09
1142 2.212084803431155e-09 1.6126888808437146e-13 2.212536663582697e-09
1143 2.220739082132115e-09 1.6212559126619994e-13 2.2211933426848387e-09
1144 2.2294272187302573e-09 1.6298684548295196e-13 2.229883892435732e-09
1145 2.238149345686905e-09 1.6385267491093423e-13 2.2386084453644392e-09
1146 2.2469055959816053e-09 1.6472310385488446e-13 2.247367134518607e-09
1147 2.255696103114157e-09 1.6559815674865349e-13 2.256160093466496e-09
1148 2.2645210011066476e-09 1.6647785815589127e-13 2.2649874562990177e-09
1149 2.2733804245054957e-09 1.6736223277073655e-13 2.2738493576317827e-09
1150 2.2822745083835007e-09 1.6825130541850972e-13 2.2827459326071476e-09
1151 2.291203388341905e-09 1.6914510105640992e-13 2.2916773168962824e-09
1152 2.3001672005124593e-09 1.7004364477421566e-13 2.3006436467012384e-09
1153 2.3091660815595085e-09 1.7094696179498977e-13 2.3096450587570318e-09
1154 2.3182001686820373e-09 1.7185507747578406e-13 2.3186816903336954e-09
1155 2.327269599615819e-09 1.7276801730835644e-13 2.3277536792384287e-09
1156 2.3363745126354763e-09 1.7368580691988293e-13 2.336861163817659e-09
1157 2.345515046556601e-09 1.746084720736779e-13 2.3460042829591638e-09
1158 2.3546913407378687e-09 1.7553603866991726e-13 2.35518317609419e-09
1159 2.363903535083164e-09 1.7646853274636558e-13 2.364397983199576e-09
1160 2.373151770043714e-09 1.7740598047910692e-13 2.3736488447998927e-09
1161 2.38243618662023e-09 1.783484081832797e-13 2.3829359019695836e-09
1162 2.3917569263650547e-09 1.7929584231381529e-13 2.392259296335116e-09
1163 2.4011141313843233e-09 1.8024830946618068e-13 2.4016191700771425e-09
1164 2.4105079443401295e-09 1.8120583637712518e-13 2.411015665932671e-09
1165 2.4199385084526987e-09 1.8216844992543064e-13 2.420448927197239e-09
1166 2.4294059675025732e-09 1.8313617713266617e-13 2.4299190977271004e-09
1167 2.438910465832815e-09 1.8410904516394786e-13 2.439426321941431e-09
1168 2.4484521483511644e-09 1.8508708132869672e-13 2.4489707448244896e-09
1169 2.4580311605323104e-09 1.86070313081412e-13 2.4585525119278906e-09
1170 2.467647648420069e-09 1.8705876802243736e-13 2.468171769372783e-09
1171 2.477301758629619e-09 1.880524738987369e-13 2.4778286638520897e-09
1172 2.4869936383497383e-09 1.8905145860467397e-13 2.4875233426327472e-09
1173 2.4967234353450474e-09 1.9005575018279414e-13 2.497255953557947e-09
1174 2.506491297958261e-09 1.9106537682461242e-13 2.507026645049395e-09
1175 2.5162973751124532e-09 1.920803668714047e-13 2.516835566109574e-09
1176 2.526141816313324e-09 1.9310074881500332e-13 2.5266828663240164e-09
1177 2.53602477165148e-09 1.9412655129859657e-13 2.5365686958635833e-09
1178 2.5459463918047254e-09 1.951578031175332e-13 2.5464932054867615e-09
1179 2.555906828040355e-09 1.9619453322013037e-13 2.5564565465419555e-09
1180 2.5659062322174634e-09 1.9723677070848647e-13 2.566458870969802e-09
1181 2.575944756789259e-09 1.9828454483929792e-13 2.5765003313054833e-09
1182 2.5860225548053893e-09 1.993378850246805e-13 2.5865810806810573e-09
1183 2.5961397799142734e-09 2.0039682083299499e-13 2.5967012728277897e-09
1184 2.6062965863654444e-09 2.014613819896771e-13 2.6068610620785035e-09
1185 2.616493129011913e-09 2.0253159837807314e-13 2.617060603369938e-09
1186 2.6267295633124843e-09 2.0360750004027421e-13 2.6273000522450743e-09
1187 2.6370060453341936e-09 2.0468911717796653e-13 2.6375795648555692e-09
1188 2.647322731754642e-09 2.0577648015327447e-13 2.647899297964097e-09
1189 2.6576797798643954e-09 2.0686961948961406e-13 2.6582594089467455e-09
1190 2.668077347569384e-09 2.079685658725498e-13 2.6686600557954244e-09
1191 2.678515593393309e-09 2.0907335015065623e-13 2.6791013971202687e-09
1192 2.6889946764800595e-09 2.1018400333638353e-13 2.6895835921520615e-09
1193 2.699514756596138e-09 2.113005566069283e-13 2.700106800744662e-09
1194 2.7100759941330984e-09 2.1242304130510875e-13 2.710671183377442e-09
1195 2.7206785501099895e-09 2.1355148894024442e-13 2.721276901157738e-09
1196 2.7313225861758214e-09 2.1468593118904192e-13 2.7319241158233144e-09
1197 2.7420082646119863e-09 2.1582639989647935e-13 2.74261298974479e-09
1198 2.752735748334798e-09 2.1697292707670744e-13 2.75334368592818e-09
1199 2.7635052008979337e-09 2.1812554491394342e-13 2.7641163680173373e-09
1200 2.7743167864949354e-09 2.192842857633754e-13 2.774931200296461e-09
1201 2.7851706699617165e-09 2.2044918215207122e-13 2.785788347692603e-09
1202 2.796067016779072e-09 2.2162026677989075e-13 2.7966879757781784e-09
1203 2.8070059930752043e-09 2.2279757252040457e-13 2.8076302507735e-09
1204 2.817987765628253e-09 2.2398113242181609e-13 2.818615339549304e-09
1205 2.8290125018688416e-09 2.2517097970788977e-13 2.8296434096293042e-09
1206 2.8400803698826253e-09 2.2636714777888348e-13 2.8407146291927403e-09
1207 2.8511915384128577e-09 2.275696702124861e-13 2.8518291670769475e-09
1208 2.8623461768629615e-09 2.2877858076476007e-13 2.86298719277993e-09
1209 2.873544455299112e-09 2.2999391337108914e-13 2.8741888764629455e-09
1210 2.8847865444528293e-09 2.3121570214713074e-13 2.885434388953105e-09
1211 2.8960726157235825e-09 2.324439813897738e-13 2.896723901745973e-09
1212 2.9074028411814012e-09 2.336787855781012e-13 2.9080575870081855e-09
1213 2.9187773935695005e-09 2.349201493743583e-13 2.9194356175800797e-09
1214 2.930196446306914e-09 2.361681076249251e-13 2.930858166978324e-09
1215 2.94166017349115e-09 2.3742269536129644e-13 2.9423254093985828e-09
1216 2.953168749900797e-09 2.3868394780105965e-13 2.953837519718119e-09
1217 2.964722350998262e-09 2.399519003488913e-13 2.9653946734985428e-09
1218 2.976321152932395e-09 2.4122658859754546e-13 2.9769970469884296e-09
1219 2.9879653325411903e-09 2.4250804832885477e-13 2.988644817126033e-09
1220 2.9996550673544797e-09 2.437963155147341e-13 3.0003381615419727e-09
1221 3.0113905355966403e-09 2.4509142631819085e-13 3.0120772585619515e-09
1222 3.023171916189311e-09 2.463934170943399e-13 3.0238622872094727e-09
1223 3.034999388754122e-09 2.477023243914242e-13 3.0356934272085707e-09
1224 3.0468731336154314e-09 2.490181849518407e-13 3.0475708589865525e-09
1225 3.0587933318030756e-09 2.5034103571317155e-13 3.0594947636767503e-09
1226 3.070760165055141e-09 2.5167091380922274e-13 3.0714653231212955e-09
1227 3.082773815820687e-09 2.530078565710606e-13 3.0834827198738458e-09
1228 3.0948344672625992e-09 2.543519015280682e-13 3.0955471372024406e-09
1229 3.1069423032603344e-09 2.557030864089934e-13 3.1076587590922494e-09
1230 3.1190975084127368e-09 2.5706144914300897e-13 3.119817770248389e-09
1231 3.1313002680408503e-09 2.5842702786077773e-13 3.1320243560987438e-09
1232 3.143550768190746e-09 2.5979986089552264e-13 3.1442787027967897e-09
1233 3.1558491956363586e-09 2.6117998678410284e-13 3.156580997224438e-09
1234 3.168195737882331e-09 2.625674442680956e-13 3.168931426994882e-09
1235 3.180590583166878e-09 2.639622722948838e-13 3.181330180455464e-09
1236 3.1930339204646528e-09 2.6536451001874904e-13 3.193777446690543e-09
1237 3.2055259394896274e-09 2.667741968019708e-13 3.2062734155243803e-09
1238 3.2180668306979886e-09 2.6819137221593167e-13 3.218818277524039e-09
1239 3.230656785291039e-09 2.6961607604222785e-13 3.231412224002285e-09
1240 3.243295995218113e-09 2.7104834827378584e-13 3.244055447020509e-09
1241 3.255984653179502e-09 2.7248822911598537e-13 3.256748139391655e-09
1242 3.268722952629395e-09 2.7393575898778766e-13 3.269490494683161e-09
1243 3.2815110877788255e-09 2.753909785228703e-13 3.2822827072199136e-09
1244 3.294349253598634e-09 2.7685392857076773e-13 3.295124972087208e-09
1245 3.3072376458224537e-09 2.783246501980195e-13 3.308017485133744e-09
1246 3.32017646094964e-09 2.79803184689317e-13 3.3209604429745514e-09
1247 3.3331658962483483e-09 2.812895735486714e-13 3.3339540429940756e-09
1248 3.346206149758487e-09 2.827838585005726e-13 3.3469984833491343e-09
1249 3.359297420294751e-09 2.8428608149116223e-13 3.360093962971951e-09
1250 3.3724399074496527e-09 2.8579628468941096e-13 3.373240681573191e-09
1251 3.3856338115965635e-09 2.8731451048830205e-13 3.386438839645008e-09
1252 3.398879333892771e-09 2.8884080150602167e-13 3.3996886384641e-09
1253 3.4121766762825455e-09 2.9037520058715523e-13 3.4129902800947856e-09
1254 3.4255260415002174e-09 2.919177508038899e-13 3.426343967392079e-09
1255 3.438927633073269e-09 2.9346849545722354e-13 3.4397499040047873e-09
1256 3.4523816553254526e-09 2.950274780781823e-13 3.4532082943786317e-09
1257 3.465888313379847e-09 2.965947424290357e-13 3.4667193437593106e-09
1258 3.479447813162073e-09 2.981703325045351e-13 3.4802832581957126e-09
1259 3.4930603614033713e-09 2.997542925331417e-13 3.493900244543003e-09
1260 3.506726165643774e-09 3.013466669782705e-13 3.5075705104657963e-09
1261 3.520445434235266e-09 3.0294750053953755e-13 3.5212942644413208e-09
1262 3.534218376344961e-09 3.0455683815401543e-13 3.5350717157626007e-09
1263 3.5480452019582927e-09 3.0617472499749427e-13 3.548903074541647e-09
1264 3.561926121882214e-09 3.0780120648574996e-13 3.5627885517126628e-09
1265 3.575861347748412e-09 3.094363282758191e-13 3.5767283590352634e-09
1266 3.5898510920165357e-09 3.1108013626728066e-13 3.5907227090977036e-09
1267 3.6038955679774336e-09 3.1273267660354435e-13 3.604771815320121e-09
1268 3.617994989756406e-09 3.1439399567314577e-13 3.618875891957792e-09
1269 3.6321495723164693e-09 3.1606414011104895e-13 3.6330351541044e-09
1270 3.646359531461635e-09 3.177431567999552e-13 3.6472498176953183e-09
1271 3.6606250838401984e-09 3.1943109287161917e-13 3.6615200995108997e-09
1272 3.6749464469480407e-09 3.211279957081718e-13 3.6758462171797856e-09
1273 3.689323839131948e-09 3.228339129434507e-13 3.6902283891822278e-09
1274 3.703757479592937e-09 3.245488924643369e-13 3.704666834853419e-09
1275 3.718247588389615e-09 3.262729824121012e-13 3.7191617743868515e-09
1276 3.7327943864414725e-09 3.280062311837482e-13 3.733713428837621e-09
1277 3.747398095532343e-09 3.2974868743338554e-13 3.748322020125884e-09
1278 3.762058938313722e-09 3.3150040007358275e-13 3.762987771040187e-09
1279 3.7767771383081815e-09 3.3326141827674575e-13 3.7777109052408746e-09
1280 3.7915529199127725e-09 3.3503179147649773e-13 3.79249164726351e-09
1281 3.806386508402448e-09 3.368115693690658e-13 3.807330222522288e-09
1282 3.8212781299335e-09 3.3860080191467714e-13 3.822226857313484e-09
1283 3.836228011547004e-09 3.403995393389608e-13 3.837181778818902e-09
1284 3.851236381172283e-09 3.4220783213435773e-13 3.852195215109341e-09
1285 3.866303467630381e-09 3.4402573106153793e-13 3.86726739514807e-09
1286 3.881429500637567e-09 3.458532871508277e-13 3.8823985487943405e-09
1287 3.896614710808779e-09 3.4769055170363433e-13 3.897588906806832e-09
1288 3.911859329661226e-09 3.495375762938973e-13 3.912838700847261e-09
1289 3.9271635896178645e-09 3.513944127695288e-13 3.928148163483853e-09
1290 3.942527724010948e-09 3.532611132538708e-13 3.943517528194909e-09
1291 3.9579519670855936e-09 3.551377301471585e-13 3.958947029372365e-09
1292 3.973436554003347e-09 3.5702431612799094e-13 3.974436902325369e-09
1293 3.9889817208457705e-09 3.5892092415480986e-13 3.989987383283867e-09
1294 4.004587704618041e-09 3.608276074673864e-13 4.005598709402208e-09
1295 4.020254743252567e-09 3.627444195883154e-13 4.021271118762766e-09
1296 4.035983075612609e-09 3.64671414324518e-13 4.037004850379564e-09
1297 4.051772941495929e-09 3.6660864576875197e-13 4.052800144201926e-09
1298 4.067624581638442e-09 3.685561683011303e-13 4.0686572411181364e-09
1299 4.0835382377178895e-09 3.705140365906475e-13 4.084576382959112e-09
1300 4.099514152357519e-09 3.7248230559671423e-13 4.1005578125020924e-09
1301 4.115552569129787e-09 3.744610305707003e-13 4.1166017734743445e-09
1302 4.131653732560075e-09 3.7645026705748535e-13 4.132708510556879e-09
1303 4.147817888130411e-09 3.784500708970182e-13 4.148878269388183e-09
1304 4.164045282283215e-09 3.804604982258844e-13 4.165111296567967e-09
1305 4.180336162425079e-09 3.8248160547888397e-13 4.181407839660945e-09
1306 4.19669077693046e-09 3.8451344939060737e-13 4.197768147200542e-09
1307 4.213109375145577e-09 3.8655608699704024e-13 4.214192468692786e-09
1308 4.2295922073921446e-09 3.88609575637157e-13 4.230681054620049e-09
1309 4.2461395249712015e-09 3.9067397295453175e-13 4.247234156444881e-09
1310 4.262751580166944e-09 3.9274933689895604e-13 4.26385202661385e-09
1311 4.279428626250575e-09 3.9483572572806683e-13 4.28053491856139e-09
1312 4.296170917484163e-09 3.9693319800898085e-13 4.297283086713669e-09
1313 4.312978709124518e-09 3.9904181261993874e-13 4.314096786492469e-09
1314 4.329852257427085e-09 4.011616287519583e-13 4.330976274319082e-09
1315 4.34679181964985e-09 4.0329270591049546e-13 4.347921807618223e-09
1316 4.363797654057279e-09 4.0543510391711736e-13 4.364933644821972e-09
1317 4.380870019924188e-09 4.075888829111725e-13 4.38201204537365e-09
1318 4.398009177539799e-09 4.097541033514923e-13 4.39915726973188e-09
1319 4.4152153882116375e-09 4.11930826018079e-13 4.416369579374485e-09
1320 4.432488914269536e-09 4.141191120138148e-13 4.433649236802502e-09
1321 4.449830019069635e-09 4.163190227661765e-13 4.450996505544188e-09
1322 4.467238966998391e-09 4.1853062002895975e-13 4.468411650159026e-09
1323 4.484716023476617e-09 4.207539658840131e-13 4.485894936241778e-09
1324 4.502261454963523e-09 4.229891227429802e-13 4.5034466304265236e-09
1325 4.5198755289607795e-09 4.2523615334905196e-13 4.521067000390735e-09
1326 4.5375585140165975e-09 4.274951207787277e-13 4.538756314859356e-09
1327 4.555310679729821e-09 4.2976608844358615e-13 4.556514843608906e-09
1328 4.573132296754038e-09 4.3204912009206486e-13 4.5743428574715885e-09
1329 4.5910236368017085e-09 4.343442798112503e-13 4.5922406283394316e-09
1330 4.608984972648303e-09 4.3665163202867614e-13 4.610208429168423e-09
1331 4.627016578136468e-09 4.389712415141329e-13 4.628246533982688e-09
1332 4.6451187281801924e-09 4.4130317338148473e-13 4.646355217878662e-09
1333 4.6632916987690085e-09 4.436474930904985e-13 4.664534757029284e-09
1334 4.68153576697219e-09 4.4600426644868025e-13 4.682785428688218e-09
1335 4.6998512109430035e-09 4.48373559613126e-13 4.701107511194097e-09
1336 4.718238309922869e-09 4.5075543909236785e-13 4.7195012839746885e-09
1337 4.736697344245731e-09 4.5314997174825676e-13 4.7379670275512796e-09
1338 4.7552285953422604e-09 4.555572247978288e-13 4.7565050235428765e-09
1339 4.773832345744159e-09 4.579772658151952e-13 4.775115554670517e-09
1340 4.7925088790884705e-09 4.604101627334385e-13 4.793798904761588e-09
1341 4.811258480121905e-09 4.628559838465198e-13 4.812555358754151e-09
1342 4.830081434705177e-09 4.65314797811196e-13 4.831385202701291e-09
1343 4.8489780298173685e-09 4.677866736489468e-13 4.8502887237754826e-09
1344 4.8679485535603015e-09 4.702716807479128e-13 4.8692662102729654e-09
1345 4.886993295162929e-09 4.727698888648423e-13 4.888317951618146e-09
1346 4.906112544985768e-09 4.752813681270526e-13 4.90744423836803e-09
1347 4.925306594525245e-09 4.778061890343884e-13 4.926645362216576e-09
1348 4.94457573641826e-09 4.803444224612163e-13 4.945921615999273e-09
1349 4.963920264446568e-09 4.828961396584031e-13 4.965273293697509e-09
1350 4.983340473541278e-09 4.854614122553196e-13 4.984700690443092e-09
1351 5.00283665978735e-09 4.880403122618508e-13 5.004204102522749e-09
1352 5.0224091204281094e-09 4.906329120704174e-13 5.023783827382642e-09
1353 5.042058153869779e-09 4.932392844580077e-13 5.0434401636329065e-09
1354 5.061784059686027e-09 4.958595025882207e-13 5.0631734110522086e-09
1355 5.0815871386225355e-09 4.9849364001332e-13 5.082983870592318e-09
1356 5.101467692601587e-09 5.011417706762985e-13 5.1028718443826975e-09
1357 5.121426024726665e-09 5.038039689129536e-13 5.122837635735113e-09
1358 5.141462439287077e-09 5.064803094539743e-13 5.14288154914826e-09
1359 5.1615772417625924e-09 5.09170867427039e-13 5.163003890312408e-09
1360 5.181770738828102e-09 5.118757183589242e-13 5.183204966114067e-09
1361 5.202043238358292e-09 5.145949381776249e-13 5.203485084640668e-09
1362 5.222395049432336e-09 5.173286032144851e-13 5.2238445551852555e-09
1363 5.242826482338615e-09 5.200767902063422e-13 5.244283688251219e-09
1364 5.2633378485794355e-09 5.228395762976793e-13 5.2648027955570205e-09
1365 5.283929460875814e-09 5.256170390427948e-13 5.285402190040972e-09
1366 5.304601633172148e-09 5.284092564079671e-13 5.306082185865928e-09
1367 5.325354680641139e-09 5.312163067736614e-13 5.326843098424204e-09
1368 5.346188919688504e-09 5.340382689367171e-13 5.347685244342299e-09
1369 5.367104667957831e-09 5.368752221125639e-13 5.368608941485752e-09
1370 5.3881022443354104e-09 5.397272459374449e-13 5.389614508963989e-09
1371 5.409181968955108e-09 5.425944204706519e-13 5.410702267135194e-09
1372 5.430344163203237e-09 5.45476826196773e-13 5.431872537611192e-09
1373 5.451589149723463e-09 5.483745440279519e-13 5.453125643262354e-09
1374 5.4729172524217215e-09 5.512876553061589e-13 5.474461908222529e-09
1375 5.494328796471155e-09 5.542162418054745e-13 5.4958816578939835e-09
1376 5.5158241083170965e-09 5.571603857343883e-13 5.517385218952391e-09
1377 5.537403515681953e-09 5.601201697380933e-13 5.538972919351722e-09
1378 5.559067347570339e-09 5.630956769008256e-13 5.560645088329385e-09
1379 5.580815934274003e-09 5.660869907481835e-13 5.582402056411158e-09
1380 5.602649607376883e-09 5.690941952494754e-13 5.6042441554162556e-09
1381 5.624568699760166e-09 5.721173748200772e-13 5.626171718462386e-09
1382 5.646573545607359e-09 5.751566143238015e-13 5.6481850799708395e-09
1383 5.668664480409386e-09 5.7821199907528e-13 5.670284575671582e-09
1384 5.690841840969705e-09 5.812836148423586e-13 5.692470542608384e-09
1385 5.713105965409439e-09 5.843715478485046e-13 5.71474331914396e-09
1386 5.735457193172533e-09 5.874758847752275e-13 5.7371032449651305e-09
1387 5.7578958650309306e-09 5.905967127645114e-13 5.759550661087997e-09
1388 5.7804223230897675e-09 5.937341194212628e-13 5.7820859098631595e-09
1389 5.803036910792588e-09 5.968881928157678e-13 5.804709334980927e-09
1390 5.825739972926579e-09 6.000590214861656e-13 5.827421281476562e-09
1391 5.848531855627833e-09 6.032466944409337e-13 5.850222095735547e-09
1392 5.871412906386618e-09 6.064513011613861e-13 5.873112125498873e-09
1393 5.8943834740526804e-09 6.096729316041853e-13 5.896091719868335e-09
1394 5.91744390884056e-09 6.129116762038674e-13 5.919161229311859e-09
1395 5.940594562334958e-09 6.161676258753843e-13 5.942321005668882e-09
1396 5.963835787495996e-09 6.194408720166423e-13 5.965571402155617e-09
1397 5.9871679386647444e-09 6.227315065110874e-13 5.988912773370582e-09
1398 6.0105913715685314e-09 6.260396217302721e-13 6.012345475299921e-09
1399 6.034106443326384e-09 6.293653105364503e-13 6.03586986532285e-09
1400 6.057713512454477e-09 6.327086662851856e-13 6.059486302217121e-09
1401 6.0814129388716e-09 6.360697828279709e-13 6.083195146164485e-09
1402 6.10520508390464e-09 6.39448754514863e-13 6.1069967587561885e-09
1403 6.129090310294096e-09 6.428456761971315e-13 6.130891502998495e-09
1404 6.1530689821996045e-09 6.46260643229921e-13 6.154879743318216e-09
1405 6.177141465205496e-09 6.496937514749281e-13 6.17896184556828e-09
1406 6.201308126326365e-09 6.531450973030921e-13 6.203138177033302e-09
1407 6.225569334012692e-09 6.56614777597304e-13 6.2274091064352185e-09
1408 6.249925458156362e-09 6.601028897551117e-13 6.251775003938816e-09
1409 6.274376870096453e-09 6.63609531691475e-13 6.276236241157517e-09
1410 6.298923942624796e-09 6.671348018415014e-13 6.300793191158963e-09
1411 6.323567049991688e-09 6.706787991632111e-13 6.325446228470718e-09
1412 6.348306567911594e-09 6.742416231403159e-13 6.3501957290859915e-09
1413 6.373142873568874e-09 6.778233737850114e-13 6.375042070469372e-09
1414 6.3980763456235395e-09 6.814241516407841e-13 6.39998563156258e-09
1415 6.423107364217021e-09 6.850440577852353e-13 6.425026792790257e-09
1416 6.448236310977969e-09 6.886831938329165e-13 6.4501659360657685e-09
1417 6.473463569028065e-09 6.923416619381829e-13 6.475403444797022e-09
1418 6.498789522987869e-09 6.960195647980608e-13 6.500739703892326e-09
1419 6.524214558982681e-09 6.997170056551305e-13 6.526175099766256e-09
1420 6.54973906464843e-09 7.034340883004243e-13 6.551710020345553e-09
1421 6.575363429137581e-09 7.071709170763398e-13 6.57734485507504e-09
1422 6.60108804312507e-09 7.109275968795695e-13 6.603079994923564e-09
1423 6.626913298814258e-09 7.147042331640445e-13 6.6289158323899565e-09
1424 6.652839589942916e-09 7.185009319438957e-13 6.654852761509031e-09
1425 6.678867311789249e-09 7.223177997964333e-13 6.680891177857614e-09
1426 6.704996861177817e-09 7.261549438651218e-13 6.707031478560467e-09
1427 6.7312286364857474e-09 7.300124718626129e-13 6.733274062296522e-09
1428 6.757563037648702e-09 7.338904920737523e-13 6.759619329304843e-09
1429 6.784000466166996e-09 7.377891133586235e-13 6.78606768139076e-09
1430 6.810541325111728e-09 7.417084451556038e-13 6.81261952193201e-09
1431 6.837186019130917e-09 7.456485974844362e-13 6.839275255884874e-09
1432 6.863934954455677e-09 7.496096809493177e-13 6.86603528979037e-09
1433 6.890788538906409e-09 7.535918067420046e-13 6.892900031780449e-09
1434 6.917747181899018e-09 7.575950866449328e-13 6.919869891584217e-09
1435 6.944811294451156e-09 7.616196330343565e-13 6.946945280534197e-09
1436 6.971981289188487e-09 7.656655588835022e-13 6.97412661157259e-09
1437 6.999257580351009e-09 7.69732977765745e-13 7.001414299257618e-09
1438 7.0266405837992535e-09 7.738220038577784e-13 7.028808759769723e-09
1439 7.054130717020796e-09 7.779327519428461e-13 7.056310410918094e-09
1440 7.081728399136513e-09 7.820653374139468e-13 7.083919672146928e-09
1441 7.109434050906991e-09 7.862198762770766e-13 7.111636964541846e-09
1442 7.1372480947389495e-09 7.903964851544874e-13 7.139462710836336e-09
1443 7.165170954691677e-09 7.945952812879588e-13 7.167397335418186e-09
1444 7.193203056483499e-09 7.988163825420899e-13 7.195441264335965e-09
1445 7.221344827498266e-09 8.030599074076082e-13 7.223594925305524e-09
1446 7.24959669679187e-09 8.073259750046953e-13 7.2518587477165214e-09
1447 7.277959095098788e-09 8.116147050863303e-13 7.280233162638965e-09
1448 7.306432454838647e-09 8.159262180416529e-13 7.308718602829806e-09
1449 7.335017210122818e-09 8.202606348993411e-13 7.337315502739523e-09
1450 7.3637137967610324e-09 8.246180773310101e-13 7.366024298518763e-09
1451 7.39252265226803e-09 8.289986676546262e-13 7.394845428024986e-09
1452 7.421444215870226e-09 8.334025288379421e-13 7.423779330829153e-09
1453 7.450478928512411e-09 8.378297845019473e-13 7.452826448222428e-09
1454 7.47962723286447e-09 8.42280558924339e-13 7.48198722322291e-09
1455 7.508889573328133e-09 8.467549770430105e-13 7.511262100582394e-09
1456 7.538266396043784e-09 8.512531644595635e-13 7.540651526793188e-09
1457 7.567758148897133e-09 8.557752474428138e-13 7.570155950094797e-09
1458 7.59736528152624e-09 8.60321352932366e-13 7.599775820480949e-09
1459 7.627088245328233e-09 8.648916085421554e-13 7.629511589706337e-09
1460 7.656927493466236e-09 8.694861425640381e-13 7.659363711293546e-09
1461 7.686883480876265e-09 8.741050839713892e-13 7.689332640539963e-09
1462 7.716956664274172e-09 8.787485624227254e-13 7.719418834524734e-09
1463 7.747147502162605e-09 8.834167082653436e-13 7.749622752115724e-09
1464 7.777456454838002e-09 8.881096525389806e-13 7.779944853976534e-09
1465 7.807883984397604e-09 8.928275269794905e-13 7.810385602573515e-09
1466 7.838430554746503e-09 8.975704640225438e-13 7.840945462182832e-09
1467 7.869096631604743e-09 9.02338596807349e-13 7.87162489889757e-09
1468 7.899882682514302e-09 9.071320591803708e-13 7.902424380634737e-09
1469 7.9307891768464e-09 9.119509856991165e-13 7.933344377142567e-09
1470 7.961816585808535e-09 9.167955116358943e-13 7.96438536000758e-09
1471 7.9929653824517e-09 9.216657729816141e-13 7.995547802661802e-09
1472 8.024236041677588e-09 9.26561906449606e-13 8.026832180389982e-09
1473 8.05562904024584e-09 9.314840494794577e-13 8.058238970336853e-09
1474 8.087144856781308e-09 9.364323402408725e-13 8.08976865151441e-09
1475 8.118783971781358e-09 9.414069176375475e-13 8.12142170480921e-09
1476 8.150546867623189e-09 9.464079213110736e-13 8.153198612989719e-09
1477 8.182434028571195e-09 9.514354916448549e-13 8.185099860713668e-09
1478 8.21444594078434e-09 9.564897697680487e-13 8.217125934535451e-09
1479 8.24658309232358e-09 9.615708975595292e-13 8.249277322913557e-09
1480 8.278845973159294e-09 9.666790176518682e-13 8.281554516218009e-09
1481 8.31123507517876e-09 9.71814273435339e-13 8.313958006737848e-09
1482 8.34375089219365e-09 9.769768090619427e-13 8.34648828868865e-09
1483 8.37639391994757e-09 9.821667694494547e-13 8.379145858220064e-09
1484 8.409164656123601e-09 9.87384300285491e-13 8.411931213423375e-09
1485 8.442063600351903e-09 9.926295480316003e-13 8.444844854339113e-09
1486 8.475091254217355e-09 9.979026599273778e-13 8.47788728296471e-09
1487 8.508248121267072e-09 1.0032037839945792e-12 8.511059003262021e-09
1488 8.541534707018284e-09 1.0085330690413072e-12 8.544360521165229e-09
1489 8.574951518965908e-09 1.0138906646661675e-12 8.577792344588407e-09
1490 8.608499066590323e-09 1.019276721262473e-12 8.61135498343332e-09
1491 8.64217786136513e-09 1.024691390022466e-12 8.6450489495972e-09
1492 8.675988416764955e-09 1.0301348229415622e-12 8.678874756980548e-09
1493 8.709931248273276e-09 1.0356071728226167e-12 8.71283292149498e-09
1494 8.744006873390287e-09 1.0411085932802153e-12 8.746923961071105e-09
1495 8.778215811640779e-09 1.046639238744984e-12 8.781148395666413e-09
1496 8.812558584582069e-09 1.052199264467926e-12 8.815506747273219e-09
1497 8.84703571581198e-09 1.0577888265247847e-12 8.849999539926658e-09
1498 8.88164773097669e-09 1.0634080818204017e-12 8.884627299712538e-09
1499 8.916395157778952e-09 1.0690571880931566e-12 8.91939055477558e-09
1500 8.951278525986001e-09 1.0747363039193712e-12 8.954289835327337e-09
1501 8.986298367437667e-09 1.080445588717767e-12 8.989325673654314e-09
1502 9.021455216054484e-09 1.08618520275394e-12 9.024498604126093e-09
1503 9.05674960784582e-09 1.091955307144859e-12 9.05980916320348e-09
1504 9.092182080918071e-09 1.0977560638633905e-12 9.095257889446698e-09
1505 9.12775317548284e-09 1.103587635742842e-12 9.130845323523597e-09
1506 9.16346343386519e-09 1.1094501864815363e-12 9.166572008217908e-09
1507 9.199313400511911e-09 1.1153438806474046e-12 9.202438488437525e-09
1508 9.235303621999812e-09 1.1212688836826066e-12 9.238445311222807e-09
1509 9.27143464704406e-09 1.1272253619081747e-12 9.274593025754936e-09
1510 9.307707026506547e-09 1.133213482528683e-12 9.3108821833643e-09
1511 9.344121313404285e-09 1.1392334136369407e-12 9.34731333753889e-09
1512 9.380678062917842e-09 1.1452853242187105e-12 9.383887043932754e-09
1513 9.417377832399803e-09 1.1513693841574528e-12 9.420603860374478e-09
1514 9.454221181383266e-09 1.1574857642390932e-12 9.45746434687568e-09
1515 9.491208671590377e-09 1.1636346361568186e-12 9.49446906563958e-09
1516 9.52834086694093e-09 1.1698161725159013e-12 9.531618581069594e-09
1517 9.565618333560812e-09 1.17603054683852e-12 9.568913459777799e-09
1518 9.603041639790863e-09 1.1822779335686681e-12 9.606354270593813e-09
1519 9.64061135619539e-09 1.1885585080770254e-12 9.643941584573313e-09
1520 9.678328055570904e-09 1.1948724466658883e-12 9.681675975006797e-09
1521 9.716192312954849e-09 1.2012199265741164e-12 9.71955801742831e-09
1522 9.754204705634374e-09 1.20760112598211e-12 9.757588289624248e-09
1523 9.792365813155133e-09 1.2140162240168114e-12 9.795767371642163e-09
1524 9.83067621733012e-09 1.2204654007567318e-12 9.83409584579961e-09
1525 9.869136502248543e-09 1.2269488372370083e-12 9.872574296693038e-09
1526 9.90774725428472e-09 1.2334667154544843e-12 9.91120331120671e-09
1527 9.94650906210707e-09 1.2400192183728254e-12 9.949983478521687e-09
1528 9.98542251668692e-09 1.2466065299276283e-12 9.988915390124665e-09
1529 1.0024488211307744e-08 1.2532288350316226e-12 1.0027999639817231e-08
1530 1.0063706741574113e-08 1.2598863195798452e-12 1.0067236823724812e-08
1531 1.0103078705420738e-08 1.2665791704548517e-12 1.0106627540305745e-08
1532 1.014260470312156e-08 1.2733075755319587e-12 1.0146172390360382e-08
1533 1.0182285337299024e-08 1.2800717236845387e-12 1.0185871977040374e-08
1534 1.0222121212933178e-08 1.2868718047893052e-12 1.022572690585779e-08
1535 1.0262112937370912e-08 1.2937080097316468e-12 1.0265737784694353e-08
1536 1.0302261120335227e-08 1.3005805304109872e-12 1.0305905223810752e-08
1537 1.0342566373934523e-08 1.30748955974617e-12 1.0346229835855931e-08
1538 1.0383029312671941e-08 1.3144352916808755e-12 1.0386712235876438e-08
1539 1.0423650553454716e-08 1.3214179211890635e-12 1.0427353041325809e-08
1540 1.0464430715603604e-08 1.3284376442804485e-12 1.0468152872074003e-08
1541 1.0505370420862303e-08 1.3354946580059997e-12 1.050911235041683e-08
1542 1.0546470293406968e-08 1.3425891604634773e-12 1.05502321010855e-08
1543 1.0587730959855635e-08 1.3497213508029785e-12 1.0591512751256046e-08
1544 1.0629153049277906e-08 1.3568914292325498e-12 1.063295493055904e-08
1545 1.0670737193204454e-08 1.3640995970237928e-12 1.0674559271089096e-08
1546 1.071248402563669e-08 1.37134605651752e-12 1.071632640741456e-08
1547 1.0754394183056351e-08 1.3786310111294214e-12 1.0758256976587128e-08
1548 1.0796468304435327e-08 1.3859546653557969e-12 1.0800351618151663e-08
1549 1.083870703124532e-08 1.3933172247792805e-12 1.0842610974155893e-08
1550 1.088111100746764e-08 1.4007188960746163e-12 1.0885035689160213e-08
1551 1.0923680879603031e-08 1.4081598870144594e-12 1.0927626410247522e-08
1552 1.0966417296681524e-08 1.4156404064752082e-12 1.0970383787033105e-08
1553 1.1009320910272333e-08 1.4231606644428689e-12 1.1013308471674538e-08
1554 1.1052392374493785e-08 1.430720872018948e-12 1.1056401118881635e-08
1555 1.1095632346023298e-08 1.43832124142638e-12 1.1099662385926438e-08
1556 1.1139041484107393e-08 1.4459619860154838e-12 1.1143092932653261e-08
1557 1.1182620450571764e-08 1.453643320269956e-12 1.1186693421488757e-08
1558 1.1226369909831278e-08 1.4613654598128754e-12 1.1230464517451949e-08
1559 1.1270290528900244e-08 1.4691286214127798e-12 1.1274406888164512e-08
1560 1.1314382977402492e-08 1.476933022989736e-12 1.1318521203860869e-08
1561 1.135864792758162e-08 1.4847788836214626e-12 1.1362808137398447e-08
1562 1.1403086054311164e-08 1.4926664235494662e-12 1.1407268364267886e-08
1563 1.1447698035105015e-08 1.500595864185247e-12 1.1451902562603445e-08
1564 1.1492484550127657e-08 1.508567428116496e-12 1.1496711413193279e-08
1565 1.153744628220457e-08 1.5165813391133531e-12 1.1541695599489855e-08
1566 1.1582583916832626e-08 1.5246378221346805e-12 1.1586855807620352e-08
1567 1.1627898142190553e-08 1.5327371033343836e-12 1.1632192726397163e-08
1568 1.1673389649149419e-08 1.5408794100677577e-12 1.1677707047328384e-08
1569 1.171905913128317e-08 1.5490649708978689e-12 1.1723399464628372e-08
1570 1.1764907284879198e-08 1.5572940156019715e-12 1.1769270675228334e-08
1571 1.1810934808948967e-08 1.5655667751779579e-12 1.1815321378786968e-08
1572 1.1857142405238684e-08 1.573883481850846e-12 1.1861552277701155e-08
1573 1.190353077823991e-08 1.5822443690792833e-12 1.1907964077116581e-08
1574 1.1950100635200436e-08 1.5906496715621234e-12 1.1954557484938646e-08
1575 1.1996852686134978e-08 1.599099625244998e-12 1.2001333211843158e-08
1576 1.2043787643836051e-08 1.6075944673269506e-12 1.2048291971287248e-08
1577 1.2090906223884728e-08 1.6161344362670744e-12 1.2095434479520121e-08
1578 1.213820914466171e-08 1.6247197717912344e-12 1.2142761455594172e-08
1579 1.218569712735817e-08 1.6333507148987789e-12 1.2190273621375832e-08
1580 1.2233370895986781e-08 1.6420275078693084e-12 1.2237971701556616e-08
1581 1.228123117739275e-08 1.6507503942694773e-12 1.2285856423664184e-08
1582 1.2329278701264898e-08 1.6595196189598304e-12 1.2333928518073428e-08
1583 1.237751420014679e-08 1.6683354281016768e-12 1.238218871801764e-08
1584 1.2425938409447903e-08 1.677198069164001e-12 1.243063775959968e-08
1585 1.247455206745483e-08 1.6861077909304064e-12 1.2479276381803205e-08
1586 1.252335591534255e-08 1.6950648435061031e-12 1.252810532650397e-08
1587 1.257235069718574e-08 1.70406947832493e-12 1.2577125338481145e-08
1588 1.2621537159970027e-08 1.7131219481563953e-12 1.2626337165428592e-08
1589 1.2670916053603523e-08 1.7222225071128006e-12 1.2675741557966421e-08
1590 1.2720488130928165e-08 1.731371410656355e-12 1.272533926965235e-08
1591 1.2770254147731231e-08 1.7405689156063543e-12 1.2775131056993241e-08
1592 1.2820214862756773e-08 1.7498152801463737e-12 1.2825117679456553e-08
1593 1.287037103771733e-08 1.7591107638315415e-12 1.2875299899482073e-08
1594 1.2920723437305448e-08 1.768455627595808e-12 1.2925678482493458e-08
1595 1.2971272829205352e-08 1.777850133759273e-12 1.2976254196909933e-08
1596 1.3022019984104663e-08 1.787294546035551e-12 1.3027027814158014e-08
1597 1.3072965675706137e-08 1.7967891295391728e-12 1.3078000108683285e-08
1598 1.312411068073947e-08 1.806334150793029e-12 1.3129171857962216e-08
1599 1.317545577897313e-08 1.8159298777358484e-12 1.3180543842514014e-08
1600 1.3227001753226262e-08 1.8255765797297247e-12 1.3232116845912547e-08
1601 1.3278749389380605e-08 1.835274527567672e-12 1.3283891654798294e-08
1602 1.3330699476392509e-08 1.8450239934812348e-12 1.333586905889037e-08
1603 1.3382852806304859e-08 1.8548252511481087e-12 1.3388049850998479e-08
1604 1.3435210174259306e-08 1.864678575699854e-12 1.3440434827035167e-08
1605 1.3487772378508286e-08 1.8745842437295964e-12 1.3493024786027859e-08
1606 1.3540540220427243e-08 1.8845425332998037e-12 1.3545820530131096e-08
1607 1.3593514504526736e-08 1.8945537239500695e-12 1.3598822864638689e-08
1608 1.3646696038464873e-08 1.9046180967049916e-12 1.3652032597996143e-08
1609 1.3700085633059517e-08 1.914735934082041e-12 1.3705450541812914e-08
1610 1.3753684102300664e-08 1.924907520099495e-12 1.3759077510874789e-08
1611 1.3807492263362866e-08 1.935133140284413e-12 1.3812914323156339e-08
1612 1.3861510936617681e-08 1.9454130816806483e-12 1.386696179983339e-08
1613 1.3915740945646186e-08 1.9557476328569083e-12 1.3921220765295562e-08
1614 1.3970183117251534e-08 1.966137083914855e-12 1.3975692047158849e-08
1615 1.4024838281471554e-08 1.9765817264972456e-12 1.4030376476278232e-08
1616 1.4079707271591409e-08 1.9870818537961216e-12 1.4085274886760367e-08
1617 1.4134790924156332e-08 1.997637760561046e-12 1.4140388115976354e-08
1618 1.4190090078984261e-08 2.0082497431073515e-12 1.419571700457438e-08
1619 1.4245605579178816e-08 2.0189180993244917e-12 1.4251262396492715e-08
1620 1.4301338271142043e-08 2.029643128684386e-12 1.4307025138972499e-08
1621 1.4357289004587369e-08 2.0404251322498314e-12 1.4363006082570712e-08
1622 1.4413458632552444e-08 2.051264412682934e-12 1.4419206081173033e-08
1623 1.4469848011412324e-08 2.0621612742536396e-12 1.4475625992007056e-08
1624 1.452645800089241e-08 2.0731160228482493e-12 1.4532266675655239e-08
1625 1.4583289464081575e-08 2.0841289659780147e-12 1.4589128996068082e-08
1626 1.464034326744534e-08 2.095200412787768e-12 1.464621382057729e-08
1627 1.4697620280839071e-08 2.1063306740646025e-12 1.4703522019909037e-08
1628 1.4755121377521244e-08 2.117520062246593e-12 1.4761054468197208e-08
1629 1.4812847434166764e-08 2.1287688914315703e-12 1.4818812042996795e-08
1630 1.4870799330880323e-08 2.1400774773859347e-12 1.4876795625297225e-08
1631 1.4928977951209827e-08 2.1514461375535223e-12 1.4935006099535857e-08
1632 1.498738418215989e-08 2.1628751910645214e-12 1.4993444353611473e-08
1633 1.5046018914205234e-08 2.1743649587444062e-12 1.5052111278897725e-08
1634 1.5104883041304464e-08 2.1859157631229797e-12 1.5111007770256912e-08
1635 1.5163977460913556e-08 2.197527928443403e-12 1.517013472605351e-08
1636 1.5223303073999605e-08 2.2092017806713067e-12 1.5229493048167937e-08
1637 1.528286078505445e-08 2.2209376475039226e-12 1.528908364201021e-08
1638 1.5342651502108646e-08 2.232735858379314e-12 1.5348907416533935e-08
1639 1.5402676136745163e-08 2.2445967444855993e-12 1.540896528425004e-08
1640 1.5462935604113348e-08 2.2565206387702587e-12 1.546925816124077e-08
1641 1.5523430822942855e-08 2.268507875949477e-12 1.552978696717361e-08
1642 1.558416271555766e-08 2.280558792517539e-12 1.5590552625315363e-08
1643 1.5645132207890116e-08 2.292673726756277e-12 1.5651556062546217e-08
1644 1.5706340229495088e-08 2.304853018744568e-12 1.5712798209373907e-08
1645 1.5767787713564104e-08 2.3170970103678775e-12 1.5774279999947894e-08
1646 1.5829475596939596e-08 2.329406045327856e-12 1.5836002372073623e-08
1647 1.5891404820129172e-08 2.34178046915199e-12 1.589796626722684e-08
1648 1.5953576327320003e-08 2.354220629203306e-12 1.5960172630568e-08
1649 1.6015991066393073e-08 2.3667268746900946e-12 1.6022622410956526e-08
1650 1.607864998893784e-08 2.3792995566757558e-12 1.608531656096553e-08
1651 1.6141554050266634e-08 2.391939028088629e-12 1.6148256036896208e-08
1652 1.620470420942913e-08 2.404645643731884e-12 1.6211441798792363e-08
1653 1.6268101429227166e-08 2.4174197602935194e-12 1.627487481045524e-08
1654 1.6331746676229285e-08 2.4302617363563473e-12 1.63385560394581e-08
1655 1.6395640920785523e-08 2.4431719324080695e-12 1.640248645716102e-08
1656 1.6459785137042173e-08 2.4561507108513917e-12 1.6466667038725722e-08
1657 1.6524180302956667e-08 2.4691984360142e-12 1.6531098763130442e-08
1658 1.6588827400312468e-08 2.482315474159788e-12 1.6595782613184884e-08
1659 1.665372741473404e-08 2.495502193497136e-12 1.66607195755452e-08
1660 1.6718881335701885e-08 2.5087589641912476e-12 1.6725910640729055e-08
1661 1.6784290156567618e-08 2.5220861583735433e-12 1.6791356803130745e-08
1662 1.6849954874569122e-08 2.535484150152304e-12 1.6857059061036366e-08
1663 1.691587649084577e-08 2.5489533156231774e-12 1.6923018416639073e-08
1664 1.6982056010453572e-08 2.5624940328797143e-12 1.698923587605426e-08
1665 1.704849444238069e-08 2.576106682024018e-12 1.7055712449335108e-08
1666 1.711519279956273e-08 2.5897916451773954e-12 1.7122449150487874e-08
1667 1.7182152098898055e-08 2.6035493064910605e-12 1.718944699748729e-08
1668 1.724937336126354e-08 2.617380052156965e-12 1.72567070122923e-08
1669 1.7316857611529958e-08 2.631284270418606e-12 1.7324230220861496e-08
1670 1.738460587857766e-08 2.6452623515819334e-12 1.7392017653168834e-08
1671 1.745261919531226e-08 2.6593146880263044e-12 1.746007034321933e-08
1672 1.7520898598680375e-08 2.6734416742155025e-12 1.7528389329064857e-08
1673 1.7589445129685445e-08 2.6876437067088065e-12 1.759697565281998e-08
1674 1.7658259833403596e-08 2.701921184172123e-12 1.7665830360677845e-08
1675 1.772734375899958e-08 2.716274507389178e-12 1.7734954502926158e-08
1676 1.7796697959742758e-08 2.7307040792727663e-12 1.780434913396321e-08
1677 1.7866323493023183e-08 2.7452103048760645e-12 1.7874015312313975e-08
1678 1.793622142036773e-08 2.7597935914040057e-12 1.794395410064627e-08
1679 1.800639280745616e-08 2.774454348224681e-12 1.8014166565786872e-08
1680 1.8076838724137547e-08 2.7891929868808754e-12 1.8084653778737963e-08
1681 1.8147560244446542e-08 2.8040099211016014e-12 1.8155416814693414e-08
1682 1.8218558446619576e-08 2.8189055668136843e-12 1.822645675305505e-08
1683 1.8289834413111554e-08 2.8338803421534873e-12 1.8297774677449355e-08
1684 1.8361389230612204e-08 2.8489346674786167e-12 1.8369371675743853e-08
1685 1.8433223990062675e-08 2.8640689653797313e-12 1.8441248840063758e-08
1686 1.850533978667218e-08 2.879283660692402e-12 1.851340726680863e-08
1687 1.8577737719934692e-08 2.8945791805090418e-12 1.8585848056669118e-08
1688 1.8650418893645696e-08 2.909955954190889e-12 1.865857231464373e-08
1689 1.8723384415919026e-08 2.9254144133800643e-12 1.8731581150055722e-08
1690 1.879663539920377e-08 2.9409549920116874e-12 1.8804875676570033e-08
1691 1.8870172960301212e-08 2.956578126326054e-12 1.8878457012210247e-08
1692 1.8943998220381866e-08 2.9722842548808866e-12 1.8952326279375667e-08
1693 1.901811230500261e-08 2.9880738185636487e-12 1.9026484604858508e-08
1694 1.9092516344123694e-08 3.0039472606038924e-12 1.9100933119860905e-08
1695 1.9167211472126196e-08 3.019905026585747e-12 1.9175672960012422e-08
1696 1.924219882782916e-08 3.035947564460394e-12 1.9250705265387208e-08
1697 1.9317479554507046e-08 3.0520753245586606e-12 1.9326031180521518e-08
1698 1.939305479990699e-08 3.0682887596036244e-12 1.9401651854430975e-08
1699 1.946892571626655e-08 3.0845883247233753e-12 1.9477568440628368e-08
1700 1.9545093460331113e-08 3.1009744774637526e-12 1.955378209714106e-08
1701 1.962155919337157e-08 3.1174476778012056e-12 1.963029398652878e-08
1702 1.969832408120201e-08 3.134008388155696e-12 1.9707105275901265e-08
1703 1.9775389294197523e-08 3.1506570734036866e-12 1.9784217136936137e-08
1704 1.9852756007312003e-08 3.167394200891185e-12 1.9861630745896754e-08
1705 1.9930425400096106e-08 3.1842202404468678e-12 1.9939347283650193e-08
1706 2.0008398656715193e-08 3.2011356643952628e-12 2.001736793568522e-08
1707 2.0086676965967413e-08 3.2181409475700136e-12 2.0095693892130422e-08
1708 2.016526152130186e-08 3.2352365673272155e-12 2.0174326347772396e-08
1709 2.0244153520836597e-08 3.2524230035587783e-12 2.0253266502073825e-08
1710 2.0323354167377178e-08 3.2697007387059515e-12 2.0332515559192013e-08
1711 2.0402864668434813e-08 3.2870702577728326e-12 2.0412074727997102e-08
1712 2.048268623624488e-08 3.30453204834e-12 2.0491945222090627e-08
1713 2.0562820087785213e-08 3.3220866005781594e-12 2.057212825982384e-08
1714 2.0643267444794925e-08 3.339734407261963e-12 2.0652625064316558e-08
1715 2.072402953379287e-08 3.3574759637838045e-12 2.0733436863475674e-08
1716 2.080510758609637e-08 3.3753117681677308e-12 2.0814564890013925e-08
1717 2.0886502837839997e-08 3.3932423210834273e-12 2.089601038146872e-08
1718 2.0968216529994423e-08 3.4112681258602686e-12 2.097777458022101e-08
1719 2.105024990838533e-08 3.429389688501449e-12 2.1059858733514246e-08
1720 2.1132604223712417e-08 3.4476075176981874e-12 2.1142264093473434e-08
1721 2.121528073156845e-08 3.465922124844003e-12 2.1224991917124216e-08
1722 2.1298280692458427e-08 3.4843340240490754e-12 2.1308043466412077e-08
1723 2.1381605371818823e-08 3.5028437321546827e-12 2.1391420008221634e-08
1724 2.1465256040036716e-08 3.5214517687476733e-12 2.1475122814395796e-08
1725 2.1549233972469413e-08 3.5401586561751058e-12 2.155915316175544e-08
1726 2.163354044946373e-08 3.5589649195588787e-12 2.1643512332118722e-08
1727 2.1718176756375583e-08 3.5778710868104838e-12 2.172820161232072e-08
1728 2.1803144183589425e-08 3.5968776886457928e-12 2.1813222294232895e-08
1729 2.1888444026538174e-08 3.6159852586000073e-12 2.1898575674783083e-08
1730 2.1974077585722793e-08 3.635194333042604e-12 2.198426305597511e-08
1731 2.206004616673216e-08 3.6545054511923935e-12 2.2070285744908686e-08
1732 2.214635108026297e-08 3.67391915513266e-12 2.215664505379937e-08
1733 2.223299364213972e-08 3.69343598982638e-12 2.22433422999986e-08
1734 2.231997517333477e-08 3.713056503131516e-12 2.2330378806013782e-08
1735 2.240729699998849e-08 3.732781245816401e-12 2.2417755899528486e-08
1736 2.249496045342947e-08 3.752610771575192e-12 2.25054749134227e-08
1737 2.2582966870194815e-08 3.772545637043417e-12 2.259353718579317e-08
1738 2.267131759205058e-08 3.792586401813612e-12 2.268194405997387e-08
1739 2.2760013966012037e-08 3.812733628450986e-12 2.277069688455633e-08
1740 2.2849057344364477e-08 3.832987882509273e-12 2.2859797013410476e-08
1741 2.2938449084683668e-08 3.853349732546571e-12 2.294924580570512e-08
1742 2.302819054985662e-08 3.873819750141317e-12 2.303904462592877e-08
1743 2.3118283108102193e-08 3.894398509908295e-12 2.3129194843910308e-08
1744 2.3208728132992232e-08 3.9150865895148275e-12 2.3219697834840158e-08
1745 2.3299527003472324e-08 3.935884569696948e-12 2.331055497929106e-08
1746 2.3390681103882862e-08 3.956793034275714e-12 2.3401767663239224e-08
1747 2.348219182398016e-08 3.977812570173594e-12 2.3493337278085465e-08
1748 2.357406055895764e-08 3.998943767430947e-12 2.358526522067644e-08
1749 2.3666288709467095e-08 4.0201872192225845e-12 2.3677552893325973e-08
1750 2.375887768164005e-08 4.0415435218744154e-12 2.377020170383642e-08
1751 2.3851828887109208e-08 4.063013274880194e-12 2.386321306552022e-08
1752 2.3945143743029953e-08 4.084597080918344e-12 2.3956588397221403e-08
1753 2.4038823672102026e-08 4.106295545868888e-12 2.4050329123337327e-08
1754 2.4132870102591e-08 4.128109278830409e-12 2.41444366738402e-08
1755 2.4227284468350365e-08 4.150038892137219e-12 2.4238912484299222e-08
1756 2.432206820884319e-08 4.172085001376502e-12 2.433375799590227e-08
1757 2.4417222769164164e-08 4.194248225405616e-12 2.4428974655478016e-08
1758 2.4512749600061425e-08 4.216529186369417e-12 2.4524563915517797e-08
1759 2.460865015795899e-08 4.2389285097177945e-12 2.4620527234198066e-08
1760 2.470492590497875e-08 4.261446824223186e-12 2.471686607540249e-08
1761 2.4801578308962822e-08 4.2840847619982325e-12 2.4813581908744295e-08
1762 2.4898608843495907e-08 4.306842958513523e-12 2.491067620958871e-08
1763 2.499601898792779e-08 4.329722052615442e-12 2.5008150459075522e-08
1764 2.509381022739586e-08 4.352722686544089e-12 2.5106006144141597e-08
1765 2.5191984052847772e-08 4.375845505951315e-12 2.5204244757543652e-08
1766 2.5290541961064183e-08 4.399091159918851e-12 2.530286779788102e-08
1767 2.538948545468155e-08 4.422460300976512e-12 2.540187676961847e-08
1768 2.548881604221512e-08 4.445953585120547e-12 2.5501273183109292e-08
1769 2.5588535238081697e-08 4.469571671831988e-12 2.5601058554618096e-08
1770 2.5688644562623052e-08 4.493315224095246e-12 2.5701234406344275e-08
1771 2.5789145542128903e-08 4.517184908416668e-12 2.580180226644503e-08
1772 2.5890039708860276e-08 4.541181394843273e-12 2.5902763669058802e-08
1773 2.599132860107266e-08 4.565305356981506e-12 2.6004120154328454e-08
1774 2.6093013763039785e-08 4.589557472016232e-12 2.610587326842512e-08
1775 2.619509674507694e-08 4.613938420729686e-12 2.6208024563571585e-08
1776 2.6297579103564677e-08 4.638448887520602e-12 2.6310575598066022e-08
1777 2.6400462400972523e-08 4.663089560423416e-12 2.6413527936305762e-08
1778 2.6503748205882822e-08 4.687861131127592e-12 2.6516883148811196e-08
1779 2.6607438093014635e-08 4.712764294997029e-12 2.662064281224974e-08
1780 2.6711533643247753e-08 4.737799751089584e-12 2.672480850945986e-08
1781 2.6816036443646802e-08 4.7629682021766975e-12 2.682938182947529e-08
1782 2.6920948087485434e-08 4.788270354763115e-12 2.6934364367549243e-08
1783 2.7026270174270676e-08 4.813706919106737e-12 2.7039757725178822e-08
1784 2.7132004309767105e-08 4.839278609238506e-12 2.714556351012925e-08
1785 2.723815210602164e-08 4.864986142982523e-12 2.7251783336458717e-08
1786 2.7344715181387926e-08 4.890830241976149e-12 2.7358418824542833e-08
1787 2.7451695160551094e-08 4.916811631690289e-12 2.746547160109943e-08
1788 2.755909367455232e-08 4.9429310414497e-12 2.757294329921318e-08
1789 2.7666912360814026e-08 4.9691892044535466e-12 2.7680835558360858e-08
1790 2.7775152863164628e-08 4.995586857795932e-12 2.7789150024436156e-08
1791 2.7883816831863634e-08 5.022124742486593e-12 2.7897888349774804e-08
1792 2.7992905923626825e-08 5.048803603471712e-12 2.8007052193179877e-08
1793 2.8102421801651507e-08 5.075624189654822e-12 2.8116643219947012e-08
1794 2.8212366135641863e-08 5.1025872539178315e-12 2.8226663101889915e-08
1795 2.8322740601834414e-08 5.129693553142154e-12 2.8337113517365806e-08
1796 2.8433546883023575e-08 5.156943848229962e-12 2.844799615130108e-08
1797 2.8544786668587318e-08 5.184338904125541e-12 2.8559312695217007e-08
1798 2.8656461654512973e-08 5.21187948983678e-12 2.867106484725561e-08
1799 2.8768573543422862e-08 5.239566378456696e-12 2.8783254312205345e-08
1800 2.88811240446006e-08 5.2674003471852265e-12 2.8895882801527464e-08
1801 2.8994114874016943e-08 5.2953821773509875e-12 2.900895203338193e-08
1802 2.910754775435603e-08 5.3235126544332334e-12 2.9122463732653717e-08
1803 2.9221424415041446e-08 5.35179256808385e-12 2.923641963097895e-08
1804 2.9335746592262927e-08 5.380222712149609e-12 2.9350821466771646e-08
1805 2.9450516029002598e-08 5.4088038846943895e-12 2.946567098525002e-08
1806 2.95657344750616e-08 5.4375368880216e-12 2.9580969938463208e-08
1807 2.9681403687086785e-08 5.466422528696698e-12 2.9696720085317964e-08
1808 2.9797525428597468e-08 5.495461617569829e-12 2.981292319160554e-08
1809 2.991410147001235e-08 5.524654969798596e-12 2.992958103002863e-08
1810 3.003113358867648e-08 5.5540034048709244e-12 3.004669538022841e-08
1811 3.014862356888838e-08 5.5835077466280885e-12 3.016426802881172e-08
1812 3.026657320192722e-08 5.6131688232878195e-12 3.0282300769378326e-08
1813 3.0384984286080195e-08 5.642987467467579e-12 3.040079540254834e-08
1814 3.0503858626669737e-08 5.672964516207869e-12 3.051975373598949e-08
1815 3.062319803608135e-08 5.703100810995818e-12 3.0639177584445065e-08
1816 3.0743004333791035e-08 5.733397197788742e-12 3.0759068769761334e-08
1817 3.086327934639313e-08 5.763854527037919e-12 3.0879429120915544e-08
1818 3.0984024907627926e-08 5.79447365371241e-12 3.1000260474043514e-08
1819 3.110524285841e-08 5.825255437323143e-12 3.11215646724681e-08
1820 3.1226935046856024e-08 5.85620074194698e-12 3.124334356672702e-08
1821 3.1349103328312996e-08 5.88731043625099e-12 3.1365599014601206e-08
1822 3.147174956538654e-08 5.918585393516828e-12 3.148833288114313e-08
1823 3.159487562796932e-08 5.950026491665262e-12 3.161154703870531e-08
1824 3.1718483393269495e-08 5.981634613280799e-12 3.173524336696883e-08
1825 3.184257474583941e-08 6.013410645636475e-12 3.1859423752972076e-08
1826 3.196715157760426e-08 6.0453554807187546e-12 3.1984090091139514e-08
1827 3.209221578789101e-08 6.077470015252573e-12 3.2109244283310635e-08
1828 3.221776928345732e-08 6.10975515072652e-12 3.2234888238769e-08
1829 3.2343813978520444e-08 6.1422117934180824e-12 3.2361023874271156e-08
1830 3.247035179478678e-08 6.17484085441919e-12 3.2487653114076304e-08
1831 3.259738466148087e-08 6.20764324966171e-12 3.261477788997534e-08
1832 3.2724914515375e-08 6.2406198999432065e-12 3.274240014132052e-08
1833 3.2852943300818426e-08 6.273771730952708e-12 3.2870521815054806e-08
1834 3.298147296976742e-08 6.307099673296805e-12 3.2999144865741956e-08
1835 3.3110505481814796e-08 6.3406046625257e-12 3.312827125559607e-08
1836 3.3240042804219805e-08 6.3742876391594836e-12 3.325790295451169e-08
1837 3.3370086911938165e-08 6.408149548714541e-12 3.338804194009375e-08
1838 3.350063978765216e-08 6.442191341730093e-12 3.3518690197687866e-08
1839 3.363170342180087e-08 6.476413973794876e-12 3.364984972041059e-08
1840 3.376327981261049e-08 6.510818405573965e-12 3.37815225091798e-08
1841 3.389537096612486e-08 6.545405602835749e-12 3.391371057274534e-08
1842 3.402797889623598e-08 6.580176536479028e-12 3.404641592771956e-08
1843 3.4161105624714824e-08 6.615132182560301e-12 3.417964059860828e-08
1844 3.4294753181241884e-08 6.650273522321076e-12 3.4313386617841305e-08
1845 3.442892360343851e-08 6.6856015422155355e-12 3.444765602580396e-08
1846 3.456361893689772e-08 6.721117233938149e-12 3.458245087086788e-08
1847 3.469884123521552e-08 6.756821594451552e-12 3.471777320942249e-08
1848 3.483459256002194e-08 6.79271562601445e-12 3.485362510590601e-08
1849 3.497087498101285e-08 6.828800336209872e-12 3.499000863283752e-08
1850 3.5107690575981305e-08 6.8650767379733765e-12 3.512692587084818e-08
1851 3.524504143084923e-08 6.901545849621505e-12 3.526437890871316e-08
1852 3.5382929639699234e-08 6.938208694880364e-12 3.5402369843383436e-08
1853 3.552135730480658e-08 6.975066302914373e-12 3.5540900780017926e-08
1854 3.5660326536671176e-08 7.012119708355135e-12 3.567997383201544e-08
1855 3.5799839454049796e-08 7.049369951330501e-12 3.581959112104712e-08
1856 3.593989818398836e-08 7.0868180774937524e-12 3.5959754777088686e-08
1857 3.6080504861854374e-08 7.1244651380529596e-12 3.610046693845305e-08
1858 3.6221661631369564e-08 7.162312189800509e-12 3.6241729751822954e-08
1859 3.636337064464226e-08 7.200360295142693e-12 3.6383545372283495e-08
1860 3.650563406220062e-08 7.238610522129643e-12 3.652591596335541e-08
1861 3.664845405302534e-08 7.277063944485236e-12 3.6668843697027854e-08
1862 3.679183279458281e-08 7.315721641637284e-12 3.68123307537917e-08
1863 3.6935772472858056e-08 7.354584698747737e-12 3.6956379322672465e-08
1864 3.708027528238848e-08 7.393654206743276e-12 3.7100991601264236e-08
1865 3.722534342629704e-08 7.432931262345856e-12 3.724616979576288e-08
1866 3.7370979116325934e-08 7.472416968103514e-12 3.739191612099984e-08
1867 3.751718457287027e-08 7.512112432421307e-12 3.7538232800475864e-08
1868 3.7663962025011957e-08 7.552018769592438e-12 3.768512206639499e-08
1869 3.781131371055368e-08 7.592137099829535e-12 3.783258615969867e-08
1870 3.7959241876053034e-08 7.632468549296088e-12 3.7980627330099855e-08
1871 3.810774877685673e-08 7.673014250138068e-12 3.812924783611745e-08
1872 3.825683667713502e-08 7.713775340515705e-12 3.827844994511073e-08
1873 3.840650784991631e-08 7.754752964635468e-12 3.842823593331404e-08
1874 3.855676457712145e-08 7.795948272782078e-12 3.8578608085871226e-08
1875 3.870760914959902e-08 7.837362421350947e-12 3.8729568696870984e-08
1876 3.885904386715997e-08 7.878996572880545e-12 3.888112006938159e-08
1877 3.901107103861278e-08 7.92085189608507e-12 3.903326451548614e-08
1878 3.916369298179843e-08 7.962929565887183e-12 3.918600435631763e-08
1879 3.931691202362612e-08 8.005230763451109e-12 3.9339341922094776e-08
1880 3.9470730500108485e-08 8.047756676215706e-12 3.949327955215733e-08
1881 3.962515075639729e-08 8.090508497927828e-12 3.964781959500178e-08
1882 3.978017514681917e-08 8.133487428675827e-12 3.9802964408317325e-08
1883 3.9935806034911514e-08 8.176694674923242e-12 3.9958716359021733e-08
1884 4.009204579345853e-08 8.220131449542671e-12 4.0115077823297576e-08
1885 4.024889680452739e-08 8.26379897184981e-12 4.027205118662844e-08
1886 4.040636145950457e-08 8.307698467637679e-12 4.042963884383534e-08
1887 4.0564442159132305e-08 8.35183116921105e-12 4.058784319911333e-08
1888 4.072314131354526e-08 8.396198315421032e-12 4.0746666666068196e-08
1889 4.088246134230697e-08 8.440801151699786e-12 4.090611166775307e-08
1890 4.1042404674447206e-08 8.485640930095603e-12 4.1066180636705855e-08
1891 4.120297374849866e-08 8.530718909307955e-12 4.1226876014985974e-08
1892 4.136417101253435e-08 8.5760363547229e-12 4.138820025421196e-08
1893 4.152599892420455e-08 8.621594538448479e-12 4.155015581559839e-08
1894 4.1688459950774776e-08 8.667394739350587e-12 4.171274516999407e-08
1895 4.1851556569163095e-08 8.713438243088768e-12 4.1875970797919344e-08
1896 4.201529126597794e-08 8.75972634215233e-12 4.203983518960407e-08
1897 4.217966653755604e-08 8.806260335896631e-12 4.220434084502567e-08
1898 4.234468489000046e-08 8.853041530579546e-12 4.236949027394721e-08
1899 4.251034883921885e-08 8.900071239398146e-12 4.253528599595579e-08
1900 4.267666091096175e-08 8.947350782525541e-12 4.270173054050095e-08
1901 4.284362364086114e-08 8.994881487147967e-12 4.286882644693333e-08
1902 4.301123957446908e-08 9.042664687502012e-12 4.3036576264543385e-08
1903 4.317951126729652e-08 9.090701724912091e-12 4.320498255260033e-08
1904 4.334844128485235e-08 9.138993947828116e-12 4.337404788039128e-08
1905 4.351803220268218e-08 9.187542711863243e-12 4.3543774827260164e-08
1906 4.368828660640811e-08 9.236349379832083e-12 4.371416598264753e-08
1907 4.38592070917679e-08 9.285415321788885e-12 4.388522394612992e-08
1908 4.403079626465427e-08 9.334741915065905e-12 4.405695132745921e-08
1909 4.42030567411552e-08 9.38433054431224e-12 4.422935074660302e-08
1910 4.437599114759339e-08 9.434182601532579e-12 4.440242483378433e-08
1911 4.454960212056645e-08 9.48429948612631e-12 4.457617622952174e-08
1912 4.4723892306987077e-08 9.534682604926804e-12 4.4750607584669745e-08
1913 4.489886436412341e-08 9.585333372240903e-12 4.492572156045923e-08
1914 4.5074520959639556e-08 9.636253209888628e-12 4.5101520828538143e-08
1915 4.525086477163624e-08 9.68744354724308e-12 4.527800807101214e-08
1916 4.5427898488691644e-08 9.738905821270573e-12 4.545518598048567e-08
1917 4.56056248099024e-08 9.790641476570962e-12 4.5633057260102984e-08
1918 4.5784046444924765e-08 9.84265196541821e-12 4.5811624623589473e-08
1919 4.5963166114015974e-08 9.894938747801164e-12 4.5990890795293133e-08
1920 4.614298654807538e-08 9.94750329146444e-12 4.617085851022579e-08
1921 4.632351048868665e-08 1.0000347071949788e-11 4.6351530514105436e-08
1922 4.650474068815925e-08 1.0053471572637427e-11 4.653290956339785e-08
1923 4.668667990957017e-08 1.01068782847876e-11 4.671499842535836e-08
1924 4.686933092680659e-08 1.0160568707582607e-11 4.689779987807474e-08
1925 4.705269652460779e-08 1.0214544348168773e-11 4.708131671050912e-08
1926 4.723677949860771e-08 1.0268806721698786e-11 4.726555172254079e-08
1927 4.742158265537759e-08 1.0323357351374229e-11 4.745050772500883e-08
1928 4.76071088124687e-08 1.0378197768488332e-11 4.763618753975508e-08
1929 4.7793360798455395e-08 1.0433329512468967e-11 4.7822593999667176e-08
1930 4.7980341452978135e-08 1.048875413092185e-11 4.800972994872187e-08
1931 4.816805362678685e-08 1.0544473179673992e-11 4.8197598242028346e-08
1932 4.835650018178438e-08 1.0600488222817378e-11 4.8386201745871903e-08
1933 4.854568399107011e-08 1.0656800832752851e-11 4.857554333775762e-08
1934 4.8735607938983864e-08 1.0713412590234307e-11 4.876562590645445e-08
1935 4.89262749211495e-08 1.077032508441293e-11 4.8956452352038914e-08
1936 4.9117687844519635e-08 1.0827539912881989e-11 4.9148025585939914e-08
1937 4.930984962741969e-08 1.0885058681721597e-11 4.934034853098298e-08
1938 4.9502763199592055e-08 1.0942883005543697e-11 4.9533424121434475e-08
1939 4.969643150224139e-08 1.1001014507537567e-11 4.97272553030471e-08
1940 4.989085748807902e-08 1.1059454819515274e-11 4.992184503310433e-08
1941 5.0086044121368125e-08 1.1118205581957502e-11 5.0117196280465845e-08
1942 5.028199437796885e-08 1.11772684440596e-11 5.031331202561267e-08
1943 5.0478711245383726e-08 1.1236645063777886e-11 5.0510195260692766e-08
1944 5.067619772280323e-08 1.1296337107876184e-11 5.070784898956673e-08
1945 5.087445682115146e-08 1.1356346251972604e-11 5.09062762278536e-08
1946 5.107349156313209e-08 1.1416674180586588e-11 5.110548000297688e-08
1947 5.127330498327443e-08 1.1477322587186195e-11 5.1305463354210835e-08
1948 5.1473900127979686e-08 1.1538293174235633e-11 5.1506229332726825e-08
1949 5.167528005556753e-08 1.1599587653243083e-11 5.1707781001639997e-08
1950 5.187744783632231e-08 1.1661207744808622e-11 5.191012143605565e-08
1951 5.208040655254045e-08 1.1723155178672702e-11 5.2113253723116775e-08
1952 5.228415929857707e-08 1.1785431693764586e-11 5.2317180962050826e-08
1953 5.2488709180893366e-08 1.1848039038251226e-11 5.2521906264217186e-08
1954 5.269405931810352e-08 1.1910978969586198e-11 5.2727432753154246e-08
1955 5.290021284102291e-08 1.1974253254559241e-11 5.293376356462778e-08
1956 5.310717289271541e-08 1.2037863669345716e-11 5.314090184667832e-08
1957 5.331494262854142e-08 1.2101811999556505e-11 5.3348850759669395e-08
1958 5.352352521620596e-08 1.2166100040288115e-11 5.355761347633571e-08
1959 5.3732923835806995e-08 1.2230729596173103e-11 5.3767193181831636e-08
1960 5.394314167988387e-08 1.2295702481430693e-11 5.397759307377979e-08
1961 5.415418195346604e-08 1.2361020519917735e-11 5.418881636231989e-08
1962 5.436604787412191e-08 1.2426685545179895e-11 5.440086627015777e-08
1963 5.457874267200786e-08 1.2492699400503108e-11 5.4613746032614534e-08
1964 5.479226958991767e-08 1.2559063938965384e-11 5.482745889767611e-08
1965 5.500663188333145e-08 1.2625781023488651e-11 5.5042008126042314e-08
1966 5.5221832820465986e-08 1.26928525268913e-11 5.5257396991177425e-08
1967 5.543787568232411e-08 1.276028033194058e-11 5.5473628779359586e-08
1968 5.565476376274493e-08 1.2828066331405543e-11 5.569070678973127e-08
1969 5.587250036845362e-08 1.2896212428110025e-11 5.59086343343492e-08
1970 5.609108881911251e-08 1.2964720534986274e-11 5.612741473823553e-08
1971 5.631053244737122e-08 1.3033592575128503e-11 5.634705133942824e-08
1972 5.6530834598917626e-08 1.3102830481846918e-11 5.6567547489032135e-08
1973 5.675199863252884e-08 1.3172436198721984e-11 5.678890655127006e-08
1974 5.697402792012242e-08 1.3242411679658973e-11 5.701113190353424e-08
1975 5.719692584680778e-08 1.331275888894283e-11 5.723422693643783e-08
1976 5.742069581093783e-08 1.33834798012933e-11 5.74581950538667e-08
1977 5.764534122416073e-08 1.3454576401920363e-11 5.76830396730314e-08
1978 5.787086551147197e-08 1.3526050686579961e-11 5.7908764224519314e-08
1979 5.809727211126663e-08 1.3597904661630063e-11 5.813537215234719e-08
1980 5.832456447539143e-08 1.3670140344086833e-11 5.8362866914013204e-08
1981 5.8552746069197966e-08 1.3742759761681462e-11 5.8591251980550455e-08
1982 5.878182037159514e-08 1.3815764952916969e-11 5.8820530836579565e-08
1983 5.9011790875102393e-08 1.3889157967125461e-11 5.905070698036198e-08
1984 5.924266108590252e-08 1.3962940864525546e-11 5.928178392385305e-08
1985 5.947443452389579e-08 1.4037115716280357e-11 5.951376519275626e-08
1986 5.970711472275319e-08 1.4111684604555573e-11 5.974665432657661e-08
1987 5.994070522997035e-08 1.4186649622577878e-11 5.998045487867475e-08
1988 6.017520960692175e-08 1.426201287469375e-11 6.021517041632135e-08
1989 6.041063142891484e-08 1.4337776476428488e-11 6.045080452075134e-08
1990 6.064697428524468e-08 1.4413942554545645e-11 6.068736078721882e-08
1991 6.088424177924869e-08 1.4490513247106704e-11 6.09248428250518e-08
1992 6.112243752836146e-08 1.4567490703531092e-11 6.116325425770738e-08
1993 6.136156516416998e-08 1.4644877084656522e-11 6.140259872282697e-08
1994 6.160162833246914e-08 1.4722674562799696e-11 6.164287987229211e-08
1995 6.18426306933168e-08 1.4800885321817128e-11 6.188410137227965e-08
1996 6.208457592109032e-08 1.487951155716666e-11 6.212626690331836e-08
1997 6.232746770454213e-08 1.4958555475968958e-11 6.236938016034484e-08
1998 6.257130974685614e-08 1.5038019297069542e-11 6.261344485276002e-08
1999 6.281610576570382e-08 1.511790525110091e-11 6.285846470448533e-08
2000 6.30618594933015e-08 1.519821558054538e-11 6.310444345402038e-08
2001 6.330857467646684e-08 1.5278952539797906e-11 6.33513848544994e-08
2002 6.355625507667611e-08 1.5360118395229384e-11 6.359929267374884e-08
2003 6.380490447012147e-08 1.544171542525027e-11 6.384817069434471e-08
2004 6.405452664776858e-08 1.5523745920374537e-11 6.40980227136705e-08
2005 6.430512541541437e-08 1.5606212183283994e-11 6.434885254397506e-08
2006 6.455670459374513e-08 1.568911652889289e-11 6.460066401243079e-08
2007 6.48092680183947e-08 1.5772461284412932e-11 6.485346096119222e-08
2008 6.506281954000292e-08 1.5856248789418567e-11 6.510724724745443e-08
2009 6.531736302427457e-08 1.5940481395912754e-11 6.536202674351227e-08
2010 6.55729023520377e-08 1.6025161468392764e-11 6.561780333681892e-08
2011 6.582944141930363e-08 1.6110291383916862e-11 6.587458093004597e-08
2012 6.608698413732578e-08 1.6195873532170804e-11 6.613236344114252e-08
2013 6.634553443265963e-08 1.628191031553506e-11 6.63911548033953e-08
2014 6.660509624722197e-08 1.6368404149152035e-11 6.665095896548808e-08
2015 6.686567353835187e-08 1.645535746099416e-11 6.69117798915629e-08
2016 6.712727027887046e-08 1.6542772691931838e-11 6.717362156127996e-08
2017 6.738989045714161e-08 1.6630652295802042e-11 6.743648796987859e-08
2018 6.765353807713279e-08 1.6718998739477174e-11 6.770038312823814e-08
2019 6.791821715847603e-08 1.6807814502934307e-11 6.796531106293936e-08
2020 6.81839317365293e-08 1.689710207932482e-11 6.823127581632574e-08
2021 6.845068586243798e-08 1.698686397504437e-11 6.849828144656537e-08
2022 6.871848360319663e-08 1.707710270980327e-11 6.876633202771282e-08
2023 6.898732904171098e-08 1.716782081669718e-11 6.903543164977129e-08
2024 6.92572262768604e-08 1.72590208422783e-11 6.930558441875535e-08
2025 6.952817942355971e-08 1.735070534662664e-11 6.957679445675292e-08
2026 6.980019261282284e-08 1.7442876903422185e-11 6.984906590198914e-08
2027 7.007326999182527e-08 1.7535538100016945e-11 7.012240290888898e-08
2028 7.034741572396742e-08 1.7628691537507673e-11 7.039680964814096e-08
2029 7.062263398893773e-08 1.7722339830808695e-11 7.067229030676017e-08
2030 7.089892898277708e-08 1.781648560872561e-11 7.094884908815324e-08
2031 7.117630491794232e-08 1.7911131514028876e-11 7.122649021218176e-08
2032 7.145476602337052e-08 1.800628020352805e-11 7.150521791522694e-08
2033 7.173431654454355e-08 1.8101934348146364e-11 7.178503645025433e-08
2034 7.201496074355276e-08 1.8198096632995713e-11 7.206595008687868e-08
2035 7.229670289916391e-08 1.8294769757452007e-11 7.234796311142919e-08
2036 7.257954730688254e-08 1.839195643523098e-11 7.263107982701496e-08
2037 7.286349827901933e-08 1.8489659394464316e-11 7.29153045535906e-08
2038 7.314856014475586e-08 1.858788137777628e-11 7.320064162802234e-08
2039 7.343473725021089e-08 1.8686625142360733e-11 7.348709540415427e-08
2040 7.372203395850586e-08 1.8785893460058322e-11 7.377467025287428e-08
2041 7.401045464983239e-08 1.8885689117434607e-11 7.406337056218168e-08
2042 7.430000372151849e-08 1.8986014915858077e-11 7.435320073725367e-08
2043 7.459068558809581e-08 1.9086873671578873e-11 7.464416520051274e-08
2044 7.488250468136646e-08 1.918826821580767e-11 7.493626839169381e-08
2045 7.517546545047137e-08 1.9290201394795424e-11 7.522951476791273e-08
2046 7.54695723619576e-08 1.939267606991309e-11 7.552390880373385e-08
2047 7.576482989984654e-08 1.949569511773198e-11 7.581945499123842e-08
2048 7.606124256570232e-08 1.9599261430104523e-11 7.611615784009328e-08
2049 7.63588148787004e-08 1.9703377914245435e-11 7.641402187761963e-08
2050 7.665755137569648e-08 1.9808047492813324e-11 7.67130516488622e-08
2051 7.695745661129568e-08 1.9913273103992734e-11 7.701325171665858e-08
2052 7.725853515792197e-08 2.0019057701576643e-11 7.731462666170904e-08
2053 7.756079160588793e-08 2.012540425504935e-11 7.761718108264635e-08
2054 7.78642305634648e-08 2.0232315749669895e-11 7.792091959610614e-08
2055 7.816885665695217e-08 2.0339795186555655e-11 7.822584683679691e-08
2056 7.847467453074948e-08 2.044784558276689e-11 7.853196745757154e-08
2057 7.878168884742613e-08 2.0556469971391237e-11 7.883928612949792e-08
2058 7.908990428779295e-08 2.0665671401628965e-11 7.914780754193041e-08
2059 7.939932555097289e-08 2.0775452938878326e-11 7.945753640258092e-08
2060 7.970995735447361e-08 2.0885817664821948e-11 7.976847743759171e-08
2061 8.002180443425881e-08 2.099676867751313e-11 8.008063539160693e-08
2062 8.033487154482058e-08 2.1108309091462848e-11 8.039401502784522e-08
2063 8.064916345925185e-08 2.1220442037727193e-11 8.070862112817244e-08
2064 8.09646849693192e-08 2.1333170663995242e-11 8.10244584931747e-08
2065 8.128144088553591e-08 2.1446498134677452e-11 8.134153194223164e-08
2066 8.159943603723531e-08 2.156042763099446e-11 8.16598463135901e-08
2067 8.191867527264439e-08 2.1674962351066395e-11 8.197940646443787e-08
2068 8.223916345895769e-08 2.1790105510002642e-11 8.230021727097796e-08
2069 8.256090548241179e-08 2.1905860339992176e-11 8.26222836285032e-08
2070 8.288390624835897e-08 2.2022230090394016e-11 8.294561045147028e-08
2071 8.320817068134316e-08 2.213921802782885e-11 8.32702026735759e-08
2072 8.353370372517421e-08 2.2256827436270432e-11 8.359606524783127e-08
2073 8.386051034300375e-08 2.2375061617137942e-11 8.392320314663829e-08
2074 8.418859551740004e-08 2.2493923889388386e-11 8.425162136186466e-08
2075 8.451796425042503e-08 2.2613417589610116e-11 8.458132490492109e-08
2076 8.484862156370995e-08 2.2733546072116294e-11 8.491231880683728e-08
2077 8.5180572498532e-08 2.285431270903908e-11 8.524460811833887e-08
2078 8.551382211589124e-08 2.2975720890424282e-11 8.557819790992447e-08
2079 8.584837549658773e-08 2.309777402432653e-11 8.591309327194316e-08
2080 8.618423774129903e-08 2.3220475536904968e-11 8.624929931467234e-08
2081 8.65214139706579e-08 2.3343828872519393e-11 8.65868211683955e-08
2082 8.685990932533045e-08 2.3467837493826954e-11 8.692566398348079e-08
2083 8.719972896609447e-08 2.3592504881879366e-11 8.72658329304596e-08
2084 8.754087807391827e-08 2.3717834536220666e-11 8.760733320010559e-08
2085 8.788336185003903e-08 2.3843829974985218e-11 8.795017000351345e-08
2086 8.822718551604308e-08 2.397049473499683e-11 8.829434857217932e-08
2087 8.857235431394486e-08 2.4097832371867806e-11 8.863987415808018e-08
2088 8.891887350626718e-08 2.4225846460098878e-11 8.898675203375424e-08
2089 8.926674837612073e-08 2.4354540593179255e-11 8.933498749238079e-08
2090 8.961598422728572e-08 2.4483918383687936e-11 8.968458584786213e-08
2091 8.996658638429199e-08 2.4613983463394814e-11 9.0035552434904e-08
2092 9.031856019250041e-08 2.4744739483362728e-11 9.03878926090972e-08
2093 9.067191101818436e-08 2.487619011404992e-11 9.074161174699939e-08
2094 9.102664424861155e-08 2.5008339045413098e-11 9.109671524621716e-08
2095 9.13827652921261e-08 2.5141189987010966e-11 9.145320852548851e-08
2096 9.174027957823112e-08 2.5274746668108424e-11 9.181109702476556e-08
2097 9.209919255767138e-08 2.5409012837781204e-11 9.217038620529765e-08
2098 9.245950970251645e-08 2.5543992265021127e-11 9.25310815497147e-08
2099 9.282123650624429e-08 2.5679688738841962e-11 9.289318856211113e-08
2100 9.318437848382434e-08 2.5816106068385534e-11 9.325671276812923e-08
2101 9.35489411718026e-08 2.5953248083029025e-11 9.362165971504458e-08
2102 9.391493012838542e-08 2.6091118632492243e-11 9.398803497185005e-08
2103 9.428235093352452e-08 2.622972158694579e-11 9.435584412934123e-08
2104 9.465120918900136e-08 2.6369060837119416e-11 9.4725092800201e-08
2105 9.502151051851364e-08 2.65091402944117e-11 9.509578661908648e-08
2106 9.539326056776034e-08 2.6649963890999517e-11 9.54679312427142e-08
2107 9.576646500452794e-08 2.679153557994853e-11 9.584153234994678e-08
2108 9.614112951877683e-08 2.693385933532411e-11 9.621659564187956e-08
2109 9.651725982272812e-08 2.707693915230295e-11 9.659312684192772e-08
2110 9.689486165095064e-08 2.7220779047285157e-11 9.697113169591371e-08
2111 9.727394076044843e-08 2.7365383058007044e-11 9.73506159721549e-08
2112 9.76545029307485e-08 2.7510755243654428e-11 9.773158546155177e-08
2113 9.803655396398897e-08 2.7656899684976634e-11 9.811404597767631e-08
2114 9.842009968500766e-08 2.7803820484401046e-11 9.849800335686093e-08
2115 9.880514594143018e-08 2.7951521766148038e-11 9.888346345828695e-08
2116 9.919169860376022e-08 2.810000767634715e-11 9.92704321640751e-08
2117 9.957976356546831e-08 2.8249282383153192e-11 9.965891537937469e-08
2118 9.996934674308203e-08 2.83993500768634e-11 1.0004891903245412e-07
2119 1.003604540762754e-07 2.8550214970034738e-11 1.0044044907479058e-07
2120 1.0075309152796068e-07 2.870188129760264e-11 1.0083351148116225e-07
2121 1.011472650843785e-07 2.8854353316999552e-11 1.0122811224973866e-07
2122 1.0154298075518929e-07 2.9007635308274543e-11 1.016242574021725e-07
2123 1.0194024457356485e-07 2.9161731574213437e-11 1.0202195298369162e-07
2124 1.0233906259628045e-07 2.931664644045959e-11 1.0242120506319135e-07
2125 1.027394409038071e-07 2.947238425563534e-11 1.0282201973332707e-07
2126 1.0314138560040427e-07 2.9628949391464045e-11 1.0322440311060742e-07
2127 1.0354490281421296e-07 2.9786346242892836e-11 1.0362836133548764e-07
2128 1.039499986973491e-07 2.9944579228215954e-11 1.040339005724633e-07
2129 1.0435667942599764e-07 3.0103652789198895e-11 1.0444102701016475e-07
2130 1.0476495120050578e-07 3.0263571391202735e-11 1.048497468614507e-07
2131 1.0517482024547879e-07 3.042433952330997e-11 1.0526006636350442e-07
2132 1.055862928098741e-07 3.058596169845025e-11 1.0567199177792816e-07
2133 1.05999375167097e-07 3.0748442453527145e-11 1.0608552939083915e-07
2134 1.0641407361509536e-07 3.0911786349545224e-11 1.0650068551296475e-07
2135 1.0683039447645702e-07 3.1075997971738606e-11 1.0691746647974023e-07
2136 1.0724834409850529e-07 3.124108192969927e-11 1.0733587865140452e-07
2137 1.076679288533959e-07 3.140704285750659e-11 1.0775592841309762e-07
2138 1.0808915513821423e-07 3.1573885413857396e-11 1.0817762217495812e-07
2139 1.085120293750728e-07 3.174161428219676e-11 1.0860096637222114e-07
2140 1.0893655801120917e-07 3.1910234170849447e-11 1.0902596746531645e-07
2141 1.0936274751908427e-07 3.207974981315211e-11 1.094526319399674e-07
2142 1.0979060439648102e-07 3.225016596758613e-11 1.0988096630728972e-07
2143 1.1022013516660348e-07 3.242148741791121e-11 1.1031097710389112e-07
2144 1.1065134637817647e-07 3.2593718973299736e-11 1.1074267089197119e-07
2145 1.1108424460554454e-07 3.276686546847146e-11 1.1117605425942102e-07
2146 1.1151883644877354e-07 3.2940931763829666e-11 1.1161113381992473e-07
2147 1.1195512853375032e-07 3.3115922745597355e-11 1.1204791621306005e-07
2148 1.1239312751228429e-07 3.3291843325954494e-11 1.124864081043997e-07
2149 1.1283284006220784e-07 3.346869844317561e-11 1.1292661618561275e-07
2150 1.1327427288747952e-07 3.3646493061768904e-11 1.133685471745678e-07
2151 1.1371743271828541e-07 3.38252321726153e-11 1.1381220781543491e-07
2152 1.1416232631114189e-07 3.400492079310858e-11 1.142576048787887e-07
2153 1.1460896044899866e-07 3.418556396729627e-11 1.1470474516171182e-07
2154 1.1505734194134219e-07 3.436716676602122e-11 1.151536354878988e-07
2155 1.1550747762429953e-07 3.454973428706395e-11 1.1560428270776019e-07
2156 1.1595937436074247e-07 3.4733271655285716e-11 1.1605669369852708e-07
2157 1.1641303904039228e-07 3.491778402277242e-11 1.1651087536435646e-07
2158 1.1686847857992467e-07 3.5103276568979207e-11 1.1696683463643636e-07
2159 1.1732569992307527e-07 3.528975450087588e-11 1.1742457847309185e-07
2160 1.1778471004074575e-07 3.547722305309312e-11 1.1788411385989154e-07
2161 1.1824551593110912e-07 3.566568748806909e-11 1.183454478097533e-07
2162 1.1870812461971786e-07 3.5855153096197686e-11 1.1880858736305279e-07
2163 1.1917254315961034e-07 3.6045625195976815e-11 1.1927353958773034e-07
2164 1.1963877863141763e-07 3.623710913415734e-11 1.1974031157939801e-07
2165 1.2010683814347282e-07 3.642961028589378e-11 1.2020891046144966e-07
2166 1.205767288319186e-07 3.662313405489484e-11 1.2067934338516864e-07
2167 1.210484578608161e-07 3.681768587357511e-11 1.2115161752983715e-07
2168 1.2152203242225424e-07 3.701327120320763e-11 1.2162574010284615e-07
2169 1.219974597364594e-07 3.720989553407719e-11 1.2210171833980519e-07
2170 1.2247474705190533e-07 3.740756438563442e-11 1.2257955950465312e-07
2171 1.2295390164542395e-07 3.760628330665073e-11 1.2305927088976887e-07
2172 1.23434930822316e-07 3.780605787537408e-11 1.2354085981608294e-07
2173 1.2391784191646261e-07 3.800689369968559e-11 1.2402433363318925e-07
2174 1.2440264229043704e-07 3.8208796417256894e-11 1.2450969971945723e-07
2175 1.2488933933561718e-07 3.8411771695708566e-11 1.2499696548214491e-07
2176 1.2537794047229725e-07 3.861582523276877e-11 1.2548613835751107e-07
2177 1.2586845314980246e-07 3.882096275643382e-11 1.2597722581093014e-07
2178 1.263608848466018e-07 3.902719002512869e-11 1.2647023533700577e-07
2179 1.2685524307042135e-07 3.92345128278683e-11 1.2696517445968422e-07
2180 1.2735153535836013e-07 3.944293698442068e-11 1.2746205073237095e-07
2181 1.2784976927700413e-07 3.965246834546989e-11 1.2796087173804508e-07
2182 1.2834995242254195e-07 3.9863112792780425e-11 1.2846164508937533e-07
2183 1.288520924208805e-07 4.007487623936223e-11 1.2896437842883625e-07
2184 1.2935619692776128e-07 4.028776462963675e-11 1.2946907942882512e-07
2185 1.298622736288772e-07 4.0501783939603774e-11 1.2997575579177899e-07
2186 1.3037033023998966e-07 4.071694017700919e-11 1.3048441525029243e-07
2187 1.3088037450704626e-07 4.0933239381513615e-11 1.3099506556723556e-07
2188 1.3139241420629877e-07 4.1150687624861964e-11 1.3150771453587262e-07
2189 1.319064571444219e-07 4.136929101105388e-11 1.3202236997998118e-07
2190 1.3242251115863238e-07 4.158905567651517e-11 1.3253903975397158e-07
2191 1.3294058411680748e-07 4.1809987790269624e-11 1.330577317430062e-07
2192 1.334606839176066e-07 4.2032093554112895e-11 1.3357845386312118e-07
2193 1.3398281849059075e-07 4.225537920278618e-11 1.341012140613468e-07
2194 1.3450699579634285e-07 4.247985100415098e-11 1.3462602031582785e-07
2195 1.3503322382659053e-07 4.270551525936563e-11 1.3515288063594724e-07
2196 1.3556151060432696e-07 4.293237830306183e-11 1.356818030624472e-07
2197 1.3609186418393353e-07 4.316044650352251e-11 1.3621279566755238e-07
2198 1.3662429265130245e-07 4.3389726262860584e-11 1.3674586655509316e-07
2199 1.3715880412396022e-07 4.362022401719874e-11 1.3728102386062944e-07
2200 1.376954067511913e-07 4.3851946236850025e-11 1.378182757515749e-07
2201 1.3823410871416237e-07 4.408489942649951e-11 1.3835763042732165e-07
2202 1.3877491822604706e-07 4.431909012538689e-11 1.3889909611936575e-07
2203 1.393178435321512e-07 4.455452490749004e-11 1.394426810914326e-07
2204 1.3986289291003843e-07 4.4791210381709546e-11 1.3998839363960344e-07
2205 1.4041007466965684e-07 4.502915319205436e-11 1.4053624209244222e-07
2206 1.4095939715346442e-07 4.52683600178278e-11 1.410862348111217e-07
2207 1.4151086873655796e-07 4.5508837573815786e-11 1.416383801895528e-07
2208 1.4206449782679968e-07 4.5750592610474843e-11 1.42192686654512e-07
2209 1.426202928649459e-07 4.5993631914121854e-11 1.4274916266577016e-07
2210 1.431782623247746e-07 4.6237962307124006e-11 1.4330781671622088e-07
2211 1.4373841471321639e-07 4.648359064809114e-11 1.4386865733201198e-07
2212 1.44300758570483e-07 4.673052383206769e-11 1.4443169307267442e-07
2213 1.4486530247019781e-07 4.6978768790726416e-11 1.4499693253125354e-07
2214 1.4543205501952653e-07 4.722833249256295e-11 1.4556438433443998e-07
2215 1.4600102485930849e-07 4.7479221943091464e-11 1.4613405714270197e-07
2216 1.465722206641883e-07 4.773144418504123e-11 1.4670595965041717e-07
2217 1.4714565114274812e-07 4.798500629855441e-11 1.4728010058600566e-07
2218 1.4772132503764055e-07 4.823991540138472e-11 1.4785648871206316e-07
2219 1.4829925112572175e-07 4.8496178649097336e-11 1.484351328254952e-07
2220 1.4887943821818565e-07 4.875380323526977e-11 1.490160417576514e-07
2221 1.494618951606971e-07 4.901279639169336e-11 1.4959922437445932e-07
2222 1.5004663083352844e-07 4.927316538857704e-11 1.5018468957656186e-07
2223 1.5063365415169382e-07 4.9534917534750886e-11 1.5077244629945174e-07
2224 1.5122297406508566e-07 4.9798060177871565e-11 1.5136250351360883e-07
2225 1.5181459955860983e-07 5.006260070462802e-11 1.519548702246358e-07
2226 1.5240853965232455e-07 5.032854654094968e-11 1.5254955547339766e-07
2227 1.530048034015767e-07 5.059590515221435e-11 1.5314656833615853e-07
2228 1.5360339989714002e-07 5.086468404345787e-11 1.5374591792472058e-07
2229 1.54204338265354e-07 5.113489075958487e-11 1.5434761338656344e-07
2230 1.5480762766826274e-07 5.140653288558048e-11 1.549516639049835e-07
2231 1.554132773037548e-07 5.167961804672332e-11 1.555580786992347e-07
2232 1.5602129640570332e-07 5.195415390879948e-11 1.56166867024669e-07
2233 1.5663169424410703e-07 5.223014817831778e-11 1.5677803817287806e-07
2234 1.5724448012523122e-07 5.250760860272603e-11 1.573916014718347e-07
2235 1.578596633917503e-07 5.278654297062872e-11 1.5800756628603634e-07
2236 1.5847725342288876e-07 5.3066959112005e-11 1.586259420166463e-07
2237 1.5909725963456609e-07 5.334886489842941e-11 1.5924673810163945e-07
2238 1.5971969147953915e-07 5.363226824329225e-11 1.5986996401594528e-07
2239 1.6034455844754686e-07 5.391717710202197e-11 1.6049562927159303e-07
2240 1.6097187006545365e-07 5.420359947230796e-11 1.611237434178559e-07
2241 1.616016358973966e-07 5.4491543394325874e-11 1.6175431604139878e-07
2242 1.6223386554492992e-07 5.478101695096279e-11 1.623873567664234e-07
2243 1.6286856864717179e-07 5.50720282680442e-11 1.6302287525481566e-07
2244 1.6350575488095123e-07 5.536458551456219e-11 1.636608812062934e-07
2245 1.6414543396095565e-07 5.565869690290465e-11 1.6430138435855431e-07
2246 1.6478761563987893e-07 5.595437068908588e-11 1.6494439448742487e-07
2247 1.6543230970857022e-07 5.625161517297835e-11 1.6558992140700965e-07
2248 1.6607952599618305e-07 5.655043869854559e-11 1.6623797496984123e-07
2249 1.6672927437032534e-07 5.6850849654076534e-11 1.6688856506703068e-07
2250 1.6738156473721014e-07 5.715285647242109e-11 1.675417016284191e-07
2251 1.6803640704180518e-07 5.74564676312262e-11 1.681973946227278e-07
2252 1.686938112679868e-07 5.776169165317483e-11 1.6885565405771286e-07
2253 1.6935378743869045e-07 5.8068537106224526e-11 1.6951648998031636e-07
2254 1.7001634561606457e-07 5.837701260384827e-11 1.7017991247682084e-07
2255 1.706814959016223e-07 5.868712680527559e-11 1.7084593167300178e-07
2256 1.7134924843639773e-07 5.899888841573667e-11 1.7151455773428454e-07
2257 1.720196134010991e-07 5.931230618670597e-11 1.721858008658981e-07
2258 1.726926010162644e-07 5.962738891614819e-11 1.7285967131303156e-07
2259 1.7336822154241703e-07 5.994414544876509e-11 1.7353617936099037e-07
2260 1.740464852802225e-07 6.026258467624385e-11 1.7421533533535366e-07
2261 1.7472740257064517e-07 6.058271553750666e-11 1.7489714960213179e-07
2262 1.7541098379510623e-07 6.090454701896163e-11 1.7558163256792498e-07
2263 1.7609723937564173e-07 6.122808815475509e-11 1.7626879468008222e-07
2264 1.7678617977506158e-07 6.155334802702512e-11 1.7695864642686064e-07
2265 1.7747781549710944e-07 6.188033576615672e-11 1.776511983375864e-07
2266 1.7817215708662135e-07 6.220906055103739e-11 1.783464609828138e-07
2267 1.7886921512968874e-07 6.253953160931585e-11 1.7904444497448943e-07
2268 1.7956900025381833e-07 6.287175821766037e-11 1.797451609661123e-07
2269 1.8027152312809497e-07 6.320574970201953e-11 1.8044861965289765e-07
2270 1.8097679446334268e-07 6.354151543788324e-11 1.8115483177193874e-07
2271 1.8168482501229032e-07 6.387906485054713e-11 1.818638081023733e-07
2272 1.8239562556973398e-07 6.421840741537626e-11 1.8257555946554638e-07
2273 1.831092069727019e-07 6.455955265807134e-11 1.8329009672517635e-07
2274 1.838255801006197e-07 6.490251015493617e-11 1.8400743078752082e-07
2275 1.8454475587547645e-07 6.524728953314643e-11 1.8472757260154318e-07
2276 1.852667452619908e-07 6.559390047101986e-11 1.8545053315907987e-07
2277 1.8599155926777849e-07 6.594235269828803e-11 1.861763234950084e-07
2278 1.8671920894352e-07 6.629265599636946e-11 1.869049546874159e-07
2279 1.874497053831292e-07 6.66448201986441e-11 1.8763643785776835e-07
2280 1.8818305972392255e-07 6.699885519072963e-11 1.8837078417108085e-07
2281 1.8891928314678776e-07 6.735477091075825e-11 1.891080048360868e-07
2282 1.896583868763563e-07 6.771257734965664e-11 1.8984811110541126e-07
2283 1.9040038218117306e-07 6.807228455142582e-11 1.9059111427574155e-07
2284 1.91145280373869e-07 6.843390261342337e-11 1.9133702568800037e-07
2285 1.9189309281133194e-07 6.879744168664614e-11 1.9208585672751773e-07
2286 1.9264383089488214e-07 6.916291197601635e-11 1.9283761882420712e-07
2287 1.9339750607044453e-07 6.95303237406673e-11 1.935923234527385e-07
2288 1.9415412982872367e-07 6.989968729423152e-11 1.9434998213271442e-07
2289 1.949137137053788e-07 7.02710130051303e-11 1.951106064288453e-07
2290 1.9567626928119983e-07 7.064431129686469e-11 1.958742079511268e-07
2291 1.9644180818228398e-07 7.101959264830827e-11 1.966407983550169e-07
2292 1.9721034208021275e-07 7.139686759400106e-11 1.9741038934161392e-07
2293 1.979818826922302e-07 7.17761467244454e-11 1.9818299265783545e-07
2294 1.987564417814214e-07 7.215744068640319e-11 1.9895862009659783e-07
2295 1.9953403115689218e-07 7.254076018319498e-11 1.9973728349699659e-07
2296 2.0031466267394764e-07 7.292611597499958e-11 2.005189947444858e-07
2297 2.0109834823427522e-07 7.331351887915731e-11 2.013037657710621e-07
2298 2.0188509978612469e-07 7.37029797704729e-11 2.0209160855544536e-07
2299 2.02674929324491e-07 7.409450958152118e-11 2.0288253512326263e-07
2300 2.034678488912955e-07 7.448811930295299e-11 2.0367655754723e-07
2301 2.0426387057557216e-07 7.488381998380515e-11 2.044736879473398e-07
2302 2.0506300651365005e-07 7.528162273180968e-11 2.0527393849104395e-07
2303 2.058652688893389e-07 7.568153871370575e-11 2.0607732139344024e-07
2304 2.0667066993411482e-07 7.608357915555332e-11 2.0688384891745926e-07
2305 2.074792219273068e-07 7.648775534304809e-11 2.076935333740513e-07
2306 2.0829093719628388e-07 7.689407862183838e-11 2.0850638712237498e-07
2307 2.0910582811664314e-07 7.730256039784363e-11 2.093224225699856e-07
2308 2.0992390711239841e-07 7.771321213757456e-11 2.1014165217302505e-07
2309 2.107451866561696e-07 7.812604536845502e-11 2.1096408843641203e-07
2310 2.1156967926937335e-07 7.854107167914584e-11 2.1178974391403353e-07
2311 2.123973975224122e-07 7.89583027198692e-11 2.1261863120893488e-07
2312 2.1322835403486885e-07 7.937775020273704e-11 2.13450762973515e-07
2313 2.140625614756968e-07 7.979942590207896e-11 2.1428615190971797e-07
2314 2.1490003256341438e-07 8.02233416547731e-11 2.1512481076922793e-07
2315 2.1574078006629692e-07 8.064950936057756e-11 2.1596675235366213e-07
2316 2.1658481680257404e-07 8.107794098246588e-11 2.1681198951476943e-07
2317 2.174321556406233e-07 8.150864854696175e-11 2.176605351546245e-07
2318 2.1828280949916694e-07 8.194164414447707e-11 2.185124022258258e-07
2319 2.1913679134746866e-07 8.237693992965109e-11 2.1936760373169316e-07
2320 2.1999411420553156e-07 8.281454812169185e-11 2.2022615272646675e-07
2321 2.2085479114429644e-07 8.325448100471898e-11 2.210880623155063e-07
2322 2.2171883528584129e-07 8.369675092810871e-11 2.2195334565549157e-07
2323 2.225862598035811e-07 8.414137030684034e-11 2.228220159546232e-07
2324 2.2345707792246902e-07 8.458835162184492e-11 2.2369408647282463e-07
2325 2.2433130291919815e-07 8.503770742035569e-11 2.245695705219452e-07
2326 2.2520894812240233e-07 8.548945031625948e-11 2.2544848146596168e-07
2327 2.26090026912862e-07 8.59435929904521e-11 2.2633083272118515e-07
2328 2.2697455272370635e-07 8.640014819119342e-11 2.2721663775646418e-07
2329 2.2786253904061918e-07 8.685912873446572e-11 2.2810591009339177e-07
2330 2.2875399940204256e-07 8.732054750433245e-11 2.2899866330650993e-07
2331 2.2964894739938595e-07 8.778441745330132e-11 2.298949110235198e-07
2332 2.3054739667723173e-07 8.825075160268702e-11 2.307946669254883e-07
2333 2.3144936093354358e-07 8.871956304297686e-11 2.3169794474705733e-07
2334 2.323548539198753e-07 8.919086493419834e-11 2.326047582766539e-07
2335 2.3326388944158063e-07 8.966467050628851e-11 2.3351512135670077e-07
2336 2.3417648135802348e-07 9.014099305946534e-11 2.3442904788382774e-07
2337 2.3509264358278943e-07 9.061984596460115e-11 2.3534655180908442e-07
2338 2.3601239008389784e-07 9.110124266359781e-11 2.3626764713815306e-07
2339 2.369357348840147e-07 9.158519666976421e-11 2.371923479315626e-07
2340 2.3786269206066705e-07 9.207172156819573e-11 2.381206683049043e-07
2341 2.387932757464555e-07 9.256083101615467e-11 2.3905262242904516e-07
2342 2.397275001292728e-07 9.305253874345504e-11 2.3998822453034743e-07
2343 2.4066537945251805e-07 9.35468585528471e-11 2.409274888908844e-07
2344 2.4160692801531497e-07 9.404380432040517e-11 2.41870429848659e-07
2345 2.4255216017272776e-07 9.45433899959162e-11 2.428170617978216e-07
2346 2.435010903359831e-07 9.504562960327292e-11 2.4376739918889243e-07
2347 2.444537329726879e-07 9.555053724086645e-11 2.4472145652898083e-07
2348 2.454101026070501e-07 9.605812708198226e-11 2.4567924838200687e-07
2349 2.4637021382010046e-07 9.656841337519812e-11 2.4664078936892445e-07
2350 2.4733408124991465e-07 9.7081410444784e-11 2.476060941679445e-07
2351 2.483017195918365e-07 9.759713269110426e-11 2.485751775147594e-07
2352 2.4927314359870197e-07 9.811559459102175e-11 2.4954805420276787e-07
2353 2.5024836808106425e-07 9.86368106983043e-11 2.505247390833012e-07
2354 2.5122740790741933e-07 9.91607956440332e-11 2.515052470658506e-07
2355 2.522102780044334e-07 9.968756413701424e-11 2.5248959311829473e-07
2356 2.531969933571682e-07 1.0021713096418938e-10 2.534777922671269e-07
2357 2.541875690093128e-07 1.0074951099105374e-10 2.5446985959768804e-07
2358 2.551820200634107e-07 1.0128471916207146e-10 2.5546581025439464e-07
2359 2.5618036168109066e-07 1.0182277050109573e-10 2.564656594409707e-07
2360 2.571826090832979e-07 1.023636801117904e-10 2.5746942242068056e-07
2361 2.581887775505265e-07 1.0290746317805428e-10 2.584771145165622e-07
2362 2.591988824230506e-07 1.0345413496444628e-10 2.5948875111165956e-07
2363 2.6021293910116124e-07 1.0400371081661551e-10 2.605043476492607e-07
2364 2.6123096304539897e-07 1.0455620616173098e-10 2.615239196331317e-07
2365 2.622529697767903e-07 1.051116365089149e-10 2.625474826277541e-07
2366 2.6327897487708403e-07 1.0567001744967808e-10 2.635750522585628e-07
2367 2.6430899398898933e-07 1.0623136465835758e-10 2.646066442121847e-07
2368 2.653430428164136e-07 1.0679569389255667e-10 2.6564227423667877e-07
2369 2.663811371247029e-07 1.0736302099358758e-10 2.6668195814177686e-07
2370 2.6742329274088e-07 1.0793336188691475e-10 2.677257117991232e-07
2371 2.6846952555388887e-07 1.0850673258260397e-10 2.687735511425207e-07
2372 2.6951985151483487e-07 1.0908314917577039e-10 2.6982549216817154e-07
2373 2.7057428663722834e-07 1.0966262784703063e-10 2.7088155093492274e-07
2374 2.71632846997229e-07 1.1024518486295719e-10 2.719417435645113e-07
2375 2.726955487338907e-07 1.1083083657653476e-10 2.730060862418106e-07
2376 2.737624080494083e-07 1.1141959942761985e-10 2.7407459521507856e-07
2377 2.748334412093625e-07 1.1201148994340092e-10 2.751472867962033e-07
2378 2.7590866454297084e-07 1.1260652473886407e-10 2.7622417736095613e-07
2379 2.769880944433349e-07 1.1320472051725848e-10 2.773052833492395e-07
2380 2.7807174736769037e-07 1.138060940705653e-10 2.783906212653386e-07
2381 2.791596398376581e-07 1.1441066227996917e-10 2.794802076781739e-07
2382 2.8025178843949624e-07 1.1501844211633211e-10 2.8057405922155405e-07
2383 2.8134820982435266e-07 1.1562945064066981e-10 2.816721925944305e-07
2384 2.824489207085198e-07 1.16243705004631e-10 2.8277462456115284e-07
2385 2.8355393787368697e-07 1.168612224509775e-10 2.83881371951723e-07
2386 2.8466327816719974e-07 1.1748202031407018e-10 2.849924516620559e-07
2387 2.8577695850231466e-07 1.1810611602035449e-10 2.861078806542352e-07
2388 2.868949958584574e-07 1.1873352708884965e-10 2.872276759567733e-07
2389 2.880174072814818e-07 1.1936427113164055e-10 2.883518546648713e-07
2390 2.891442098839298e-07 1.199983658543723e-10 2.8948043394068086e-07
2391 2.902754208452927e-07 1.2063582905674725e-10 2.9061343101356633e-07
2392 2.9141105741227106e-07 1.212766786330236e-10 2.917508631803661e-07
2393 2.9255113689904093e-07 1.2192093257251962e-10 2.9289274780566077e-07
2394 2.9369567668751555e-07 1.2256860896011724e-10 2.940391023220356e-07
2395 2.948446942276109e-07 1.2321972597677013e-10 2.95189944230348e-07
2396 2.959982070375118e-07 1.2387430190001392e-10 2.963452910999946e-07
2397 2.971562327039391e-07 1.245323551044795e-10 2.975051605691803e-07
2398 2.983187888824176e-07 1.2519390406240862e-10 2.986695703451873e-07
2399 2.994858932975458e-07 1.2585896734417276e-10 2.998385382046466e-07
2400 3.0065756374326415e-07 1.2652756361879326e-10 3.010120819938074e-07
2401 3.018338180831294e-07 1.2719971165446714e-10 3.021902196288132e-07
2402 3.030146742505848e-07 1.2787543031909284e-10 3.033729690959734e-07
2403 3.042001502492344e-07 1.2855473858080005e-10 3.0456034845203884e-07
2404 3.05390264153117e-07 1.2923765550848225e-10 3.057523758244776e-07
2405 3.0658503410698194e-07 1.299242002723318e-10 3.0694906941175197e-07
2406 3.077844783265666e-07 1.3061439214437877e-10 3.081504474835979e-07
2407 3.089886150988712e-07 1.3130825049903017e-10 3.0935652838130084e-07
2408 3.1019746278244167e-07 1.3200579481361607e-10 3.1056733051798025e-07
2409 3.11411039807647e-07 1.3270704466893507e-10 3.117828723788688e-07
2410 3.1262936467696073e-07 1.3341201974980406e-10 3.130031725215948e-07
2411 3.1385245596524305e-07 1.3412073984561089e-10 3.142282495764667e-07
2412 3.1508033232002427e-07 1.3483322485087e-10 3.154581222467572e-07
2413 3.1631301246178873e-07 1.3554949476578067e-10 3.166928093089893e-07
2414 3.1755051518426116e-07 1.3626956969678902e-10 3.179323296132242e-07
2415 3.187928593546905e-07 1.3699346985715075e-10 3.1917670208334627e-07
2416 3.200400639141414e-07 1.3772121556750093e-10 3.204259457173569e-07
2417 3.2129214787778055e-07 1.3845282725642282e-10 3.216800795876616e-07
2418 3.225491303351671e-07 1.3918832546102177e-10 3.229391228413625e-07
2419 3.238110304505438e-07 1.3992773082750168e-10 3.242030947005511e-07
2420 3.2507786746312907e-07 1.406710641117446e-10 3.254720144626019e-07
2421 3.263496606874111e-07 1.4141834617989367e-10 3.2674590150046803e-07
2422 3.2762642951343976e-07 1.421695980089374e-10 3.280247752629747e-07
2423 3.289081934071258e-07 1.4292484068730081e-10 3.2930865527512077e-07
2424 3.3019497191053554e-07 1.4368409541543586e-10 3.30597561138374e-07
2425 3.3148678464218893e-07 1.4444738350641685e-10 3.3189151253097157e-07
2426 3.327836512973591e-07 1.452147263865389e-10 3.3319052920822113e-07
2427 3.340855916483724e-07 1.4598614559591926e-10 3.3449463100280235e-07
2428 3.3539262554491e-07 1.4676166278910206e-10 3.358038378250703e-07
2429 3.3670477291431086e-07 1.4754129973566639e-10 3.371181696633604e-07
2430 3.380220537618733e-07 1.4832507832083605e-10 3.384376465842912e-07
2431 3.3934448817116386e-07 1.491130205460961e-10 3.3976228873307537e-07
2432 3.406720963043207e-07 1.49905148529809e-10 3.4109211633382457e-07
2433 3.4200489840236177e-07 1.5070148450783576e-10 3.4242714968985954e-07
2434 3.4334291478549345e-07 1.5150205083416023e-10 3.437674091840205e-07
2435 3.446861658534203e-07 1.5230686998151652e-10 3.451129152789782e-07
2436 3.4603467208565667e-07 1.5311596454202037e-10 3.4646368851754833e-07
2437 3.4738845404183643e-07 1.539293572278015e-10 3.478197495230018e-07
2438 3.4874753236203034e-07 1.547470708716438e-10 3.491811189993847e-07
2439 3.50111927767058e-07 1.5556912842762456e-10 3.505478177318317e-07
2440 3.5148166105880464e-07 1.5639555297175918e-10 3.519198665868849e-07
2441 3.52856753120538e-07 1.5722636770264907e-10 3.532972865128125e-07
2442 3.5423722491722695e-07 1.5806159594213273e-10 3.5468009853992875e-07
2443 3.55623097495861e-07 1.5890126113594037e-10 3.5606832378091577e-07
2444 3.570143919857719e-07 1.5974538685435277e-10 3.5746198343114725e-07
2445 3.58411129598953e-07 1.6059399679286083e-10 3.5886109876900897e-07
2446 3.598133316303869e-07 1.6144711477283363e-10 3.602656911562288e-07
2447 3.612210194583672e-07 1.623047647421851e-10 3.616757820381999e-07
2448 3.626342145448253e-07 1.6316697077604706e-10 3.6309139294431026e-07
2449 3.640529384356575e-07 1.6403375707744462e-10 3.6451254548827044e-07
2450 3.6547721276105345e-07 1.6490514797797595e-10 3.6593926136844517e-07
2451 3.6690705923582686e-07 1.6578116793849547e-10 3.6737156236818504e-07
2452 3.6834249965974336e-07 1.6666184154979887e-10 3.6880947035615667e-07
2453 3.697835559178575e-07 1.6754719353331605e-10 3.702530072866819e-07
2454 3.712302499808433e-07 1.6843724874180314e-10 3.717021952000698e-07
2455 3.726826039053303e-07 1.6933203216004087e-10 3.731570562229547e-07
2456 3.741406398342393e-07 1.7023156890553575e-10 3.746176125686345e-07
2457 3.756043799971203e-07 1.71135884229225e-10 3.7608388653740993e-07
2458 3.770738467104915e-07 1.7204500351618565e-10 3.775559005169255e-07
2459 3.7854906237818004e-07 1.7295895228634752e-10 3.790336769825131e-07
2460 3.800300494916606e-07 1.7387775619520756e-10 3.8051723849753154e-07
2461 3.8151683063040314e-07 1.74801441034553e-10 3.820066077137169e-07
2462 3.830094284622137e-07 1.7573003273318336e-10 3.835018073715252e-07
2463 3.8450786574358103e-07 1.7666355735763903e-10 3.8500286030048146e-07
2464 3.8601216532002347e-07 1.776020411129325e-10 3.8650978941952765e-07
2465 3.875223501264372e-07 1.7854551034328448e-10 3.8802261773737423e-07
2466 3.8903844318744687e-07 1.7949399153286352e-10 3.8954136835285166e-07
2467 3.905604676177533e-07 1.804475113065278e-10 3.9106606445526145e-07
2468 3.9208844662249053e-07 1.8140609643057508e-10 3.92596729324734e-07
2469 3.93622403497577e-07 1.8236977381349254e-10 3.941333863325829e-07
2470 3.951623616300708e-07 1.8333857050671226e-10 3.9567605894166183e-07
2471 3.967083444985266e-07 1.843125137053707e-10 3.9722477070672363e-07
2472 3.982603756733539e-07 1.8529163074907218e-10 3.9877954527478063e-07
2473 3.998184788171755e-07 1.8627594912265619e-10 4.0034040638546573e-07
2474 4.013826776851902e-07 1.8726549645696965e-10 4.019073778713967e-07
2475 4.029529961255308e-07 1.8826030052964012e-10 4.034804836585366e-07
2476 4.0452945807963314e-07 1.8926038926585901e-10 4.05059747766565e-07
2477 4.0611208758259755e-07 1.902657907391632e-10 4.066451943092417e-07
2478 4.077009087635563e-07 1.9127653317222365e-10 4.0823684749477614e-07
2479 4.092959458460414e-07 1.9229264493763765e-10 4.098347316261977e-07
2480 4.1089722314835384e-07 1.9331415455872525e-10 4.1143887110172693e-07
2481 4.125047650839354e-07 1.9434109071033051e-10 4.1304929041514993e-07
2482 4.1411859616173723e-07 1.9537348221962428e-10 4.146660141561888e-07
2483 4.157387409865988e-07 1.9641135806691663e-10 4.1628906701088303e-07
2484 4.173652242596196e-07 1.9745474738646815e-10 4.179184737619637e-07
2485 4.189980707785364e-07 1.9850367946730832e-10 4.195542592892325e-07
2486 4.2063730543810164e-07 1.9955818375405782e-10 4.21196448569943e-07
2487 4.222829532304628e-07 2.0061828984775501e-10 4.2284506667918204e-07
2488 4.239350392455434e-07 2.0168402750668672e-10 4.245001387902529e-07
2489 4.255935886714264e-07 2.0275542664722433e-10 4.261616901750614e-07
2490 4.272586267947348e-07 2.038325173446612e-10 4.2782974620449887e-07
2491 4.289301790010226e-07 2.0491532983406036e-10 4.2950433234883487e-07
2492 4.306082707751579e-07 2.0600389451110104e-10 4.311854741781034e-07
2493 4.322929277017126e-07 2.0709824193293227e-10 4.3287319736249457e-07
2494 4.3398417546535236e-07 2.0819840281903075e-10 4.345675276727471e-07
2495 4.3568203985122844e-07 2.0930440805206337e-10 4.362684909805425e-07
2496 4.3738654674537136e-07 2.104162886787544e-10 4.3797611325890143e-07
2497 4.390977221350823e-07 2.115340759107549e-10 4.3969042058257706e-07
2498 4.408155921093343e-07 2.126578011255222e-10 4.4141143912845923e-07
2499 4.4254018285916703e-07 2.137874958671984e-10 4.43139195175971e-07
2500 4.442715206780863e-07 2.1492319184749648e-10 4.448737151074717e-07
2501 4.460096319624655e-07 2.160649209465906e-10 4.466150254086597e-07
2502 4.477545432119477e-07 2.1721271521401072e-10 4.4836315266897807e-07
2503 4.4950628102984993e-07 2.183666068695425e-10 4.5011812358202056e-07
2504 4.512648721235695e-07 2.1952662830413222e-10 4.518799649459407e-07
2505 4.5303034330498745e-07 2.2069281208079364e-10 4.536487036638581e-07
2506 4.548027214908832e-07 2.2186519093552582e-10 4.5542436674427535e-07
2507 4.5658203370334095e-07 2.2304379777822949e-10 4.5720698130148715e-07
2508 4.583683070701625e-07 2.2422866569363138e-10 4.589965745559954e-07
2509 4.601615688252812e-07 2.254198279422133e-10 4.6079317383492637e-07
2510 4.6196184630917683e-07 2.2661731796114544e-10 4.625968065724475e-07
2511 4.637691669692928e-07 2.2782116936522518e-10 4.6440750031018765e-07
2512 4.6558355836045504e-07 2.290314159478212e-10 4.6622528269765863e-07
2513 4.6740504814528887e-07 2.3024809168181972e-10 4.6805018149267463e-07
2514 4.6923366409464606e-07 2.3147123072058177e-10 4.698822245617818e-07
2515 4.710694340880247e-07 2.327008673988996e-10 4.7172143988068104e-07
2516 4.729123861139948e-07 2.3393703623396084e-10 4.735678555346564e-07
2517 4.747625482706256e-07 2.3517977192631776e-10 4.754214997190047e-07
2518 4.7661994876591357e-07 2.3642910936086096e-10 4.772824007394664e-07
2519 4.784846159182133e-07 2.376850836077997e-10 4.791505870126598e-07
2520 4.80356578156666e-07 2.3894772992364364e-10 4.810260870665113e-07
2521 4.822358640216378e-07 2.4021708375219594e-10 4.829089295406973e-07
2522 4.84122502165152e-07 2.414931807255464e-10 4.847991431870788e-07
2523 4.860165213513264e-07 2.427760566650718e-10 4.866967568701418e-07
2524 4.879179504568116e-07 2.4406574758244157e-10 4.88601799567438e-07
2525 4.898268184712316e-07 2.4536228968062875e-10 4.905143003700291e-07
2526 4.917431544976259e-07 2.4666571935492604e-10 4.9243428848293e-07
2527 4.936669877528939e-07 2.479760731939687e-10 4.943617932255589e-07
2528 4.955983475682365e-07 2.4929338798075796e-10 4.962968440321786e-07
2529 4.975372633896091e-07 2.5061770069369837e-10 4.982394704523545e-07
2530 4.99483764778167e-07 2.519490485076332e-10 5.001897021514026e-07
2531 5.014378814107166e-07 2.53287468794888e-10 5.021475689108428e-07
2532 5.03399643080168e-07 2.546329991263201e-10 5.041131006288552e-07
2533 5.053690796959894e-07 2.5598567727237343e-10 5.060863273207374e-07
2534 5.073462212846641e-07 2.57345541204139e-10 5.080672791193637e-07
2535 5.093310979901439e-07 2.587126290944183e-10 5.100559862756428e-07
2536 5.113237400743152e-07 2.600869793187991e-10 5.120524791589858e-07
2537 5.13324177917456e-07 2.614686304567297e-10 5.140567882577668e-07
2538 5.153324420187002e-07 2.628576212926026e-10 5.160689441797895e-07
2539 5.173485629965029e-07 2.642539908168435e-10 5.180889776527567e-07
2540 5.193725715891066e-07 2.656577782270055e-10 5.20116919524739e-07
2541 5.214044986550105e-07 2.670690229288694e-10 5.221528007646463e-07
2542 5.234443751734414e-07 2.684877645375509e-10 5.241966524627036e-07
2543 5.254922322448224e-07 2.699140428786095e-10 5.262485058309216e-07
2544 5.275481010912527e-07 2.713478979891706e-10 5.283083922035793e-07
2545 5.296120130569804e-07 2.7278937011904704e-10 5.30376343037701e-07
2546 5.316839996088803e-07 2.742384997318693e-10 5.324523899135373e-07
2547 5.337640923369345e-07 2.756953275062212e-10 5.345365645350471e-07
2548 5.358523229547136e-07 2.7715989433678215e-10 5.366288987303845e-07
2549 5.379487232998613e-07 2.7863224133547576e-10 5.387294244523848e-07
2550 5.40053325334576e-07 2.8011240983262084e-10 5.4083817377905e-07
2551 5.421661611461037e-07 2.8160044137809596e-10 5.42955178914045e-07
2552 5.442872629472237e-07 2.8309637774250317e-10 5.450804721871864e-07
2553 5.464166630767402e-07 2.846002609183406e-10 5.472140860549372e-07
2554 5.485543939999759e-07 2.861121331211824e-10 5.493560531009043e-07
2555 5.507004883092666e-07 2.8763203679086235e-10 5.515064060363359e-07
2556 5.52854978724458e-07 2.8916001459266636e-10 5.536651777006217e-07
2557 5.550178980934062e-07 2.906961094185303e-10 5.558324010617971e-07
2558 5.571892793924735e-07 2.92240364388241e-10 5.580081092170418e-07
2559 5.59369155727038e-07 2.937928228506515e-10 5.601923353931934e-07
2560 5.615575603319943e-07 2.953535283848947e-10 5.623851129472508e-07
2561 5.637545265722604e-07 2.9692252480160727e-10 5.645864753668858e-07
2562 5.659600879432877e-07 2.984998561441598e-10 5.667964562709547e-07
2563 5.681742780715701e-07 3.000855666898929e-10 5.690150894100125e-07
2564 5.703971307151595e-07 3.016797009513611e-10 5.71242408666831e-07
2565 5.726286797641743e-07 3.0328230367757864e-10 5.73478448056911e-07
2566 5.748689592413241e-07 3.0489341985528124e-10 5.75723241729011e-07
2567 5.771180033024235e-07 3.065130947101852e-10 5.779768239656634e-07
2568 5.793758462369139e-07 3.0814137370825786e-10 5.802392291837014e-07
2569 5.816425224683863e-07 3.0977830255699365e-10 5.825104919347835e-07
2570 5.839180665551062e-07 3.114239272066977e-10 5.847906469059241e-07
2571 5.862025131905405e-07 3.1307829385177505e-10 5.87079728920022e-07
2572 5.884958972038874e-07 3.147414489320287e-10 5.893777729363957e-07
2573 5.907982535606031e-07 3.1641343913395965e-10 5.916848140513124e-07
2574 5.931096173629416e-07 3.1809431139208257e-10 5.940008874985321e-07
2575 5.954300238504854e-07 3.197841128902399e-10 5.963260286498421e-07
2576 5.977595084006836e-07 3.214828910629271e-10 5.986602730155985e-07
2577 6.00098106529392e-07 3.231906935966243e-10 6.010036562452699e-07
2578 6.024458538914136e-07 3.2490756843113497e-10 6.033562141279821e-07
2579 6.048027862810443e-07 3.266335637609324e-10 6.057179825930677e-07
2580 6.071689396326132e-07 3.28368728036509e-10 6.08088997710609e-07
2581 6.09544350021038e-07 3.301131099657418e-10 6.104692956919989e-07
2582 6.1192905366237e-07 3.3186675851525604e-10 6.128589128904883e-07
2583 6.143230869143477e-07 3.336297229118009e-10 6.152578858017447e-07
2584 6.16726486276951e-07 3.3540205264363086e-10 6.176662510644091e-07
2585 6.191392883929575e-07 3.3718379746189533e-10 6.200840454606573e-07
2586 6.215615300485013e-07 3.389750073820349e-10 6.22511305916762e-07
2587 6.239932481736357e-07 3.4077573268518666e-10 6.249480695036593e-07
2588 6.264344798428898e-07 3.4258602391959136e-10 6.273943734375095e-07
2589 6.288852622758427e-07 3.4440593190201834e-10 6.298502550802758e-07
2590 6.313456328376852e-07 3.4623550771918826e-10 6.323157519402893e-07
2591 6.338156290397912e-07 3.480748027292081e-10 6.347909016728241e-07
2592 6.362952885402889e-07 3.4992386856301237e-10 6.372757420806733e-07
2593 6.387846491446355e-07 3.517827571258133e-10 6.397703111147279e-07
2594 6.412837488061949e-07 3.536515205985581e-10 6.422746468745578e-07
2595 6.437926256268107e-07 3.5553021143939e-10 6.447887876089894e-07
2596 6.463113178573958e-07 3.574188823851271e-10 6.47312771716699e-07
2597 6.48839863898509e-07 3.5931758645273807e-10 6.49846637746794e-07
2598 6.513783023009431e-07 3.6122637694083236e-10 6.523904243994049e-07
2599 6.53926671766312e-07 3.631453074311553e-10 6.549441705262765e-07
2600 6.564850111476407e-07 3.65074431790093e-10 6.575079151313625e-07
2601 6.590533594499581e-07 3.6701380417018384e-10 6.600816973714218e-07
2602 6.616317558308925e-07 3.689634790116401e-10 6.626655565566191e-07
2603 6.642202396012634e-07 3.7092351104387186e-10 6.652595321511208e-07
2604 6.668188502256896e-07 3.7289395528702943e-10 6.678636637737065e-07
2605 6.69427627323184e-07 3.748748670535437e-10 6.704779911983697e-07
2606 6.720466106677606e-07 3.7686630194967987e-10 6.731025543549277e-07
2607 6.746758401890398e-07 3.788683158770983e-10 6.757373933296317e-07
2608 6.773153559728576e-07 3.808809650344243e-10 6.783825483657818e-07
2609 6.799651982618785e-07 3.8290430591882575e-10 6.810380598643414e-07
2610 6.826254074562024e-07 3.8493839532759537e-10 6.837039683845515e-07
2611 6.8529602411399e-07 3.869832903597516e-10 6.863803146445587e-07
2612 6.879770889520754e-07 3.89039048417637e-10 6.89067139522033e-07
2613 6.906686428465876e-07 3.911057272085302e-10 6.917644840547937e-07
2614 6.933707268335743e-07 3.931833847462667e-10 6.944723894414379e-07
2615 6.960833821096276e-07 3.9527207935286676e-10 6.971908970419703e-07
2616 6.988066500325117e-07 3.973718696601726e-10 6.999200483784361e-07
2617 7.015405721217952e-07 3.994828146114956e-10 7.026598851355574e-07
2618 7.042851900594781e-07 4.0160497346326616e-10 7.05410449161365e-07
2619 7.070405456906361e-07 4.037384057867043e-10 7.08171782467848e-07
2620 7.09806681024053e-07 4.058831714694866e-10 7.109439272315893e-07
2621 7.125836382328623e-07 4.0803933071742924e-10 7.137269257944136e-07
2622 7.153714596551901e-07 4.1020694405617747e-10 7.165208206640341e-07
2623 7.18170187794801e-07 4.123860723329049e-10 7.193256545147033e-07
2624 7.20979865321746e-07 4.145767767180218e-10 7.22141470187866e-07
2625 7.238005350730141e-07 4.1677911870689253e-10 7.249683106928155e-07
2626 7.266322400531801e-07 4.1899316012155795e-10 7.27806219207346e-07
2627 7.29475023435069e-07 4.2121896311247777e-10 7.306552390784221e-07
2628 7.323289285604079e-07 4.234565901602698e-10 7.335154138228357e-07
2629 7.351939989404885e-07 4.25706104077466e-10 7.363867871278735e-07
2630 7.380702782568308e-07 4.2796756801027463e-10 7.392694028519849e-07
2631 7.409578103618487e-07 4.302410454403539e-10 7.421633050254536e-07
2632 7.438566392795202e-07 4.325266001865943e-10 7.450685378510719e-07
2633 7.467668092060524e-07 4.3482429640690586e-10 7.479851457048115e-07
2634 7.496883645105649e-07 4.3713419860002593e-10 7.509131731365112e-07
2635 7.526213497357595e-07 4.3945637160732506e-10 7.538526648705523e-07
2636 7.555658095986015e-07 4.417908806146285e-10 7.568036658065445e-07
2637 7.585217889910011e-07 4.44137791154046e-10 7.597662210200128e-07
2638 7.614893329804977e-07 4.4649716910581116e-10 7.627403757630867e-07
2639 7.644684868109473e-07 4.4886908070013075e-10 7.657261754651932e-07
2640 7.674592959032138e-07 4.512535925190455e-10 7.687236657337526e-07
2641 7.704618058558552e-07 4.5365077149829375e-10 7.717328923548704e-07
2642 7.734760624458281e-07 4.56060684929198e-10 7.747539012940474e-07
2643 7.765021116291797e-07 4.58483400460549e-10 7.777867386968759e-07
2644 7.795399995417495e-07 4.6091898610050577e-10 7.808314508897482e-07
2645 7.825897724998731e-07 4.633675102185047e-10 7.838880843805645e-07
2646 7.856514770010881e-07 4.658290415471788e-10 7.869566858594446e-07
2647 7.887251597248452e-07 4.683036491842886e-10 7.900373021994446e-07
2648 7.918108675332123e-07 4.70791402594656e-10 7.931299804572664e-07
2649 7.949086474716e-07 4.732923716121227e-10 7.962347678739882e-07
2650 7.980185467694713e-07 4.75806626441505e-10 7.993517118757804e-07
2651 8.011406128410639e-07 4.783342376605658e-10 8.02480860074633e-07
2652 8.04274893286113e-07 4.808752762219957e-10 8.056222602690838e-07
2653 8.074214358905766e-07 4.834298134554048e-10 8.087759604449493e-07
2654 8.105802886273649e-07 4.859979210693254e-10 8.119420087760607e-07
2655 8.137514996570724e-07 4.885796711532257e-10 8.151204536250004e-07
2656 8.169351173287065e-07 4.911751361795282e-10 8.183113435438362e-07
2657 8.201311901804333e-07 4.937843890056523e-10 8.215147272748742e-07
2658 8.233397669403126e-07 4.964075028760538e-10 8.247306537513978e-07
2659 8.265608965270412e-07 4.990445514242832e-10 8.279591720984185e-07
2660 8.297946280506993e-07 5.016956086750511e-10 8.312003316334265e-07
2661 8.33041010813499e-07 5.043607490463074e-10 8.344541818671459e-07
2662 8.36300094310538e-07 5.070400473513315e-10 8.377207725042941e-07
2663 8.395719282305469e-07 5.097335788008265e-10 8.410001534443354e-07
2664 8.428565624566577e-07 5.124414190050389e-10 8.442923747822541e-07
2665 8.461540470671567e-07 5.151636439758753e-10 8.475974868093146e-07
2666 8.494644323362503e-07 5.179003301290383e-10 8.509155400138332e-07
2667 8.527877687348313e-07 5.206515542861704e-10 8.542465850819493e-07
2668 8.561241069312483e-07 5.234173936770115e-10 8.575906728984023e-07
2669 8.594734977920783e-07 5.261979259415662e-10 8.60947854547309e-07
2670 8.628359923829042e-07 5.28993229132285e-10 8.643181813129478e-07
2671 8.662116419690858e-07 5.318033817162493e-10 8.677017046805358e-07
2672 8.696004980165523e-07 5.346284625773828e-10 8.710984763370276e-07
2673 8.730026121925801e-07 5.374685510186604e-10 8.74508548171899e-07
2674 8.764180363665819e-07 5.40323726764335e-10 8.779319722779424e-07
2675 8.798468226108975e-07 5.431940699621764e-10 8.813688009520644e-07
2676 8.832890232015882e-07 5.460796611857204e-10 8.848190866960852e-07
2677 8.867446906192352e-07 5.489805814365322e-10 8.882828822175451e-07
2678 8.902138775497327e-07 5.518969121464746e-10 8.917602404305024e-07
2679 8.936966368851016e-07 5.548287351800024e-10 8.952512144563547e-07
2680 8.971930217242892e-07 5.57776132836455e-10 8.987558576246444e-07
2681 9.007030853739806e-07 5.60739187852367e-10 9.022742234738758e-07
2682 9.042268813494108e-07 5.637179834037924e-10 9.058063657523361e-07
2683 9.07764463375181e-07 5.667126031086377e-10 9.093523384189159e-07
2684 9.113158853860779e-07 5.697231310290104e-10 9.129121956439354e-07
2685 9.148812015278977e-07 5.727496516735797e-10 9.164859918099765e-07
2686 9.184604661582638e-07 5.757922499999425e-10 9.200737815127055e-07
2687 9.220537338474673e-07 5.788510114170179e-10 9.236756195617213e-07
2688 9.25661059379291e-07 5.819260217874381e-10 9.27291560981386e-07
2689 9.292824977518474e-07 5.850173674299608e-10 9.309216610116689e-07
2690 9.329181041784158e-07 5.881251351218912e-10 9.345659751089908e-07
2691 9.365679340882854e-07 5.912494121015192e-10 9.382245589470743e-07
2692 9.402320431276018e-07 5.943902860705693e-10 9.418974684177976e-07
2693 9.439104871602075e-07 5.975478451966556e-10 9.455847596320399e-07
2694 9.476033222685057e-07 6.00722178115767e-10 9.49286488920554e-07
2695 9.513106047543067e-07 6.039133739347488e-10 9.530027128348196e-07
2696 9.550323911396895e-07 6.071215222338056e-10 9.567334881479106e-07
2697 9.587687381678628e-07 6.103467130690157e-10 9.604788718553642e-07
2698 9.625197028040297e-07 6.135890369748595e-10 9.642389211760531e-07
2699 9.66285342236257e-07 6.168485849667597e-10 9.6801369355306e-07
2700 9.700657138763488e-07 6.201254485436403e-10 9.71803246654561e-07
2701 9.73860875360714e-07 6.234197196904853e-10 9.756076383746977e-07
2702 9.776708845512567e-07 6.267314908809337e-10 9.794269268344767e-07
2703 9.814957995362504e-07 6.300608550798664e-10 9.832611703826505e-07
2704 9.853356786312256e-07 6.334079057460189e-10 9.871104275966117e-07
2705 9.8919058037986e-07 6.367727368346046e-10 9.909747572832922e-07
2706 9.93060563554869e-07 6.401554427999511e-10 9.948542184800588e-07
2707 9.969456871589055e-07 6.435561185981554e-10 9.98748870455623e-07
2708 1.0008460104254503e-06 6.4697485968974e-10 1.0026587727109365e-06
2709 1.0047615928197287e-06 6.504117620423454e-10 1.0065839849801172e-06
2710 1.0086924940396071e-06 6.538669221334152e-10 1.010524567231352e-06
2711 1.012638774016507e-06 6.573404369529073e-10 1.014480579667819e-06
2712 1.016600492916318e-06 6.60832404006016e-10 1.0184520827286079e-06
2713 1.020577711140314e-06 6.643429213159085e-10 1.0224391370896448e-06
2714 1.024570489326076e-06 6.678720874264776e-10 1.0264418036646212e-06
2715 1.0285788883484182e-06 6.714200014051097e-10 1.0304601436059285e-06
2716 1.0326029693203065e-06 6.74986762845457e-10 1.0344942183055847e-06
2717 1.0366427935938043e-06 6.78572471870246e-10 1.0385440893961874e-06
2718 1.0406984227609986e-06 6.821772291340793e-10 1.0426098187518487e-06
2719 1.0447699186549412e-06 6.858011358262635e-10 1.046691468489143e-06
2720 1.0488573433505924e-06 6.894442936736506e-10 1.0507891009680594e-06
2721 1.0529607591657658e-06 6.931068049434912e-10 1.054902778792955e-06
2722 1.057080228662082e-06 6.967887724463099e-10 1.0590325648135158e-06
2723 1.0612158146459135e-06 7.004902995387817e-10 1.0631785221257093e-06
2724 1.0653675801693538e-06 7.042114901266456e-10 1.0673407140727635e-06
2725 1.0695355885311725e-06 7.079524486676138e-10 1.0715192042461287e-06
2726 1.0737199032777803e-06 7.117132801743053e-10 1.0757140564864511e-06
2727 1.0779205882041991e-06 7.154940902171941e-10 1.0799253348845508e-06
2728 1.0821377073550346e-06 7.192949849275726e-10 1.0841531037824032e-06
2729 1.0863713250254522e-06 7.231160710005314e-10 1.0883974277741239e-06
2730 1.0906215057621596e-06 7.269574556979546e-10 1.0926583717069574e-06
2731 1.0948883143643822e-06 7.308192468515249e-10 1.0969360006822634e-06
2732 1.0991718158848648e-06 7.347015528657615e-10 1.1012303800565268e-06
2733 1.1034720756308533e-06 7.386044827210547e-10 1.1055415754423452e-06
2734 1.1077891591650937e-06 7.425281459767276e-10 1.1098696527094394e-06
2735 1.1121231323068313e-06 7.464726527741121e-10 1.1142146779856612e-06
2736 1.1164740611328144e-06 7.504381138396397e-10 1.1185767176580035e-06
2737 1.1208420119783037e-06 7.544246404879527e-10 1.1229558383736199e-06
2738 1.1252270514380744e-06 7.58432344625019e-10 1.1273521070408355e-06
2739 1.129629246367446e-06 7.624613387512881e-10 1.1317655908301853e-06
2740 1.1340486638832913e-06 7.665117359648389e-10 1.1361963571754324e-06
2741 1.1384853713650633e-06 7.705836499645584e-10 1.1406444737746034e-06
2742 1.1429394364558215e-06 7.746771950533314e-10 1.1451100085910237e-06
2743 1.147410927063263e-06 7.787924861412497e-10 1.1495930298543572e-06
2744 1.151899911360759e-06 7.829296387488391e-10 1.1540936060616534e-06
2745 1.156406457788396e-06 7.870887690103028e-10 1.1586118059783948e-06
2746 1.1609306350540085e-06 7.912699936767729e-10 1.1631476986395426e-06
2747 1.1654725121342434e-06 7.954734301196013e-10 1.1677013533506062e-06
2748 1.1700321582755995e-06 7.996991963336459e-10 1.1722728396886956e-06
2749 1.1746096429954877e-06 8.039474109405842e-10 1.176862227503588e-06
2750 1.179205036083289e-06 8.082181931922434e-10 1.1814695869187964e-06
2751 1.1838184076014202e-06 8.125116629739485e-10 1.1860949883326453e-06
2752 1.1884498278864036e-06 8.168279408078894e-10 1.190738502419349e-06
2753 1.1930993675499298e-06 8.211671478564952e-10 1.1954002001300836e-06
2754 1.197767097479949e-06 8.255294059258483e-10 1.200080152694088e-06
2755 1.2024530888417417e-06 8.299148374690959e-10 1.2047784316197453e-06
2756 1.2071574130790066e-06 8.343235655898879e-10 1.2094951086956788e-06
2757 1.2118801419149496e-06 8.387557140458342e-10 1.2142302559918513e-06
2758 1.216621347353377e-06 8.432114072519778e-10 1.2189839458606685e-06
2759 1.2213811016797944e-06 8.476907702842875e-10 1.223756250938087e-06
2760 1.2261594774625097e-06 8.521939288831713e-10 1.2285472441447275e-06
2761 1.2309565475537306e-06 8.567210094569963e-10 1.2333569986869818e-06
2762 1.23577238509069e-06 8.612721390856518e-10 1.238185588058149e-06
2763 1.2406070634967513e-06 8.658474455241067e-10 1.243033086039549e-06
2764 1.2454606564825297e-06 8.704470572059983e-10 1.2478995667016565e-06
2765 1.2503332380470165e-06 8.750711032472375e-10 1.2527851044052333e-06
2766 1.2552248824787076e-06 8.797197134496335e-10 1.2576897738024677e-06
2767 1.2601356643567353e-06 8.843930183045366e-10 1.2626136498381165e-06
2768 1.2650656585520087e-06 8.890911489965047e-10 1.267556807750655e-06
2769 1.2700149402283445e-06 8.938142374069757e-10 1.2725193230734198e-06
2770 1.2749835848436281e-06 8.985624161179837e-10 1.2775012716357782e-06
2771 1.2799716681509546e-06 9.033358184158714e-10 1.2825027295642811e-06
2772 1.2849792661997858e-06 9.081345782950345e-10 1.28752377328383e-06
2773 1.2900064553371095e-06 9.129588304616816e-10 1.292564479518847e-06
2774 1.2950533122086038e-06 9.178087103376173e-10 1.2976249252944485e-06
2775 1.3001199137598084e-06 9.22684354064045e-10 1.3027051879376298e-06
2776 1.3052063372372868e-06 9.275858985053787e-10 1.3078053450784348e-06
2777 1.31031266018982e-06 9.325134812531002e-10 1.3129254746511636e-06
2778 1.3154389604695786e-06 9.374672406296112e-10 1.3180656548955521e-06
2779 1.3205853162333118e-06 9.424473156921189e-10 1.3232259643579757e-06
2780 1.3257518059435395e-06 9.474538462365394e-10 1.3284064818926484e-06
2781 1.3309385083697485e-06 9.524869728014215e-10 1.333607286662833e-06
2782 1.3361455025895928e-06 9.575468366718924e-10 1.338828458142051e-06
2783 1.341372867990103e-06 9.626335798836263e-10 1.3440700761153037e-06
2784 1.3466206842688851e-06 9.6774734522682e-10 1.349332220680281e-06
2785 1.3518890314353517e-06 9.728882762502182e-10 1.3546149722486065e-06
2786 1.3571779898119315e-06 9.780565172651317e-10 1.3599184115470548e-06
2787 1.3624876400352966e-06 9.83252213349492e-10 1.3652426196187931e-06
2788 1.3678180630575917e-06 9.884755103519223e-10 1.3705876778246198e-06
2789 1.3731693401476683e-06 9.937265548958332e-10 1.3759536678442113e-06
2790 1.3785415528923263e-06 9.9900549438354e-10 1.3813406716773753e-06
2791 1.3839347831975476e-06 1.00431247700039e-09 1.3867487716452943e-06
2792 1.3893491132897604e-06 1.009647651718939e-09 1.3921780503918038e-06
2793 1.3947846257170828e-06 1.0150111683031221e-09 1.3976285908846468e-06
2794 1.4002414033505834e-06 1.0204031773124592e-09 1.4031004764167444e-06
2795 1.405719529385545e-06 1.0258238301062832e-09 1.4085937906074745e-06
2796 1.411219087342733e-06 1.031273278847988e-09 1.4141086174039504e-06
2797 1.4167401610696691e-06 1.0367516765092997e-09 1.419645041082305e-06
2798 1.4222828347419118e-06 1.0422591768745735e-09 1.4252031462489867e-06
2799 1.4278471928643291e-06 1.0477959345450997e-09 1.4307830178420416e-06
2800 1.4334333202724033e-06 1.05336210494346e-09 1.436384741132431e-06
2801 1.4390413021335136e-06 1.0589578443178796e-09 1.4420084017253274e-06
2802 1.444671223948237e-06 1.0645833097466157e-09 1.4476540855614258e-06
2803 1.4503231715516529e-06 1.070238659142367e-09 1.4533218789182621e-06
2804 1.4559972311146494e-06 1.0759240512567057e-09 1.4590118684115312e-06
2805 1.461693489145243e-06 1.0816396456845389e-09 1.4647241409964195e-06
2806 1.4674120324898834e-06 1.087385602868574e-09 1.4704587839689223e-06
2807 1.4731529483347965e-06 1.0931620841038425e-09 1.4762158849671985e-06
2808 1.4789163242073014e-06 1.0989692515422143e-09 1.4819955319729016e-06
2809 1.4847022479771482e-06 1.1048072681969535e-09 1.4877978133125289e-06
2810 1.490510807857857e-06 1.1106762979472944e-09 1.4936228176587755e-06
2811 1.4963420924080636e-06 1.1165765055430403e-09 1.4994706340318893e-06
2812 1.502196190532869e-06 1.1225080566091901e-09 1.5053413518010384e-06
2813 1.5080731914851985e-06 1.1284711176505893e-09 1.5112350606856778e-06
2814 1.51397318486715e-06 1.1344658560565923e-09 1.5171518507569147e-06
2815 1.519896260631378e-06 1.1404924401057796e-09 1.5230918124389045e-06
2816 1.5258425090824536e-06 1.1465510389706687e-09 1.5290550365102237e-06
2817 1.5318120208782443e-06 1.1526418227224674e-09 1.5350416141052628e-06
2818 1.537804887031295e-06 1.1587649623358456e-09 1.541051636715622e-06
2819 1.5438211989102178e-06 1.1649206296937375e-09 1.5470851961915127e-06
2820 1.5498610482410854e-06 1.1711089975921672e-09 1.5531423847431662e-06
2821 1.5559245271088193e-06 1.1773302397450879e-09 1.5592232949422336e-06
2822 1.5620117279586117e-06 1.1835845307892774e-09 1.5653280197232227e-06
2823 1.5681227435973222e-06 1.189872046289227e-09 1.571456652384909e-06
2824 1.5742576671948963e-06 1.1961929627420733e-09 1.5776092865917653e-06
2825 1.580416592285786e-06 1.2025474575825525e-09 1.5837860163753994e-06
2826 1.5865996127703748e-06 1.2089357091879813e-09 1.589986936135991e-06
2827 1.5928068229164107e-06 1.2153578968832639e-09 1.5962121406437394e-06
2828 1.599038317360446e-06 1.2218142009459303e-09 1.6024617250403184e-06
2829 1.6052941911092674e-06 1.2283048026111812e-09 1.6087357848403168e-06
2830 1.611574539541363e-06 1.2348298840769977e-09 1.615034415932726e-06
2831 1.6178794584083652e-06 1.2413896285092417e-09 1.6213577145823904e-06
2832 1.6242090438365125e-06 1.2479842200468007e-09 1.6277057774314896e-06
2833 1.6305633923281157e-06 1.2546138438067567e-09 1.6340787015010137e-06
2834 1.6369426007630281e-06 1.2612786858895825e-09 1.6404765841922523e-06
2835 1.6433467664001282e-06 1.267978933384371e-09 1.64689952328829e-06
2836 1.6497759868787863e-06 1.2747147743740696e-09 1.653347616955487e-06
2837 1.6562303602203752e-06 1.2814863979407845e-09 1.6598209637450077e-06
2838 1.662709984829751e-06 1.2882939941710716e-09 1.6663196625943111e-06
2839 1.6692149594967554e-06 1.2951377541612777e-09 1.6728438128286741e-06
2840 1.675745383397724e-06 1.302017870022904e-09 1.6793935141627097e-06
2841 1.6823013560969967e-06 1.3089345348879993e-09 1.6859688667018957e-06
2842 1.6888829775484365e-06 1.3158879429145806e-09 1.6925699709441078e-06
2843 1.695490348096956e-06 1.322878289292088e-09 1.6991969277811604e-06
2844 1.7021235684800349e-06 1.3299057702468485e-09 1.705849838500341e-06
2845 1.7087827398292751e-06 1.3369705830476066e-09 1.7125288047859803e-06
2846 1.7154679636719301e-06 1.3440729260110476e-09 1.719233928720996e-06
2847 1.7221793419324549e-06 1.3512129985073665e-09 1.725965312788459e-06
2848 1.7289169769340612e-06 1.3583910009658668e-09 1.7327230598731654e-06
2849 1.735680971400277e-06 1.3656071348805855e-09 1.7395072732632109e-06
2850 1.7424714284565162e-06 1.3728616028159532e-09 1.7463180566515748e-06
2851 1.7492884516316368e-06 1.380154608412465e-09 1.753155514137697e-06
2852 1.7561321448595406e-06 1.38748635639242e-09 1.760019750229092e-06
2853 1.7630026124807436e-06 1.3948570525656526e-09 1.7669108698429351e-06
2854 1.7698999592439702e-06 1.4022669038353141e-09 1.7738289783076739e-06
2855 1.7768242903077505e-06 1.4097161182036797e-09 1.780774181364641e-06
2856 1.7837757112420236e-06 1.4172049047779887e-09 1.7877465851696742e-06
2857 1.7907543280297465e-06 1.424733473776313e-09 1.7947462962947418e-06
2858 1.7977602470685145e-06 1.4323020365334625e-09 1.8017734217295792e-06
2859 1.804793575172168e-06 1.4399108055069031e-09 1.8088280688833125e-06
2860 1.8118544195724438e-06 1.447559994282742e-09 1.8159103455861263e-06
2861 1.8189428879205938e-06 1.4552498175817083e-09 1.8230203600909e-06
2862 1.8260590882890322e-06 1.4629804912651855e-09 1.8301582210748703e-06
2863 1.8332031291729812e-06 1.470752232341271e-09 1.8373240376412967e-06
2864 1.8403751194921256e-06 1.478565258970864e-09 1.8445179193211292e-06
2865 1.847575168592278e-06 1.4864197904737991e-09 1.8517399760746943e-06
2866 1.8548033862470304e-06 1.4943160473349831e-09 1.8589903182933613e-06
2867 1.86205988265945e-06 1.5022542512106088e-09 1.8662690568012576e-06
2868 1.8693447684637446e-06 1.5102346249343623e-09 1.8735763028569497e-06
2869 1.8766581547269535e-06 1.5182573925236812e-09 1.8809121681551525e-06
2870 1.8840001529506403e-06 1.526322779186043e-09 1.8882767648284397e-06
2871 1.8913708750725932e-06 1.5344310113252877e-09 1.8956702054489615e-06
2872 1.8987704334685315e-06 1.542582316547972e-09 1.9030926030301692e-06
2873 1.9061989409538229e-06 1.550776923669764e-09 1.9105440710285506e-06
2874 1.9136565107851877e-06 1.5590150627218481e-09 1.9180247233453515e-06
2875 1.9211432566624496e-06 1.5672969649574089e-09 1.925534674328345e-06
2876 1.928659292730252e-06 1.5756228628581037e-09 1.9330740387735654e-06
2877 1.9362047335798045e-06 1.5839929901405964e-09 1.940642931927076e-06
2878 1.9437796942506283e-06 1.5924075817631138e-09 1.9482414694867274e-06
2879 1.95138429023231e-06 1.600866873932044e-09 1.955869767603934e-06
2880 1.9590186374662632e-06 1.6093711041085665e-09 1.9635279428854538e-06
2881 1.966682852347501e-06 1.6179205110153226e-09 1.971216112395178e-06
2882 1.9743770517263917e-06 1.626515334643096e-09 1.9789343936559063e-06
2883 1.9821013529104675e-06 1.6351558162575813e-09 1.986682904651174e-06
2884 1.9898558736661953e-06 1.6438421984061351e-09 1.9944617638270434e-06
2885 1.9976407322207763e-06 1.65257472492459e-09 2.0022710900939205e-06
2886 2.0054560472639486e-06 1.6613536409440982e-09 2.0101110028283774e-06
2887 2.013301937949797e-06 1.6701791928980155e-09 2.017981621874982e-06
2888 2.021178523898574e-06 1.679051628528821e-09 2.025883067548138e-06
2889 2.029085925198507e-06 1.6879711968950542e-09 2.033815460633911e-06
2890 2.0370242624076522e-06 1.696938148378332e-09 2.0417789223919027e-06
2891 2.04499365655572e-06 1.7059527346903631e-09 2.0497735745570956e-06
2892 2.0529942291459194e-06 1.7150152088800135e-09 2.0577995393417182e-06
2893 2.061026102156815e-06 1.7241258253404122e-09 2.0658569394371204e-06
2894 2.069089398044184e-06 1.7332848398160932e-09 2.073945898015651e-06
2895 2.077184239742884e-06 1.7424925094101731e-09 2.0820665387325474e-06
2896 2.0853107506687325e-06 1.7517490925915723e-09 2.090218985727831e-06
2897 2.0934690547203686e-06 1.7610548492022533e-09 2.098403363628194e-06
2898 2.1016592762811707e-06 1.7704100404645424e-09 2.1066197975489354e-06
2899 2.109881540221135e-06 1.7798149289884443e-09 2.1148684130958595e-06
2900 2.1181359718987822e-06 1.789269778779015e-09 2.123149336367204e-06
2901 2.1264226971630705e-06 1.79877485524378e-09 2.131462693955574e-06
2902 2.1347418423553126e-06 1.8083304252001757e-09 2.139808612949879e-06
2903 2.143093534311108e-06 1.8179367568830516e-09 2.148187220937288e-06
2904 2.151477900362258e-06 1.827594119952175e-09 2.1565986460051633e-06
2905 2.1598950683387346e-06 1.837302785499834e-09 2.1650430167430505e-06
2906 2.16834516657061e-06 1.8470630260584253e-09 2.1735204622446336e-06
2907 2.1768283238900194e-06 1.8568751156081103e-09 2.1820311121097134e-06
2908 2.1853446696331243e-06 1.8667393295845058e-09 2.1905750964461955e-06
2909 2.193894333642084e-06 1.876655944886415e-09 2.199152545872084e-06
2910 2.2024774462670363e-06 1.886625239883602e-09 2.2077635915174825e-06
2911 2.2110941383680888e-06 1.896647494424611e-09 2.2164083650266072e-06
2912 2.2197445413172954e-06 1.906722989844598e-09 2.225086998559787e-06
2913 2.2284287870006874e-06 1.9168520089732647e-09 2.233799624795515e-06
2914 2.2371470078202655e-06 1.9270348361427714e-09 2.2425463769324636e-06
2915 2.245899336696023e-06 1.937271757195728e-09 2.25132738869153e-06
2916 2.2546859070679727e-06 1.9475630594932156e-09 2.2601427943178853e-06
2917 2.263506852898181e-06 1.9579090319228545e-09 2.2689927285830324e-06
2918 2.2723623086728145e-06 1.9683099649069173e-09 2.2778773267868732e-06
2919 2.2812524094041733e-06 1.9787661504104613e-09 2.2867967247597664e-06
2920 2.290177290632776e-06 1.989277881949555e-09 2.295751058864634e-06
2921 2.299137088429408e-06 1.9998454545994986e-09 2.304740465999036e-06
2922 2.3081319393972003e-06 2.010469165003109e-09 2.3137650835972673e-06
2923 2.3171619806737132e-06 2.021149311379049e-09 2.3228250496324686e-06
2924 2.3262273499330265e-06 2.0318861935301987e-09 2.3319205026187395e-06
2925 2.3353281853878377e-06 2.04268011285207e-09 2.341051581613259e-06
2926 2.344464625791576e-06 2.053531372341275e-09 2.350218426218424e-06
2927 2.3536368104404966e-06 2.0644402766040046e-09 2.359421176583967e-06
2928 2.3628448791758346e-06 2.0754071318646188e-09 2.368659973409136e-06
2929 2.3720889723859166e-06 2.0864322459742155e-09 2.3779349579448265e-06
2930 2.3813692310083073e-06 2.0975159284192784e-09 2.3872462719957546e-06
2931 2.390685796531957e-06 2.1086584903303682e-09 2.3965940579226298e-06
2932 2.40003881099936e-06 2.1198602444908512e-09 2.4059784586443345e-06
2933 2.409428417008724e-06 2.1311215053456903e-09 2.415399617640123e-06
2934 2.4188547577161248e-06 2.142442589010244e-09 2.424857678951796e-06
2935 2.428317976837719e-06 2.153823813279178e-09 2.4343527871859397e-06
2936 2.4378182186519155e-06 2.165265497635363e-09 2.4438850875161245e-06
2937 2.447355628001578e-06 2.176767963258844e-09 2.4534547256851292e-06
2938 2.456930350296237e-06 2.1883315330358645e-09 2.4630618480071827e-06
2939 2.4665425315143034e-06 2.1999565315679225e-09 2.4727066013701976e-06
2940 2.4761923182052954e-06 2.2116432851808855e-09 2.482389133238026e-06
2941 2.485879857492079e-06 2.223392121934158e-09 2.492109591652726e-06
2942 2.4956052970730883e-06 2.2352033716298633e-09 2.501868125236805e-06
2943 2.5053687852246106e-06 2.247077365822142e-09 2.511664883195535e-06
2944 2.515170470803024e-06 2.2590144378264295e-09 2.5215000153192112e-06
2945 2.5250105032470745e-06 2.2710149227288233e-09 2.5313736719854592e-06
2946 2.534889032580153e-06 2.283079157395487e-09 2.541286004161538e-06
2947 2.5448062094125814e-06 2.2952074804821048e-09 2.5512371634066496e-06
2948 2.554762184943918e-06 2.3074002324434e-09 2.5612273018742743e-06
2949 2.5647571109652364e-06 2.319657755542659e-09 2.5712565723144757e-06
2950 2.5747911398614766e-06 2.331980393861383e-09 2.581325128076277e-06
2951 2.5848644246137433e-06 2.344368493308918e-09 2.591433123109988e-06
2952 2.5949771188016446e-06 2.356822401632174e-09 2.601580711969571e-06
2953 2.6051293766056354e-06 2.3693424684253828e-09 2.611768049815011e-06
2954 2.6153213528093655e-06 2.3819290451399156e-09 2.621995292414691e-06
2955 2.6255532028020404e-06 2.3945824850941456e-09 2.632262596147782e-06
2956 2.635825082580797e-06 2.4073031434833734e-09 2.642570118006642e-06
2957 2.6461371487530576e-06 2.420091377389773e-09 2.6529180155992066e-06
2958 2.6564895585389534e-06 2.432947545792451e-09 2.6633064471514306e-06
2959 2.6668824697736978e-06 2.4458720095775047e-09 2.6737355715096973e-06
2960 2.677316040909997e-06 2.4588651315481473e-09 2.6842055481432526e-06
2961 2.6877904310204694e-06 2.471927276434905e-09 2.6947165371466552e-06
2962 2.698305799800068e-06 2.4850588109058467e-09 2.705268699242227e-06
2963 2.708862307568521e-06 2.4982601035768866e-09 2.715862195782524e-06
2964 2.719460115272756e-06 2.511531525022105e-09 2.726497188752786e-06
2965 2.7300993844893837e-06 2.5248734477841896e-09 2.737173840773455e-06
2966 2.7407802774271418e-06 2.5382862463848675e-09 2.747892315102641e-06
2967 2.751502956929373e-06 2.5517702973354245e-09 2.7586527756386364e-06
2968 2.7622675864765074e-06 2.5653259791472746e-09 2.7694553869224253e-06
2969 2.773074330188555e-06 2.5789536723425855e-09 2.780300314140204e-06
2970 2.7839233528276077e-06 2.5926537594649576e-09 2.791187723125914e-06
2971 2.794814819800358e-06 2.6064266250901757e-09 2.802117780363796e-06
2972 2.8057488971605974e-06 2.6202726558369683e-09 2.8130906529909076e-06
2973 2.8167257516117805e-06 2.6341922403779066e-09 2.824106508799729e-06
2974 2.8277455505095482e-06 2.6481857694502906e-09 2.8351655162407084e-06
2975 2.83880846186428e-06 2.662253635867116e-09 2.8462678444248514e-06
2976 2.84991465434366e-06 2.676396234528108e-09 2.857413663126313e-06
2977 2.8610642972752434e-06 2.6906139624308046e-09 2.8686031427849985e-06
2978 2.8722575606490494e-06 2.7049072186817052e-09 2.8798364545091856e-06
2979 2.883494615120126e-06 2.7192764045074493e-09 2.89111377007812e-06
2980 2.894775632011187e-06 2.733721923266119e-09 2.9024352619446898e-06
2981 2.906100783315203e-06 2.7482441804585356e-09 2.9138011032380364e-06
2982 2.9174702416980267e-06 2.7628435837396486e-09 2.9252114677662266e-06
2983 2.928884180501028e-06 2.777520542929978e-09 2.936666530018906e-06
2984 2.9403427737437336e-06 2.7922754700271196e-09 2.9481664651699815e-06
2985 2.9518461961264837e-06 2.8071087792173107e-09 2.9597114490803035e-06
2986 2.9633946230330995e-06 2.8220208868870627e-09 2.9713016583003673e-06
2987 2.974988230533533e-06 2.8370122116348204e-09 2.982937270073e-06
2988 2.9866271953865884e-06 2.8520831742827568e-09 2.994618462336108e-06
2989 2.9983116950425917e-06 2.867234197888557e-09 3.0063454137253865e-06
2990 3.0100419076461037e-06 2.8824657077573004e-09 3.0181183035770594e-06
2991 3.0218180120386354e-06 2.8977781314534027e-09 3.029937311930634e-06
2992 3.033640187761374e-06 2.9131718988126107e-09 3.041802619531655e-06
2993 3.0455086150579276e-06 2.9286474419540864e-09 3.0537144078344896e-06
2994 3.0574234748770463e-06 2.9442051952924926e-09 3.065672859005074e-06
2995 3.069384948875422e-06 2.95984559555025e-09 3.0776781559237574e-06
2996 3.0813932194204285e-06 2.975569081769751e-09 3.0897304821880685e-06
2997 3.0934484695929123e-06 2.9913760953257004e-09 3.101830022115542e-06
2998 3.1055508831899816e-06 3.0072670799375023e-09 3.1139769607465473e-06
2999 3.117700644727808e-06 3.023242481681716e-09 3.12617148384712e-06
3000 3.1298979394444417e-06 3.0393027490045776e-09 3.1384137779118147e-06
3001 3.142142953302641e-06 3.0554483327345988e-09 3.150704030166568e-06
3002 3.1544358729926815e-06 3.0716796860951843e-09 3.1630424285715437e-06
3003 3.1667768859352415e-06 3.0879972647174097e-09 3.1754291618240567e-06
3004 3.179166180284234e-06 3.104401526652775e-09 3.187864419361437e-06
3005 3.1916039449296805e-06 3.120892932386069e-09 3.200348391363939e-06
3006 3.2040903695005927e-06 3.1374719448483007e-09 3.2128812687576655e-06
3007 3.2166256443678623e-06 3.1541390294296913e-09 3.2254632432174855e-06
3008 3.2292099606471705e-06 3.1708946539927473e-09 3.238094507169988e-06
3009 3.241843510201875e-06 3.1877392888853575e-09 3.250775253796401e-06
3010 3.2545264856459755e-06 3.2046734069540513e-09 3.2635056770355944e-06
3011 3.2672590803470233e-06 3.221697483557235e-09 3.2762859715870293e-06
3012 3.280041488429076e-06 3.2388119965785454e-09 3.289116332913748e-06
3013 3.2928739047756586e-06 3.2560174264402642e-09 3.3019969572453733e-06
3014 3.3057565250327322e-06 3.273314256116804e-09 3.3149280415811148e-06
3015 3.3186895456116787e-06 3.2907029711482653e-09 3.3279097836927916e-06
3016 3.3316731636923016e-06 3.308184059654076e-09 3.3409423821278718e-06
3017 3.344707577225806e-06 3.3257580123466567e-09 3.35402603621249e-06
3018 3.357792984937855e-06 3.343425322545251e-09 3.367160946054544e-06
3019 3.3709295863315746e-06 3.3611864861897335e-09 3.3803473125467345e-06
3020 3.384117581690602e-06 3.3790420018545474e-09 3.3935853373696592e-06
3021 3.3973571720821376e-06 3.3969923707626927e-09 3.406875222994896e-06
3022 3.410648559360012e-06 3.4150380967998e-09 3.4202171726881176e-06
3023 3.4239919461677625e-06 3.4331796865282733e-09 3.4336113905121983e-06
3024 3.437387535941731e-06 3.4514176492015227e-09 3.447058081330362e-06
3025 3.450835532914136e-06 3.469752496778216e-09 3.460557450809286e-06
3026 3.4643361421162295e-06 3.4881847439367133e-09 3.474109705422303e-06
3027 3.477889569381395e-06 3.5067149080894712e-09 3.487715052452537e-06
3028 3.4914960213482917e-06 3.5253435093975783e-09 3.501373699996088e-06
3029 3.5051557054640056e-06 3.5440710707853593e-09 3.5150858569652283e-06
3030 3.5188688299872125e-06 3.56289811795505e-09 3.5288517330916e-06
3031 3.53263560399136e-06 3.581825179401567e-09 3.542671538929445e-06
3032 3.5464562373678264e-06 3.6008527864273017e-09 3.5565454858588e-06
3033 3.5603309408291644e-06 3.619981473157096e-09 3.570473786088784e-06
3034 3.574259925912283e-06 3.6392117765531934e-09 3.584456652660824e-06
3035 3.588243404981683e-06 3.658544236430325e-09 3.5984942994519303e-06
3036 3.602281591232692e-06 3.6779793954708606e-09 3.6125869411779755e-06
3037 3.6163746986947154e-06 3.697517799240042e-09 3.6267347933969877e-06
3038 3.6305229422345017e-06 3.7171599962013004e-09 3.6409380725124572e-06
3039 3.644726537559422e-06 3.736906537731659e-09 3.6551969957766614e-06
3040 3.658985701220733e-06 3.756757978137172e-09 3.6695117812939696e-06
3041 3.67330065061692e-06 3.7767148746685464e-09 3.683882648024232e-06
3042 3.687671603996984e-06 3.796777787536742e-09 3.698309815786106e-06
3043 3.7020987804637737e-06 3.8169472799287066e-09 3.712793505260439e-06
3044 3.7165823999773302e-06 3.8372239180231895e-09 3.7273339379936493e-06
3045 3.731122683358237e-06 3.857608271006629e-09 3.7419313364011276e-06
3046 3.745719852290995e-06 3.878100911089148e-09 3.756585923770654e-06
3047 3.7603741293273745e-06 3.898702413520564e-09 3.7712979242657933e-06
3048 3.7750857378898495e-06 3.91941335660661e-09 3.786067562929378e-06
3049 3.789854902274977e-06 3.9402343217251215e-09 3.80089506568693e-06
3050 3.8046818476568237e-06 3.961165893342367e-09 3.8157806593501365e-06
3051 3.8195668000903976e-06 3.9822086590294564e-09 3.830724571620324e-06
3052 3.834509986515097e-06 4.003363209478831e-09 3.845727031091953e-06
3053 3.849511634758167e-06 4.024630138520849e-09 3.860788267256128e-06
3054 3.864571973538185e-06 4.046010043140465e-09 3.875908510504118e-06
3055 3.879691232468512e-06 4.0675035234939404e-09 3.891087992130869e-06
3056 3.894869642060845e-06 4.089111182925763e-09 3.906326944338589e-06
3057 3.910107433728696e-06 4.110833627985532e-09 3.921625600240286e-06
3058 3.92540483979093e-06 4.132671468445003e-09 3.936984193863348e-06
3059 3.940762093475307e-06 4.154625317315197e-09 3.952402960153133e-06
3060 3.9561794289220375e-06 4.176695790863616e-09 3.967882134976576e-06
3061 3.971657081187361e-06 4.198883508631549e-09 3.9834219551258115e-06
3062 3.987195286247095e-06 4.2211890934514155e-09 3.9990226583217726e-06
3063 4.002794281000286e-06 4.2436131714643275e-09 4.014684483217898e-06
3064 4.018454303272784e-06 4.266156372137608e-09 4.030407669403742e-06
3065 4.034175591820878e-06 4.288819328282478e-09 4.046192457408672e-06
3066 4.049958386334937e-06 4.311602676071821e-09 4.062039088705554e-06
3067 4.065802927443066e-06 4.334507055058042e-09 4.077947805714457e-06
3068 4.081709456714771e-06 4.3575331081910155e-09 4.093918851806372e-06
3069 4.097678216664652e-06 4.380681481836148e-09 4.109952471306953e-06
3070 4.113709450756068e-06 4.403952825792477e-09 4.126048909500236e-06
3071 4.1298034034048966e-06 4.427347793310978e-09 4.142208412632445e-06
3072 4.145960319983231e-06 4.450867041112863e-09 4.158431227915745e-06
3073 4.162180446823126e-06 4.474511229408016e-09 4.174717603532033e-06
3074 4.178464031220352e-06 4.498281021913533e-09 4.191067788636756e-06
3075 4.194811321438171e-06 4.522177085872353e-09 4.207482033362725e-06
3076 4.211222566711127e-06 4.546200092071998e-09 4.2239605888239686e-06
3077 4.227698017248809e-06 4.570350714863353e-09 4.240503707119541e-06
3078 4.244237924239724e-06 4.5946296321796735e-09 4.257111641337457e-06
3079 4.260842539855084e-06 4.619037525555564e-09 4.273784645558521e-06
3080 4.2775121172526665e-06 4.64357508014612e-09 4.290522974860252e-06
3081 4.29424691058067e-06 4.668242984746165e-09 4.307326885320786e-06
3082 4.31104717498159e-06 4.693041931809581e-09 4.3241966340228075e-06
3083 4.32791316659611e-06 4.717972617468753e-09 4.3411324790574996e-06
3084 4.344845142567013e-06 4.743035741554117e-09 4.358134679528502e-06
3085 4.3618433610430695e-06 4.768232007613754e-09 4.37520349555586e-06
3086 4.378908081183024e-06 4.793562122933219e-09 4.392339188280066e-06
3087 4.396039563159512e-06 4.819026798555344e-09 4.409542019866031e-06
3088 4.413238068163034e-06 4.8446267493002075e-09 4.426812253507113e-06
3089 4.4305038584059435e-06 4.8703626937852065e-09 4.444150153429162e-06
3090 4.447837197126435e-06 4.896235354445219e-09 4.461555984894568e-06
3091 4.465238348592573e-06 4.922245457552905e-09 4.479030014206342e-06
3092 4.482707578106285e-06 4.948393733239038e-09 4.49657250871217e-06
3093 4.500245152007459e-06 4.97468091551308e-09 4.5141837368085635e-06
3094 4.517851337677966e-06 5.0011077422837325e-09 4.531863967944946e-06
3095 4.53552640354575e-06 5.0276749553796644e-09 4.549613472627792e-06
3096 4.553270619088917e-06 5.054383300570334e-09 4.567432522424786e-06
3097 4.571084254839846e-06 5.081233527586929e-09 4.585321389968981e-06
3098 4.588967582389311e-06 5.1082263901434055e-09 4.603280348962986e-06
3099 4.606920874390634e-06 5.1353626459576634e-09 4.621309674183178e-06
3100 4.624944404563801e-06 5.162643056772756e-09 4.639409641483874e-06
3101 4.6430384476996955e-06 5.190068388378366e-09 4.657580527801627e-06
3102 4.6612032796642476e-06 5.217639410632236e-09 4.675822611159438e-06
3103 4.679439177402649e-06 5.2453568974818e-09 4.694136170671025e-06
3104 4.697746418943578e-06 5.273221626985903e-09 4.712521486545111e-06
3105 4.716125283403437e-06 5.301234381336649e-09 4.730978840089729e-06
3106 4.734576050990615e-06 5.3293959468813676e-09 4.74950851371654e-06
3107 4.7530990030097275e-06 5.35770711414463e-09 4.768110790945132e-06
3108 4.771694421865956e-06 5.386168677850529e-09 4.786785956407429e-06
3109 4.790362591069321e-06 5.414781436944926e-09 4.805534295852023e-06
3110 4.809103795239008e-06 5.443546194617896e-09 4.82435609614856e-06
3111 4.827918320107714e-06 5.472463758326276e-09 4.843251645292157e-06
3112 4.846806452525998e-06 5.501534939816325e-09 4.862221232407808e-06
3113 4.8657684804666585e-06 5.530760555146513e-09 4.881265147754828e-06
3114 4.884804693029129e-06 5.560141424710449e-09 4.90038368273132e-06
3115 4.903915380443851e-06 5.5896783732598415e-09 4.919577129878598e-06
3116 4.923100834076758e-06 5.6193722299277445e-09 4.9388457828857494e-06
3117 4.942361346433672e-06 5.649223828251775e-09 4.95818993659409e-06
3118 4.961697211164782e-06 5.67923400619752e-09 4.977609887001708e-06
3119 4.981108723069114e-06 5.709403606182064e-09 4.9971059312680025e-06
3120 5.000596178099029e-06 5.739733475097637e-09 5.016678367718247e-06
3121 5.020159873364744e-06 5.770224464335397e-09 5.036327495848175e-06
3122 5.039800107138822e-06 5.800877429809273e-09 5.05605361632854e-06
3123 5.059517178860781e-06 5.831693231980084e-09 5.0758570310097905e-06
3124 5.079311389141616e-06 5.862672735879628e-09 5.0957380429266565e-06
3125 5.099183039768395e-06 5.893816811134983e-09 5.115696956302821e-06
3126 5.119132433708859e-06 5.925126331992915e-09 5.135734076555578e-06
3127 5.139159875116043e-06 5.956602177344427e-09 5.155849710300536e-06
3128 5.15926566933291e-06 5.98824523074942e-09 5.176044165356309e-06
3129 5.1794501228970175e-06 6.020056380461513e-09 5.196317750749253e-06
3130 5.199713543545152e-06 6.052036519452921e-09 5.216670776718182e-06
3131 5.220056240218081e-06 6.0841865454396135e-09 5.237103554719177e-06
3132 5.240478523065222e-06 6.1165073609064454e-09 5.257616397430332e-06
3133 5.26098070344938e-06 6.148999873132512e-09 5.278209618756564e-06
3134 5.281563093951499e-06 6.181664994216621e-09 5.29888353383443e-06
3135 5.302226008375422e-06 6.214503641102883e-09 5.319638459036964e-06
3136 5.3229697617526815e-06 6.247516735606468e-09 5.3404747119785376e-06
3137 5.343794670347307e-06 6.280705204439485e-09 5.361392611519738e-06
3138 5.364701051660608e-06 6.314069979236933e-09 5.3823924777722315e-06
3139 5.385689224436077e-06 6.347611996582956e-09 5.403474632103727e-06
3140 5.406759508664209e-06 6.381332198037064e-09 5.424639397142883e-06
3141 5.4279122255873885e-06 6.415231530160585e-09 5.445887096784256e-06
3142 5.449147697704785e-06 6.449310944543224e-09 5.467218056193283e-06
3143 5.470466248777278e-06 6.483571397829792e-09 5.488632601811269e-06
3144 5.4918682038323935e-06 6.5180138517470645e-09 5.510131061360408e-06
3145 5.513353889169224e-06 6.552639273130714e-09 5.531713763848776e-06
3146 5.534923632363464e-06 6.5874486339525485e-09 5.553381039575438e-06
3147 5.556577762272364e-06 6.622442911347741e-09 5.575133220135489e-06
3148 5.578316609039754e-06 6.657623087642259e-09 5.596970638425138e-06
3149 5.600140504101074e-06 6.692990150380447e-09 5.618893628646835e-06
3150 5.622049780188434e-06 6.728545092352748e-09 5.640902526314391e-06
3151 5.644044771335678e-06 6.7642889116235755e-09 5.662997668258135e-06
3152 5.666125812883495e-06 6.800222611559337e-09 5.685179392630093e-06
3153 5.688293241484486e-06 6.836347200856542e-09 5.707448038909137e-06
3154 5.71054739510836e-06 6.872663693570214e-09 5.729803947906263e-06
3155 5.732888613047045e-06 6.909173109142288e-09 5.752247461769779e-06
3156 5.7553172359198716e-06 6.945876472430247e-09 5.774778923990569e-06
3157 5.777833605678766e-06 6.982774813735888e-09 5.797398679407367e-06
3158 5.800438065613465e-06 7.019869168834247e-09 5.820107074212053e-06
3159 5.823130960356758e-06 7.05716057900269e-09 5.8429044559549765e-06
3160 5.845912635889698e-06 7.094650091050066e-09 5.865791173550252e-06
3161 5.868783439546945e-06 7.13233875734621e-09 5.8887675772811775e-06
3162 5.891743720022014e-06 7.170227635851407e-09 5.911834018805574e-06
3163 5.914793827372606e-06 7.208317790146108e-09 5.934990851161195e-06
3164 5.937934113025941e-06 7.24661028946078e-09 5.958238428771142e-06
3165 5.961164929784121e-06 7.2851062087059365e-09 5.981577107449315e-06
3166 5.984486631829503e-06 7.323806628502291e-09 6.005007244405866e-06
3167 6.007899574730117e-06 7.362712635211131e-09 6.028529198252708e-06
3168 6.031404115445032e-06 7.401825320964715e-09 6.052143329008961e-06
3169 6.0550006123298776e-06 7.441145783697065e-09 6.075849998106562e-06
3170 6.078689425142255e-06 7.480675127174695e-09 6.09964956839576e-06
3171 6.102470915047236e-06 7.520414461027626e-09 6.1235424041507075e-06
3172 6.126345444622867e-06 7.560364900780521e-09 6.147528871075044e-06
3173 6.150313377865699e-06 7.600527567884013e-09 6.171609336307519e-06
3174 6.1743750801963515e-06 7.640903589746197e-09 6.195784168427643e-06
3175 6.198530918465028e-06 7.681494099764195e-09 6.220053737461291e-06
3176 6.222781260957191e-06 7.722300237356101e-09 6.244418414886464e-06
3177 6.2471264773991195e-06 7.763323147992879e-09 6.268878573638947e-06
3178 6.271566938963567e-06 7.804563983230539e-09 6.293434588118043e-06
3179 6.296103018275413e-06 7.84602390074246e-09 6.3180868341923205e-06
3180 6.320735089417348e-06 7.887704064351895e-09 6.342835689205394e-06
3181 6.345463527935577e-06 7.929605644064631e-09 6.367681531981714e-06
3182 6.370288710845554e-06 7.97172981610186e-09 6.392624742832394e-06
3183 6.395211016637685e-06 8.014077762933108e-09 6.4176657035610104e-06
3184 6.4202308252831685e-06 8.056650673309555e-09 6.442804797469527e-06
3185 6.445348518239746e-06 8.09944974229733e-09 6.468042409364147e-06
3186 6.470564478457521e-06 8.142476171311064e-09 6.493378925561228e-06
3187 6.4958790903848055e-06 8.18573116814762e-09 6.51881473389321e-06
3188 6.521292739973976e-06 8.229215947020006e-09 6.54435022371458e-06
3189 6.546805814687374e-06 8.272931728591473e-09 6.569985785907865e-06
3190 6.5724187035031585e-06 8.316879740009683e-09 6.595721812889574e-06
3191 6.598131796921319e-06 8.36106121494131e-09 6.621558698616312e-06
3192 6.623945486969572e-06 8.405477393606565e-09 6.647496838590777e-06
3193 6.649860167209354e-06 8.450129522814046e-09 6.673536629867846e-06
3194 6.675876232741821e-06 8.495018855995719e-09 6.699678471060671e-06
3195 6.701994080213875e-06 8.540146653242123e-09 6.725922762346809e-06
3196 6.7282141078242036e-06 8.585514181337724e-09 6.752269905474356e-06
3197 6.7545367153293744e-06 8.631122713796516e-09 6.778720303768149e-06
3198 6.780962304049869e-06 8.67697353089766e-09 6.805274362135886e-06
3199 6.807491276876284e-06 8.723067919721576e-09 6.8319324870744444e-06
3200 6.834124038275422e-06 8.769407174185968e-09 6.85869508667606e-06
3201 6.860860994296469e-06 8.81599259508218e-09 6.885562570634615e-06
3202 6.887702552577186e-06 8.862825490111701e-09 6.912535350251923e-06
3203 6.914649122350124e-06 8.909907173922882e-09 6.939613838444057e-06
3204 6.9417011144488804e-06 8.957238968147858e-09 6.966798449747704e-06
3205 6.968858941314298e-06 9.004822201439547e-09 6.994089600326462e-06
3206 6.996123017000846e-06 9.052658209509106e-09 7.0214877079773405e-06
3207 7.0234937571828734e-06 9.100748335163316e-09 7.048993192137105e-06
3208 7.05097157916096e-06 9.149093928342301e-09 7.076606473888738e-06
3209 7.0785569018682805e-06 9.197696346157436e-09 7.104327975967914e-06
3210 7.1062501458769865e-06 9.246556952929414e-09 7.13215812276948e-06
3211 7.134051733404628e-06 9.295677120226583e-09 7.160097340353993e-06
3212 7.161962088320596e-06 9.345058226903441e-09 7.188146056454261e-06
3213 7.18998163615253e-06 9.394701659139248e-09 7.21630470048187e-06
3214 7.218110804092897e-06 9.4446088104771e-09 7.244573703533858e-06
3215 7.2463500210054384e-06 9.494781081862933e-09 7.272953498399287e-06
3216 7.274699717431731e-06 9.545219881684887e-09 7.301444519565905e-06
3217 7.303160325597745e-06 9.59592662581283e-09 7.330047203226815e-06
3218 7.331732279420438e-06 9.646902737638102e-09 7.358761987287179e-06
3219 7.360416014514383e-06 9.698149648113511e-09 7.387589311370968e-06
3220 7.389211968198353e-06 9.749668795793383e-09 7.416529616827647e-06
3221 7.418120579502072e-06 9.801461626874107e-09 7.445583346739047e-06
3222 7.447142289172858e-06 9.853529595234621e-09 7.474750945926112e-06
3223 7.47627753968235e-06 9.905874162477263e-09 7.504032860955757e-06
3224 7.5055267752332566e-06 9.958496797968785e-09 7.533429540147716e-06
3225 7.534890441766128e-06 1.0011398978881602e-08 7.562941433581436e-06
3226 7.564368986966157e-06 1.006458219023527e-08 7.5925689931029946e-06
3227 7.593962860270017e-06 1.0118047924938186e-08 7.622312672332052e-06
3228 7.6236725128726555e-06 1.0171797683829388e-08 7.652172926668763e-06
3229 7.653498397734263e-06 1.022583297572086e-08 7.682150213300872e-06
3230 7.683440969587115e-06 1.028015531743976e-08 7.712244991210654e-06
3231 7.71350068494253e-06 1.0334766233871044e-08 7.742457721182017e-06
3232 7.74367800209782e-06 1.038966725800025e-08 7.772788865807548e-06
3233 7.77397338114328e-06 1.044485993095656e-08 7.803238889495643e-06
3234 7.804387283969219e-06 1.050034580205605e-08 7.833808258477646e-06
3235 7.834920174272943e-06 1.0556126428845109e-08 7.864497440814964e-06
3236 7.865572517565911e-06 1.0612203377144298e-08 7.895306906406332e-06
3237 7.896344781180779e-06 1.0668578221092215e-08 7.926237126994996e-06
3238 7.92723743427853e-06 1.072525254318969e-08 7.957288576175958e-06
3239 7.95825094785564e-06 1.0782227934344226e-08 7.98846172940326e-06
3240 7.989385794751244e-06 1.083950599391465e-08 8.019757063997298e-06
3241 8.020642449654356e-06 1.0897088329756001e-08 8.051175059152136e-06
3242 8.052021389111121e-06 1.0954976558264707e-08 8.082716195942916e-06
3243 8.08352309153201e-06 1.1013172304423826e-08 8.114380957333146e-06
3244 8.115148037199215e-06 1.1071677201848854e-08 8.146169828182265e-06
3245 8.146896708273911e-06 1.1130492892833464e-08 8.178083295252997e-06
3246 8.178769588803615e-06 1.1189621028395611e-08 8.210121847218851e-06
3247 8.21076716472957e-06 1.124906326832391e-08 8.242285974671645e-06
3248 8.242889923894157e-06 1.1308821281224208e-08 8.27457617012903e-06
3249 8.275138356048341e-06 1.1368896744566467e-08 8.306992928042089e-06
3250 8.30751295285908e-06 1.1429291344731714e-08 8.339536744802857e-06
3251 8.340014207916915e-06 1.1490006777059576e-08 8.372208118752057e-06
3252 8.372642616743432e-06 1.1551044745895744e-08 8.405007550186689e-06
3253 8.405398676798834e-06 1.1612406964639851e-08 8.437935541367739e-06
3254 8.43828288748952e-06 1.1674095155793554e-08 8.470992596527895e-06
3255 8.471295750175708e-06 1.1736111051008907e-08 8.504179221879298e-06
3256 8.50443776817907e-06 1.1798456391136949e-08 8.53749592562132e-06
3257 8.537709446790428e-06 1.1861132926276627e-08 8.570943217948396e-06
3258 8.571111293277386e-06 1.1924142415823767e-08 8.604521611057789e-06
3259 8.604643816892172e-06 1.1987486628520684e-08 8.638231619157575e-06
3260 8.638307528879331e-06 1.2051167342505687e-08 8.67207375847448e-06
3261 8.672102942483532e-06 1.2115186345363016e-08 8.706048547261803e-06
3262 8.706030572957398e-06 1.2179545434173052e-08 8.740156505807428e-06
3263 8.740090937569362e-06 1.2244246415562724e-08 8.774398156441778e-06
3264 8.774284555611571e-06 1.2309291105756298e-08 8.808774023545891e-06
3265 8.808611948407726e-06 1.2374681330626184e-08 8.84328463355939e-06
3266 8.84307363932115e-06 1.2440418925744437e-08 8.877930514988694e-06
3267 8.877670153762681e-06 1.25065057364341e-08 8.912712198415067e-06
3268 8.91240201919871e-06 1.2572943617821073e-08 8.947630216502781e-06
3269 8.94726976515922e-06 1.2639734434886188e-08 8.982685104007325e-06
3270 8.982273923245861e-06 1.270688006251753e-08 9.017877397783603e-06
3271 9.017415027140052e-06 1.2774382385563101e-08 9.053207636794199e-06
3272 9.052693612611138e-06 1.2842243298883753e-08 9.088676362117684e-06
3273 9.088110217524482e-06 1.2910464707406225e-08 9.12428411695684e-06
3274 9.123665381849784e-06 1.2979048526176852e-08 9.160031446647148e-06
3275 9.15935964766923e-06 1.3047996680415163e-08 9.195918898665076e-06
3276 9.195193559185779e-06 1.3117311105567957e-08 9.231947022636523e-06
3277 9.231167662731463e-06 1.3186993747363658e-08 9.268116370345265e-06
3278 9.26728250677571e-06 1.3257046561866898e-08 9.30442749574144e-06
3279 9.303538641933715e-06 1.3327471515533458e-08 9.340880954950067e-06
3280 9.339936620974843e-06 1.3398270585265485e-08 9.3774773062796e-06
3281 9.37647699883099e-06 1.3469445758466842e-08 9.414217110230456e-06
3282 9.413160332605156e-06 1.3540999033099131e-08 9.451100929503733e-06
3283 9.449987181579856e-06 1.3612932417737607e-08 9.48812932900978e-06
3284 9.48695810722567e-06 1.3685247931627612e-08 9.525302875876917e-06
3285 9.52407367320981e-06 1.375794760474127e-08 9.562622139460142e-06
3286 9.561334445404702e-06 1.383103347783444e-08 9.600087691349888e-06
3287 9.598740991896643e-06 1.3904507602504066e-08 9.63770010538083e-06
3288 9.636293882994377e-06 1.3978372041245602e-08 9.67545995764063e-06
3289 9.67399369123791e-06 1.4052628867511136e-08 9.71336782647891e-06
3290 9.711840991407162e-06 1.4127280165767453e-08 9.751424292516073e-06
3291 9.749836360530749e-06 1.420232803155458e-08 9.789629938652232e-06
3292 9.78798037789478e-06 1.4277774571544608e-08 9.827985350076195e-06
3293 9.826273625051687e-06 1.435362190360082e-08 9.866491114274448e-06
3294 9.864716685829097e-06 1.442987215683717e-08 9.90514782104019e-06
3295 9.903310146338748e-06 1.4506527471678053e-08 9.94395606248243e-06
3296 9.942054594985346e-06 1.458358999991826e-08 9.982916433034997e-06
3297 9.98095062247566e-06 1.4661061904783602e-08 1.0022029529465814e-05
3298 1.0019998821827439e-05 1.4738945360991477e-08 1.0061295950885983e-05
3299 1.0059199788378486e-05 1.4817242554811971e-08 1.0100716298759026e-05
3300 1.0098554119795723e-05 1.4895955684129202e-08 1.014029117691013e-05
3301 1.0138062416084312e-05 1.497508695850305e-08 1.0180021191535434e-05
3302 1.0177725279596812e-05 1.5054638599231187e-08 1.0219906951211364e-05
3303 1.0217543315042295e-05 1.5134612839411297e-08 1.0259949066903918e-05
3304 1.0257517129495677e-05 1.5215011924003994e-08 1.0300148151978183e-05
3305 1.02976473324069e-05 1.5295838109895677e-08 1.034050482220768e-05
3306 1.0337934535610238e-05 1.5377093665961923e-08 1.0381019695783857e-05
3307 1.0378379353333626e-05 1.545878087313118e-08 1.0421693393325593e-05
3308 1.0418982402208027e-05 1.5540902024448797e-08 1.0462526537888754e-05
3309 1.0459744301276835e-05 1.5623459425141385e-08 1.0503519754975754e-05
3310 1.050066567200533e-05 1.570645539268158e-08 1.0544673672545212e-05
3311 1.0541747138290066e-05 1.5789892256852907e-08 1.0585988921021518e-05
3312 1.0582989326468522e-05 1.587377235981547e-08 1.0627466133304661e-05
3313 1.0624392865328552e-05 1.5958098056171484e-08 1.0669105944779865e-05
3314 1.0665958386118001e-05 1.604287171303145e-08 1.0710908993327399e-05
3315 1.070768652255433e-05 1.6128095710080585e-08 1.0752875919332373e-05
3316 1.0749577910834274e-05 1.621377243964563e-08 1.0795007365694596e-05
3317 1.0791633189643564e-05 1.629990430676204e-08 1.0837303977838479e-05
3318 1.0833853000166579e-05 1.638649372924133e-08 1.0879766403722881e-05
3319 1.087623798609625e-05 1.6473543137739193e-08 1.0922395293851202e-05
3320 1.0918788793643793e-05 1.6561054975823585e-08 1.09651913012813e-05
3321 1.0961506071548575e-05 1.6649031700043335e-08 1.1008155081635564e-05
3322 1.1004390471088006e-05 1.6737475779997108e-08 1.105128729311098e-05
3323 1.1047442646087474e-05 1.6826389698402735e-08 1.1094588596489281e-05
3324 1.109066325293031e-05 1.6915775951166915e-08 1.1138059655147093e-05
3325 1.1134052950567818e-05 1.7005637047455296e-08 1.118170113506616e-05
3326 1.117761240052923e-05 1.709597550976275e-08 1.1225513704843509e-05
3327 1.1221342266931929e-05 1.718679387398445e-08 1.1269498035701857e-05
3328 1.1265243216491483e-05 1.7278094689486875e-08 1.1313654801499862e-05
3329 1.1309315918531837e-05 1.736988051917941e-08 1.1357984678742491e-05
3330 1.1353561044995509e-05 1.7462153939586302e-08 1.1402488346591442e-05
3331 1.139797927045384e-05 1.7554917540918976e-08 1.1447166486875586e-05
3332 1.1442571272117302e-05 1.7648173927148797e-08 1.1492019784101477e-05
3333 1.1487337729845731e-05 1.7741925716079966e-08 1.1537048925463785e-05
3334 1.1532279326158826e-05 1.783617553942331e-08 1.1582254600856011e-05
3335 1.157739674624647e-05 1.7930926042869955e-08 1.1627637502881025e-05
3336 1.1622690677979192e-05 1.802617988616564e-08 1.1673198326861706e-05
3337 1.166816181191866e-05 1.812193974318537e-08 1.1718937770851663e-05
3338 1.1713810841328208e-05 1.8218208302008497e-08 1.1764856535645976e-05
3339 1.1759638462183401e-05 1.831498826499416e-08 1.1810955324791968e-05
3340 1.1805645373182682e-05 1.84122823488572e-08 1.1857234844600054e-05
3341 1.1851832275757912e-05 1.8510093284744212e-08 1.1903695804154514e-05
3342 1.189819987408522e-05 1.860842381831052e-08 1.195033891532454e-05
3343 1.1944748875095644e-05 1.870727670979706e-08 1.1997164892775106e-05
3344 1.1991479988485923e-05 1.8806654734107888e-08 1.2044174453977968e-05
3345 1.2038393926729326e-05 1.890656068088809e-08 1.2091368319222718e-05
3346 1.2085491405086512e-05 1.9006997354602093e-08 1.2138747211627856e-05
3347 1.2132773141616458e-05 1.910796757461243e-08 1.2186311857151946e-05
3348 1.218023985718731e-05 1.9209474175258683e-08 1.2234062984604686e-05
3349 1.2227892275487519e-05 1.9311520005937354e-08 1.2282001325658267e-05
3350 1.2275731123036782e-05 1.9414107931181656e-08 1.2330127614858538e-05
3351 1.2323757129197134e-05 1.951724083074194e-08 1.2378442589636318e-05
3352 1.2371971026184077e-05 1.9620921599666576e-08 1.2426946990318764e-05
3353 1.242037354907774e-05 1.9725153148383197e-08 1.2475641560140743e-05
3354 1.246896543583408e-05 1.9829938402780392e-08 1.2524527045256282e-05
3355 1.251774742729617e-05 1.993528030428991e-08 1.257360419475006e-05
3356 1.2566720267205387e-05 2.0041181809968998e-08 1.262287376064885e-05
3357 1.26158847022129e-05 2.0147645892583748e-08 1.2672336497933233e-05
3358 1.2665241481890956e-05 2.0254675540692312e-08 1.272199316454911e-05
3359 1.2714791358744334e-05 2.0362273758728864e-08 1.2771844521419404e-05
3360 1.2764535088221816e-05 2.0470443567087923e-08 1.282189133245575e-05
3361 1.2814473428727708e-05 2.0579188002209157e-08 1.2872134364570275e-05
3362 1.2864607141633422e-05 2.0688510116662652e-08 1.2922574387687403e-05
3363 1.291493699128899e-05 2.07984129792344e-08 1.2973212174755612e-05
3364 1.2965463745034861e-05 2.090889967501276e-08 1.3024048501759477e-05
3365 1.301618817321351e-05 2.1019973305474852e-08 1.307508414773152e-05
3366 1.3067111049181195e-05 2.1131636988573655e-08 1.3126319894764206e-05
3367 1.3118233149319762e-05 2.1243893858825555e-08 1.3177756528022e-05
3368 1.3169555253048466e-05 2.1356747067398312e-08 1.3229394835753429e-05
3369 1.3221078142835868e-05 2.147019978219953e-08 1.3281235609303235e-05
3370 1.3272802604211786e-05 2.1584255187965646e-08 1.333327964312456e-05
3371 1.3324729425779164e-05 2.1698916486351066e-08 1.3385527734791083e-05
3372 1.3376859399226252e-05 2.1814186896018443e-08 1.3437980685009447e-05
3373 1.3429193319338578e-05 2.1930069652728725e-08 1.3490639297631466e-05
3374 1.3481731984011089e-05 2.204656800943212e-08 1.3543504379666555e-05
3375 1.3534476194260308e-05 2.216368523635934e-08 1.3596576741294105e-05
3376 1.358742675423656e-05 2.2281424621113453e-08 1.3649857195876002e-05
3377 1.3640584471236247e-05 2.23997894687622e-08 1.370334655996913e-05
3378 1.3693950155714057e-05 2.251878310193053e-08 1.3757045653337858e-05
3379 1.3747524621295476e-05 2.2638408860894253e-08 1.3810955298966807e-05
3380 1.380130868478909e-05 2.2758670103673553e-08 1.386507632307342e-05
3381 1.385530316619906e-05 2.287957020612729e-08 1.3919409555120693e-05
3382 1.390950888873763e-05 2.3001112562047807e-08 1.3973955827829957e-05
3383 1.3963926678837676e-05 2.3123300583256165e-08 1.4028715977193686e-05
3384 1.4018557366165296e-05 2.3246137699697915e-08 1.4083690842488361e-05
3385 1.4073401783632508e-05 2.3369627359539467e-08 1.4138881266287434e-05
3386 1.4128460767409815e-05 2.349377302926461e-08 1.419428809447417e-05
3387 1.4183735156939134e-05 2.3618578193772203e-08 1.424991217625484e-05
3388 1.4239225794946482e-05 2.374404635647376e-08 1.430575436417169e-05
3389 1.4294933527454848e-05 2.3870181039391836e-08 1.4361815514116085e-05
3390 1.4350859203797092e-05 2.3996985783258925e-08 1.4418096485341679e-05
3391 1.4407003676628901e-05 2.412446414761681e-08 1.4474598140477656e-05
3392 1.4463367801941776e-05 2.4252619710916516e-08 1.4531321345542e-05
3393 1.4519952439076125e-05 2.4381456070618822e-08 1.4588266969954866e-05
3394 1.4576758450734238e-05 2.4510976843294964e-08 1.464543588655183e-05
3395 1.4633786702993625e-05 2.4641185664728572e-08 1.4702828971597525e-05
3396 1.4691038065320092e-05 2.477208619001746e-08 1.4760447104798996e-05
3397 1.4748513410581034e-05 2.4903682093676282e-08 1.481829116931928e-05
3398 1.4806213615058744e-05 2.503597706973971e-08 1.4876362051791003e-05
3399 1.4864139558463768e-05 2.5168974831866088e-08 1.4934660642330032e-05
3400 1.4922292123948348e-05 2.5302679113441778e-08 1.4993187834549203e-05
3401 1.498067219811977e-05 2.5437093667685676e-08 1.5051944525571968e-05
3402 1.503928067105406e-05 2.5572222267754983e-08 1.511093161604638e-05
3403 1.5098118436309434e-05 2.5708068706850844e-08 1.5170150010158845e-05
3404 1.5157186390939949e-05 2.584463679832489e-08 1.5229600615648072e-05
3405 1.5216485435509183e-05 2.5981930375786288e-08 1.5289284343819044e-05
3406 1.5276016474103966e-05 2.6119953293209378e-08 1.5349202109557072e-05
3407 1.533578041434816e-05 2.6258709425041798e-08 1.5409354831341844e-05
3408 1.5395778167416532e-05 2.6398202666313386e-08 1.5469743431261634e-05
3409 1.545601064804852e-05 2.653843693274519e-08 1.5530368835027362e-05
3410 1.5516478774562356e-05 2.66794161608598e-08 1.5591231971987023e-05
3411 1.557718346886897e-05 2.6821144308091623e-08 1.56523337751399e-05
3412 1.5638125656486042e-05 2.6963625352897992e-08 1.571367518115094e-05
3413 1.569930626655214e-05 2.7106863294870865e-08 1.577525713036518e-05
3414 1.576072623184087e-05 2.7250862154849087e-08 1.5837080566822244e-05
3415 1.5822386488775136e-05 2.7395625975031354e-08 1.589914643827089e-05
3416 1.588428797744129e-05 2.754115881908937e-08 1.5961455696183494e-05
3417 1.5946431641603648e-05 2.7687464772282353e-08 1.6024009295770884e-05
3418 1.6008818428718764e-05 2.783454794157145e-08 1.6086808195996924e-05
3419 1.6071449289949895e-05 2.7982412455735054e-08 1.614985335959332e-05
3420 1.6134325180181517e-05 2.8131062465484758e-08 1.621314575307445e-05
3421 1.619744705803386e-05 2.82805021435818e-08 1.6276686346752227e-05
3422 1.6260815885877546e-05 2.8430735684954248e-08 1.634047611475106e-05
3423 1.6324432629848292e-05 2.8581767306814848e-08 1.6404516035022907e-05
3424 1.638829825986149e-05 2.8733601248779022e-08 1.6468807089362142e-05
3425 1.645241374962721e-05 2.888624177298441e-08 1.6533350263420955e-05
3426 1.651678007666491e-05 2.9039693164210193e-08 1.659814654672435e-05
3427 1.658139822231837e-05 2.9193959729997426e-08 1.6663196932685423e-05
3428 1.6646269171770654e-05 2.9349045800769965e-08 1.672850241862068e-05
3429 1.6711393914059123e-05 2.9504955729956014e-08 1.679406400576537e-05
3430 1.6776773442090572e-05 2.9661693894110472e-08 1.6859882699288987e-05
3431 1.6842408752656203e-05 2.981926469303737e-08 1.692595950831056e-05
3432 1.690830084644704e-05 2.997767254991392e-08 1.6992295445914447e-05
3433 1.6974450728069055e-05 3.013692191141437e-08 1.7058891529165774e-05
3434 1.7040859406058507e-05 3.029701724783485e-08 1.7125748779126142e-05
3435 1.7107527892897327e-05 3.045796305321892e-08 1.7192868220869376e-05
3436 1.7174457205028552e-05 3.061976384548367e-08 1.7260250883497276e-05
3437 1.7241648362871814e-05 3.0782424166546576e-08 1.7327897800155507e-05
3438 1.7309102390838948e-05 3.0945948582453075e-08 1.739581000804953e-05
3439 1.737682031734946e-05 3.1110341683504394e-08 1.746398854846044e-05
3440 1.744480317484642e-05 3.127560808438691e-08 1.7532434466761214e-05
3441 1.7513051999812052e-05 3.1441752424301354e-08 1.760114881243269e-05
3442 1.7581567832783594e-05 3.160877936709313e-08 1.7670132639079748e-05
3443 1.7650351718369143e-05 3.177669360138323e-08 1.773938700444756e-05
3444 1.771940470526359e-05 3.194549984069984e-08 1.780891297043788e-05
3445 1.7788727846264636e-05 3.211520282361074e-08 1.787871160312542e-05
3446 1.7858322198288714e-05 3.2285807313856e-08 1.7948783972774175e-05
3447 1.7928188822387303e-05 3.245731810048219e-08 1.8019131153854065e-05
3448 1.7998328783762974e-05 3.262973999797647e-08 1.8089754225057398e-05
3449 1.806874315178566e-05 3.2803077846401875e-08 1.816065426931552e-05
3450 1.813943300000896e-05 3.29773365115331e-08 1.8231832373815455e-05
3451 1.8210399406186503e-05 3.3152520884993144e-08 1.83032896300167e-05
3452 1.828164345228839e-05 3.33286358843906e-08 1.8375027133668033e-05
3453 1.8353166224517717e-05 3.350568645345781e-08 1.8447045984824416e-05
3454 1.8424968813326995e-05 3.368367756218925e-08 1.851934728786382e-05
3455 1.8497052313434993e-05 3.386261420698162e-08 1.859193215150444e-05
3456 1.8569417823843274e-05 3.404250141077367e-08 1.866480168882164e-05
3457 1.8642066447853007e-05 3.4223344223187383e-08 1.8737957017265145e-05
3458 1.8714999293081765e-05 3.440514772066965e-08 1.8811399258676254e-05
3459 1.878821747148043e-05 3.458791700663481e-08 1.888512953930514e-05
3460 1.886172209935017e-05 3.477165721160798e-08 1.8959148989828212e-05
3461 1.8935514297359326e-05 3.495637349336872e-08 1.9033458745365417e-05
3462 1.9009595190560697e-05 3.514207103709635e-08 1.9108059945497938e-05
3463 1.9083965908408565e-05 3.5328755055515144e-08 1.918295373428562e-05
3464 1.915862758477595e-05 3.5516430789040793e-08 1.9258141260284626e-05
3465 1.923358135797188e-05 3.57051035059274e-08 1.9333623676565134e-05
3466 1.9308828370758776e-05 3.58947785024155e-08 1.9409402140729133e-05
3467 1.9384369770369837e-05 3.608546110288063e-08 1.9485477814928215e-05
3468 1.94602067085266e-05 3.627715665998292e-08 1.9561851865881567e-05
3469 1.953634034145634e-05 3.6469870554816976e-08 1.963852546489378e-05
3470 1.9612771829909912e-05 3.6663608197063496e-08 1.971549978787312e-05
3471 1.968950233917931e-05 3.6858375025140734e-08 1.9792776015349513e-05
3472 1.9766533039115478e-05 3.705417650635728e-08 1.9870355332492787e-05
3473 1.9843865104146122e-05 3.72510181370655e-08 1.9948238929130908e-05
3474 1.9921499713293637e-05 3.744890544281588e-08 2.0026427999768342e-05
3475 1.999943805019311e-05 3.764784397851214e-08 2.010492374360448e-05
3476 2.007768130311022e-05 3.784783932856689e-08 2.0183727364552e-05
3477 2.015623066495957e-05 3.804889710705887e-08 2.0262840071255635e-05
3478 2.023508733332275e-05 3.8251022957890234e-08 2.034226307711063e-05
3479 2.0314252510466593e-05 3.845422255494502e-08 2.0421997600281527e-05
3480 2.039372740336155e-05 3.8658501602248464e-08 2.0502044863720904e-05
3481 2.0473513223700055e-05 3.886386583412709e-08 2.0582406095188236e-05
3482 2.0553611187915014e-05 3.907032101536968e-08 2.0663082527268824e-05
3483 2.0634022517198402e-05 3.927787294138925e-08 2.0744075397392838e-05
3484 2.071474843751969e-05 3.948652743838522e-08 2.0825385947854213e-05
3485 2.0795790179644813e-05 3.969629036350765e-08 2.0907015425830052e-05
3486 2.0877148979154747e-05 3.9907167605021286e-08 2.0988965083399707e-05
3487 2.0958826076464406e-05 4.011916508247085e-08 2.1071236177564087e-05
3488 2.104082271684154e-05 4.033228874684729e-08 2.1153829970265053e-05
3489 2.112314015042573e-05 4.054654458075477e-08 2.1236747728404883e-05
3490 2.1205779632247478e-05 4.076193859857876e-08 2.1319990723865814e-05
3491 2.1288742422247188e-05 4.097847684665442e-08 2.1403560233529504e-05
3492 2.1372029785294617e-05 4.119616540343696e-08 2.1487457539296976e-05
3493 2.1455642991208e-05 4.141501037967188e-08 2.157168392810819e-05
3494 2.1539583314773445e-05 4.1635017918566565e-08 2.1656240691961934e-05
3495 2.1623852035764364e-05 4.185619419596273e-08 2.1741129127935748e-05
3496 2.1708450438961002e-05 4.2078545420509844e-08 2.182635053820593e-05
3497 2.1793379814170007e-05 4.230207783383934e-08 2.191190623006758e-05
3498 2.1878641456244153e-05 4.252679771074e-08 2.1997797515954843e-05
3499 2.1964236665101885e-05 4.275271135933355e-08 2.2084025713460916e-05
3500 2.2050166745747436e-05 4.297982512125255e-08 2.2170592145358693e-05
3501 2.213643300829051e-05 4.3208145371817826e-08 2.2257498139620916e-05
3502 2.2223036767966324e-05 4.3437678520217644e-08 2.234474502944075e-05
3503 2.2309979345155654e-05 4.366843100968755e-08 2.2432334153252297e-05
3504 2.2397262065404966e-05 4.390040931769128e-08 2.252026685475127e-05
3505 2.248488625944667e-05 4.4133619956102724e-08 2.2608544482915732e-05
3506 2.2572853263219222e-05 4.436806947138815e-08 2.2697168392026715e-05
3507 2.2661164417887778e-05 4.460376444479082e-08 2.2786139941689393e-05
3508 2.2749821069864447e-05 4.484071149251517e-08 2.287546049685386e-05
3509 2.2838824570828874e-05 4.5078917265912646e-08 2.296513142783621e-05
3510 2.2928176277748835e-05 4.531838845166848e-08 2.3055154110339682e-05
3511 2.3017877552900945e-05 4.555913177198934e-08 2.3145529925475882e-05
3512 2.3107929763891404e-05 4.5801153984792e-08 2.3236260259786042e-05
3513 2.319833428367692e-05 4.6044461883893277e-08 2.332734650526251e-05
3514 2.328909249058543e-05 4.6289062299200126e-08 2.341879005936998e-05
3515 2.3380205768337407e-05 4.6534962096902165e-08 2.3510592325067325e-05
3516 2.3471675506066783e-05 4.678216817966394e-08 2.36027547108291e-05
3517 2.3563503098342142e-05 4.7030687486818735e-08 2.3695278630667234e-05
3518 2.365568994518801e-05 4.728052699456345e-08 2.3788165504152897e-05
3519 2.3748237452106196e-05 4.75316937161544e-08 2.388141675643839e-05
3520 2.3841147030097245e-05 4.7784194702104295e-08 2.3975033818279116e-05
3521 2.3934420095681798e-05 4.8038037040379654e-08 2.4069018126055533e-05
3522 2.4028058070922438e-05 4.8293227856600546e-08 2.416337112179553e-05
3523 2.412206238344521e-05 4.8549774314240107e-08 2.4258094253196526e-05
3524 2.4216434466461407e-05 4.880768361482575e-08 2.435318897364782e-05
3525 2.4311175758789448e-05 4.906696299814129e-08 2.4448656742253015e-05
3526 2.4406287704876795e-05 4.932761974243021e-08 2.454449902385252e-05
3527 2.4501771754821983e-05 4.9589661164599966e-08 2.464071728904615e-05
3528 2.459762936439678e-05 4.9853094620427507e-08 2.4737313014215873e-05
3529 2.469386199506818e-05 5.0117927504765196e-08 2.4834287681548345e-05
3530 2.479047111402098e-05 5.0384167251749236e-08 2.4931642779058118e-05
3531 2.488745819417996e-05 5.065182133500781e-08 2.5029379800610372e-05
3532 2.498482471423237e-05 5.092089726787097e-08 2.5127500245943988e-05
3533 2.508257215865051e-05 5.119140260358162e-08 2.5226005620694745e-05
3534 2.518070201771432e-05 5.146334493550745e-08 2.5324897436418477e-05
3535 2.5279215787534136e-05 5.173673189735417e-08 2.5424177210614437e-05
3536 2.537811497007352e-05 5.201157116337989e-08 2.552384646674874e-05
3537 2.547740107317199e-05 5.228787044860999e-08 2.5623906734277666e-05
3538 2.557707561056828e-05 5.256563750905455e-08 2.572435954867156e-05
3539 2.5677140101923242e-05 5.2844880141925495e-08 2.582520645143832e-05
3540 2.5777596072843052e-05 5.3125606185855594e-08 2.5926448990147232e-05
3541 2.5878445054902476e-05 5.340782352111853e-08 2.602808871845284e-05
3542 2.5979688585668214e-05 5.36915400698501e-08 2.6130127196118918e-05
3543 2.6081328208722403e-05 5.3976763796270734e-08 2.6232565989042596e-05
3544 2.6183365473685925e-05 5.426350270690844e-08 2.6335406669278287e-05
3545 2.6285801936242377e-05 5.4551764850824547e-08 2.64386508150623e-05
3546 2.6388639158161546e-05 5.484155831983891e-08 2.654230001083693e-05
3547 2.64918787073233e-05 5.5132891248757334e-08 2.6646355847275002e-05
3548 2.6595522157741465e-05 5.5425771815599845e-08 2.6750819921304384e-05
3549 2.6699571089587858e-05 5.5720208241830314e-08 2.6855693836132648e-05
3550 2.6804027089216344e-05 5.6016208792587175e-08 2.6960979201271804e-05
3551 2.6908891749187097e-05 5.631378177691565e-08 2.7066677632563175e-05
3552 2.7014166668290655e-05 5.661293554800037e-08 2.7172790752202135e-05
3553 2.7119853451572626e-05 5.6913678503400706e-08 2.7279320188763453e-05
3554 2.7225953710357935e-05 5.721601908528601e-08 2.7386267577226223e-05
3555 2.7332469062275456e-05 5.751996578067266e-08 2.7493634558999133e-05
3556 2.7439401131282666e-05 5.782552712166229e-08 2.7601422781945787e-05
3557 2.7546751547690397e-05 5.813271168568134e-08 2.7709633900410172e-05
3558 2.7654521948187775e-05 5.844152809572202e-08 2.7818269575242215e-05
3559 2.7762713975866916e-05 5.8751985020583616e-08 2.7927331473823178e-05
3560 2.7871329280248333e-05 5.906409117511689e-08 2.803682127009177e-05
3561 2.7980369517305863e-05 5.937785532046809e-08 2.8146740644569734e-05
3562 2.808983634949196e-05 5.969328626432493e-08 2.825709128438782e-05
3563 2.8199731445763037e-05 6.001039286116393e-08 2.836787488331185e-05
3564 2.831005648160493e-05 6.032918401249893e-08 2.8479093141768854e-05
3565 2.8420813139058435e-05 6.064966866713104e-08 2.8590747766873333e-05
3566 2.8532003106744998e-05 6.097185582139987e-08 2.8702840472453618e-05
3567 2.8643628079892237e-05 6.129575451943548e-08 2.881537297907812e-05
3568 2.875568976036015e-05 6.16213738534133e-08 2.8928347014082256e-05
3569 2.8868189856666808e-05 6.194872296380862e-08 2.9041764311594844e-05
3570 2.8981130084014465e-05 6.227781103965334e-08 2.915562661256493e-05
3571 2.909451216431573e-05 6.260864731879398e-08 2.926993566478869e-05
3572 2.9208337826219787e-05 6.294124108815095e-08 2.9384693222936396e-05
3573 2.9322608805138835e-05 6.32756016839794e-08 2.9499901048579536e-05
3574 2.9437326843274294e-05 6.361173849213059e-08 2.96155609102178e-05
3575 2.9552493689643742e-05 6.394966094831655e-08 2.973167458330674e-05
3576 2.9668111100107315e-05 6.428937853837404e-08 2.9848243850284904e-05
3577 2.9784180837394567e-05 6.463090079853117e-08 2.9965270500601453e-05
3578 2.9900704671131313e-05 6.497423731567496e-08 3.0082756330743756e-05
3579 3.0017684377866648e-05 6.53193977276206e-08 3.0200703144265153e-05
3580 3.0135121741099994e-05 6.566639172338186e-08 3.0319112751812765e-05
3581 3.0253018551308378e-05 6.601522904344334e-08 3.0437986971155536e-05
3582 3.0371376605973472e-05 6.636591948003309e-08 3.055732762721202e-05
3583 3.049019770960938e-05 6.671847287739869e-08 3.0677136552079e-05
3584 3.060948367378988e-05 6.707289913208272e-08 3.07974155850594e-05
3585 3.0729236317176145e-05 6.74292081932009e-08 3.091816657269088e-05
3586 3.084945746554442e-05 6.778741006272124e-08 3.1039391368774254e-05
3587 3.097014895181389e-05 6.81475147957449e-08 3.116109183440216e-05
3588 3.109131261607471e-05 6.850953250078857e-08 3.1283269837987836e-05
3589 3.121295030561573e-05 6.88734733400675e-08 3.140592725529372e-05
3590 3.1335063874953135e-05 6.92393475297819e-08 3.152906596946081e-05
3591 3.1457655185858394e-05 6.960716534040299e-08 3.165268787103746e-05
3592 3.158072610738674e-05 6.997693709696144e-08 3.177679485800868e-05
3593 3.170427851590565e-05 7.034867317933717e-08 3.190138883582536e-05
3594 3.1828314295123484e-05 7.072238402255091e-08 3.202647171743382e-05
3595 3.1952835336118156e-05 7.109808011705685e-08 3.215204542330522e-05
3596 3.2077843537366075e-05 7.147577200903753e-08 3.227811188146539e-05
3597 3.220334080477081e-05 7.185547030069904e-08 3.240467302752426e-05
3598 3.232932905169253e-05 7.223718565056977e-08 3.25317308047062e-05
3599 3.2455810198976946e-05 7.262092877379885e-08 3.265928716387974e-05
3600 3.258278617498462e-05 7.300671044245712e-08 3.278734406358777e-05
3601 3.271025891562038e-05 7.339454148583951e-08 3.291590347007778e-05
3602 3.283823036436287e-05 7.378443279076911e-08 3.304496735733226e-05
3603 3.296670247229421e-05 7.417639530190285e-08 3.317453770709923e-05
3604 3.3095677198129456e-05 7.457044002203794e-08 3.3304616508922525e-05
3605 3.3225156508246936e-05 7.496657801242211e-08 3.3435205760173054e-05
3606 3.335514237671788e-05 7.536482039306301e-08 3.356630746607924e-05
3607 3.348563678533665e-05 7.576517834304088e-08 3.369792363975819e-05
3608 3.361664172365091e-05 7.616766310082207e-08 3.383005630224668e-05
3609 3.3748159188991995e-05 7.65722859645748e-08 3.396270748253243e-05
3610 3.388019118650532e-05 7.697905829248598e-08 3.409587921758544e-05
3611 3.401273972918107e-05 7.73879915030806e-08 3.42295735523895e-05
3612 3.4145806837884575e-05 7.779909707554115e-08 3.436379253997353e-05
3613 3.427939454138755e-05 7.821238655003131e-08 3.44985382414437e-05
3614 3.441350487639875e-05 7.862787152801884e-08 3.463381272601496e-05
3615 3.454813988759508e-05 7.904556367260169e-08 3.476961807104313e-05
3616 3.4683301627652806e-05 7.946547470883526e-08 3.490595636205696e-05
3617 3.481899215727879e-05 7.988761642406152e-08 3.504282969279033e-05
3618 3.495521354524203e-05 8.031200066824019e-08 3.5180240165214707e-05
3619 3.5091967868404895e-05 8.073863935428044e-08 3.5318189889571294e-05
3620 3.522925721175523e-05 8.116754445837671e-08 3.545668098440411e-05
3621 3.536708366843782e-05 8.159872802034382e-08 3.559571557659236e-05
3622 3.550544933978644e-05 8.203220214395539e-08 3.573529580138343e-05
3623 3.564435633535583e-05 8.246797899728343e-08 3.587542380242585e-05
3624 3.578380677295389e-05 8.290607081304008e-08 3.601610173180245e-05
3625 3.592380277867396e-05 8.334648988892078e-08 3.615733175006351e-05
3626 3.6064346486927324e-05 8.378924858794989e-08 3.629911602626035e-05
3627 3.620544004047542e-05 8.423435933882676e-08 3.644145673797846e-05
3628 3.6347085590463004e-05 8.468183463627597e-08 3.6584356071371614e-05
3629 3.648928529645058e-05 8.513168704139712e-08 3.6727816221195344e-05
3630 3.663204132644749e-05 8.558392918201777e-08 3.6871839390840946e-05
3631 3.677535585694488e-05 8.603857375304785e-08 3.701642779236953e-05
3632 3.691923107294895e-05 8.649563351683599e-08 3.716158364654616e-05
3633 3.706366916801431e-05 8.695512130352809e-08 3.730730918287431e-05
3634 3.7208672344277095e-05 8.74170500114264e-08 3.745360663962995e-05
3635 3.735424281248908e-05 8.78814326073532e-08 3.760047826389665e-05
3636 3.750038279205097e-05 8.834828212701364e-08 3.774792631159993e-05
3637 3.7647094511046417e-05 8.881761167536208e-08 3.7895953047542275e-05
3638 3.779438020627592e-05 8.928943442696981e-08 3.804456074543809e-05
3639 3.794224212329095e-05 8.9763763626395e-08 3.819375168794885e-05
3640 3.8090682516428204e-05 9.024061258855437e-08 3.834352816671837e-05
3641 3.8239703648844016e-05 9.071999469909736e-08 3.8493892482408336e-05
3642 3.8389307792548584e-05 9.120192341478066e-08 3.8644846944733474e-05
3643 3.853949722844106e-05 9.168641226384772e-08 3.879639387249782e-05
3644 3.869027424634402e-05 9.217347484640723e-08 3.8948535593630136e-05
3645 3.884164114503844e-05 9.266312483481533e-08 3.910127444522007e-05
3646 3.8993600232298764e-05 9.315537597405941e-08 3.925461277355421e-05
3647 3.914615382492808e-05 9.365024208214376e-08 3.9408552934152376e-05
3648 3.929930424879342e-05 9.414773705047765e-08 3.956309729180403e-05
3649 3.945305383886136e-05 9.464787484426549e-08 3.971824822060491e-05
3650 3.960740493923323e-05 9.515066950289776e-08 3.98740081039934e-05
3651 3.9762359903181364e-05 9.565613514034664e-08 4.003037933478785e-05
3652 3.991792109318468e-05 9.616428594556133e-08 4.0187364315223266e-05
3653 4.0074090880964744e-05 9.667513618286638e-08 4.034496545698848e-05
3654 4.023087164752194e-05 9.718870019236233e-08 4.050318518126353e-05
3655 4.0388265783171784e-05 9.770499239032807e-08 4.0662025918756925e-05
3656 4.0546275687581434e-05 9.822402726962586e-08 4.082149010974348e-05
3657 4.070490376980595e-05 9.874581940010716e-08 4.09815802041016e-05
3658 4.086415244832553e-05 9.92703834290231e-08 4.114229866135168e-05
3659 4.102402415108203e-05 9.979773408143463e-08 4.1303647950693806e-05
3660 4.118452131551609e-05 1.0032788616062617e-07 4.146563055104603e-05
3661 4.1345646388604274e-05 1.008608545485211e-07 4.1628248951082644e-05
3662 4.1507401826896377e-05 1.0139665420609947e-07 4.179150564927269e-05
3663 4.166979009655291e-05 1.019353001738182e-07 4.1955403153918636e-05
3664 4.1832813673382736e-05 1.0247680757203318e-07 4.211994398319513e-05
3665 4.199647504288052e-05 1.0302119160142301e-07 4.22851306651877e-05
3666 4.216077670026511e-05 1.0356846754341701e-07 4.2450965737932313e-05
3667 4.232572115051723e-05 1.0411865076062331e-07 4.261745174945428e-05
3668 4.24913109084178e-05 1.0467175669726032e-07 4.2784591257807744e-05
3669 4.265754849858622e-05 1.0522780087959014e-07 4.295238683111522e-05
3670 4.282443645551891e-05 1.0578679891635464e-07 4.312084104760735e-05
3671 4.2991977323628014e-05 1.0634876649921368e-07 4.3289956495662824e-05
3672 4.3160173657279834e-05 1.0691371940318448e-07 4.345973577384804e-05
3673 4.332902802083432e-05 1.074816734870863e-07 4.3630181490957876e-05
3674 4.349854298868382e-05 1.080526446939843e-07 4.3801296266055616e-05
3675 4.3668721145292397e-05 1.0862664905163752e-07 4.39730827285136e-05
3676 4.3839565085235235e-05 1.0920370267294864e-07 4.414554351805384e-05
3677 4.4011077413238217e-05 1.0978382175641634e-07 4.431868128478886e-05
3678 4.418326074421761e-05 1.1036702258659014e-07 4.449249868926272e-05
3679 4.435611770332006e-05 1.1095332153452765e-07 4.46669984024922e-05
3680 4.45296509259622e-05 1.1154273505825292e-07 4.484218310600777e-05
3681 4.470386305787142e-05 1.1213527970322041e-07 4.50180554918956e-05
3682 4.487875675512583e-05 1.1273097210277806e-07 4.5194618262838876e-05
3683 4.505433468419483e-05 1.1332982897863458e-07 4.5371874132159644e-05
3684 4.5230599521979775e-05 1.1393186714132891e-07 4.55498258238608e-05
3685 4.540755395585481e-05 1.1453710349070197e-07 4.572847607266823e-05
3686 4.558520068370788e-05 1.1514555501637142e-07 4.590782762407319e-05
3687 4.5763542413981544e-05 1.1575723879820739e-07 4.608788323437442e-05
3688 4.5942581865714805e-05 1.1637217200681374e-07 4.6268645670721314e-05
3689 4.612232176858419e-05 1.1699037190400884e-07 4.645011771115639e-05
3690 4.6302764862945466e-05 1.1761185584331041e-07 4.663230214465833e-05
3691 4.648391389987542e-05 1.1823664127042269e-07 4.6815201771185126e-05
3692 4.6665771641213804e-05 1.1886474572372609e-07 4.699881940171741e-05
3693 4.684834085960543e-05 1.1949618683476962e-07 4.718315785830192e-05
3694 4.703162433854255e-05 1.20130982328766e-07 4.73682199740953e-05
3695 4.721562487240692e-05 1.207691500250881e-07 4.755400859340747e-05
3696 4.740034526651296e-05 1.2141070783777104e-07 4.774052657174631e-05
3697 4.758578833715014e-05 1.2205567377601352e-07 4.792777677586132e-05
3698 4.777195691162605e-05 1.2270406594468418e-07 4.811576208378826e-05
3699 4.795885382830944e-05 1.2335590254482932e-07 4.830448538489347e-05
3700 4.814648193667355e-05 1.2401120187418408e-07 4.8493949579918696e-05
3701 4.833484409733964e-05 1.2466998232768643e-07 4.8684157581026105e-05
3702 4.8523943182120204e-05 1.2533226239799203e-07 4.887511231184282e-05
3703 4.871378207406333e-05 1.2599806067599557e-07 4.906681670750689e-05
3704 4.89043636674963e-05 1.2666739585135108e-07 4.925927371471222e-05
3705 4.909569086806978e-05 1.2734028671299706e-07 4.94524862917543e-05
3706 4.928776659280213e-05 1.2801675214968375e-07 4.964645740857599e-05
3707 4.9480593770123876e-05 1.2869681115050357e-07 4.984119004681347e-05
3708 4.967417533992238e-05 1.2938048280542395e-07 5.003668719984235e-05
3709 4.9868514253586754e-05 1.3006778630582375e-07 5.0232951872824177e-05
3710 5.00636134740524e-05 1.3075874094503031e-07 5.042998708275244e-05
3711 5.025947597584688e-05 1.3145336611886348e-07 5.0627795858499926e-05
3712 5.04561047451348e-05 1.3215168132617845e-07 5.082638124086522e-05
3713 5.065350277976345e-05 1.328537061694135e-07 5.102574628261979e-05
3714 5.085167308930854e-05 1.3355946035514025e-07 5.122589404855525e-05
3715 5.105061869512001e-05 1.3426896369461685e-07 5.1426827615530854e-05
3716 5.125034263036831e-05 1.3498223610434455e-07 5.162855007252117e-05
3717 5.1450847940090136e-05 1.3569929760662525e-07 5.18310645206635e-05
3718 5.16521376812355e-05 1.364201683301256e-07 5.203437407330649e-05
3719 5.1854214922713946e-05 1.3714486851044093e-07 5.2238481856057886e-05
3720 5.205708274544143e-05 1.3787341849066322e-07 5.2443391006833064e-05
3721 5.226074424238729e-05 1.386058387219525e-07 5.2649104675903576e-05
3722 5.24652025186214e-05 1.3934214976411071e-07 5.285562602594593e-05
3723 5.267046069136151e-05 1.4008237228615896e-07 5.3062958232090485e-05
3724 5.28765218900209e-05 1.408265270669181e-07 5.3271104481970824e-05
3725 5.308338925625562e-05 1.415746349955904e-07 5.3480067975772576e-05
3726 5.329106594401307e-05 1.4232671707234824e-07 5.3689851926283615e-05
3727 5.349955511957965e-05 1.4308279440892223e-07 5.3900459558943426e-05
3728 5.3708859961629124e-05 1.43842888229194e-07 5.411189411189308e-05
3729 5.391898366127111e-05 1.4460701986979215e-07 5.43241588360254e-05
3730 5.41299294220997e-05 1.4537521078069103e-07 5.453725699503526e-05
3731 5.4341700460242435e-05 1.4614748252581343e-07 5.4751191865470294e-05
3732 5.4554300004408895e-05 1.469238567836342e-07 5.4965966736781115e-05
3733 5.476773129594058e-05 1.477043553477912e-07 5.518158491137292e-05
3734 5.49819975888599e-05 1.484890001276955e-07 5.539804970465622e-05
3735 5.519710214991987e-05 1.492778131491468e-07 5.5615364445098234e-05
3736 5.5413048258653956e-05 1.5007081655495168e-07 5.583353247427448e-05
3737 5.562983920742603e-05 1.5086803260554513e-07 5.605255714692045e-05
3738 5.5847478301480605e-05 1.5166948367961563e-07 5.6272441830983623e-05
3739 5.6065968858993324e-05 1.5247519227473347e-07 5.6493189907675715e-05
3740 5.628531421112108e-05 1.5328518100798083e-07 5.671480477152453e-05
3741 5.650551770205352e-05 1.5409947261658908e-07 5.69372898304273e-05
3742 5.672658268906355e-05 1.5491808995857542e-07 5.716064850570291e-05
3743 5.6948512542558645e-05 1.5574105601338488e-07 5.7384884232145076e-05
3744 5.717131064613223e-05 1.5656839388253535e-07 5.7610000458075485e-05
3745 5.739498039661528e-05 1.5740012679026626e-07 5.783600064539723e-05
3746 5.761952520412819e-05 1.5823627808419062e-07 5.806288826964852e-05
3747 5.784494849213236e-05 1.5907687123594907e-07 5.829066682005605e-05
3748 5.807125369748303e-05 1.5992192984187097e-07 5.851933979958974e-05
3749 5.8298444270481247e-05 1.6077147762363533e-07 5.874891072501655e-05
3750 5.8526523674926565e-05 1.6162553842893691e-07 5.8979383126955006e-05
3751 5.875549538816989e-05 1.624841362321559e-07 5.9210760549929964e-05
3752 5.898536290116644e-05 1.6334729513503066e-07 5.944304655242741e-05
3753 5.9216129718529026e-05 1.6421503936733442e-07 5.967624470694972e-05
3754 5.9447799358581574e-05 1.6508739328755585e-07 5.991035860007098e-05
3755 5.968037535341229e-05 1.659643813835811e-07 6.014539183249213e-05
3756 5.9913861248928234e-05 1.6684602827338368e-07 6.0381348019097464e-05
3757 6.014826060490889e-05 1.6773235870571398e-07 6.061823078901011e-05
3758 6.0383576995060584e-05 1.686233975607943e-07 6.085604378564845e-05
3759 6.061981400707096e-05 1.6951916985101737e-07 6.109479066678245e-05
3760 6.0856975242663645e-05 1.7041970072164818e-07 6.13344751045904e-05
3761 6.109506431765335e-05 1.7132501545153075e-07 6.157510078571596e-05
3762 6.133408486200044e-05 1.7223513945379553e-07 6.181667141132464e-05
3763 6.157404051986706e-05 1.7315009827657566e-07 6.205919069716206e-05
3764 6.181493494967218e-05 1.740699176037223e-07 6.230266237361092e-05
3765 6.205677182414751e-05 1.7499462325552607e-07 6.254709018574892e-05
3766 6.229955483039348e-05 1.7592424118944179e-07 6.279247789340679e-05
3767 6.254328766993548e-05 1.7685879750081732e-07 6.303882927122668e-05
3768 6.278797405878023e-05 1.7779831842362564e-07 6.328614810872039e-05
3769 6.303361772747267e-05 1.787428303312024e-07 6.353443821032842e-05
3770 6.32802224211522e-05 1.796923597369837e-07 6.378370339547835e-05
3771 6.352779189961068e-05 1.8064693329525362e-07 6.403394749864477e-05
3772 6.377632993734914e-05 1.816065778018905e-07 6.428517436940827e-05
3773 6.402584032363545e-05 1.8257132019511928e-07 6.453738787251507e-05
3774 6.427632686256218e-05 1.8354118755626804e-07 6.479059188793703e-05
3775 6.452779337310453e-05 1.84516207110528e-07 6.504479031093178e-05
3776 6.478024368917873e-05 1.854964062277185e-07 6.529998705210316e-05
3777 6.503368165969986e-05 1.8648181242305293e-07 6.555618603746134e-05
3778 6.52881111486415e-05 1.8747245335791436e-07 6.581339120848439e-05
3779 6.554353603509395e-05 1.8846835684063008e-07 6.607160652217897e-05
3780 6.579996021332359e-05 1.8946955082725248e-07 6.633083595114165e-05
3781 6.605738759283223e-05 1.9047606342234392e-07 6.659108348362057e-05
3782 6.631582209841672e-05 1.914879228797658e-07 6.685235312357722e-05
3783 6.657526767022879e-05 1.9250515760347146e-07 6.71146488907485e-05
3784 6.683572826383523e-05 1.9352779614830402e-07 6.73779748207092e-05
3785 6.709720785027769e-05 1.9455586722079606e-07 6.764233496493392e-05
3786 6.735971041613406e-05 1.955893996799785e-07 6.790773339086086e-05
3787 6.76232399635786e-05 1.966284225381884e-07 6.817417418195407e-05
3788 6.788780051044323e-05 1.976729649618842e-07 6.844166143776712e-05
3789 6.815339609027871e-05 1.9872305627246426e-07 6.871019927400658e-05
3790 6.842003075241613e-05 1.9977872594709013e-07 6.897979182259575e-05
3791 6.868770856202867e-05 2.008400036195136e-07 6.925044323173875e-05
3792 6.895643360019375e-05 2.0190691908090968e-07 6.952215766598507e-05
3793 6.92262099639546e-05 2.0297950228071014e-07 6.979493930629342e-05
3794 6.949704176638369e-05 2.0405778332744787e-07 7.006879235009751e-05
3795 6.976893313664474e-05 2.0514179248959967e-07 7.034372101137047e-05
3796 7.004188822005591e-05 2.0623156019643648e-07 7.061972952069041e-05
3797 7.031591117815301e-05 2.073271170388778e-07 7.089682212530598e-05
3798 7.059100618875287e-05 2.0842849377035006e-07 7.117500308920219e-05
3799 7.086717744601723e-05 2.0953572130765068e-07 7.145427669316675e-05
3800 7.114442916051612e-05 2.106488307318136e-07 7.173464723485579e-05
3801 7.142276555929286e-05 2.1176785328898513e-07 7.201611902886136e-05
3802 7.170219088592803e-05 2.1289282039129908e-07 7.229869640677788e-05
3803 7.198270940060421e-05 2.140237636177585e-07 7.258238371726931e-05
3804 7.226432538017098e-05 2.1516071471512268e-07 7.286718532613662e-05
3805 7.254704311821013e-05 2.1630370559879823e-07 7.315310561638556e-05
3806 7.283086692510113e-05 2.174527683537348e-07 7.34401489882946e-05
3807 7.311580112808693e-05 2.1860793523532626e-07 7.372831985948323e-05
3808 7.340185007133945e-05 2.1976923867031414e-07 7.401762266498005e-05
3809 7.368901811602657e-05 2.2093671125770106e-07 7.430806185729225e-05
3810 7.397730964037818e-05 2.221103857696638e-07 7.459964190647423e-05
3811 7.426672903975292e-05 2.2329029515247336e-07 7.489236730019699e-05
3812 7.455728072670532e-05 2.2447647252742036e-07 7.518624254381777e-05
3813 7.484896913105301e-05 2.2566895119174437e-07 7.548127216044993e-05
3814 7.514179869994444e-05 2.2686776461956948e-07 7.577746069103322e-05
3815 7.543577389792603e-05 2.2807294646284117e-07 7.607481269440365e-05
3816 7.573089920701121e-05 2.29284530552275e-07 7.637333274736508e-05
3817 7.60271791267481e-05 2.3050255089830358e-07 7.667302544475964e-05
3818 7.632461817428828e-05 2.3172704169203215e-07 7.697389539953919e-05
3819 7.662322088445567e-05 2.3295803730619798e-07 7.727594724283678e-05
3820 7.692299180981564e-05 2.3419557229613553e-07 7.757918562403854e-05
3821 7.722393552074445e-05 2.354396814007464e-07 7.788361521085586e-05
3822 7.752605660549907e-05 2.3669039954347508e-07 7.818924068939789e-05
3823 7.78293596702865e-05 2.3794776183328673e-07 7.849606676424364e-05
3824 7.813384933933498e-05 2.3921180356565666e-07 7.88040981585159e-05
3825 7.843953025496378e-05 2.404825602235584e-07 7.911333961395392e-05
3826 7.874640707765427e-05 2.4176006747846053e-07 7.942379589098708e-05
3827 7.90544844861208e-05 2.4304436119132783e-07 7.97354717688088e-05
3828 7.936376717738217e-05 2.443354774136282e-07 8.004837204545066e-05
3829 7.96742598668334e-05 2.456334523883451e-07 8.03625015378571e-05
3830 7.998596728831686e-05 2.469383225509924e-07 8.067786508195935e-05
3831 8.029889419419553e-05 2.482501245306411e-07 8.099446753275159e-05
3832 8.061304535542477e-05 2.4956889515094476e-07 8.131231376436555e-05
3833 8.092842556162521e-05 2.5089467143117423e-07 8.163140867014635e-05
3834 8.124503962115577e-05 2.5222749058725623e-07 8.195175716272842e-05
3835 8.1562892361187e-05 2.5356739003281863e-07 8.227336417411173e-05
3836 8.188198862777461e-05 2.549144073802403e-07 8.259623465573836e-05
3837 8.220233328593365e-05 2.5626858044170787e-07 8.292037357856949e-05
3838 8.252393121971188e-05 2.5762994723027414e-07 8.324578593316183e-05
3839 8.284678733226527e-05 2.589985459609295e-07 8.357247672974621e-05
3840 8.317090654593216e-05 2.6037441505167184e-07 8.390045099830449e-05
3841 8.349629380230837e-05 2.617575931245856e-07 8.422971378864796e-05
3842 8.382295406232263e-05 2.6314811900692617e-07 8.456027017049563e-05
3843 8.415089230631214e-05 2.6454603173220934e-07 8.489212523355291e-05
3844 8.448011353409874e-05 2.659513705413083e-07 8.522528408759082e-05
3845 8.481062276506438e-05 2.6736417488355175e-07 8.555975186252466e-05
3846 8.514242503822877e-05 2.687844844178362e-07 8.589553370849453e-05
3847 8.54755254123254e-05 2.702123390137357e-07 8.623263479594476e-05
3848 8.580992896587898e-05 2.7164777875262246e-07 8.657106031570425e-05
3849 8.614564079728273e-05 2.7309084392879117e-07 8.691081547906701e-05
3850 8.648266602487622e-05 2.745415750505908e-07 8.725190551787316e-05
3851 8.682100978702331e-05 2.7600001284156125e-07 8.759433568459007e-05
3852 8.716067724219077e-05 2.774661982415777e-07 8.793811125239418e-05
3853 8.750167356902612e-05 2.7894017240799626e-07 8.828323751525201e-05
3854 8.784400396643773e-05 2.804219767168142e-07 8.862971978800351e-05
3855 8.818767365367332e-05 2.8191165276382856e-07 8.897756340644396e-05
3856 8.853268787039972e-05 2.83409242365804e-07 8.932677372740679e-05
3857 8.887905187678279e-05 2.849147875616471e-07 8.967735612884687e-05
3858 8.922677095356759e-05 2.864283306135862e-07 9.002931600992401e-05
3859 8.957585040215905e-05 2.8794991400835867e-07 9.038265879108697e-05
3860 8.992629554470211e-05 2.894795804584004e-07 9.07373899141569e-05
3861 9.027811172416394e-05 2.9101737290304926e-07 9.109351484241294e-05
3862 9.063130430441468e-05 2.9256333450974786e-07 9.14510390606763e-05
3863 9.098587867030939e-05 2.941175086752553e-07 9.180996807539562e-05
3864 9.134184022777012e-05 2.9567993902686614e-07 9.217030741473254e-05
3865 9.169919440386841e-05 2.9725066942363456e-07 9.25320626286475e-05
3866 9.205794664690793e-05 2.988297439576057e-07 9.28952392889859e-05
3867 9.241810242650784e-05 3.004172069550541e-07 9.325984298956492e-05
3868 9.277966723368534e-05 3.0201310297772507e-07 9.362587934625956e-05
3869 9.314264658094056e-05 3.0361747682408997e-07 9.399335399709105e-05
3870 9.350704600233985e-05 3.0523037353060067e-07 9.436227260231355e-05
3871 9.387287105360031e-05 3.068518383729548e-07 9.473264084450245e-05
3872 9.424012731217459e-05 3.0848191686736654e-07 9.510446442864247e-05
3873 9.460882037733577e-05 3.101206547718441e-07 9.547774908221631e-05
3874 9.497895587026305e-05 3.1176809808747556e-07 9.585250055529386e-05
3875 9.535053943412664e-05 3.13424293059716e-07 9.622872462062071e-05
3876 9.572357673417492e-05 3.1508928617969164e-07 9.6606427073709e-05
3877 9.609807345782011e-05 3.167631241855008e-07 9.698561373292664e-05
3878 9.64740353147251e-05 3.1844585406352704e-07 9.736629043958794e-05
3879 9.685146803689056e-05 3.201375230497581e-07 9.774846305804431e-05
3880 9.723037737874231e-05 3.2183817863111195e-07 9.813213747577546e-05
3881 9.761076911721905e-05 3.2354786854676946e-07 9.851731960348072e-05
3882 9.799264905186062e-05 3.252666407895158e-07 9.890401537517116e-05
3883 9.837602300489567e-05 3.269945436070838e-07 9.929223074826106e-05
3884 9.876089682133156e-05 3.287316255035136e-07 9.968197170366145e-05
3885 9.914727636904277e-05 3.3047793524051115e-07 0.0001000732442458725
3886 9.953516753886043e-05 3.322335218388172e-07 0.00010046605440307682
3887 9.992457624466227e-05 3.33998434579584e-07 0.00010086040822723331
3888 0.00010031550842346268 3.35772723005758e-07 0.00010125631179417093
3889 0.0001007079700355035 3.375564369234722e-07 0.00010165377120368363
3890 0.00010110196706434403 3.3934962640344015e-07 0.0001020527925796241
3891 0.0001014975055169535 3.41152341782367e-07 0.00010245338207000025
3892 0.00010189459142380186 3.4296463366435904e-07 0.00010285554584706995
3893 0.00010229323083895187 3.447865529223449e-07 0.00010325929010743706
3894 0.00010269342984015144 3.4661815069950387e-07 0.00010366462107214787
3895 0.00010309519452892632 3.484594784107015e-07 0.0001040715449867877
3896 0.00010349853103067304 3.503105877439323e-07 0.00010448006812157792
3897 0.00010390344549475259 3.521715306617725e-07 0.00010489019677147378
3898 0.00010430994409458332 3.5404235940283446e-07 0.00010530193725626126
3899 0.00010471803302773626 3.559231264832386e-07 0.00010571529592065658
3900 0.00010512771851602887 3.5781388469808406e-07 0.00010613027913440406
3901 0.00010553900680562003 3.597146871229317e-07 0.00010654689329237528
3902 0.00010595190416710527 3.6162558711529365e-07 0.00010696514481466849
3903 0.00010636641689561245 3.6354663831613147e-07 0.00010738504014670843
3904 0.00010678255131089766 3.654778946513616e-07 0.00010780658575934647
3905 0.00010720031375744181 3.674194103333706e-07 0.00010822978814896154
3906 0.00010761971060454652 3.693712398625323e-07 0.00010865465383756012
3907 0.00010804074824643247 3.71333438028744e-07 0.000109081189372879
3908 0.00010846343310233608 3.733060599129607e-07 0.00010950940132848622
3909 0.00010888777161660757 3.7528916088874195e-07 0.00010993929630388344
3910 0.00010931377025880922 3.7728279662380645e-07 0.00011037088092460869
3911 0.00010974143552381401 3.792870230815945e-07 0.00011080416184233912
3912 0.00011017077393190482 3.813018965228402e-07 0.00011123914573499494
3913 0.00011060179202887301 3.833274735071463e-07 0.00011167583930684209
3914 0.00011103449638611953 3.8536381089457856e-07 0.00011211424928859808
3915 0.00011146889360075421 3.874109658472574e-07 0.0001125543824375356
3916 0.00011190499029569658 3.894689958309636e-07 0.00011299624553758783
3917 0.00011234279311977683 3.9153795861675124e-07 0.00011343984539945398
3918 0.0001127823087478372 3.936179122825699e-07 0.0001138851888607052
3919 0.00011322354388083369 3.957089152148945e-07 0.0001143322827858909
3920 0.00011366650524593857 3.978110261103657e-07 0.00011478113406664575
3921 0.00011411119959664187 3.9992430397743255e-07 0.00011523174962179584
3922 0.00011455763371285588 4.0204880813801665e-07 0.00011568413639746793
3923 0.00011500581440101745 4.0418459822917155e-07 0.00011613830136719619
3924 0.00011545574849419212 4.063317342047593e-07 0.00011659425153203124
3925 0.00011590744285217823 4.0849027633713253e-07 0.00011705199392064883
3926 0.00011636090436161152 4.106602852188266e-07 0.00011751153558945924
3927 0.00011681613993607035 4.1284182176426165e-07 0.00011797288362271727
3928 0.00011727315651618021 4.1503494721144815e-07 0.00011843604513263152
3929 0.00011773196106972088 4.1723972312371244e-07 0.00011890102725947638
3930 0.00011819256059173175 4.1945621139142027e-07 0.00011936783717170216
3931 0.00011865496210461876 4.2168447423371596e-07 0.000119836482066047
3932 0.00011911917265826138 4.2392457420026805e-07 0.00012030696916764858
3933 0.00011958519933012015 4.261765741730256e-07 0.00012077930573015672
3934 0.00012005304922534451 4.284405373679834e-07 0.00012125349903584608
3935 0.00012052272947688152 4.3071652733695747e-07 0.00012172955639572989
3936 0.00012099424724558346 4.3300460796936463e-07 0.00012220748514967254
3937 0.00012146760972031858 4.3530484349402247e-07 0.00012268729266650533
3938 0.0001219428241180797 4.376172984809482e-07 0.00012316898634414015
3939 0.00012241989768409448 4.39942037843172e-07 0.00012365257360968482
3940 0.00012289883769193587 4.4227912683855936e-07 0.00012413806191955868
3941 0.00012337965144363305 4.446286310716429e-07 0.00012462545875960857
3942 0.00012386234626978295 4.469906164954652e-07 0.00012511477164522564
3943 0.00012434692952966107 4.493651494134251e-07 0.00012560600812146113
3944 0.00012483340861133512 4.517522964811466e-07 0.00012609917576314564
3945 0.0001253217909317767 4.5415212470834465e-07 0.00012659428217500556
3946 0.0001258120839369747 4.5656470146070774e-07 0.00012709133499178203
3947 0.00012630429510204858 4.5899009446178863e-07 0.00012759034187834957
3948 0.0001267984319313627 4.6142837179490605e-07 0.00012809131052983548
3949 0.00012729450195864042 4.638796019050548e-07 0.00012859424867173953
3950 0.00012779251274707936 4.6634385360082946e-07 0.00012909916406005458
3951 0.00012829247188946564 4.6882119605634975e-07 0.00012960606448138602
3952 0.00012879438700829127 4.7131169881321126e-07 0.0001301149577530748
3953 0.00012929826575586918 4.738154317824309e-07 0.0001306258517233179
3954 0.0001298041158144503 4.763324652464124e-07 0.000131138754271291
3955 0.00013031194489634062 4.788628698609175e-07 0.0001316536733072707
3956 0.00013082176074401868 4.814067166570504e-07 0.00013217061677275806
3957 0.00013133357113025412 4.83964077043253e-07 0.00013268959264060233
3958 0.00013184738385822484 4.865350228073033e-07 0.00013321060891512406
3959 0.0001323632067616378 4.891196261183397e-07 0.00013373367363224124
3960 0.0001328810477048472 4.917179595288802e-07 0.00013425879485959337
3961 0.00013340091458297483 4.943300959768614e-07 0.00013478598069666743
3962 0.00013392281532203026 4.969561087876857e-07 0.00013531523927492382
3963 0.0001344467578790318 4.995960716762792e-07 0.0001358465787579231
3964 0.00013497275024212786 5.022500587491617e-07 0.00013638000734145312
3965 0.00013550080043071884 5.049181445065279e-07 0.0001369155332536568
3966 0.00013603091649557841 5.076004038443325e-07 0.00013745316475515914
3967 0.00013656310651897794 5.102969120564022e-07 0.0001379929101391977
3968 0.00013709737861480848 5.130077448365428e-07 0.0001385347777317504
3969 0.00013763374092870496 5.157329782806661e-07 0.00013907877589166572
3970 0.00013817220163817015 5.184726888889253e-07 0.0001396249130107926
3971 0.0001387127689526995 5.212269535678628e-07 0.00014017319751411138
3972 0.0001392554511139065 5.239958496325704e-07 0.000140723637859865
3973 0.0001398002563956472 5.267794548088539e-07 0.00014127624253969004
3974 0.00014034719310414813 5.295778472354234e-07 0.0001418310200787501
3975 0.00014089626957813176 5.323911054660817e-07 0.00014238797903586814
3976 0.00014144749418894387 5.352193084719295e-07 0.00014294712800365936
3977 0.00014200087534068127 5.380625356435837e-07 0.0001435084756086656
3978 0.00014255642147031986 5.409208667934047e-07 0.00014407203051148947
3979 0.00014311414104784329 5.437943821577375e-07 0.0001446378014069292
3980 0.00014367404257637243 5.466831623991657e-07 0.00014520579702411465
3981 0.00014423613459229372 5.49587288608769e-07 0.00014577602612664172
3982 0.00014480042566539125 5.525068423084094e-07 0.00014634849751271104
3983 0.00014536692439897603 5.554419054530127e-07 0.00014692322001526363
3984 0.0001459356394300177 5.583925604328718e-07 0.00014750020250211884
3985 0.00014650657942927593 5.613588900759577e-07 0.00014807945387611255
3986 0.0001470797531014329 5.643409776502465e-07 0.00014866098307523586
3987 0.0001476551691852261 5.673389068660568e-07 0.00014924479907277467
3988 0.0001482328364535805 5.703527618783947e-07 0.0001498309108774483
3989 0.00014881276371374398 5.733826272893241e-07 0.00015041932753355163
3990 0.0001493949598074205 5.764285881503361e-07 0.00015101005812109483
3991 0.00014997943361090522 5.794907299647382e-07 0.0001516031117559452
3992 0.0001505661940352197 5.82569138690054e-07 0.00015219849758996916
3993 0.00015115525002624793 5.856639007404362e-07 0.00015279622481117498
3994 0.00015174661056487255 5.887751029890924e-07 0.0001533963026438558
3995 0.00015234028466711228 5.91902832770726e-07 0.00015399874034873392
3996 0.00015293628138425794 5.950471778839797e-07 0.00015460354722310357
3997 0.0001535346098030124 5.982082265939116e-07 0.00015521073260097806
3998 0.00015413527904562798 6.013860676344652e-07 0.00015582030585323373
3999 0.00015473829827004562 6.045807902109625e-07 0.00015643227638775643
4000 0.00015534367667003465 6.077924840026077e-07 0.00015704665364958814
4001 0.000155951423475333 6.110212391650048e-07 0.00015766344712107419
4002 0.00015656154795178805 6.142671463326901e-07 0.00015828266632201144
4003 0.00015717405940149687 6.175302966216696e-07 0.0001589043208097953
4004 0.00015778896716294976 6.208107816319865e-07 0.0001595284201795707
4005 0.00015840628061117139 6.241086934502864e-07 0.00016015497406438048
4006 0.00015902600915786416 6.274241246524036e-07 0.00016078399213531564
4007 0.00015964816225155155 6.307571683059596e-07 0.0001614154841016664
4008 0.00016027274937772227 6.341079179729761e-07 0.00016204945971107337
4009 0.00016089978005897484 6.374764677125009e-07 0.0001626859287496796
4010 0.00016152926385516313 6.408629120832505e-07 0.00016332490104228355
4011 0.0001621612103635407 6.442673461462567e-07 0.00016396638645249079
4012 0.00016279562921890932 6.476898654675466e-07 0.00016461039488287004
4013 0.00016343253009376424 6.51130566120817e-07 0.0001652569362751059
4014 0.00016407192269844224 6.545895446901343e-07 0.00016590602061015465
4015 0.00016471381678126952 6.580668982726449e-07 0.00016655765790839946
4016 0.0001653582221287105 6.615627244813009e-07 0.00016721185822980697
4017 0.00016600514856551714 6.650771214476024e-07 0.00016786863167408435
4018 0.00016665460595487755 6.686101878243445e-07 0.00016852798838083545
4019 0.00016730660419856833 6.721620227883977e-07 0.00016918993852972113
4020 0.00016796115323710416 6.757327260434843e-07 0.00016985449234061637
4021 0.00016861826304988978 6.793223978229799e-07 0.00017052166007377047
4022 0.000169277943655372 6.829311388927255e-07 0.00017119145202996647
4023 0.00016994020511119261 6.865590505538578e-07 0.0001718638785506824
4024 0.0001706050575143416 6.902062346456517e-07 0.00017253895001825218
4025 0.00017127251100131148 6.938727935483815e-07 0.00017321667685602825
4026 0.00017194257574825041 6.975588301861868e-07 0.0001738970695285424
4027 0.0001726152619711195 7.012644480299731e-07 0.0001745801385416715
4028 0.0001732905799258472 7.049897511003098e-07 0.0001752658944427997
4029 0.00017396853990848577 7.087348439703499e-07 0.00017595434782098334
4030 0.00017464915225536858 7.12499831768768e-07 0.00017664550930711643
4031 0.0001753324273432675 7.162848201827093e-07 0.00017733938957409614
4032 0.00017601837558955157 7.200899154607597e-07 0.00017803599933699006
4033 0.00017670700745234428 7.239152244159196e-07 0.00017873534935320152
4034 0.00017739833343068521 7.277608544286144e-07 0.00017943745042263998
4035 0.00017809236406468877 7.31626913449701e-07 0.00018014231338788782
4036 0.00017878910993570512 7.355135100034999e-07 0.0001808499491343701
4037 0.0001794885816664815 7.394207531908415e-07 0.00018156036859052428
4038 0.00018019078992132434 7.43348752692129e-07 0.0001822735827279709
4039 0.00018089574540626163 7.472976187704169e-07 0.0001829896025616846
4040 0.00018160345886920673 7.512674622745083e-07 0.00018370843915016652
4041 0.0001823139411001206 7.552583946420585e-07 0.0001844301035956154
4042 0.00018302720293117858 7.592705279027158e-07 0.00018515460704410306
4043 0.00018374325523693407 7.633039746812569e-07 0.00018588196068574685
4044 0.00018446210893448468 7.673588482007522e-07 0.00018661217575488478
4045 0.00018518377498363874 7.714352622857423e-07 0.00018734526353025063
4046 0.00018590826438708222 7.755333313654342e-07 0.00018808123533515023
4047 0.00018663558819054672 7.796531704769137e-07 0.0001888201025376382
4048 0.00018736575748297803 7.837948952683757e-07 0.00018956187655069564
4049 0.00018809878339670386 7.879586220023632e-07 0.00019030656883240685
4050 0.00018883467710760572 7.921444675590425e-07 0.00019105419088614054
4051 0.00018957344983528784 7.96352549439477e-07 0.00019180475426072778
4052 0.0001903151128432486 8.005829857689263e-07 0.00019255827055064272
4053 0.00019105967743905224 8.04835895300163e-07 0.00019331475139618365
4054 0.0001918071549745013 8.091113974168061e-07 0.00019407420848365468
4055 0.00019255755684581007 8.134096121366742e-07 0.00019483665354554867
4056 0.0001933108944937767 8.177306601151458e-07 0.00019560209836072873
4057 0.0001940671794039601 8.220746626485597e-07 0.00019637055475461463
4058 0.0001948264231068534 8.264417416776105e-07 0.00019714203459936572
4059 0.00019558863717806014 8.308320197907741e-07 0.00019791654981406688
4060 0.0001963538332384708 8.352456202277495e-07 0.0001986941123649146
4061 0.00019712202295444 8.396826668829176e-07 0.00019947473426540374
4062 0.00019789321803796421 8.441432843088184e-07 0.00020025842757651522
4063 0.00019866743024686093 8.486275977196513e-07 0.00020104520440690488
4064 0.00019944467138494613 8.531357329947796e-07 0.00020183507691309073
4065 0.00020022495330221686 8.57667816682278e-07 0.0002026280572996456
4066 0.00020100828789503008 8.622239760024761e-07 0.0002034241578193857
4067 0.0002017946871062846 8.668043388515314e-07 0.00020422339077356275
4068 0.0002025841629256031 8.7140903380502e-07 0.000205025768512056
4069 0.00020337672738951487 8.760381901215455e-07 0.00020583130343356526
4070 0.0002041723925816399 8.806919377463704e-07 0.00020664000798580469
4071 0.0002049711706328713 8.853704073150528e-07 0.00020745189466569587
4072 0.00020577307372156276 8.900737301571299e-07 0.00020826697601956546
4073 0.00020657811407371262 8.948020382997928e-07 0.0002090852646433395
4074 0.00020738630396315065 8.995554644715971e-07 0.00020990677318274056
4075 0.0002081976557117252 9.043341421061871e-07 0.00021073151433348544
4076 0.00020901218168949107 9.091382053460426e-07 0.00021155950084148346
4077 0.00020982989431489802 9.139677890462432e-07 0.00021239074550303554
4078 0.00021065080605498068 9.18823028778258e-07 0.00021322526116503474
4079 0.00021147492942554674 9.237040608337389e-07 0.00021406306072516506
4080 0.0002123022769913705 9.286110222283642e-07 0.00021490415713210572
4081 0.00021313286136638262 9.335440507056722e-07 0.00021574856338573177
4082 0.00021396669521386294 9.385032847409324e-07 0.0002165962925373176
4083 0.00021480379124663344 9.434888635450313e-07 0.00021744735768974095
4084 0.00021564416222725214 9.485009270683803e-07 0.0002183017719976876
4085 0.00021648782096820812 9.535396160048479e-07 0.00021915954866785756
4086 0.00021733478033211513 9.586050717956976e-07 0.00022002070095916958
4087 0.0002181850532319102 9.636974366335739e-07 0.00022088524218297103
4088 0.0002190386526310489 9.688168534664845e-07 0.00022175318570324428
4089 0.0002198955915437034 9.739634660018147e-07 0.0002226245449368159
4090 0.00022075588303496082 9.791374187103613e-07 0.00022349933335356656
4091 0.00022161954022102245 9.843388568303887e-07 0.0002243775644766415
4092 0.00022248657626940376 9.895679263717053e-07 0.00022525925188266165
4093 0.0002233570043991356 9.948247741197654e-07 0.000226144409201937
4094 0.00022423083788096387 1.0001095476397781e-06 0.000227033050118677
4095 0.00022510809003755463 1.0054223952808668e-06 0.00022792518837120806
4096 0.00022598877424369538 1.0107634661802215e-06 0.0002288208377521859
4097 0.0002268729039264994 1.0161329102672887e-06 0.0002297200121088119
4098 0.00022776049256561061 1.0215308782679805e-06 0.00023062272534304972
4099 0.00022865155369340885 1.026957521708905e-06 0.00023152899141184246
4100 0.0002295461008952168 1.0324129929216218e-06 0.00023243882432733132
4101 0.00023044414780950534 1.0378974450469087e-06 0.00023335223815707312
4102 0.000231345708128104 1.0434110320390764e-06 0.00023426924702426292
4103 0.00023225079559640812 1.0489539086702785e-06 0.0002351898651079529
4104 0.00023315942401358876 1.0545262305348597e-06 0.00023611410664327467
4105 0.00023407160723280305 1.060128154053723e-06 0.000237041985921662
4106 0.00023498735916140554 1.0657598364787212e-06 0.00023797351729107423
4107 0.00023590669376116 1.0714214358970705e-06 0.0002389087151562206
4108 0.00023682962504845308 1.0771131112357912e-06 0.00023984759397878606
4109 0.00023775616709450576 1.0828350222661575e-06 0.00024079016827765568
4110 0.00023868633402559098 1.0885873296081994e-06 0.00024173645262914447
4111 0.00023962014002324708 1.0943701947352017e-06 0.0002426864616672237
4112 0.0002405575993244943 1.100183779978236e-06 0.00024364021008374979
4113 0.00024149872622205215 1.1060282485307217e-06 0.0002445977126286948
4114 0.00024244353506455704 1.1119037644530036e-06 0.00024555898411037674
4115 0.0002433920402567817 1.1178104926769626e-06 0.00024652403939569176
4116 0.00024434425625985276 1.1237485990106317e-06 0.000247492893410345
4117 0.0002453001975914742 1.1297182501428702e-06 0.00024846556113908676
4118 0.0002462598788261467 1.1357196136480288e-06 0.00024944205762594514
4119 0.00024722331459539046 1.1417528579906588e-06 0.0002504223979744622
4120 0.00024819051958796805 1.1478181525302395e-06 0.00025140659734792966
4121 0.0002491615085501085 1.153915667525932e-06 0.0002523946709696265
4122 0.0002501362962857322 1.1600455741413603e-06 0.0002533866341230575
4123 0.00025111489765667694 1.1662080444494184e-06 0.00025438250215219243
4124 0.00025209732758292255 1.1724032514370864e-06 0.0002553822904617041
4125 0.00025308360104282145 1.1786313690103082e-06 0.000256386014517213
4126 0.00025407373307332487 1.1848925719988578e-06 0.00025739368984552686
4127 0.00025506773877021285 1.191187036161253e-06 0.0002584053320348845
4128 0.00025606563328832405 1.1975149381896854e-06 0.00025942095673519915
4129 0.0002570674318417871 1.2038764557149842e-06 0.0002604405796583044
4130 0.00025807314970425295 1.210271767311604e-06 0.0002614642165781998
4131 0.0002590828022091257 1.2167010525026234e-06 0.0002624918833312962
4132 0.00026009640474979935 1.2231644917648058e-06 0.0002635235958166664
4133 0.0002611139727798907 1.2296622665336521e-06 0.0002645593699962922
4134 0.00026213552181347517 1.236194559208496e-06 0.0002655992218953148
4135 0.00026316106742532355 1.2427615531576256e-06 0.00026664316760228535
4136 0.0002641906252511394 1.2493634327234303e-06 0.00026769122326941757
4137 0.0002652242109877974 1.2560003832275744e-06 0.0002687434051128397
4138 0.000266261840393583 1.2626725909762037e-06 0.00026979972941284966
4139 0.00026730352928843116 1.269380243265162e-06 0.0002708602125141673
4140 0.00026834929355417004 1.2761235283852687e-06 0.0002719248708261939
4141 0.00026939914913476137 1.2829026356275895e-06 0.0002729937208232669
4142 0.00027045311203654403 1.2897177552887561e-06 0.0002740667790449184
4143 0.0002715111983284781 1.2965690786763055e-06 0.00027514406209613385
4144 0.00027257342414238974 1.3120671488605153e-06 0.0002762248066222299
4145 0.0002736398056732178 1.3298408289383836e-06 0.0002773106411880434
4146 0.0002747103591792585 1.3478552769554329e-06 0.0002784007938397379
4147 0.00027578510098241656 1.366113754430969e-06 0.00027949528241915446
4148 0.0002768640474684519 1.384619567065868e-06 0.0002805941248507814
4149 0.00027794721508723 1.4033760653410856e-06 0.0002816973391422529
4150 0.0002790346203529727 1.422386645124261e-06 0.00028280494338485054
4151 0.0002801262798445101 1.4416547482845409e-06 0.0002839169557540091
4152 0.0002812222102055329 1.461183863315725e-06 0.0002850333945098269
4153 0.00028232242814484743 1.480977525967879e-06 0.0002861542779975819
4154 0.0002834269504366273 1.5010393198874293e-06 0.00028727962464824777
4155 0.0002845357939206732 1.5213728772660553e-06 0.0002884094529790221
4156 0.00028564897550266725 1.541981879498253e-06 0.00028954378159385237
4157 0.00028676651215443094 1.5628700578478595e-06 0.0002906826291839694
4158 0.00028788842091418424 1.5840411941236028e-06 0.00029182601452842563
4159 0.0002890147188868054 1.6054991213638009e-06 0.00029297395649463775
4160 0.00029014542324409153 1.627247724530328e-06 0.000294126474038934
4161 0.000291280551225021 1.6492909412120038e-06 0.0002952835862071073
4162 0.0002924201201360142 1.671632762337448e-06 0.00029644531213496994
4163 0.0002935641473512005 1.6942772328977063e-06 0.00029761167104891965
4164 0.00029471265031268107 1.7172284526785506e-06 0.00029878268226650435
4165 0.0002958656465307955 1.7404905770027615e-06 0.0002999583651969956
4166 0.00029702315358438836 1.7640678174824429e-06 0.00030113873934196537
4167 0.00029818518912107765 1.7879644427815444e-06 0.0003023238242958698
4168 0.00029935177085752414 1.8121847793887084e-06 0.00030351363974663717
4169 0.0003005229165796992 1.8367332124005343e-06 0.0003047082054762592
4170 0.00030169864414315964 1.8616141863155785e-06 0.0003059075413613939
4171 0.0003028789714733175 1.8868322058389795e-06 0.0003071116673739665
4172 0.00030406391656571377 1.9123918366980455e-06 0.000308320603581781
4173 0.00030525349748629306 1.9382977064688875e-06 0.00030953437014913496
4174 0.0003064477323716788 1.9645545054142354e-06 0.00031075298733744067
4175 0.00030764663942944983 1.991166987332613e-06 0.0003119764755058522
4176 0.0003088502369384187 2.0181399704190345e-06 0.00031320485511189864
4177 0.00031005854324890766 2.0454783381372716e-06 0.0003144381467121198
4178 0.00031127157678303237 2.0731870401041003e-06 0.00031567637096271484
4179 0.0003124893560349802 2.101271092985368e-06 0.00031691954862018995
4180 0.0003137118995712929 2.129735581404281e-06 0.0003181677005420155
4181 0.00031493922603114934 2.1585856588619672e-06 0.00031942084768728875
4182 0.0003161713541266503 2.187826548670532e-06 0.0003206790111174029
4183 0.0003174083026431037 2.217463544898741e-06 0.00032194221199672234
4184 0.000318650090439309 2.2475020133304624e-06 0.0003232104715932624
4185 0.0003198967364478483 2.2779473924362285e-06 0.0003244838112793807
4186 0.0003211482596753724 2.308805194357812e-06 0.00032576225253246895
4187 0.0003224046792028914 2.3400810059062175e-06 0.0003270458169356552
4188 0.0003236660141860654 2.3717804895731713e-06 0.0003283345261785112
4189 0.0003249322838554969 2.4039093845563233e-06 0.00032962840205776707
4190 0.00032620350751702337 2.436473507798318e-06 0.0003309274664780326
4191 0.000327479704552013 2.469478755039984e-06 0.0003322317414525262
4192 0.000328760894417657 2.5029311018876798e-06 0.0003335412491038075
4193 0.0003300470966472705 2.5368366048952895e-06 0.00033485601166452375
4194 0.0003313383308505875 2.5712014026606843e-06 0.0003361760514781565
4195 0.0003326346167140608 2.6060317169371466e-06 0.0003375013909997795
4196 0.00033393597400116173 2.6413338537598084e-06 0.00033883205279682194
4197 0.000335242422552682 2.677114204587369e-06 0.000340168059549841
4198 0.0003365539822870363 2.7133792474592794e-06 0.00034150943405330056
4199 0.00033787067320056375 2.7501355481685286e-06 0.0003428561992163562
4200 0.0003391925153678365 2.7873897614504816e-06 0.00034420837806365236
4201 0.0003405195289419634 2.825148632187659e-06 0.00034556599373612316
4202 0.00034185173415489747 2.863418996630906e-06 0.0003469290694918019
4203 0.00034318915131774494 2.9022077836371046e-06 0.00034829762870663977
4204 0.0003445318008210745 2.941522015923644e-06 0.0003496716948753317
4205 0.0003458797031352282 2.9813688113398758e-06 0.00035105129161215045
4206 0.0003472328788106346 3.0217553841558413e-06 0.0003524364426517903
4207 0.00034859134847811874 3.06268904636831e-06 0.00035382717185021437
4208 0.00034995513284922136 3.1041772090247622e-06 0.00035522350318551897
4209 0.0003513242527165117 3.1462273835650696e-06 0.00035662546075879837
4210 0.0003526987289539051 3.1888471831814603e-06 0.00035803306879502204
4211 0.0003540785825169814 3.232044324196897e-06 0.0003594463516439203
4212 0.00035546383444330437 3.275826627462111e-06 0.00036086533378087835
4213 0.0003568545058527432 3.320202019771597e-06 0.0003622900398078407
4214 0.0003582506179477916 3.3651785352986652e-06 0.00036372049445421997
4215 0.0003596521920138953 3.410764317050171e-06 0.0003651567225778237
4216 0.00036105924941977395 3.4569676183407154e-06 0.0003665987491657819
4217 0.0003624718116177473 3.5037968042869287e-06 0.0003680465993354884
4218 0.0003638899001440624 3.5512603533219787e-06 0.0003695002983355505
4219 0.0003653135366192222 3.5993668587305977e-06 0.0003709598715467493
4220 0.0003667427427483146 3.648125030204888e-06 0.0003724253444830084
4221 0.0003681775403213448 3.697543695421252e-06 0.00037389674279237467
4222 0.000369617951213564 3.7476318016385256e-06 0.0003753740922580041
4223 0.00037106399738580766 3.7983984173180516e-06 0.0003768574187991664
4224 0.00037251570088482725 3.849852733765414e-06 0.0003783467484722517
4225 0.00037397308384362713 3.902004066794554e-06 0.00037984210747179137
4226 0.00037543616848180196 3.954861858414396e-06 0.00038134352213148917
4227 0.00037690497710587566 4.0084356785383365e-06 0.0003828510189252628
4228 0.00037837953210964197 4.062735226716893e-06 0.0003843646244682968
4229 0.00037985985597450305 4.117770333893707e-06 0.0003858843655181027
4230 0.00038134597126981664 4.173550964185598e-06 0.00038741026897559823
4231 0.0003828379006532373 4.230087216686468e-06 0.00038894236188618956
4232 0.0003843356668710624 4.287389327295762e-06 0.00039048067144086923
4233 0.00038583929275857917 4.345467670571685e-06 0.0003920252249773245
4234 0.00038734880124041254 4.4043327616095165e-06 0.0003935760499810572
4235 0.00038886421533087487 4.463995257945366e-06 0.00039513317408651537
4236 0.0003903855581343177 4.524465961485767e-06 0.000396696625078239
4237 0.00039191285284548055 4.585755820463219e-06 0.00039826643089201086
4238 0.0003934461227498496 4.647875931418576e-06 0.0003998426196160307
4239 0.0003949853912240093 4.710837541209934e-06 0.0004014252194920921
4240 0.00039653068173599966 4.774652049048918e-06 0.0004030142589167758
4241 0.00039808201784567417 4.839331008564512e-06 0.0004046097664426563
4242 0.00039963942320505875 4.904886129894839e-06 0.00040621177077951917
4243 0.0004012029215587135 4.971329281807327e-06 0.00040782030079559425
4244 0.00040277253674409104 5.038672493847407e-06 0.00040943538551879694
4245 0.0004043482926919052 5.10692795851667e-06 0.0004110570541379903
4246 0.00040593021342649245 5.176108033480197e-06 0.0004126853360042548
4247 0.0004075183230661789 5.246225243803928e-06 0.00041432026063217245
4248 0.0004091126458236483 5.317292284222354e-06 0.00041596185770112747
4249 0.0004107132060063109 5.3893220214368805e-06 0.00041761015705661826
4250 0.0004123200280166742 5.462327496445356e-06 0.00041926518871158503
4251 0.0004139331363527158 5.536321926903188e-06 0.00042092698284775226
4252 0.00041555255560825355 5.611318709516235e-06 0.0004225955698169809
4253 0.0004171783104733255 5.68733142246653e-06 0.00042427098014264535
4254 0.0004188104257345631 5.764373827870448e-06 0.00042595324452101473
4255 0.0004204489262755698 5.842459874270384e-06 0.0004276423938226553
4256 0.0004220938370773004 5.921603699160132e-06 0.00042933845909384646
4257 0.00042374518321844227 6.001819631544498e-06 0.0004310414715580125
4258 0.000425402989875798 6.0831221945335826e-06 0.00043275146261717026
4259 0.0004270672823246663 6.165526107972054e-06 0.0004344684638533897
4260 0.0004287380859392322 6.2490462911044105e-06 0.0004361925070302779
4261 0.0004304154261929508 6.333697865275963e-06 0.0004379236240944714
4262 0.00043209932865893603 6.419496156670574e-06 0.0004396618471771489
4263 0.00043378981901035104 6.506456699085495e-06 0.00044140720859556026
4264 0.00043548692302079924 6.594595236743739e-06 0.00044315974085457207
4265 0.00043719066656471744 6.683927727144591e-06 0.0004449194766482306
4266 0.00043890107561777127 6.774470343952757e-06 0.0004466864488613426
4267 0.0004406181762572475 6.866239479926423e-06 0.0004484606905710697
4268 0.000442341994662457 6.959251749885445e-06 0.0004502422350485491
4269 0.00044407255711513045 7.0535239937192805e-06 0.00045203111576052365
4270 0.0004458098899998197 7.149073279435905e-06 0.00045382736637099416
4271 0.0004475540198043002 7.245916906251967e-06 0.0004556310207428901
4272 0.0004493049731199749 7.34407240772483e-06 0.0004574421129397582
4273 0.0004510627766422803 7.443557554927061e-06 0.00045926067722747133
4274 0.00045282745717109015 7.544390359663696e-06 0.00046108674807595175
4275 0.00045459904161112923 7.646589077733574e-06 0.00046292036016092335
4276 0.0004563775569723801 7.750172212234363e-06 0.0004647615483656739
4277 0.00045816303037049576 7.855158516912595e-06 0.00046661034778284214
4278 0.0004599554890272129 7.961566999559023e-06 0.00046846679371622416
4279 0.0004617549602707672 8.069416925450007e-06 0.0004703309216825999
4280 0.00046356147153630976 8.178727820835483e-06 0.0004722027674135807
4281 0.0004653750503663264 8.289519476474245e-06 0.00047408236685747855
4282 0.00046719572441105404 8.401811951216863e-06 0.000475969756181192
4283 0.0004690235214289074 8.515625575637648e-06 0.00047786497177212283
4284 0.0004708584692868988 8.630980955715307e-06 0.00047976805024010525
4285 0.0004727005959610641 8.747898976563712e-06 0.0004816790284193618
4286 0.00047454992953688876 8.86640080621313e-06 0.0004835979433704804
4287 0.00047640649820973667 8.986507899442749e-06 0.0004855248323824151
4288 0.00047827033028528023 9.108242001665064e-06 0.0004874597329745084
4289 0.0004801414541799288 9.231625152862706e-06 0.000489402682898535
4290 0.0004820198984212671 9.356679691579107e-06 0.0004913537201407765
4291 0.00048390569164848677 9.483428258962686e-06 0.0004933128829241102
4292 0.0004857988626128237 9.611893802866072e-06 0.0004952802097101292
4293 0.00048769944017799634 9.742099582000824e-06 0.0004972557392012827
4294 0.0004896074533206462 9.874069170148434e-06 0.000499239510343044
4295 0.0004915229311307788 1.0007826460428339e-05 0.0005012315623261009
4296 0.0004934459028122092 1.0143395669623888e-05 0.0005032319345885755
4297 0.0004953763976830025 1.028080134256647e-05 0.000505240666818261
4298 0.000497314445175927 1.042006835657981e-05 0.0005072577989548984
4299 0.0004992600748388993 1.0561221925983718e-05 0.000509283371192467
4300 0.0005012133163354351 1.0704287606659232e-05 0.000511317423981507
4301 0.000503174199445102 1.0849291300675481e-05 0.000513359998031469
4302 0.0005051427540639738 1.0996259260979326e-05 0.0005154111343130909
4303 0.0005071190102050851 1.1145218096148374e-05 0.0005174708740608012
4304 0.0005091029979988916 1.1296194775208632e-05 0.000519539258775153
4305 0.0005110947476937237 1.1449216632516852e-05 0.0005216163302252802
4306 0.0005130942896562549 1.1604311372709976e-05 0.0005237021304513941
4307 0.0005151016543719605 1.1761507075720702e-05 0.0005257967017672974
4308 0.0005171168724455831 1.1920832201861448e-05 0.000527900086762935
4309 0.0005191399746015996 1.2082315596977112e-05 0.0005300123283069708
4310 0.0005211709916846892 1.22459864976676e-05 0.0005321334695493981
4311 0.0005232099546602049 1.2411874536581202e-05 0.0005342635539241797
4312 0.0005252568946146419 1.2580009747779283e-05 0.0005364026251519149
4313 0.0005273118427561168 1.2750422572174399e-05 0.0005385507272425474
4314 0.0005293748304148403 1.292314386304138e-05 0.0005407079044980969
4315 0.000531445889043595 1.3098204891603306e-05 0.0005428742015154261
4316 0.0005335250502182158 1.327563735269327e-05 0.0005450496631890404
4317 0.0005356123456380706 1.3455473370492638e-05 0.000547234334713921
4318 0.0005377078071265437 1.3637745504347203e-05 0.0005494282615883918
4319 0.0005398114666315227 1.3822486754662146e-05 0.0005516314896170207
4320 0.0005419233562258804 1.4009730568876363e-05 0.0005538440649135509
4321 0.0005440435081079709 1.41995108475187e-05 0.0005560660339038773
4322 0.0005461719546021158 1.439186195034531e-05 0.0005582974433290492
4323 0.0005483087281590984 1.4586818702560545e-05 0.0005605383402483108
4324 0.0005504538613566582 1.4784416401122089e-05 0.0005627887720421822
4325 0.0005526073868999877 1.4984690821131464e-05 0.000565048786415572
4326 0.0005547693376222322 1.5187678222311244e-05 0.0005673184314009318
4327 0.0005569397464849859 1.5393415355569447e-05 0.0005695977553614424
4328 0.000559118646578801 1.560193946965393e-05 0.0005718868069942474
4329 0.0005613060711236878 1.5813288317895863e-05 0.0005741856353337189
4330 0.0005635020534696225 1.6027500165045093e-05 0.0005764942897547618
4331 0.0005657066270970553 1.6244613794197938e-05 0.0005788128199761637
4332 0.0005679198256174213 1.6464668513818955e-05 0.0005811412760639797
4333 0.0005701416827736524 1.668770416485767e-05 0.0005834797084349609
4334 0.0005723722324406936 1.691376112796195e-05 0.0005858281678600255
4335 0.0005746115086260139 1.714288033078842e-05 0.0005881867054677645
4336 0.0005768595454701327 1.737510325541318e-05 0.0005905553727480027
4337 0.0005791163772471351 1.7610471945841618e-05 0.0005929342215553918
4338 0.0005813820383651958 1.7849029015620654e-05 0.0005953233041130511
4339 0.0005836565633671036 1.809081765555389e-05 0.0005977226730162528
4340 0.0005859399869307882 1.8335881641521338e-05 0.0006001323812361516
4341 0.00058823234386985 1.8584265342405153e-05 0.0006025524821235605
4342 0.000590533669134086 1.8836013728122172e-05 0.0006049830294127678
4343 0.0005928439978100299 1.90911723777664e-05 0.0006074240772254109
4344 0.0005951633651214825 1.93497874878607e-05 0.0006098756800743868
4345 0.0005974918064300495 1.9611905880720753e-05 0.000612337892867816
4346 0.000599829357235681 1.987757501293227e-05 0.0006148107709130534
4347 0.0006021760531772124 2.0146842983942996e-05 0.0006172943699207476
4348 0.0006045319300329081 2.0419758544771143e-05 0.0006197887460089523
4349 0.000606897023721008 2.0696371106831927e-05 0.0006222939557072869
4350 0.0006092713703002701 2.0976730750882864e-05 0.0006248100559611418
4351 0.0006116550059705282 2.1260888236091893e-05 0.0006273371041359513
4352 0.0006140479670732381 2.1548895009226634e-05 0.0006298751580215014
4353 0.0006164502900920332 2.1840803213969045e-05 0.0006324242758363009
4354 0.0006188620116532813 2.2136665700356038e-05 0.0006349845162320034
4355 0.000621283168526642 2.2436536034347965e-05 0.0006375559382978839
4356 0.0006237137976256295 2.2740468507526946e-05 0.0006401386015653721
4357 0.0006261539360081697 2.3048518146925675e-05 0.0006427325660126344
4358 0.0006286036208771731 2.3360740724991096e-05 0.0006453378920692272
4359 0.0006310628895810969 2.3677192769681345e-05 0.0006479546406207935
4360 0.0006335317796145154 2.3997931574700268e-05 0.0006505828730138225
4361 0.0006360103286186924 2.432301520987055e-05 0.0006532226510604714
4362 0.0006384985743821539 2.465250253164716e-05 0.000655874037043442
4363 0.0006409965548412655 2.4986453193773444e-05 0.0006585370937209207
4364 0.0006435043080808112 2.5324927658081502e-05 0.0006612118843315804
4365 0.0006460218723345693 2.5667987205438185e-05 0.0006638984725996372
4366 0.0006485492859859027 2.601569394684104e-05 0.0006665969227399847
4367 0.0006510865875683396 2.636811083466284e-05 0.0006693072994633774
4368 0.0006536338157661617 2.6725301674049266e-05 0.0006720296679816861
4369 0.0006561910094149938 2.708733113447082e-05 0.0006747640940132172
4370 0.0006587582075023967 2.745426476143132e-05 0.0006775106437880983
4371 0.0006613354491684624 2.7826168988335062e-05 0.0006802693840537323
4372 0.0006639227737064054 2.820311114851385e-05 0.000683040382080313
4373 0.0006665202205631702 2.8585159487418848e-05 0.0006858237056664229
4374 0.0006691278293400273 2.89723831749757e-05 0.0006886194231446879
4375 0.0006717456397931775 2.936485231810787e-05 0.0006914276033875088
4376 0.0006743736918343595 2.9762637973429633e-05 0.0006942483158128638
4377 0.000677012025531457 3.0165812160110767e-05 0.0006970816303901831
4378 0.0006796606811091105 3.057444787291573e-05 0.0006999276176462986
4379 0.0006823196989493317 3.0988619095419565e-05 0.0007027863486714672
4380 0.0006849891195921132 3.140840081340171e-05 0.0007056578951254649
4381 0.0006876689837360557 3.1833869028423616e-05 0.0007085423292437706
4382 0.0006903593322389823 3.226510077158786e-05 0.000711439723843814
4383 0.0006930602061185631 3.270217411748493e-05 0.0007143501523313078
4384 0.0006957716465529404 3.3145168198328585e-05 0.00071727368870666
4385 0.0006984936948813567 3.359416321828281e-05 0.0007202104075714658
4386 0.0007012263926047864 3.4049240467983036e-05 0.000723160384135084
4387 0.0007039697813865625 3.451048233925281e-05 0.0007261236942212866
4388 0.0007067239030530208 3.497797234002233e-05 0.0007291004142750101
4389 0.0007094887995941319 3.5451795109446656e-05 0.0007320906213691749
4390 0.000712264513164142 3.593203643322977e-05 0.0007350943932115995
4391 0.0007150510860822167 3.641878325915619e-05 0.0007381118081520001
4392 0.0007178485608330857 3.691212371283288e-05 0.0007411429451890794
4393 0.0007206569800676903 3.741214711364436e-05 0.0007441878839777043
4394 0.0007234763866038354 3.791894399092427e-05 0.0007472467048361761
4395 0.0007263068234268367 3.843260610034471e-05 0.0007503194887535866
4396 0.0007291483336901842 3.895322644053014e-05 0.0007534063173972806
4397 0.0007320009607161949 3.948089926989382e-05 0.0007565072731203999
4398 0.0007348647479966745 4.001572012370354e-05 0.0007596224389695291
4399 0.0007377397391935804 4.05577858313783e-05 0.0007627518986924377
4400 0.0007406259781396875 4.110719453401922e-05 0.0007658957367459213
4401 0.000743523508839258 4.166404570217846e-05 0.0007690540383037423
4402 0.0007464323754687064 4.222844015386712e-05 0.0007722268892646659
4403 0.0007493526223772814 4.2800480072810054e-05 0.0007754143762606125
4404 0.0007522842940877371 4.338026902694518e-05 0.000778616586664899
4405 0.0007552274352970125 4.396791198717476e-05 0.0007818336086005934
4406 0.0007581820908769132 4.456351534637035e-05 0.0007850655309489729
4407 0.0007611483058747957 4.516718693863528e-05 0.0007883124433580919
4408 0.0007641261255142538 4.577903605882808e-05 0.000791574436251458
4409 0.0007671155951958098 4.639917348235051e-05 0.0007948516008368204
4410 0.000770116760497601 4.7027711485202414e-05 0.0007981440291150639
4411 0.0007731296671760833 4.7664763864311034e-05 0.0008014518138892315
4412 0.0007761543611667223 4.8310445958132764e-05 0.0008047750487736467
4413 0.0007791908885846963 4.8964874667535524e-05 0.0008081138282031605
4414 0.0007822392957255984 4.962816847696369e-05 0.0008114682474425157
4415 0.0007852996290661428 5.0300447475889685e-05 0.0008148384025958306
4416 0.0007883719352648731 5.098183338055625e-05 0.0008182243906162051
4417 0.0007914562611628758 5.167244955601354e-05 0.0008216263093154504
4418 0.0007945526537844873 5.23724210384529e-05 0.0008250442573739365
4419 0.0007976611603380211 5.3081874557846954e-05 0.0008284783343505825
4420 0.0008007818282164807 5.3800938560892505e-05 0.0008319286406929577
4421 0.0008039147049982841 5.452974323426635e-05 0.0008353952777475221
4422 0.0008070598384479889 5.526842052819551e-05 0.0008388783477699962
4423 0.0008102172765170209 5.601710418034689e-05 0.0008423779539358645
4424 0.0008133870673444063 5.679225466021415e-05 0.0008458940327037258
4425 0.0008165692592574994 5.7589907033198746e-05 0.0008494271431802045
4426 0.0008197639007727296 5.839876250618237e-05 0.0008529772186309769
4427 0.0008229710405963335 5.9218978427721636e-05 0.0008565443695641072
4428 0.0008261907276251004 6.005071435634797e-05 0.000860128707539897
4429 0.0008294230109471168 6.089413209160681e-05 0.0008637303451837103
4430 0.0008326679398425153 6.174939570553292e-05 0.0008673493961989676
4431 0.0008359255637842257 6.261667157456772e-05 0.0008709859753803174
4432 0.0008391959324387314 6.34961284119253e-05 0.0008746401986269852
4433 0.000842479095666819 6.438793730041073e-05 0.0008783121829562937
4434 0.0008457751035243497 6.529227172570403e-05 0.0008820020465173839
4435 0.0008490840062630149 6.620930761010693e-05 0.0008857099086051027
4436 0.0008524058543311043 6.713922334676577e-05 0.0008894358896740846
4437 0.0008557406983742752 6.808219983437488e-05 0.0008931801113530255
4438 0.0008590885892363244 6.903842051236717e-05 0.000896942696459146
4439 0.0008624495779599652 7.000807139659953e-05 0.0009007237690128532
4440 0.000865823715787599 7.099134111553698e-05 0.0009045234542525897
4441 0.0008692110541621062 7.198842094694993e-05 0.0009083418786499044
4442 0.0008726116447276243 7.299950485512194e-05 0.0009121791699247049
4443 0.0008760255393303367 7.402478952858251e-05 0.000916035457060729
4444 0.0008794527900192633 7.506447441836952e-05 0.0009199108703212208
4445 0.0008828934490470537 7.611876177682861e-05 0.0009238055412648194
4446 0.0008863475688707844 7.718785669695812e-05 0.0009277196027616643
4447 0.0008898152021527599 7.82719671523067e-05 0.0009316531890097187
4448 0.0008932964017613085 7.93713040374286e-05 0.0009356064355513046
4449 0.0008967912207715994 8.048608120891301e-05 0.0009395794792898827
4450 0.0009002997124664447 8.161651552698381e-05 0.0009435724585070387
4451 0.0009038219303371129 8.276282689768626e-05 0.00094758551287971
4452 0.0009073579280841451 8.392523831566613e-05 0.0009516187834976445
4453 0.0009109077596181739 8.510397590754915e-05 0.0009556724128810955
4454 0.0009144714790607464 8.629926897593076e-05 0.0009597465449987604
4455 0.0009180491407451425 8.751135004398017e-05 0.0009638413252859495
4456 0.0009216407992172145 8.874045490067759e-05 0.0009679569006630263
4457 0.0009252465092362108 8.998682264668023e-05 0.0009720934195540735
4458 0.0009288663257756131 9.125069574083568e-05 0.0009762510319058263
4459 0.000932500304023974 9.253232004734808e-05 0.0009804298892068586
4460 0.0009361484993857593 9.383194488360668e-05 0.0009846301445070318
4461 0.0009398109674821918 9.514982306868605e-05 0.0009888519524372068
4462 0.0009434877641521017 9.648621097252837e-05 0.0009930954692292276
4463 0.0009471789454527701 9.784136856581277e-05 0.000997360852736164
4464 0.0009508845676607954 9.921555947053231e-05 0.0010016482624528554
4465 0.000954604687272943 0.0001006090510112741 0.001005957859536707
4466 0.0009583393610070099 0.00010202211426722354 0.0010102898068287864
4467 0.0009620886458026877 0.0001034550241248976 0.0010146442688752002
4468 0.0009658525988224322 0.00010490805933161944 0.0010190214119487648
4469 0.0009696312774523359 0.00010638150254974442 0.0010234214040709753
4470 0.0009734247393029957 0.00010787564041164406 0.0010278444150342604
4471 0.0009772330422104026 0.0001093907635754698 0.0010322906164245652
4472 0.0009810562442368156 0.00011092716678169248 0.0010367601816442195
4473 0.0009848944036716498 0.00011248514891043976 0.0010412532859351293
4474 0.0009887475790323634 0.0001140650130396375 0.0010457701064022812
4475 0.0009926158290653518 0.00011566706650396895 0.0010503108220375717
4476 0.0009964992127468415 0.00011729162095466048 0.0010548756137439567
4477 0.0010003977892837925 0.00011893899242010934 0.0010594646643599386
4478 0.0010043116181147926 0.00012060950136735772 0.001064078158684372
4479 0.0010082407589109754 0.00012230347276443904 0.0010687162835016353
4480 0.0010121852715769223 0.0001240212361435914 0.0010733792276071208
4481 0.0010161452162515778 0.0001257631256653632 0.0010780671818330875
4482 0.001020120653309166 0.00012752948018361778 0.0010827803390748606
4483 0.0010241116433601122 0.00012932064331145217 0.0010875188943173975
4484 0.0010281182472519676 0.00013113696348804123 0.0010922830446622113
4485 0.0010321405260703292 0.0001329787940464168 0.0010970729893546563
4486 0.0010361785411397845 0.00013484649328220826 0.0011018889298116106
4487 0.0010402323540248369 0.00013674042452333854 0.0011067310696495122
4488 0.001044302026530847 0.00013866095620070423 0.0011115996147127917
4489 0.0010483876207049748 0.00014060846191984747 0.0011164947731026954
4490 0.001052489198837126 0.00014258332053363398 0.001121416755206496
4491 0.001056606823460901 0.00014458591621595244 0.0011263657737271148
4492 0.0010607405573545509 0.00014661663853644984 0.0011313420437131425
4493 0.0010648904635419262 0.00014867588253631084 0.0011363457825892642
4494 0.00106905660529345 0.0001507640488051127 0.0011413772101871284
4495 0.001073239046127075 0.00015288154355874874 0.0011464365487766108
4496 0.0010774378498092526 0.0001550287787184511 0.0011515240230975212
4497 0.0010816530803559067 0.00015720617199092333 0.0011566398603917454
4498 0.0010858848020334085 0.00015941414694959727 0.0011617842904358253
4499 0.001090133079359559 0.00016165313311703334 0.001166957545573991
4500 0.001094397977104564 0.00016392356604847197 0.0011721598607516348
4501 0.0010986795602920343 0.00016622588741656971 0.0011773914735492676
4502 0.001102977894199969 0.00016856054509731475 0.0011826526242169205
4503 0.0011072930443617524 0.0001709279932571541 0.0011879435557090295
4504 0.001111625076567153 0.00017332869244134373 0.0011932645137197977
4505 0.0011159740568633268 0.00017576310966353943 0.0011986157467190454
4506 0.001120340051555825 0.00017823171849664661 0.0012039975059885523
4507 0.0011247231272096055 0.00018073499916494595 0.0012094100456589009
4508 0.0011291233506500401 0.00018327343863750812 0.0012148536227468173
4509 0.0011335407889639466 0.00018584753072293234 0.00122032849719305
4510 0.0011379755095006024 0.00018845777616540338 0.0012258349319007448
4511 0.001142427579872773 0.00019110468274210316 0.0012313731927743596
4512 0.0011468970679577445 0.0001937887653619907 0.001236943548759116
4513 0.0011513840418983568 0.00019651054616596779 0.0012425462718809901
4514 0.0011558885701040457 0.00019927055462845404 0.0012481816372872624
4515 0.001160410721251876 0.00020206932766038117 0.0012538499232876065
4516 0.0011649505642876035 0.0002049074097136478 0.0012595514113957775
4517 0.001169508168426716 0.00020778535288702783 0.0012652863863718447
4518 0.0011740836031554909 0.00021070371703357208 0.0012710551362650196
4519 0.001178676938232055 0.00021366306986951868 0.0012768579524570752
4520 0.001183288243687448 0.00021666398708473157 0.0012826951297063604
4521 0.0011879175898266902 0.00021970705245469142 0.0012885669661924248
4522 0.0011925650472298568 0.00022279285795406004 0.0012944737635612602
4523 0.0011972306867531436 0.00022592200387183204 0.0013004158269711524
4524 0.001201914579529963 0.00022909509892812048 0.0013063934651391966
4525 0.0012066167969720183 0.00023231276039256622 0.0013124069903884233
4526 0.0012113374107703945 0.00023557561420441795 0.0013184567186955913
4527 0.0012160764928966518 0.00023888429509429806 0.001324542969739638
4528 0.001220834115603923 0.00024223944670767833 0.0013306660669507974
4529 0.001225610351428017 0.00024564172173009117 0.0013368263375604019
4530 0.0012304052731885152 0.0002490917820140914 0.0013430241126513543
4531 0.0012352189539898966 0.0002525902987080182 0.0013492597272093314
4532 0.0012400514672226421 0.00025613795238654845 0.001355533520174661
4533 0.0012449028865643569 0.0002597354331830923 0.0013618458344949347
4534 0.001249773285980892 0.000263383440924046 0.0013681970171783425
4535 0.0012546627397274739 0.0002670826852649314 0.0013745874193477469
4536 0.0012595713223498349 0.000270833885828446 0.001381017396295503
4537 0.0012644991086853542 0.0002746377723444565 0.0013874873075390432
4538 0.0012694461738641865 0.0002784950847919446 0.0013939975168772106
4539 0.0012744125933104244 0.00028240657354297073 0.0014005483924474072
4540 0.0012793984427432374 0.00028637299950863695 0.0014071403067835012
4541 0.001284403798178029 0.00029039513428711066 0.001413773636874549
4542 0.0012894287359275958 0.00029447376031372567 0.0014204487642243292
4543 0.0012944733326032906 0.000298609671013191 0.0014271660749117004
4544 0.0012995376651161936 0.0003028036709539401 0.0014339259596517979
4545 0.001304621810678274 0.0003070565760046364 0.0014407288138580602
4546 0.0013097258468035835 0.0003113692134928995 0.0014475750377051515
4547 0.001314849851309427 0.0003157424223662382 0.0014544650361927175
4548 0.0013199939023175516 0.0003201770533552553 0.001461399219210046
4549 0.0013251580782553387 0.0003246739691391421 0.0014683780016016158
4550 0.0013303424578569986 0.00032923404451349757 0.0014754018032335585
4551 0.001335547120164771 0.0003338581665605041 0.001482471049061037
4552 0.0013407721445301338 0.00033854723482149663 0.0014895861691965658
4553 0.0013460176106150005 0.00034330216147194213 0.0014967475989792567
4554 0.0013512835983929528 0.00034812387149890244 0.001503955779045063
4555 0.0013565701881504473 0.00035301330288096396 0.0015112111553979624
4556 0.0013618774604880438 0.0003579714067707079 0.0015185141794821428
4557 0.001367205496321633 0.0003629991476797394 0.0015258653082551865
4558 0.0013725543768836703 0.0003680975036663166 0.0015332650042622718
4559 0.0013779241837244159 0.0003732674665256155 0.0015407137357114017
4560 0.0013833149987131782 0.0003785100419826671 0.0015482119765496804
4561 0.001388726904039553 0.00038382624988799407 0.0015557602065406307
4562 0.0013941599822146925 0.0003892171244160206 0.0015633589113426228
4563 0.001399614316072552 0.0003946837142662413 0.00157100858258835
4564 0.001405089988771156 0.0004002270828672309 0.001578709717965433
4565 0.0014105870837938664 0.0004058483085835152 0.0015864628212981335
4566 0.0014161056849506535 0.00041154848492534665 0.001594268402630206
4567 0.0014216458763793788 0.00041732872076143254 0.0016021269783089034
4568 0.0014272077425470655 0.0004231901405346325 0.001610039071070129
4569 0.001432791368251203 0.0004291338844807171 0.0016180052101248115
4570 0.001438396838621029 0.00043516110885016856 0.0016260259312464395
4571 0.0014440242391188297 0.0004412729861331128 0.0016341017768598336
4572 0.0014496736555412435 0.00044747070528740557 0.0016422332961311462
4573 0.0014553451740205682 0.00045375547196992345 0.0016504210450591127
4574 0.0014610388810260748 0.0004601285087711037 0.001658665586567571
4575 0.001466754863365329 0.0004665910554527809 0.001666967490599273
4576 0.0014724932081855017 0.00047314436918934635 0.0016753273342109732
4577 0.0014782540029747166 0.0004797897248123301 0.0016837457016698897
4578 0.0014840373355633721 0.0004865284150583839 0.0016922231845514573
4579 0.0014898432941254825 0.0004933617508207624 0.0017007603818384642
4580 0.0014956719671800232 0.000500291061404336 0.0017093579000215641
4581 0.0015015234435922797 0.0005073176947841813 0.0017180163532011811
4582 0.0015073978125752065 0.0005144430178678129 0.0017267363631908441
4583 0.0015132951636907732 0.000521668416761072 0.001735518559621929
4584 0.0015192155868513505 0.0005289952970377958 0.0017443635800499084
4585 0.0015251591723210668 0.0005364250840132279 0.0017532720700620293
4586 0.0015311260107171893 0.0005439592230212956 0.0017622446833865189
4587 0.0015371161930115037 0.0005515991796957706 0.0017712820820032964
4588 0.001543129810531703 0.0005593464402553857 0.0017803849362562345
4589 0.0015491669549627782 0.0005672025117929494 0.001789553924966977
4590 0.001555227718348421 0.0005751689225685314 0.0017987897355503494
4591 0.001561312193092413 0.0005832472223067381 0.001808093064131348
4592 0.001567420471960054 0.000591438982498213 0.0018174646156638111
4593 0.0015735526480795644 0.0005997457967053232 0.0018269051040506901
4594 0.0015797088149435072 0.0006081692808721648 0.0018364152522660213
4595 0.0015858890664102135 0.0006167110736389144 0.00184599579247859
4596 0.0015920934967052142 0.0006253728366605993 0.0018556474661773192
4597 0.0015983222004226794 0.0006341562549303473 0.0018653710242984081
4598 0.0016045752725268475 0.0006430630371071532 0.0018751672273542154
4599 0.0016108528083534923 0.0006520949158482966 0.0018850368455639913
4600 0.0016171549036113648 0.0006612536481463819 0.0018949806589863773
4601 0.0016234816543836536 0.0006692945982817791 0.0019049952107632515
4602 0.0016298331571294518 0.000676882036799701 0.0019150813386927773
4603 0.0016362095086852266 0.0006845554900911044 0.0019252367782625513
4604 0.0016426108062662951 0.0006923159332599367 0.0019354621390544526
4605 0.0016490371474683118 0.0007001643524643882 0.001945758036871658
4606 0.001655488630268741 0.0007081017450421897 0.001956125093806451
4607 0.0016619653530283716 0.0007161291196373733 0.0019665639383088414
4608 0.0016684674144928043 0.0007242474963284319 0.001977075205255907
4609 0.0016749949137939584 0.0007324579067579472 0.001987659536021922
4610 0.001681547950451585 0.0007407613942636868 0.001998317578549281
4611 0.0016881266243747835 0.0007491590140111866 0.0020090499874202044
4612 0.001694731035863528 0.0007576518331278396 0.0020198574239292584
4613 0.001701361285610183 0.0007662409308384834 0.0020307405561566525
4614 0.0017080174747010604 0.0007749273986025707 0.002041700059042422
4615 0.0017146997046179448 0.0007837123402528467 0.0020527366144613723
4616 0.0017214080772396452 0.0007925968721356244 0.002063850911298901
4617 0.001728142694843549 0.0008015821232526438 0.0020750436455276577
4618 0.00173490366010718 0.00081066923540454 0.002086315520285062
4619 0.0017416910761097644 0.0008198593633359372 0.00209766724595169
4620 0.0017485050463338068 0.0008291536748821938 0.0021090995402305453
4621 0.0017553456746666521 0.0008385533511177836 0.002120613128227184
4622 0.0017622130654020916 0.0008480595865064114 0.002132208742530802
4623 0.001769107323241939 0.0008576735890527801 0.002143887123296167
4624 0.00177602855329763 0.000867396580456102 0.002155649018326496
4625 0.0017829768610918247 0.0008772297962653468 0.002167495183157262
4626 0.0017899523525600166 0.0008871744860362484 0.002179426381140932
4627 0.0017969551340521518 0.0008972319134900984 0.002191443383532665
4628 0.0018039853123342352 0.0009074033566743115 0.002203546969576936
4629 0.00181104299458998 0.0009176901081248647 0.0022157379265951953
4630 0.0018181282884224279 0.0009280934750305262 0.0022280170500744464
4631 0.0018252413018555933 0.0009386147793989711 0.002240385143756849
4632 0.0018323821433361097 0.0009492553582247761 0.0022528430197303172
4633 0.0018395509217348834 0.0009600165636593168 0.002265391498520135
4634 0.0018467477463487533 0.0009708997631825931 0.0022780314091815994
4635 0.0018539727269021617 0.0009819063397770087 0.002290763589393707
4636 0.0018612259735488106 0.0009930376921030875 0.0023035888855538564
4637 0.0018685075968733651 0.0010042952346772463 0.0023165081528736856
4638 0.0018758177078931238 0.0010156803980515179 0.0023295222554759057
4639 0.0018831564180597153 0.0010271946289953481 0.0023426320664922673
4640 0.0018905238392607972 0.0010388393906794408 0.0023558384681626066
4641 0.0018979200838217627 0.0010506161628616925 0.002369142351935012
4642 0.0019053452645074553 0.001062526442075236 0.002382544618567111
4643 0.0019127994945238747 0.001074571741818591 0.0023960461782284712
4644 0.0019202828875199245 0.0010867535927480264 0.002409647950604208
4645 0.0019277955575891298 0.0010990735428720447 0.002423350864999691
4646 0.0019353376192713812 0.001111533157748102 0.002437155860446458
4647 0.00194290918755468 0.0011241340206815493 0.0024510638858093103
4648 0.0019505103778768922 0.001136877732926833 0.0024650758998946126
4649 0.0019581413061275084 0.0011497659138909734 0.002479192871559804
4650 0.0019658020886494138 0.0011628002013393565 0.0024934157798241464
4651 0.0019734928422406473 0.0011759822516038284 0.0025077456139806827
4652 0.001981213684156205 0.0011893137397932115 0.00252218337370952
4653 0.0019889647321098135 0.0012027963600061448 0.002536730069192314
4654 0.0019967461042757267 0.0012164318255463659 0.0025513867212280756
4655 0.002004557919290528 0.0012302218691404281 0.002566154361350267
4656 0.0020124002962549413 0.0012441682431578933 0.00258103403194522
4657 0.0020202733547356466 0.00125827271983401 0.002596026786371877
4658 0.002028177214767091 0.0012725370914949026 0.0026111336890828566
4659 0.002036111996853341 0.0012869631707853677 0.002626355815746943
4660 0.002044077821969903 0.00130155279089919 0.002641694253372878
4661 0.002052074811565573 0.0013163078058120994 0.002657150100434578
4662 0.0020601030875642876 0.0013312300905173689 0.0026727244669977586
4663 0.002068162772366984 0.001346321541264079 0.0026884184748479766
4664 0.002076253988853464 0.0013615840757980795 0.002704233257620103
4665 0.002084376860384273 0.0013770196336056971 0.00272016996092927
4666 0.002092531510802565 0.0013926301761601676 0.002736229742503246
4667 0.002100718064436014 0.0014084176871709314 0.0027524137723163753
4668 0.002108936646098693 0.0014243841728356853 0.0027687232327249416
4669 0.0021171873810929827 0.0014405316620953288 0.002785159318604098
4670 0.0021254703952114803 0.0014568622068917875 0.0028017232374863248
4671 0.002133785814738918 0.001473377882428768 0.002818416209701441
4672 0.002142133766454088 0.001490080787435463 0.0028352394685181954
4673 0.0021505143776317814 0.0015069730444332544 0.0028521942602874524
4674 0.002158927776044708 0.0015240568000053996 0.0028692818445869442
4675 0.0021673740899654736 0.0015413342250698613 0.002886503494367745
4676 0.0021758534481685163 0.0015588075151551381 0.002903860496102289
4677 0.0021843659799320758 0.001576478890679276 0.0029213541499341147
4678 0.0021929118150401626 0.0015943505972320236 0.0029389857698292727
4679 0.002201491083784538 0.001612424905860191 0.0029567566837294355
4680 0.0022101039169667054 0.0016307041133562545 0.0029746682337067447
4681 0.0022187504458998845 0.0016491905425501804 0.002992721776120346
4682 0.002227430802411042 0.001667886542604658 0.0030109186817747872
4683 0.002236145118842884 0.0016867944893135822 0.003029260336080093
4684 0.0022448935280558763 0.001705916785403963 0.003047748139213695
4685 0.0022536761634302715 0.0017252558608412557 0.0030663835062841706
4686 0.002262493158868142 0.0017448141731381472 0.003085167867496825
4687 0.002271344648795422 0.001764594207666845 0.0031041026683211346
4688 0.002280230768163961 0.0017845984779749171 0.0031231893696600874
4689 0.0022891516524535622 0.0018048295261046542 0.00314242944802137
4690 0.0022981074376740777 0.0018252899229161698 0.0031618243956905933
4691 0.0023070982603674624 0.0018459822684140468 0.003181375720906359
4692 0.0023161242576098602 0.0018669091920777412 0.0032010849480373464
4693 0.0023251855670136947 0.0018880733531957278 0.0032209536177613815
4694 0.002334282326729766 0.0019094774412034255 0.0032409832872465284
4695 0.0023434146754493634 0.0019311241760249698 0.003261175530334219
4696 0.002352582752406359 0.001953016308418803 0.003281531937724402
4697 0.002361786697379362 0.001975156620327294 0.003302054117162867
4698 0.0023710266506938265 0.0019975479252302072 0.0033227436936305904
4699 0.0023803027532242 0.002020193068502238 0.0033436023095352457
4700 0.0023896151463960675 0.0020430949277745877 0.0033646316249048742
4701 0.002398963972188311 0.0020662564133006396 0.003385833317583729
4702 0.002408349373135271 0.0020896804683257783 0.003407209083430325
4703 0.002417771492328928 0.002113370069461417 0.003428760636517733
4704 0.002427230473421061 0.0021373282270631968 0.003450489709336063
4705 0.0024367264606254694 0.002161557985613607 0.0034723980529973563
4706 0.0024462595987201513 0.002186062424108809 0.0034944874374426577
4707 0.002455830033049516 0.0022108446564499144 0.00351675965165148
4708 0.002465437909526598 0.0022359078318386805 0.0035392165038536207
4709 0.0024750833746352867 0.0022612551351777017 0.0035618598217433614
4710 0.002484766575432558 0.002286889787475137 0.0035846914526960873
4711 0.0024944876595507028 0.002312815046253972 0.003607713263987294
4712 0.002504246775199602 0.0023390342059660444 0.003630927143014179
4713 0.0025140440711689705 0.002365550598410635 0.0036543349975196003
4714 0.002523879696830629 0.002392367593157869 0.0036779387558186355
4715 0.002533753802140781 0.0024194885979769046 0.003701740367027664
4716 0.0025436665376423 0.0024469170592689737 0.0037257418012960415
4717 0.0025536180544670243 0.002474656462505337 0.0037499450500403787
4718 0.0025636085043380607 0.0025027103326701943 0.003774352126181461
4719 0.0025736380395720987 0.0025310822347086284 0.003798965064383841
4720 0.0025837068130817316 0.0025597757739796137 0.0038237859212981217
4721 0.002593814978377799 0.0025887945967142034 0.0038488167758060094
4722 0.0026039626895716862 0.0026181423904787487 0.0038740597292679846
4723 0.0026141501013777343 0.00264782288464368 0.0038995169057740343
4724 0.00262437736911556 0.0026778398508572982 0.003925190452396946
4725 0.0026346446487124312 0.0027081971035250794 0.00395108253944858
4726 0.0026449520967056473 0.0027388985002943997 0.0039771953607390205
4727 0.002655299870244923 0.0027699479425447363 0.004003531133838627
4728 0.0026656881270947863 0.0028013493758834453 0.004030092100343061
4729 0.0026761170256369825 0.0028331067906471395 0.004056880526141279
4730 0.0026865867248728904 0.0028652242224087698 0.004083898701686564
4731 0.0026970973844259445 0.002897705752490439 0.0041111489422706055
4732 0.0027076491645440697 0.002930555508482035 0.00413863358830066
4733 0.0027182422261021254 0.002963777664765753 0.00416635500557986
4734 0.0027288767306043564 0.0029973764430465447 0.004194315585590658
4735 0.0027395528401868564 0.0030313561128885963 0.0042225177457814785
4736 0.00275027071762004 0.003065720992257885 0.0042509639298566075
4737 0.002761030526311135 0.003100475448070915 0.004279656608069365
4738 0.002771832430306629 0.0031356238967495055 0.004308598277518451
4739 0.002782676594294838 0.003171170804782219 0.004337791462447922
4740 0.002793563183608372 0.003207120689291796 0.004367238714550246
4741 0.002804492364226669 0.003243478118609212 0.004396942613272951
4742 0.0028154643027785203 0.0032802477128541837 0.004426905766128661
4743 0.002826479166544618 0.0033174341445222875 0.004457130809008673
4744 0.0028375371234601 0.003355042139078701 0.00448762040650003
4745 0.0028486383421171125 0.003393076475558704 0.004518377252206205
4746 0.00285978299176738 0.003431541987174965 0.004549404069071379
4747 0.002870971242324787 0.003470443561931731 0.004580703609708389
4748 0.0028822032643679657 0.0035097861432459606 0.0046122786567303654
4749 0.0028934792291429 0.0035495747305755152 0.004644132023086122
4750 0.0029047993085655334 0.003589814380054462 0.004676266552399324
4751 0.0029161636752243923 0.0036305102051355847 0.0047086851193114815
4752 0.0029275725023832286 0.0036716673772402178 0.004741390629828849
4753 0.002939025963983612 0.0037132911264152286 0.004774386021673062
4754 0.0029505242346476567 0.0037553867419978892 0.004807674264636088
4755 0.002962067489680633 0.0037979595732878435 0.004841258360938819
4756 0.002973655905073654 0.003841015030226918 0.0048751413455939
4757 0.002985289657506357 0.0038845585840865766 0.004909326286772599
4758 0.002996968924349599 0.003928595768163199 0.00494381628617584
4759 0.0030086938836681597 0.00397313217848121 0.0049786144794093995
4760 0.0030204647142234578 0.00401817347450421 0.005013724036363359
4761 0.0030322815954762737 0.0040637253798541315 0.005049148161595816
4762 0.0030441447075894887 0.004109793683038586 0.005084890094720954
4763 0.0030560542314308297 0.004156384238186428 0.005120953110801461
4764 0.003068010348575628 0.004203502965791673 0.0051573405207454084
4765 0.0030800132413095855 0.0042511558534658375 0.005194055671707581
4766 0.003092063092631558 0.004299348956698828 0.005231101947495365
4767 0.0031041600862563535 0.0043480883996284804 0.005268482768979229
4768 0.0031163044066174848 0.004397380375818585 0.005306201594507661
4769 0.003128496238870057 0.004447231149046242 0.005344261920327182
4770 0.0031407357688935404 0.0044976470540976235 0.005382667281006696
4771 0.0031530231832946148 0.004548634497573016 0.0054214212498668365
4772 0.003165358669410018 0.0046001999587009495 0.005460527439414119
4773 0.003177742415309399 0.004652349990161531 0.00549998950178
4774 0.0031901746097981873 0.004705091218919131 0.005539811129164872
4775 0.00320265544242047 0.0047584303470645135 0.0055799960542871115
4776 0.003215185103461883 0.004812374152666493 0.005620548050837152
4777 0.003227763783952511 0.00486692949063326 0.0056614709339367145
4778 0.0032403916756698 0.004922103293583474 0.005702768560603214
4779 0.0032530689711414832 0.00497790257272722 0.00574444483021941
4780 0.003265795863648513 0.0050343344187569585 0.005786503685008359
4781 0.003278572547228011 0.005091406002748581 0.005828949110513734
4782 0.003291399216676238 0.005149124577072725 0.005871785136085612
4783 0.0033042760675515096 0.005207497476316135 0.005915015835371519
4784 0.0033172032961772597 0.0052665321182140635 0.005958645326813478
4785 0.0033301810996449804 0.005326236004592642 0.006002677774150211
4786 0.0033432096758172383 0.005386616722322228 0.006047117386925248
4787 0.0033562892233306926 0.0054476819442815195 0.006091968421000729
4788 0.0033694199415991236 0.00550943943033257 0.0061372351790769915
4789 0.0033826020308164724 0.005571897028306885 0.006182922011218058
4790 0.003395835691959893 0.0056350626750026785 0.006229033315383027
4791 0.0034091211267928178 0.00569894439719345 0.006275573537963496
4792 0.003422458537868032 0.0057635503126479744 0.006322547174327027
4793 0.0034358481285307624 0.005828888631161874 0.006369958769366774
4794 0.003449290102921778 0.005894967655600878 0.006417812918057302
4795 0.0034627846659805025 0.005961795782955912 0.006466114266016709
4796 0.0034763320234481375 0.006029381505410136 0.006514867510075062
4797 0.003489932381870816 0.006097733411418177 0.006564077398849347
4798 0.0035035859486026912 0.006166860186797194 0.006613748733324619
4799 0.0035172929318091867 0.006236770615831084 0.006663886367442267
4800 0.0035310535404701106 0.006307473582386446 0.006714495208694386
4801 0.0035448679843828575 0.006378978071041571 0.006765580218725133
4802 0.0035587364741656064 0.006451293168228152 0.006817146413938822
4803 0.003572659221260532 0.006524428063385956 0.006869198866114895
4804 0.003586636437937029 0.006598392050130556 0.006921742703029839
4805 0.0036006683372949468 0.006673194527434331 0.006974783109086126
4806 0.00361475513326784 0.006748845000820827 0.007028325325948266
4807 0.0036288970406262297 0.006825353083572685 0.007082374653186052
4808 0.003643094274980878 0.006902728497953237 0.007136936448925055
4809 0.003657347052786074 0.006980981076441967 0.007192016130504495
4810 0.003671655591342937 0.007060120762983979 0.007247619175142531
4811 0.0036860201088027254 0.007140157614253609 0.007303751120609067
4812 0.003700440824170181 0.007221101800932479 0.007360417565906236
4813 0.003714917957306806 0.0073029636090015835 0.007417624171956265
4814 0.0037294517289343074 0.007385753441048897 0.007475376662297712
4815 0.003744042360637898 0.007469481817590934 0.0075336808237889755
4816 0.003758690074869695 0.0075541593784097475 0.00759254250732007
4817 0.003773395094952107 0.007639796883904954 0.00765196762853235
4818 0.0037881576450812422 0.0077264052164611316 0.007711962168546409
4819 0.0038029779503303243 0.00781399538183069 0.0077725321746981825
4820 0.0038178562366531243 0.007902578510532417 0.007833683761283376
4821 0.0038327927308874073 0.007992165859265918 0.007895423110310315
4822 0.003847787660758388 0.008082768812342026 0.007957756472261296
4823 0.0038628412548822057 0.008174398883129482 0.00802069016686255
4824 0.0038779537427694076 0.008267067715518004 0.008084230583862907
4825 0.003893125354828448 0.008360787085397905 0.008148384183821264
4826 0.003908356322369203 0.008455568902156546 0.008213157498902952
4827 0.003923646877606514 0.008551425210191812 0.008278557133685199
4828 0.003938997253663656 0.008648368190442225 0.008344589765971291
4829 0.003954407684575999 0.008746410161935482 0.008411262147614715
4830 0.003969878405294507 0.008845563583353465 0.008478581105351862
4831 0.003985409651689333 0.008945841054615543 0.008546553541644516
4832 0.004001001660553422 0.009047255318479695 0.008615186435531798
4833 0.004016654669606115 0.009149819262161796 0.008684486843491735
4834 0.004032368917496777 0.009253545918973278 0.008754461900312588
4835 0.004048144643808434 0.009358448469977309 0.008825118819974005
4836 0.004063982089061426 0.009464540245663807 0.008896464896538166
4837 0.004079881494717074 0.009571834727643386 0.008968507505050986
4838 0.004095843103181362 0.00968034555036054 0.0090412541024535
4839 0.004111867157808632 0.009790086502826256 0.009114712228503604
4840 0.004127953902905296 0.009901071530370226 0.009188889506708136
4841 0.004144103583733556 0.010013314736412962 0.00926379364526558
4842 0.004160316446515167 0.010126830384258118 0.009339432438019457
4843 0.004176592738435116 0.010241632898904491 0.009415813765422113
4844 0.004192932707645499 0.010357736868879832 0.00949294559551022
4845 0.004209336603269234 0.01047515704809418 0.00957083598489049
4846 0.004225804675403874 0.01059390835771484 0.009649493079736945
4847 0.004242337175125421 0.010714005888062482 0.009728925116799373
4848 0.004258934354492157 0.010835464900528774 0.00980914042442323
4849 0.004275596466548484 0.010958300829515691 0.009890147423581023
4850 0.004292323765328782 0.011082529284396837 0.009971954628915371
4851 0.004309116505861283 0.011208166051501045 0.010054570649793919
4852 0.00432597494417196 0.011335227096118382 0.010138004191376098
4853 0.004342899337288428 0.01146372856452897 0.010222264055692014
4854 0.0043598899432438646 0.011593686786054748 0.010307359142733504
4855 0.004376947021080943 0.011725118275134542 0.010393298451557564
4856 0.004394070830855784 0.011858039733422622 0.010480091081402229
4857 0.004411261633641934 0.011992468051911209 0.01056774623281518
4858 0.0044285196915342774 0.012128420313076347 0.010656273208794663
4859 0.0044458452676531405 0.012265913793049484 0.010745681415944223
4860 0.004463238626148228 0.012404965963812279 0.01083598036563959
4861 0.004480700032202673 0.01254559449541701 0.010927179675209217
4862 0.004498229752037073 0.012687817258231962 0.011019289069128066
4863 0.004515828052913556 0.012831652325212339 0.011112318380224952
4864 0.004533495203139853 0.012977117974196872 0.011206277550903487
4865 0.004551231472073387 0.013124232690230464 0.01130117663437685
4866 0.004569037130125378 0.013273015167913184 0.011397025795916551
4867 0.004586912448764973 0.013423484313775899 0.01149383531411531
4868 0.004604857700523379 0.013575659248682799 0.011591615582164204
4869 0.004622873158998017 0.013729559310261173 0.011690377109144272
4870 0.004640959098856696 0.013885204055358777 0.011790130521332771
4871 0.004659115795841804 0.014042613262528984 0.011890886563524154
4872 0.004677343526774524 0.014201806934544321 0.01199265610036612
4873 0.004695642569558983 0.01436280530093767 0.012095450117710283
4874 0.004714013203186601 0.014525628820573887 0.012199279723979108
4875 0.00473245570774027 0.014690298184249018 0.01230415615154736
4876 0.0047509703643986425 0.014856834317319677 0.012410090758139598
4877 0.00476955745544042 0.015025258382362204 0.012517095028243472
4878 0.0047882172642486525 0.015195591781861814 0.01262518057453893
4879 0.004806950075315064 0.015367856160932418 0.012734359139343687
4880 0.004825756174244387 0.015542073410067091 0.01284464259607495
4881 0.004844635847758716 0.01571826566791984 0.012956042950727763
4882 0.004863589383701882 0.015896455324118878 0.013068572343370036
4883 0.004882617071043841 0.016076665022111795 0.01318224304965453
4884 0.004901719199885074 0.016258917662042925 0.01329706748234788
4885 0.0049208960614610196 0.016443236403663443 0.013413058192877018
4886 0.004940147948146505 0.01662964466927435 0.013530227872893017
4887 0.004959475153460228 0.016818166146703072 0.013648589355852782
4888 0.0049788779720691505 0.01700882479231279 0.013768155618618034
4889 0.004998356699793116 0.017201644834047913 0.013888939783073626
4890 0.005017911633609272 0.017396650774512 0.014010955117762892
4891 0.005037543071656622 0.01759386739408167 0.014134215039542188
4892 0.005057251313240572 0.017793319754055546 0.01425873311525398
4893 0.0050770366588374916 0.01799503319983893 0.014384523063418907
4894 0.005096899410099295 0.018199033364164563 0.014511598755946953
4895 0.005116839869858044 0.018405346170349918 0.014639974219868032
4896 0.005136858342130557 0.018613997835591367 0.014769663639082099
4897 0.005156955132123053 0.01882501487429579 0.014900681356129146
4898 0.0051771305462358 0.019038424101449822 0.015033041873979136
4899 0.005197384892067787 0.01925425263602745 0.015166759857842318
4900 0.005217718478421414 0.019472527904436078 0.015301850136999886
4901 0.0052381316153072 0.019693277644001774 0.015438327706655468
4902 0.005258624613948532 0.019916529906494233 0.015576207729807699
4903 0.005279197786786322 0.020142313061690505 0.015715505539143207
4904 0.005299851447483902 0.020370655800981484 0.015856236638952546
4905 0.005320585910931717 0.020601587141016932 0.015998416707066303
4906 0.005341401493252152 0.02083513642739302 0.01614206159681391
4907 0.005362298511804346 0.0210713333383814 0.016287187339004416
4908 0.005383277285189035 0.021310207888700573 0.016433810143929722
4909 0.005404338133253408 0.021551790433330012 0.016581946403390488
4910 0.005425481377095983 0.021796111671367534 0.01673161269274496
4911 0.005446707339071504 0.02204320264993037 0.016882825772980992
4912 0.0054680163427958525 0.022293094768100482 0.01703560259281153
4913 0.005489408713150984 0.02254581978091458 0.017189960290793786
4914 0.005510884776289883 0.022801409803399446 0.017345916197472472
4915 0.005532444859641531 0.023059897314652904 0.01750348783754722
4916 0.005554089291915902 0.023321315161971112 0.01766269293206456
4917 0.005575818403108996 0.023585696565022914 0.017823549400634908
4918 0.005597632524507777 0.023853075120070108 0.017986075363673765
4919 0.005619531988695364 0.024123484804238378 0.018150289144670036
4920 0.00564151712955601 0.024396959979833814 0.01831620927247826
4921 0.005663588282280213 0.024673535398709763 0.01848385448363769
4922 0.005685745783369827 0.024953246206682957 0.01865324372471747
4923 0.005707989970643193 0.0252361279479996 0.018824396154688273
4924 0.005730321183240291 0.025522216569852266 0.01899733114732094
4925 0.005752739761627906 0.025811548426947745 0.019172068293612083
4926 0.005775246047604827 0.026104160286126953 0.019348627404237356
4927 0.005797840384307047 0.026400089331036988 0.019527028512032318
4928 0.005820523116213006 0.026699373166856274 0.0197072918745015
4929 0.005843294589148834 0.02700204982507322 0.019889437976355825
4930 0.005866155150293626 0.027308157768319095 0.020073487532078774
4931 0.005889105148184741 0.027617735895255662 0.02025946148852163
4932 0.005912144932723132 0.027930823545518547 0.020447381027528234
4933 0.005935274855178587 0.028247460504714994 0.02063726756858854
4934 0.005958495268195231 0.028567687009481615 0.020829142771524166
4935 0.005981806525796806 0.02889154375259615 0.02102302853920237
4936 0.006005208983392089 0.029219071888148786 0.02121894702028172
4937 0.006028702997780313 0.029550313036771855 0.021416920611988712
4938 0.006052288927156608 0.029885309290928776 0.021616971962925807
4939 0.0060759671311174605 0.03022410322026292 0.0218191239759112
4940 0.0060997379706661985 0.030566737877007207 0.022023399810850854
4941 0.006123601808218489 0.030913256801454857 0.022229822887642928
4942 0.006147559007607872 0.03126370402749242 0.022438416889115236
4943 0.006171609934091302 0.031618124088195275 0.022649205763995824
4944 0.006195754954354718 0.03197656202148666 0.022862213729917258
4945 0.006219994436518633 0.03233906337586096 0.02307746527645497
4946 0.006244328750143752 0.03270567421617172 0.023294985168199906
4947 0.006268758266236623 0.0330764411294857 0.023514798447866265
4948 0.006293283357255199 0.033451411231001406 0.023736930439433278
4949 0.006317904397114666 0.03383063217003863 0.023961406751324858
4950 0.0063426217611930414 0.03421415213609181 0.0241882532796229
4951 0.006367435826336926 0.03460201986495422 0.024417496211318224
4952 0.006392346970867245 0.034994284644910986 0.024649162027598006
4953 0.00641735557458502 0.03539099632300245 0.024883277507170492
4954 0.006442462018777156 0.03579220531135849 0.025119869729627348
4955 0.006467666686222258 0.036197962593604534 0.02535896607884405
4956 0.006492969961196465 0.036608319731340454 0.025600594246418855
4957 0.006518372229479306 0.03702332887069262 0.025844782235150642
4958 0.0065438738783595895 0.03744304274894049 0.026091558362556187
4959 0.006569475296641299 0.037867514701218075 0.026340951264427245
4960 0.0065951768746495285 0.03829679866729162 0.02659298989842794
4961 0.006620979004236428 0.038730949198413904 0.026847703547732846
4962 0.006646882078787209 0.03917002146425688 0.027105121824706615
4963 0.006672886493226029 0.03961407125992041 0.02736527467462381
4964 0.006698992644022181 0.04006315501302534 0.02762819237943374
4965 0.006725200929196024 0.04051732979088203 0.027893905561565027
4966 0.006751511748325082 0.04097665330774278 0.028162445187774783
4967 0.0067779255025501375 0.04144118393213579 0.028433842573041008
4968 0.0068044425945813425 0.04191098069428239 0.028708129384499122
4969 0.00683106342870436 0.042386103293598223 0.028985337645423027
4970 0.006857788410786532 0.04286661210627964 0.029265499739251327
4971 0.0068846179482830614 0.04335256819297599 0.029548648413659118
4972 0.006911552450243229 0.043844033306548805 0.029834816784675824
4973 0.006938592327316625 0.044341069899919164 0.030124038340849806
4974 0.006965737991759416 0.04484374113400387 0.03041634694746006
4975 0.006992989857440625 0.04535211088574152 0.03071177685077553
4976 0.007020348339848445 0.045866243756209846 0.0310103626823629
4977 0.0070478138560966 0.04638620507883526 0.031312139463443224
4978 0.007075386824930588 0.04691206092769302 0.03161714260929649
4979 0.007103067666734244 0.047443878125906884 0.03192540793371924
4980 0.007130856803536027 0.04798172425413837 0.03223697165352933
4981 0.0071587546590154896 0.04852566765917523 0.032551870393123565
4982 0.007186761658509731 0.04907577746261653 0.03287014118908642
4983 0.0072148782290198865 0.049632123569656315 0.033191821494851045
4984 0.007243104799217637 0.05019477667796683 0.03351694918541309
4985 0.007271441799451742 0.05076380828668237 0.03384556256209789
4986 0.007299889661754605 0.051339290705485076 0.03417770035738162
4987 0.007328448819848856 0.051921297063793684 0.03451340173976712
4988 0.007357119709153966 0.052509901320056396 0.03485270631871487
4989 0.0073859027667928885 0.05310517827114924 0.03519565414962994
4990 0.007414798431598719 0.05370720356188079 0.03554228573890528
4991 0.007443807144121386 0.054316053694604745 0.03589264204902221
4992 0.007472929346634403 0.0549318060389422 0.036246764503709124
4993 0.007502165483141486 0.05555453884161069 0.036604694993156606
4994 0.007531515999383504 0.056184331236371315 0.036966475879295496
4995 0.007560981342845157 0.05682126325408209 0.03733215000113092
4996 0.007590561962761828 0.05746541583286848 0.03770176068013865
4997 0.007620258310126428 0.058116870828408655 0.038075351725722205
4998 0.00765007083769628 0.05877571102433524 0.03845296744073177
4999 0.007680000000000001 0.05944202014275486 0.0388346526270455
