# MvsR for pwp /home/gieg/projects/BAM_old/src/projects/eos/tab/pwpfits/eos_mpa1.pwp
# rho_c, R_iso, M, Mb, R, Lambda, e_c, R_inv
 4.018215e-04 8.443977e+00 1.291293e-01 1.296853e-01 8.573600e+00 3.746537e+07 4.084583e-04 8.697468e+00
 4.026278e-04 8.426874e+00 1.297270e-01 1.302923e-01 8.557100e+00 3.655426e+07 4.092880e-04 8.681254e+00
 4.034357e-04 8.409866e+00 1.303294e-01 1.309041e-01 8.540700e+00 3.566524e+07 4.101194e-04 8.665142e+00
 4.042452e-04 8.393153e+00 1.309363e-01 1.315205e-01 8.524600e+00 3.479858e+07 4.109525e-04 8.649334e+00
 4.050564e-04 8.376536e+00 1.315478e-01 1.321417e-01 8.508600e+00 3.395319e+07 4.117874e-04 8.633628e+00
 4.058692e-04 8.360014e+00 1.321640e-01 1.327677e-01 8.492700e+00 3.312855e+07 4.126241e-04 8.618023e+00
 4.066836e-04 8.343787e+00 1.327848e-01 1.333985e-01 8.477100e+00 3.232414e+07 4.134625e-04 8.602723e+00
 4.074996e-04 8.327655e+00 1.334103e-01 1.340340e-01 8.461600e+00 3.153996e+07 4.143026e-04 8.587524e+00
 4.083173e-04 8.311719e+00 1.340404e-01 1.346744e-01 8.446300e+00 3.077476e+07 4.151445e-04 8.572529e+00
 4.091366e-04 8.295878e+00 1.346752e-01 1.353196e-01 8.431100e+00 3.002856e+07 4.159882e-04 8.557635e+00
 4.099576e-04 8.280232e+00 1.353147e-01 1.359696e-01 8.416100e+00 2.930040e+07 4.168336e-04 8.542944e+00
 4.107802e-04 8.264682e+00 1.359590e-01 1.366245e-01 8.401200e+00 2.859056e+07 4.176808e-04 8.528354e+00
 4.116045e-04 8.249326e+00 1.366079e-01 1.372843e-01 8.386500e+00 2.789811e+07 4.185298e-04 8.513968e+00
 4.124304e-04 8.234166e+00 1.372617e-01 1.379490e-01 8.372000e+00 2.722261e+07 4.193805e-04 8.499785e+00
 4.132580e-04 8.219101e+00 1.379201e-01 1.386186e-01 8.357600e+00 2.656411e+07 4.202330e-04 8.485703e+00
 4.140872e-04 8.204231e+00 1.385834e-01 1.392931e-01 8.343400e+00 2.592149e+07 4.210874e-04 8.471825e+00
 4.149181e-04 8.189557e+00 1.392514e-01 1.399726e-01 8.329400e+00 2.529481e+07 4.219435e-04 8.458151e+00
 4.157507e-04 8.174977e+00 1.399243e-01 1.406570e-01 8.315500e+00 2.468321e+07 4.228014e-04 8.444577e+00
 4.165849e-04 8.160492e+00 1.406020e-01 1.413465e-01 8.301700e+00 2.408702e+07 4.236611e-04 8.431106e+00
 4.174208e-04 8.146203e+00 1.412845e-01 1.420409e-01 8.288100e+00 2.350538e+07 4.245226e-04 8.417838e+00
 4.182584e-04 8.132109e+00 1.419718e-01 1.427404e-01 8.274700e+00 2.293795e+07 4.253859e-04 8.404773e+00
 4.190977e-04 8.118109e+00 1.426641e-01 1.434449e-01 8.261400e+00 2.238480e+07 4.262511e-04 8.391810e+00
 4.199386e-04 8.104205e+00 1.433612e-01 1.441544e-01 8.248200e+00 2.184471e+07 4.271180e-04 8.378949e+00
 4.207813e-04 8.090495e+00 1.440633e-01 1.448690e-01 8.235200e+00 2.131800e+07 4.279868e-04 8.366292e+00
 4.216256e-04 8.076981e+00 1.447702e-01 1.455888e-01 8.222400e+00 2.080456e+07 4.288574e-04 8.353838e+00
 4.224716e-04 8.063462e+00 1.454821e-01 1.463136e-01 8.209600e+00 2.030341e+07 4.297298e-04 8.341384e+00
 4.233194e-04 8.050237e+00 1.461990e-01 1.470436e-01 8.197100e+00 1.981467e+07 4.306040e-04 8.329235e+00
 4.241688e-04 8.037108e+00 1.469208e-01 1.477787e-01 8.184700e+00 1.933783e+07 4.314801e-04 8.317189e+00
 4.250199e-04 8.024073e+00 1.476476e-01 1.485190e-01 8.172400e+00 1.887258e+07 4.323581e-04 8.305244e+00
 4.258728e-04 8.011133e+00 1.483794e-01 1.492645e-01 8.160200e+00 1.841865e+07 4.332378e-04 8.293401e+00
 4.267273e-04 7.998389e+00 1.491163e-01 1.500151e-01 8.148200e+00 1.797595e+07 4.341195e-04 8.281762e+00
 4.275836e-04 7.985839e+00 1.498582e-01 1.507710e-01 8.136400e+00 1.754420e+07 4.350030e-04 8.270327e+00
 4.284416e-04 7.973384e+00 1.506051e-01 1.515322e-01 8.124700e+00 1.712274e+07 4.358883e-04 8.258994e+00
 4.293013e-04 7.961023e+00 1.513571e-01 1.522986e-01 8.113100e+00 1.671169e+07 4.367755e-04 8.247762e+00
 4.301627e-04 7.948758e+00 1.521142e-01 1.530703e-01 8.101600e+00 1.631081e+07 4.376646e-04 8.236633e+00
 4.310258e-04 7.936687e+00 1.528764e-01 1.538473e-01 8.090300e+00 1.591965e+07 4.385555e-04 8.225708e+00
 4.318907e-04 7.924712e+00 1.536438e-01 1.546297e-01 8.079100e+00 1.553796e+07 4.394483e-04 8.214885e+00
 4.327574e-04 7.912930e+00 1.544163e-01 1.554173e-01 8.068100e+00 1.516552e+07 4.403430e-04 8.204265e+00
 4.336257e-04 7.901244e+00 1.551939e-01 1.562104e-01 8.057200e+00 1.480228e+07 4.412396e-04 8.193748e+00
 4.344958e-04 7.889652e+00 1.559767e-01 1.570088e-01 8.046400e+00 1.444764e+07 4.421381e-04 8.183333e+00
 4.353677e-04 7.878155e+00 1.567648e-01 1.578127e-01 8.035700e+00 1.410194e+07 4.430385e-04 8.173021e+00
 4.362413e-04 7.866853e+00 1.575580e-01 1.586219e-01 8.025200e+00 1.376477e+07 4.439407e-04 8.162912e+00
 4.371166e-04 7.855645e+00 1.583565e-01 1.594366e-01 8.014800e+00 1.343540e+07 4.448449e-04 8.152906e+00
 4.379937e-04 7.844632e+00 1.591602e-01 1.602568e-01 8.004600e+00 1.311432e+07 4.457510e-04 8.143104e+00
 4.388726e-04 7.833614e+00 1.599692e-01 1.610825e-01 7.994400e+00 1.280099e+07 4.466589e-04 8.133302e+00
 4.397532e-04 7.822790e+00 1.607835e-01 1.619136e-01 7.984400e+00 1.249522e+07 4.475689e-04 8.123704e+00
 4.406356e-04 7.812061e+00 1.616031e-01 1.627503e-01 7.974500e+00 1.219682e+07 4.484807e-04 8.114209e+00
 4.415198e-04 7.801427e+00 1.624280e-01 1.635926e-01 7.964700e+00 1.190561e+07 4.493944e-04 8.104816e+00
 4.424058e-04 7.790986e+00 1.632583e-01 1.644404e-01 7.955100e+00 1.162174e+07 4.503101e-04 8.095628e+00
 4.432935e-04 7.780641e+00 1.640940e-01 1.652938e-01 7.945600e+00 1.134454e+07 4.512277e-04 8.086542e+00
 4.441830e-04 7.770390e+00 1.649350e-01 1.661529e-01 7.936200e+00 1.107417e+07 4.521473e-04 8.077559e+00
 4.450743e-04 7.760233e+00 1.657814e-01 1.670175e-01 7.926900e+00 1.081015e+07 4.530687e-04 8.068678e+00
 4.459674e-04 7.750171e+00 1.666333e-01 1.678879e-01 7.917700e+00 1.055277e+07 4.539922e-04 8.059899e+00
 4.468622e-04 7.740203e+00 1.674906e-01 1.687639e-01 7.908600e+00 1.030158e+07 4.549176e-04 8.051223e+00
 4.477589e-04 7.730430e+00 1.683533e-01 1.696456e-01 7.899700e+00 1.005643e+07 4.558449e-04 8.042752e+00
 4.486574e-04 7.720751e+00 1.692216e-01 1.705330e-01 7.890900e+00 9.817153e+06 4.567742e-04 8.034383e+00
 4.495576e-04 7.711167e+00 1.700953e-01 1.714262e-01 7.882200e+00 9.583620e+06 4.577055e-04 8.026117e+00
 4.504597e-04 7.701677e+00 1.709746e-01 1.723252e-01 7.873600e+00 9.355970e+06 4.586388e-04 8.017953e+00
 4.513636e-04 7.692281e+00 1.718594e-01 1.732299e-01 7.865100e+00 9.133635e+06 4.595740e-04 8.009892e+00
 4.522693e-04 7.682979e+00 1.727498e-01 1.741405e-01 7.856700e+00 8.916489e+06 4.605112e-04 8.001934e+00
 4.531768e-04 7.673872e+00 1.736457e-01 1.750569e-01 7.848500e+00 8.704950e+06 4.614504e-04 7.994181e+00
 4.540861e-04 7.664759e+00 1.745473e-01 1.759792e-01 7.840300e+00 8.498338e+06 4.623915e-04 7.986428e+00
 4.549973e-04 7.655840e+00 1.754544e-01 1.769073e-01 7.832300e+00 8.296801e+06 4.633347e-04 7.978880e+00
 4.559103e-04 7.647016e+00 1.763672e-01 1.778414e-01 7.824400e+00 8.099821e+06 4.642799e-04 7.971435e+00
 4.568251e-04 7.638186e+00 1.772857e-01 1.787814e-01 7.816500e+00 7.907805e+06 4.652271e-04 7.963991e+00
 4.577418e-04 7.629549e+00 1.782099e-01 1.797273e-01 7.808800e+00 7.720376e+06 4.661762e-04 7.956751e+00
 4.586603e-04 7.621008e+00 1.791397e-01 1.806793e-01 7.801200e+00 7.537670e+06 4.671274e-04 7.949615e+00
 4.595806e-04 7.612560e+00 1.800753e-01 1.816372e-01 7.793700e+00 7.359077e+06 4.680806e-04 7.942581e+00
 4.605028e-04 7.604206e+00 1.810166e-01 1.826011e-01 7.786300e+00 7.184866e+06 4.690359e-04 7.935651e+00
 4.614268e-04 7.595947e+00 1.819637e-01 1.835711e-01 7.779000e+00 7.014926e+06 4.699931e-04 7.928823e+00
 4.623527e-04 7.587781e+00 1.829166e-01 1.845472e-01 7.771800e+00 6.848918e+06 4.709524e-04 7.922099e+00
 4.632805e-04 7.579710e+00 1.838753e-01 1.855294e-01 7.764700e+00 6.686980e+06 4.719138e-04 7.915477e+00
 4.642101e-04 7.571732e+00 1.848398e-01 1.865177e-01 7.757700e+00 6.528782e+06 4.728771e-04 7.908959e+00
 4.651416e-04 7.563849e+00 1.858101e-01 1.875121e-01 7.750800e+00 6.374574e+06 4.738426e-04 7.902544e+00
 4.660749e-04 7.556059e+00 1.867863e-01 1.885127e-01 7.744000e+00 6.224033e+06 4.748100e-04 7.896231e+00
 4.670101e-04 7.548364e+00 1.877685e-01 1.895195e-01 7.737300e+00 6.077070e+06 4.757796e-04 7.890022e+00
 4.679472e-04 7.540662e+00 1.887565e-01 1.905326e-01 7.730600e+00 5.933600e+06 4.767512e-04 7.883814e+00
 4.688862e-04 7.533155e+00 1.897505e-01 1.915518e-01 7.724100e+00 5.793537e+06 4.777248e-04 7.877811e+00
 4.698270e-04 7.525741e+00 1.907504e-01 1.925774e-01 7.717700e+00 5.657008e+06 4.787006e-04 7.871912e+00
 4.707698e-04 7.518421e+00 1.917563e-01 1.936092e-01 7.711400e+00 5.523512e+06 4.796784e-04 7.866116e+00
 4.717144e-04 7.511195e+00 1.927682e-01 1.946473e-01 7.705200e+00 5.393284e+06 4.806583e-04 7.860423e+00
 4.726610e-04 7.503963e+00 1.937861e-01 1.956918e-01 7.699000e+00 5.266243e+06 4.816402e-04 7.854731e+00
 4.736094e-04 7.496924e+00 1.948101e-01 1.967427e-01 7.693000e+00 5.142311e+06 4.826243e-04 7.849245e+00
 4.745597e-04 7.489880e+00 1.958401e-01 1.978000e-01 7.687000e+00 5.021120e+06 4.836105e-04 7.843760e+00
 4.755120e-04 7.483029e+00 1.968762e-01 1.988637e-01 7.681200e+00 4.902989e+06 4.845987e-04 7.838481e+00
 4.764661e-04 7.476172e+00 1.979185e-01 1.999338e-01 7.675400e+00 4.787559e+06 4.855891e-04 7.833203e+00
 4.774222e-04 7.469408e+00 1.989668e-01 2.010104e-01 7.669700e+00 4.674953e+06 4.865816e-04 7.828028e+00
 4.783802e-04 7.462738e+00 2.000213e-01 2.020935e-01 7.664100e+00 4.565009e+06 4.875762e-04 7.822957e+00
 4.793401e-04 7.456162e+00 2.010820e-01 2.031831e-01 7.658600e+00 4.457752e+06 4.885729e-04 7.817989e+00
 4.803019e-04 7.449680e+00 2.021489e-01 2.042793e-01 7.653200e+00 4.352941e+06 4.895718e-04 7.813125e+00
 4.812657e-04 7.443191e+00 2.032220e-01 2.053820e-01 7.647800e+00 4.250779e+06 4.905727e-04 7.808262e+00
 4.822314e-04 7.436895e+00 2.043014e-01 2.064914e-01 7.642600e+00 4.150942e+06 4.915759e-04 7.803605e+00
 4.831990e-04 7.430594e+00 2.053870e-01 2.076074e-01 7.637400e+00 4.053377e+06 4.925811e-04 7.798950e+00
 4.841686e-04 7.424385e+00 2.064789e-01 2.087300e-01 7.632300e+00 3.958360e+06 4.935885e-04 7.794398e+00
 4.851401e-04 7.418271e+00 2.075772e-01 2.098594e-01 7.627300e+00 3.865502e+06 4.945981e-04 7.789950e+00
 4.861136e-04 7.412249e+00 2.086817e-01 2.109954e-01 7.622400e+00 3.774752e+06 4.956098e-04 7.785605e+00
 4.870890e-04 7.406322e+00 2.097927e-01 2.121382e-01 7.617600e+00 3.686297e+06 4.966237e-04 7.781365e+00
 4.880664e-04 7.400387e+00 2.109100e-01 2.132877e-01 7.612800e+00 3.599925e+06 4.976398e-04 7.777126e+00
 4.890458e-04 7.394646e+00 2.120337e-01 2.144440e-01 7.608200e+00 3.515585e+06 4.986580e-04 7.773093e+00
 4.900271e-04 7.388899e+00 2.131638e-01 2.156072e-01 7.603600e+00 3.433228e+06 4.996784e-04 7.769062e+00
 4.910104e-04 7.383245e+00 2.143004e-01 2.167772e-01 7.599100e+00 3.352809e+06 5.007010e-04 7.765134e+00
 4.919956e-04 7.377584e+00 2.154435e-01 2.179540e-01 7.594600e+00 3.274425e+06 5.017258e-04 7.761208e+00
 4.929828e-04 7.372116e+00 2.165930e-01 2.191378e-01 7.590300e+00 3.197739e+06 5.027528e-04 7.757488e+00
 4.939721e-04 7.366642e+00 2.177491e-01 2.203285e-01 7.586000e+00 3.122925e+06 5.037820e-04 7.753770e+00
 4.949632e-04 7.361261e+00 2.189118e-01 2.215261e-01 7.581800e+00 3.049936e+06 5.048134e-04 7.750156e+00
 4.959564e-04 7.355873e+00 2.200810e-01 2.227307e-01 7.577600e+00 2.978592e+06 5.058470e-04 7.746543e+00
 4.969516e-04 7.350678e+00 2.212567e-01 2.239424e-01 7.573600e+00 2.908989e+06 5.068828e-04 7.743138e+00
 4.979488e-04 7.345477e+00 2.224391e-01 2.251611e-01 7.569600e+00 2.841083e+06 5.079208e-04 7.739733e+00
 4.989480e-04 7.340369e+00 2.236282e-01 2.263868e-01 7.565700e+00 2.774768e+06 5.089611e-04 7.736433e+00
 4.999491e-04 7.335353e+00 2.248239e-01 2.276197e-01 7.561900e+00 2.709879e+06 5.100036e-04 7.733237e+00
 5.009523e-04 7.330331e+00 2.260263e-01 2.288596e-01 7.558100e+00 2.646637e+06 5.110483e-04 7.730043e+00
 5.019575e-04 7.325402e+00 2.272354e-01 2.301067e-01 7.554400e+00 2.584874e+06 5.120953e-04 7.726953e+00
 5.029648e-04 7.320566e+00 2.284513e-01 2.313610e-01 7.550800e+00 2.524678e+06 5.131445e-04 7.723967e+00
 5.039740e-04 7.315724e+00 2.296739e-01 2.326225e-01 7.547200e+00 2.465770e+06 5.141960e-04 7.720983e+00
 5.049853e-04 7.311074e+00 2.309032e-01 2.338913e-01 7.543800e+00 2.408298e+06 5.152498e-04 7.718206e+00
 5.059986e-04 7.306417e+00 2.321394e-01 2.351673e-01 7.540400e+00 2.352112e+06 5.163058e-04 7.715431e+00
 5.070139e-04 7.301753e+00 2.333825e-01 2.364506e-01 7.537000e+00 2.297352e+06 5.173641e-04 7.712657e+00
 5.080312e-04 7.297282e+00 2.346323e-01 2.377412e-01 7.533800e+00 2.243816e+06 5.184247e-04 7.710091e+00
 5.090507e-04 7.292803e+00 2.358891e-01 2.390392e-01 7.530600e+00 2.191584e+06 5.194875e-04 7.707527e+00
 5.100721e-04 7.288318e+00 2.371528e-01 2.403446e-01 7.527400e+00 2.140625e+06 5.205527e-04 7.704964e+00
 5.110956e-04 7.283926e+00 2.384234e-01 2.416574e-01 7.524300e+00 2.090748e+06 5.216201e-04 7.702505e+00
 5.121212e-04 7.279626e+00 2.397009e-01 2.429776e-01 7.521300e+00 2.042139e+06 5.226898e-04 7.700152e+00
 5.131488e-04 7.275419e+00 2.409855e-01 2.443053e-01 7.518400e+00 1.994663e+06 5.237619e-04 7.697903e+00
 5.141784e-04 7.271205e+00 2.422770e-01 2.456405e-01 7.515500e+00 1.948293e+06 5.248362e-04 7.695656e+00
 5.152102e-04 7.267083e+00 2.435755e-01 2.469832e-01 7.512700e+00 1.903003e+06 5.259129e-04 7.693514e+00
 5.162440e-04 7.263055e+00 2.448811e-01 2.483335e-01 7.510000e+00 1.858768e+06 5.269919e-04 7.691476e+00
 5.172799e-04 7.259019e+00 2.461938e-01 2.496914e-01 7.507300e+00 1.815658e+06 5.280732e-04 7.689441e+00
 5.183179e-04 7.255075e+00 2.475136e-01 2.510568e-01 7.504700e+00 1.773457e+06 5.291569e-04 7.687510e+00
 5.193579e-04 7.251125e+00 2.488405e-01 2.524300e-01 7.502100e+00 1.732283e+06 5.302429e-04 7.685581e+00
 5.204000e-04 7.247266e+00 2.501746e-01 2.538108e-01 7.499600e+00 1.692112e+06 5.313312e-04 7.683757e+00
 5.214443e-04 7.243501e+00 2.515158e-01 2.551993e-01 7.497200e+00 1.652830e+06 5.324219e-04 7.682038e+00
 5.224906e-04 7.239728e+00 2.528643e-01 2.565956e-01 7.494800e+00 1.614548e+06 5.335150e-04 7.680321e+00
 5.235390e-04 7.236047e+00 2.542199e-01 2.579996e-01 7.492500e+00 1.577112e+06 5.346104e-04 7.678709e+00
 5.245895e-04 7.232459e+00 2.555828e-01 2.594114e-01 7.490300e+00 1.540587e+06 5.357082e-04 7.677203e+00
 5.256422e-04 7.228864e+00 2.569530e-01 2.608311e-01 7.488100e+00 1.504826e+06 5.368084e-04 7.675698e+00
 5.266969e-04 7.225260e+00 2.583305e-01 2.622586e-01 7.485900e+00 1.469977e+06 5.379110e-04 7.674195e+00
 5.277538e-04 7.221850e+00 2.597153e-01 2.636940e-01 7.483900e+00 1.435937e+06 5.390159e-04 7.672901e+00
 5.288127e-04 7.218331e+00 2.611075e-01 2.651373e-01 7.481800e+00 1.402685e+06 5.401232e-04 7.671505e+00
 5.298739e-04 7.215005e+00 2.625070e-01 2.665886e-01 7.479900e+00 1.370280e+06 5.412330e-04 7.670318e+00
 5.309371e-04 7.211672e+00 2.639140e-01 2.680479e-01 7.478000e+00 1.338551e+06 5.423451e-04 7.669134e+00
 5.320025e-04 7.208330e+00 2.653283e-01 2.695152e-01 7.476100e+00 1.307593e+06 5.434597e-04 7.667951e+00
 5.330700e-04 7.205081e+00 2.667502e-01 2.709905e-01 7.474300e+00 1.277388e+06 5.445767e-04 7.666873e+00
 5.341396e-04 7.201924e+00 2.681794e-01 2.724739e-01 7.472600e+00 1.247846e+06 5.456961e-04 7.665901e+00
 5.352114e-04 7.198759e+00 2.696162e-01 2.739654e-01 7.470900e+00 1.219023e+06 5.468179e-04 7.664932e+00
 5.362854e-04 7.195687e+00 2.710605e-01 2.754650e-01 7.469300e+00 1.190831e+06 5.479422e-04 7.664068e+00
 5.373615e-04 7.192606e+00 2.725124e-01 2.769728e-01 7.467700e+00 1.163359e+06 5.490689e-04 7.663206e+00
 5.384397e-04 7.189618e+00 2.739718e-01 2.784888e-01 7.466200e+00 1.136488e+06 5.501980e-04 7.662449e+00
 5.395201e-04 7.186622e+00 2.754389e-01 2.800130e-01 7.464700e+00 1.110271e+06 5.513297e-04 7.661695e+00
 5.406027e-04 7.183718e+00 2.769136e-01 2.815455e-01 7.463300e+00 1.084659e+06 5.524637e-04 7.661047e+00
 5.416875e-04 7.180806e+00 2.783959e-01 2.830863e-01 7.461900e+00 1.059637e+06 5.536003e-04 7.660401e+00
 5.427744e-04 7.177986e+00 2.798859e-01 2.846354e-01 7.460600e+00 1.035193e+06 5.547393e-04 7.659860e+00
 5.438636e-04 7.175158e+00 2.813836e-01 2.861929e-01 7.459300e+00 1.011344e+06 5.558808e-04 7.659322e+00
 5.449549e-04 7.172422e+00 2.828890e-01 2.877588e-01 7.458100e+00 9.880135e+05 5.570248e-04 7.658890e+00
 5.460484e-04 7.169777e+00 2.844022e-01 2.893330e-01 7.457000e+00 9.652802e+05 5.581713e-04 7.658564e+00
 5.471441e-04 7.167025e+00 2.859231e-01 2.909158e-01 7.455800e+00 9.430413e+05 5.593203e-04 7.658137e+00
 5.482419e-04 7.164465e+00 2.874519e-01 2.925070e-01 7.454800e+00 9.213429e+05 5.604718e-04 7.657919e+00
 5.493420e-04 7.161896e+00 2.889885e-01 2.941067e-01 7.453800e+00 9.001160e+05 5.616258e-04 7.657704e+00
 5.504443e-04 7.159320e+00 2.905329e-01 2.957150e-01 7.452800e+00 8.794050e+05 5.627823e-04 7.657491e+00
 5.515488e-04 7.156835e+00 2.920853e-01 2.973318e-01 7.451900e+00 8.591973e+05 5.639414e-04 7.657384e+00
 5.526556e-04 7.154341e+00 2.936455e-01 2.989573e-01 7.451000e+00 8.394539e+05 5.651029e-04 7.657280e+00
 5.537645e-04 7.151940e+00 2.952137e-01 3.005914e-01 7.450200e+00 8.201122e+05 5.662671e-04 7.657282e+00
 5.548757e-04 7.149530e+00 2.967898e-01 3.022341e-01 7.449400e+00 8.012664e+05 5.674337e-04 7.657287e+00
 5.559891e-04 7.147212e+00 2.983739e-01 3.038856e-01 7.448700e+00 7.828534e+05 5.686029e-04 7.657398e+00
 5.571047e-04 7.144886e+00 2.999660e-01 3.055458e-01 7.448000e+00 7.649121e+05 5.697747e-04 7.657511e+00
 5.582226e-04 7.142551e+00 3.015661e-01 3.072148e-01 7.447300e+00 7.473339e+05 5.709491e-04 7.657627e+00
 5.593427e-04 7.140408e+00 3.031743e-01 3.088926e-01 7.446800e+00 7.301828e+05 5.721260e-04 7.657953e+00
 5.604651e-04 7.138156e+00 3.047906e-01 3.105792e-01 7.446200e+00 7.134481e+05 5.733055e-04 7.658178e+00
 5.615897e-04 7.135996e+00 3.064149e-01 3.122747e-01 7.445700e+00 6.970512e+05 5.744875e-04 7.658510e+00
 5.627166e-04 7.133827e+00 3.080474e-01 3.139791e-01 7.445200e+00 6.810975e+05 5.756722e-04 7.658844e+00
 5.638457e-04 7.131750e+00 3.096881e-01 3.156924e-01 7.444800e+00 6.654649e+05 5.768595e-04 7.659285e+00
 5.649771e-04 7.129664e+00 3.113370e-01 3.174147e-01 7.444400e+00 6.502120e+05 5.780493e-04 7.659728e+00
 5.661108e-04 7.127670e+00 3.129940e-01 3.191459e-01 7.444100e+00 6.353294e+05 5.792418e-04 7.660279e+00
 5.672468e-04 7.125667e+00 3.146593e-01 3.208862e-01 7.443800e+00 6.207871e+05 5.804369e-04 7.660832e+00
 5.683850e-04 7.123755e+00 3.163328e-01 3.226356e-01 7.443600e+00 6.065364e+05 5.816346e-04 7.661492e+00
 5.695255e-04 7.121835e+00 3.180147e-01 3.243941e-01 7.443400e+00 5.926520e+05 5.828350e-04 7.662155e+00
 5.706683e-04 7.119906e+00 3.197048e-01 3.261617e-01 7.443200e+00 5.791243e+05 5.840380e-04 7.662820e+00
 5.718134e-04 7.118069e+00 3.214033e-01 3.279384e-01 7.443100e+00 5.658665e+05 5.852436e-04 7.663592e+00
 5.729608e-04 7.116222e+00 3.231101e-01 3.297243e-01 7.443000e+00 5.529306e+05 5.864519e-04 7.664368e+00
 5.741105e-04 7.114467e+00 3.248253e-01 3.315195e-01 7.443000e+00 5.402712e+05 5.876629e-04 7.665250e+00
 5.752625e-04 7.112703e+00 3.265489e-01 3.333239e-01 7.443000e+00 5.279374e+05 5.888765e-04 7.666136e+00
 5.764168e-04 7.110930e+00 3.282809e-01 3.351376e-01 7.443000e+00 5.158669e+05 5.900928e-04 7.667024e+00
 5.775734e-04 7.109249e+00 3.300214e-01 3.369606e-01 7.443100e+00 5.040892e+05 5.913118e-04 7.668019e+00
 5.787324e-04 7.107558e+00 3.317704e-01 3.387930e-01 7.443200e+00 4.925971e+05 5.925335e-04 7.669018e+00
 5.798936e-04 7.105858e+00 3.335279e-01 3.406348e-01 7.443300e+00 4.813327e+05 5.937578e-04 7.670019e+00
 5.810572e-04 7.104250e+00 3.352939e-01 3.424859e-01 7.443500e+00 4.703583e+05 5.949849e-04 7.671127e+00
 5.822232e-04 7.102732e+00 3.370685e-01 3.443466e-01 7.443800e+00 4.596336e+05 5.962147e-04 7.672344e+00
 5.833915e-04 7.101106e+00 3.388517e-01 3.462167e-01 7.444000e+00 4.491529e+05 5.974471e-04 7.673458e+00
 5.845621e-04 7.099570e+00 3.406434e-01 3.480963e-01 7.444300e+00 4.389105e+05 5.986824e-04 7.674681e+00
 5.857351e-04 7.098126e+00 3.424438e-01 3.499855e-01 7.444700e+00 4.289010e+05 5.999203e-04 7.676011e+00
 5.869104e-04 7.096672e+00 3.442529e-01 3.518843e-01 7.445100e+00 4.191494e+05 6.011610e-04 7.677344e+00
 5.880881e-04 7.095209e+00 3.460706e-01 3.537927e-01 7.445500e+00 4.095893e+05 6.024044e-04 7.678680e+00
 5.892681e-04 7.093738e+00 3.478970e-01 3.557107e-01 7.445900e+00 4.002610e+05 6.036506e-04 7.680019e+00
 5.904505e-04 7.092356e+00 3.497322e-01 3.576384e-01 7.446400e+00 3.911589e+05 6.048995e-04 7.681466e+00
 5.916353e-04 7.090966e+00 3.515761e-01 3.595758e-01 7.446900e+00 3.822491e+05 6.061512e-04 7.682916e+00
 5.928225e-04 7.089667e+00 3.534288e-01 3.615230e-01 7.447500e+00 3.735691e+05 6.074057e-04 7.684474e+00
 5.940120e-04 7.088358e+00 3.552902e-01 3.634800e-01 7.448100e+00 3.650721e+05 6.086630e-04 7.686036e+00
 5.952040e-04 7.087040e+00 3.571605e-01 3.654467e-01 7.448700e+00 3.567810e+05 6.099230e-04 7.687600e+00
 5.963983e-04 7.085812e+00 3.590397e-01 3.674233e-01 7.449400e+00 3.486775e+05 6.111859e-04 7.689273e+00
 5.975950e-04 7.084475e+00 3.609277e-01 3.694098e-01 7.450000e+00 3.407575e+05 6.124515e-04 7.690844e+00
 5.987941e-04 7.083329e+00 3.628246e-01 3.714062e-01 7.450800e+00 3.330167e+05 6.137200e-04 7.692628e+00
 5.999957e-04 7.082074e+00 3.647305e-01 3.734126e-01 7.451500e+00 3.254634e+05 6.149913e-04 7.694311e+00
 6.011996e-04 7.080909e+00 3.666452e-01 3.754289e-01 7.452300e+00 3.180687e+05 6.162654e-04 7.696102e+00
 6.024060e-04 7.079734e+00 3.685690e-01 3.774552e-01 7.453100e+00 3.108650e+05 6.175423e-04 7.697896e+00
 6.036147e-04 7.078650e+00 3.705017e-01 3.794916e-01 7.454000e+00 3.038123e+05 6.188221e-04 7.699799e+00
 6.048259e-04 7.077557e+00 3.724435e-01 3.815380e-01 7.454900e+00 2.969302e+05 6.201048e-04 7.701705e+00
 6.060396e-04 7.076454e+00 3.743942e-01 3.835945e-01 7.455800e+00 2.901923e+05 6.213903e-04 7.703614e+00
 6.072556e-04 7.075441e+00 3.763541e-01 3.856612e-01 7.456800e+00 2.836175e+05 6.226786e-04 7.705633e+00
 6.084742e-04 7.074319e+00 3.783230e-01 3.877381e-01 7.457700e+00 2.772017e+05 6.239698e-04 7.707549e+00
 6.096951e-04 7.073287e+00 3.803010e-01 3.898251e-01 7.458700e+00 2.709305e+05 6.252640e-04 7.709574e+00
 6.109185e-04 7.072346e+00 3.822882e-01 3.919224e-01 7.459800e+00 2.648006e+05 6.265610e-04 7.711708e+00
 6.121444e-04 7.071395e+00 3.842845e-01 3.940300e-01 7.460900e+00 2.588087e+05 6.278609e-04 7.713846e+00
 6.133727e-04 7.070434e+00 3.862900e-01 3.961478e-01 7.462000e+00 2.529517e+05 6.291637e-04 7.715987e+00
 6.146035e-04 7.069463e+00 3.883047e-01 3.982760e-01 7.463100e+00 2.472363e+05 6.304694e-04 7.718131e+00
 6.158367e-04 7.068483e+00 3.903285e-01 4.004146e-01 7.464200e+00 2.416399e+05 6.317780e-04 7.720279e+00
 6.170724e-04 7.067593e+00 3.923617e-01 4.025635e-01 7.465400e+00 2.361883e+05 6.330896e-04 7.722537e+00
 6.183107e-04 7.066793e+00 3.944041e-01 4.047229e-01 7.466700e+00 2.308498e+05 6.344041e-04 7.724903e+00
 6.195513e-04 7.065883e+00 3.964558e-01 4.068928e-01 7.467900e+00 2.256495e+05 6.357215e-04 7.727168e+00
 6.207945e-04 7.065063e+00 3.985168e-01 4.090731e-01 7.469200e+00 2.205569e+05 6.370419e-04 7.729542e+00
 6.220402e-04 7.064234e+00 4.005871e-01 4.112640e-01 7.470500e+00 2.155873e+05 6.383652e-04 7.731919e+00
 6.232884e-04 7.063394e+00 4.026668e-01 4.134654e-01 7.471800e+00 2.107118e+05 6.396916e-04 7.734301e+00
 6.245391e-04 7.062645e+00 4.047558e-01 4.156774e-01 7.473200e+00 2.059628e+05 6.410209e-04 7.736792e+00
 6.257922e-04 7.061786e+00 4.068543e-01 4.179001e-01 7.474500e+00 2.013201e+05 6.423531e-04 7.739180e+00
 6.270480e-04 7.061116e+00 4.089621e-01 4.201333e-01 7.476000e+00 1.967977e+05 6.436884e-04 7.741785e+00
 6.283062e-04 7.060337e+00 4.110794e-01 4.223773e-01 7.477400e+00 1.923605e+05 6.450267e-04 7.744287e+00
 6.295669e-04 7.059647e+00 4.132062e-01 4.246320e-01 7.478900e+00 1.880304e+05 6.463680e-04 7.746899e+00
 6.308302e-04 7.058848e+00 4.153425e-01 4.268975e-01 7.480300e+00 1.838048e+05 6.477123e-04 7.749409e+00
 6.320960e-04 7.058238e+00 4.174882e-01 4.291737e-01 7.481900e+00 1.796661e+05 6.490596e-04 7.752135e+00
 6.333644e-04 7.057518e+00 4.196435e-01 4.314607e-01 7.483400e+00 1.756273e+05 6.504099e-04 7.754758e+00
 6.346353e-04 7.056889e+00 4.218083e-01 4.337586e-01 7.485000e+00 1.716859e+05 6.517633e-04 7.757492e+00
 6.359087e-04 7.056148e+00 4.239827e-01 4.360674e-01 7.486500e+00 1.678182e+05 6.531198e-04 7.760124e+00
 6.371847e-04 7.055598e+00 4.261666e-01 4.383870e-01 7.488200e+00 1.640509e+05 6.544793e-04 7.762971e+00
 6.384633e-04 7.054938e+00 4.283602e-01 4.407176e-01 7.489800e+00 1.603675e+05 6.558419e-04 7.765717e+00
 6.397444e-04 7.054367e+00 4.305634e-01 4.430592e-01 7.491500e+00 1.567663e+05 6.572075e-04 7.768573e+00
 6.410281e-04 7.053686e+00 4.327762e-01 4.454117e-01 7.493100e+00 1.532584e+05 6.585763e-04 7.771327e+00
 6.423144e-04 7.053194e+00 4.349987e-01 4.477753e-01 7.494900e+00 1.498156e+05 6.599481e-04 7.774297e+00
 6.436032e-04 7.052592e+00 4.372309e-01 4.501500e-01 7.496600e+00 1.464559e+05 6.613230e-04 7.777165e+00
 6.448947e-04 7.051980e+00 4.394728e-01 4.525357e-01 7.498300e+00 1.431771e+05 6.627011e-04 7.780038e+00
 6.461887e-04 7.051458e+00 4.417244e-01 4.549326e-01 7.500100e+00 1.399651e+05 6.640822e-04 7.783021e+00
 6.474854e-04 7.050925e+00 4.439857e-01 4.573407e-01 7.501900e+00 1.368364e+05 6.654665e-04 7.786008e+00
 6.487846e-04 7.050482e+00 4.462569e-01 4.597599e-01 7.503800e+00 1.337713e+05 6.668539e-04 7.789106e+00
 6.500864e-04 7.049928e+00 4.485378e-01 4.621903e-01 7.505600e+00 1.307800e+05 6.682445e-04 7.792101e+00
 6.513909e-04 7.049464e+00 4.508285e-01 4.646320e-01 7.507500e+00 1.278551e+05 6.696382e-04 7.795208e+00
 6.526979e-04 7.048989e+00 4.531290e-01 4.670849e-01 7.509400e+00 1.249950e+05 6.710351e-04 7.798318e+00
 6.540076e-04 7.048504e+00 4.554393e-01 4.695492e-01 7.511300e+00 1.222037e+05 6.724352e-04 7.801433e+00
 6.553200e-04 7.048008e+00 4.577595e-01 4.720248e-01 7.513200e+00 1.194689e+05 6.738384e-04 7.804553e+00
 6.566349e-04 7.047601e+00 4.600896e-01 4.745117e-01 7.515200e+00 1.168052e+05 6.752448e-04 7.807783e+00
 6.579525e-04 7.047084e+00 4.624296e-01 4.770101e-01 7.517100e+00 1.141952e+05 6.766545e-04 7.810912e+00
 6.592727e-04 7.046657e+00 4.647794e-01 4.795198e-01 7.519100e+00 1.116480e+05 6.780673e-04 7.814151e+00
 6.605956e-04 7.046218e+00 4.671392e-01 4.820411e-01 7.521100e+00 1.091620e+05 6.794833e-04 7.817395e+00
 6.619212e-04 7.045869e+00 4.695090e-01 4.845738e-01 7.523200e+00 1.067309e+05 6.809026e-04 7.820750e+00
 6.632494e-04 7.045410e+00 4.718887e-01 4.871180e-01 7.525200e+00 1.043439e+05 6.823251e-04 7.824003e+00
 6.645802e-04 7.045039e+00 4.742784e-01 4.896737e-01 7.527300e+00 1.020190e+05 6.837509e-04 7.827367e+00
 6.659138e-04 7.044658e+00 4.766780e-01 4.922411e-01 7.529400e+00 9.975451e+04 6.851799e-04 7.830736e+00
 6.672500e-04 7.044266e+00 4.790877e-01 4.948200e-01 7.531500e+00 9.753086e+04 6.866122e-04 7.834109e+00
 6.685889e-04 7.043864e+00 4.815074e-01 4.974106e-01 7.533600e+00 9.536063e+04 6.880477e-04 7.837487e+00
 6.699304e-04 7.043550e+00 4.839372e-01 5.000128e-01 7.535800e+00 9.324249e+04 6.894865e-04 7.840977e+00
 6.712747e-04 7.043226e+00 4.863770e-01 5.026267e-01 7.538000e+00 9.116669e+04 6.909287e-04 7.844471e+00
 6.726217e-04 7.042891e+00 4.888269e-01 5.052523e-01 7.540200e+00 8.914072e+04 6.923741e-04 7.847971e+00
 6.739714e-04 7.042545e+00 4.912868e-01 5.078897e-01 7.542400e+00 8.716334e+04 6.938228e-04 7.851475e+00
 6.753237e-04 7.042188e+00 4.937569e-01 5.105388e-01 7.544600e+00 8.522935e+04 6.952748e-04 7.854983e+00
 6.766788e-04 7.041820e+00 4.962371e-01 5.131997e-01 7.546800e+00 8.332997e+04 6.967302e-04 7.858497e+00
 6.780366e-04 7.041542e+00 4.987274e-01 5.158725e-01 7.549100e+00 8.148773e+04 6.981889e-04 7.862122e+00
 6.793972e-04 7.041252e+00 5.012279e-01 5.185571e-01 7.551400e+00 7.967825e+04 6.996510e-04 7.865753e+00
 6.807604e-04 7.040952e+00 5.037385e-01 5.212536e-01 7.553700e+00 7.791214e+04 7.011164e-04 7.869388e+00
 6.821264e-04 7.040640e+00 5.062594e-01 5.239620e-01 7.556000e+00 7.618834e+04 7.025852e-04 7.873029e+00
 6.834952e-04 7.040317e+00 5.087904e-01 5.266823e-01 7.558300e+00 7.449867e+04 7.040573e-04 7.876674e+00
 6.848667e-04 7.039984e+00 5.113316e-01 5.294146e-01 7.560600e+00 7.284947e+04 7.055329e-04 7.880324e+00
 6.862409e-04 7.039739e+00 5.138830e-01 5.321589e-01 7.563000e+00 7.123974e+04 7.070118e-04 7.884086e+00
 6.876179e-04 7.039483e+00 5.164447e-01 5.349152e-01 7.565400e+00 6.965844e+04 7.084942e-04 7.887854e+00
 6.889977e-04 7.039216e+00 5.190166e-01 5.376835e-01 7.567800e+00 6.811833e+04 7.099799e-04 7.891627e+00
 6.903802e-04 7.038938e+00 5.215987e-01 5.404639e-01 7.570200e+00 6.661182e+04 7.114691e-04 7.895405e+00
 6.917655e-04 7.038649e+00 5.241912e-01 5.432564e-01 7.572600e+00 6.514450e+04 7.129617e-04 7.899188e+00
 6.931536e-04 7.038349e+00 5.267939e-01 5.460610e-01 7.575000e+00 6.370599e+04 7.144578e-04 7.902976e+00
 6.945445e-04 7.038138e+00 5.294069e-01 5.488778e-01 7.577500e+00 6.229577e+04 7.159573e-04 7.906877e+00
 6.959381e-04 7.037815e+00 5.320302e-01 5.517067e-01 7.579900e+00 6.092525e+04 7.174603e-04 7.910675e+00
 6.973346e-04 7.037581e+00 5.346638e-01 5.545478e-01 7.582400e+00 5.958156e+04 7.189668e-04 7.914586e+00
 6.987338e-04 7.037336e+00 5.373078e-01 5.574012e-01 7.584900e+00 5.826995e+04 7.204767e-04 7.918503e+00
 7.001359e-04 7.037080e+00 5.399621e-01 5.602668e-01 7.587400e+00 5.698118e+04 7.219902e-04 7.922425e+00
 7.015408e-04 7.036812e+00 5.426267e-01 5.631446e-01 7.589900e+00 5.572598e+04 7.235072e-04 7.926352e+00
 7.029485e-04 7.036634e+00 5.453017e-01 5.660348e-01 7.592500e+00 5.450344e+04 7.250276e-04 7.930393e+00
 7.043590e-04 7.036344e+00 5.479871e-01 5.689372e-01 7.595000e+00 5.330203e+04 7.265516e-04 7.934331e+00
 7.057724e-04 7.036142e+00 5.506828e-01 5.718520e-01 7.597600e+00 5.212929e+04 7.280792e-04 7.938382e+00
 7.071886e-04 7.035930e+00 5.533890e-01 5.747792e-01 7.600200e+00 5.098450e+04 7.296102e-04 7.942439e+00
 7.086076e-04 7.035706e+00 5.561055e-01 5.777188e-01 7.602800e+00 4.986196e+04 7.311449e-04 7.946501e+00
 7.100295e-04 7.035470e+00 5.588324e-01 5.806707e-01 7.605400e+00 4.876865e+04 7.326831e-04 7.950569e+00
 7.114542e-04 7.035224e+00 5.615698e-01 5.836351e-01 7.608000e+00 4.769893e+04 7.342249e-04 7.954642e+00
 7.128818e-04 7.034966e+00 5.643176e-01 5.866120e-01 7.610600e+00 4.665230e+04 7.357703e-04 7.958721e+00
 7.143123e-04 7.034696e+00 5.670758e-01 5.896014e-01 7.613200e+00 4.562825e+04 7.373193e-04 7.962805e+00
 7.157456e-04 7.034515e+00 5.698444e-01 5.926032e-01 7.615900e+00 4.462631e+04 7.388718e-04 7.967003e+00
 7.171818e-04 7.034323e+00 5.726235e-01 5.956176e-01 7.618600e+00 4.365044e+04 7.404281e-04 7.971207e+00
 7.186209e-04 7.034019e+00 5.754131e-01 5.986445e-01 7.621200e+00 4.269338e+04 7.419879e-04 7.975308e+00
 7.200628e-04 7.033804e+00 5.782131e-01 6.016840e-01 7.623900e+00 4.175907e+04 7.435514e-04 7.979523e+00
 7.215077e-04 7.033577e+00 5.810235e-01 6.047361e-01 7.626600e+00 4.084695e+04 7.451186e-04 7.983744e+00
 7.229555e-04 7.033339e+00 5.838445e-01 6.078008e-01 7.629300e+00 3.995441e+04 7.466894e-04 7.987971e+00
 7.244061e-04 7.033089e+00 5.866759e-01 6.108781e-01 7.632000e+00 3.907698e+04 7.482639e-04 7.992203e+00
 7.258597e-04 7.032928e+00 5.895178e-01 6.139680e-01 7.634800e+00 3.822639e+04 7.498420e-04 7.996550e+00
 7.273162e-04 7.032656e+00 5.923702e-01 6.170707e-01 7.637500e+00 3.739009e+04 7.514239e-04 8.000794e+00
 7.287756e-04 7.032472e+00 5.952331e-01 6.201860e-01 7.640300e+00 3.657364e+04 7.530095e-04 8.005153e+00
 7.302380e-04 7.032176e+00 5.981065e-01 6.233141e-01 7.643000e+00 3.577656e+04 7.545988e-04 8.009409e+00
 7.317033e-04 7.031969e+00 6.009904e-01 6.264548e-01 7.645800e+00 3.499468e+04 7.561918e-04 8.013779e+00
 7.331715e-04 7.031750e+00 6.038848e-01 6.296084e-01 7.648600e+00 3.423316e+04 7.577886e-04 8.018156e+00
 7.346427e-04 7.031519e+00 6.067897e-01 6.327747e-01 7.651400e+00 3.348789e+04 7.593891e-04 8.022538e+00
 7.361168e-04 7.031277e+00 6.097052e-01 6.359538e-01 7.654200e+00 3.275852e+04 7.609934e-04 8.026927e+00
 7.375939e-04 7.031024e+00 6.126311e-01 6.391456e-01 7.657000e+00 3.204471e+04 7.626015e-04 8.031321e+00
 7.390739e-04 7.030759e+00 6.155676e-01 6.423504e-01 7.659800e+00 3.134948e+04 7.642134e-04 8.035722e+00
 7.405569e-04 7.030482e+00 6.185146e-01 6.455679e-01 7.662600e+00 3.066575e+04 7.658291e-04 8.040128e+00
 7.420429e-04 7.030193e+00 6.214721e-01 6.487983e-01 7.665400e+00 3.000143e+04 7.674485e-04 8.044541e+00
 7.435319e-04 7.029993e+00 6.244401e-01 6.520416e-01 7.668300e+00 2.934806e+04 7.690718e-04 8.049069e+00
 7.450238e-04 7.029682e+00 6.274187e-01 6.552978e-01 7.671100e+00 2.871169e+04 7.706990e-04 8.053494e+00
 7.465188e-04 7.029458e+00 6.304078e-01 6.585669e-01 7.674000e+00 2.808883e+04 7.723300e-04 8.058034e+00
 7.480167e-04 7.029223e+00 6.334074e-01 6.618489e-01 7.676900e+00 2.747918e+04 7.739648e-04 8.062581e+00
 7.495177e-04 7.028877e+00 6.364176e-01 6.651439e-01 7.679700e+00 2.688247e+04 7.756035e-04 8.067025e+00
 7.510217e-04 7.028618e+00 6.394383e-01 6.684518e-01 7.682600e+00 2.630128e+04 7.772461e-04 8.071584e+00
 7.525287e-04 7.028348e+00 6.424695e-01 6.717727e-01 7.685500e+00 2.573098e+04 7.788926e-04 8.076150e+00
 7.540387e-04 7.028067e+00 6.455112e-01 6.751066e-01 7.688400e+00 2.517412e+04 7.805430e-04 8.080722e+00
 7.555517e-04 7.027773e+00 6.485635e-01 6.784535e-01 7.691300e+00 2.463039e+04 7.821973e-04 8.085300e+00
 7.570678e-04 7.027468e+00 6.516263e-01 6.818134e-01 7.694200e+00 2.409813e+04 7.838556e-04 8.089885e+00
 7.585869e-04 7.027151e+00 6.546996e-01 6.851863e-01 7.697100e+00 2.357710e+04 7.855178e-04 8.094476e+00
 7.601091e-04 7.026923e+00 6.577834e-01 6.885723e-01 7.700100e+00 2.306706e+04 7.871839e-04 8.099183e+00
 7.616343e-04 7.026583e+00 6.608777e-01 6.919713e-01 7.703000e+00 2.256904e+04 7.888540e-04 8.103788e+00
 7.631626e-04 7.026231e+00 6.639826e-01 6.953834e-01 7.705900e+00 2.208272e+04 7.905281e-04 8.108398e+00
 7.646939e-04 7.025967e+00 6.670979e-01 6.988086e-01 7.708900e+00 2.160543e+04 7.922062e-04 8.113125e+00
 7.662283e-04 7.025592e+00 6.702238e-01 7.022469e-01 7.711800e+00 2.114055e+04 7.938882e-04 8.117749e+00
 7.677658e-04 7.025305e+00 6.733602e-01 7.056983e-01 7.714800e+00 2.068541e+04 7.955743e-04 8.122490e+00
 7.693064e-04 7.024906e+00 6.765070e-01 7.091628e-01 7.717700e+00 2.023983e+04 7.972645e-04 8.127127e+00
 7.708501e-04 7.024595e+00 6.796644e-01 7.126404e-01 7.720700e+00 1.980359e+04 7.989586e-04 8.131880e+00
 7.723969e-04 7.024273e+00 6.828322e-01 7.161312e-01 7.723700e+00 1.937868e+04 8.006569e-04 8.136641e+00
 7.739468e-04 7.023839e+00 6.860105e-01 7.196351e-01 7.726600e+00 1.896159e+04 8.023591e-04 8.141298e+00
 7.754997e-04 7.023493e+00 6.891993e-01 7.231522e-01 7.729600e+00 1.855532e+04 8.040655e-04 8.146072e+00
 7.770558e-04 7.023136e+00 6.923986e-01 7.266824e-01 7.732600e+00 1.815650e+04 8.057760e-04 8.150853e+00
 7.786151e-04 7.022767e+00 6.956083e-01 7.302259e-01 7.735600e+00 1.776703e+04 8.074905e-04 8.155640e+00
 7.801774e-04 7.022386e+00 6.988284e-01 7.337825e-01 7.738600e+00 1.738567e+04 8.092092e-04 8.160435e+00
 7.817429e-04 7.021993e+00 7.020590e-01 7.373523e-01 7.741600e+00 1.701325e+04 8.109320e-04 8.165236e+00
 7.833116e-04 7.021589e+00 7.053001e-01 7.409353e-01 7.744600e+00 1.664953e+04 8.126590e-04 8.170044e+00
 7.848833e-04 7.021172e+00 7.085515e-01 7.445316e-01 7.747600e+00 1.629243e+04 8.143901e-04 8.174860e+00
 7.864583e-04 7.020744e+00 7.118134e-01 7.481410e-01 7.750600e+00 1.594368e+04 8.161254e-04 8.179682e+00
 7.880364e-04 7.020305e+00 7.150857e-01 7.517637e-01 7.753600e+00 1.560307e+04 8.178648e-04 8.184511e+00
 7.896176e-04 7.019853e+00 7.183684e-01 7.553996e-01 7.756600e+00 1.526953e+04 8.196085e-04 8.189347e+00
 7.912021e-04 7.019490e+00 7.216614e-01 7.590487e-01 7.759700e+00 1.494291e+04 8.213564e-04 8.194301e+00
 7.927897e-04 7.019016e+00 7.249648e-01 7.627111e-01 7.762700e+00 1.462391e+04 8.231085e-04 8.199151e+00
 7.943805e-04 7.018529e+00 7.282786e-01 7.663868e-01 7.765700e+00 1.431234e+04 8.248648e-04 8.204009e+00
 7.959745e-04 7.018031e+00 7.316028e-01 7.700756e-01 7.768700e+00 1.400639e+04 8.266254e-04 8.208873e+00
 7.975716e-04 7.017621e+00 7.349373e-01 7.737778e-01 7.771800e+00 1.370838e+04 8.283902e-04 8.213856e+00
 7.991720e-04 7.017099e+00 7.382821e-01 7.774932e-01 7.774800e+00 1.341651e+04 8.301593e-04 8.218735e+00
 8.007756e-04 7.016565e+00 7.416372e-01 7.812219e-01 7.777800e+00 1.313066e+04 8.319328e-04 8.223621e+00
 8.023825e-04 7.016120e+00 7.450026e-01 7.849638e-01 7.780900e+00 1.285221e+04 8.337105e-04 8.228626e+00
 8.039925e-04 7.015564e+00 7.483783e-01 7.887190e-01 7.783900e+00 1.257800e+04 8.354925e-04 8.233527e+00
 8.056058e-04 7.015095e+00 7.517642e-01 7.924875e-01 7.787000e+00 1.231162e+04 8.372789e-04 8.238546e+00
 8.072223e-04 7.014515e+00 7.551605e-01 7.962693e-01 7.790000e+00 1.204928e+04 8.390696e-04 8.243461e+00
 8.088421e-04 7.014023e+00 7.585669e-01 8.000643e-01 7.793100e+00 1.179373e+04 8.408647e-04 8.248495e+00
 8.104651e-04 7.013420e+00 7.619836e-01 8.038726e-01 7.796100e+00 1.154342e+04 8.426641e-04 8.253425e+00
 8.120642e-04 7.012905e+00 7.654106e-01 8.076943e-01 7.799200e+00 1.129959e+04 8.444378e-04 8.258474e+00
 8.136361e-04 7.012277e+00 7.688485e-01 8.115302e-01 7.802200e+00 1.105939e+04 8.461822e-04 8.263419e+00
 8.152111e-04 7.011737e+00 7.722975e-01 8.153803e-01 7.805300e+00 1.082476e+04 8.479306e-04 8.268484e+00
 8.167891e-04 7.011084e+00 7.757576e-01 8.192447e-01 7.808300e+00 1.059618e+04 8.496833e-04 8.273445e+00
 8.183702e-04 7.010518e+00 7.792287e-01 8.231234e-01 7.811400e+00 1.037162e+04 8.514400e-04 8.278525e+00
 8.199544e-04 7.009840e+00 7.827108e-01 8.270164e-01 7.814400e+00 1.015226e+04 8.532010e-04 8.283501e+00
 8.215416e-04 7.009250e+00 7.862039e-01 8.309237e-01 7.817500e+00 9.937959e+03 8.549662e-04 8.288597e+00
 8.231319e-04 7.008546e+00 7.897081e-01 8.348453e-01 7.820500e+00 9.727422e+03 8.567355e-04 8.293589e+00
 8.247252e-04 7.007931e+00 7.932231e-01 8.387812e-01 7.823600e+00 9.522332e+03 8.585091e-04 8.298701e+00
 8.263217e-04 7.007303e+00 7.967492e-01 8.427313e-01 7.826700e+00 9.320833e+03 8.602869e-04 8.303820e+00
 8.279212e-04 7.006562e+00 8.002861e-01 8.466958e-01 7.829700e+00 9.123992e+03 8.620690e-04 8.308836e+00
 8.295239e-04 7.005909e+00 8.038340e-01 8.506745e-01 7.832800e+00 8.931693e+03 8.638553e-04 8.313971e+00
 8.311296e-04 7.005243e+00 8.073928e-01 8.546675e-01 7.835900e+00 8.743292e+03 8.656458e-04 8.319115e+00
 8.327384e-04 7.004465e+00 8.109624e-01 8.586748e-01 7.838900e+00 8.558710e+03 8.674407e-04 8.324154e+00
 8.343504e-04 7.003774e+00 8.145428e-01 8.626964e-01 7.842000e+00 8.378388e+03 8.692399e-04 8.329313e+00
 8.359655e-04 7.003071e+00 8.181341e-01 8.667322e-01 7.845100e+00 8.202223e+03 8.710434e-04 8.334481e+00
 8.375837e-04 7.002256e+00 8.217362e-01 8.707823e-01 7.848100e+00 8.029120e+03 8.728512e-04 8.339544e+00
 8.392050e-04 7.001528e+00 8.253490e-01 8.748467e-01 7.851200e+00 7.860500e+03 8.746633e-04 8.344727e+00
 8.408295e-04 7.000788e+00 8.289725e-01 8.789253e-01 7.854300e+00 7.694801e+03 8.764799e-04 8.349919e+00
 8.424571e-04 7.000035e+00 8.326068e-01 8.830182e-01 7.857400e+00 7.533394e+03 8.783007e-04 8.355119e+00
 8.440879e-04 6.999170e+00 8.362518e-01 8.871252e-01 7.860400e+00 7.374775e+03 8.801260e-04 8.360215e+00
 8.457218e-04 6.998392e+00 8.399074e-01 8.912466e-01 7.863500e+00 7.220264e+03 8.819557e-04 8.365431e+00
 8.473589e-04 6.997603e+00 8.435737e-01 8.953821e-01 7.866600e+00 7.068416e+03 8.837898e-04 8.370655e+00
 8.489992e-04 6.996700e+00 8.472506e-01 8.995319e-01 7.869600e+00 6.920063e+03 8.856283e-04 8.375775e+00
 8.506426e-04 6.995886e+00 8.509380e-01 9.036958e-01 7.872700e+00 6.775123e+03 8.874713e-04 8.381016e+00
 8.522892e-04 6.995060e+00 8.546361e-01 9.078739e-01 7.875800e+00 6.633092e+03 8.893187e-04 8.386266e+00
 8.539390e-04 6.994121e+00 8.583446e-01 9.120663e-01 7.878800e+00 6.493913e+03 8.911706e-04 8.391410e+00
 8.555920e-04 6.993270e+00 8.620636e-01 9.162727e-01 7.881900e+00 6.357934e+03 8.930270e-04 8.396677e+00
 8.572482e-04 6.992406e+00 8.657931e-01 9.204934e-01 7.885000e+00 6.225077e+03 8.948879e-04 8.401951e+00
 8.589076e-04 6.991431e+00 8.695330e-01 9.247281e-01 7.888000e+00 6.094490e+03 8.967533e-04 8.407121e+00
 8.605702e-04 6.990543e+00 8.732833e-01 9.289770e-01 7.891100e+00 5.967284e+03 8.986232e-04 8.412412e+00
 8.622361e-04 6.989644e+00 8.770440e-01 9.332401e-01 7.894200e+00 5.842618e+03 9.004977e-04 8.417712e+00
 8.639051e-04 6.988632e+00 8.808150e-01 9.375172e-01 7.897200e+00 5.720444e+03 9.023767e-04 8.422907e+00
 8.655774e-04 6.987708e+00 8.845963e-01 9.418084e-01 7.900300e+00 5.601430e+03 9.042604e-04 8.428223e+00
 8.672530e-04 6.986671e+00 8.883879e-01 9.461136e-01 7.903300e+00 5.484430e+03 9.061486e-04 8.433435e+00
 8.689317e-04 6.985724e+00 8.921897e-01 9.504330e-01 7.906400e+00 5.370111e+03 9.080414e-04 8.438769e+00
 8.706137e-04 6.984663e+00 8.960017e-01 9.547663e-01 7.909400e+00 5.258407e+03 9.099389e-04 8.443998e+00
 8.722990e-04 6.983691e+00 8.998238e-01 9.591137e-01 7.912500e+00 5.148922e+03 9.118410e-04 8.449349e+00
 8.739876e-04 6.982607e+00 9.036561e-01 9.634751e-01 7.915500e+00 5.041612e+03 9.137478e-04 8.454595e+00
 8.756794e-04 6.981611e+00 9.074985e-01 9.678504e-01 7.918600e+00 4.936756e+03 9.156592e-04 8.459964e+00
 8.773745e-04 6.980503e+00 9.113509e-01 9.722397e-01 7.921600e+00 4.834295e+03 9.175753e-04 8.465227e+00
 8.790728e-04 6.979383e+00 9.152134e-01 9.766430e-01 7.924600e+00 4.733552e+03 9.194962e-04 8.470499e+00
 8.807745e-04 6.978352e+00 9.190858e-01 9.810601e-01 7.927700e+00 4.635416e+03 9.214217e-04 8.475894e+00
 8.824794e-04 6.977209e+00 9.229681e-01 9.854912e-01 7.930700e+00 4.539217e+03 9.233520e-04 8.481183e+00
 8.841877e-04 6.976053e+00 9.268604e-01 9.899361e-01 7.933700e+00 4.444920e+03 9.252870e-04 8.486482e+00
 8.858992e-04 6.974987e+00 9.307625e-01 9.943949e-01 7.936800e+00 4.353060e+03 9.272269e-04 8.491903e+00
 8.876141e-04 6.973808e+00 9.346744e-01 9.988676e-01 7.939800e+00 4.262725e+03 9.291715e-04 8.497219e+00
 8.893323e-04 6.972617e+00 9.385961e-01 1.003354e+00 7.942800e+00 4.174448e+03 9.311209e-04 8.502544e+00
 8.910538e-04 6.971415e+00 9.425275e-01 1.007854e+00 7.945800e+00 4.088180e+03 9.330751e-04 8.507877e+00
 8.927786e-04 6.970202e+00 9.464686e-01 1.012368e+00 7.948800e+00 4.003606e+03 9.350341e-04 8.513220e+00
 8.945068e-04 6.968976e+00 9.504194e-01 1.016896e+00 7.951800e+00 3.920955e+03 9.369980e-04 8.518572e+00
 8.962383e-04 6.967740e+00 9.543797e-01 1.021437e+00 7.954800e+00 3.840180e+03 9.389668e-04 8.523932e+00
 8.979732e-04 6.966491e+00 9.583497e-01 1.025992e+00 7.957800e+00 3.760733e+03 9.409405e-04 8.529302e+00
 8.997114e-04 6.965232e+00 9.623291e-01 1.030561e+00 7.960800e+00 3.683092e+03 9.429190e-04 8.534680e+00
 9.014530e-04 6.963960e+00 9.663180e-01 1.035143e+00 7.963800e+00 3.607212e+03 9.449025e-04 8.540068e+00
 9.031980e-04 6.962678e+00 9.703163e-01 1.039739e+00 7.966800e+00 3.533051e+03 9.468909e-04 8.545465e+00
 9.049464e-04 6.961284e+00 9.743241e-01 1.044349e+00 7.969700e+00 3.460102e+03 9.488843e-04 8.550755e+00
 9.066981e-04 6.959978e+00 9.783411e-01 1.048972e+00 7.972700e+00 3.389036e+03 9.508826e-04 8.556170e+00
 9.084532e-04 6.958662e+00 9.823674e-01 1.053608e+00 7.975700e+00 3.319576e+03 9.528859e-04 8.561595e+00
 9.102117e-04 6.957234e+00 9.864030e-01 1.058258e+00 7.978600e+00 3.251463e+03 9.548943e-04 8.566913e+00
 9.119737e-04 6.955895e+00 9.904477e-01 1.062922e+00 7.981600e+00 3.184672e+03 9.569076e-04 8.572355e+00
 9.137390e-04 6.954545e+00 9.945016e-01 1.067599e+00 7.984600e+00 3.119390e+03 9.589260e-04 8.577807e+00
 9.155078e-04 6.953083e+00 9.985646e-01 1.072289e+00 7.987500e+00 3.055165e+03 9.609495e-04 8.583153e+00
 9.172799e-04 6.951611e+00 1.002637e+00 1.076993e+00 7.990400e+00 2.992800e+03 9.629780e-04 8.588508e+00
 9.190555e-04 6.950228e+00 1.006718e+00 1.081709e+00 7.993400e+00 2.931637e+03 9.650116e-04 8.593988e+00
 9.208346e-04 6.948733e+00 1.010807e+00 1.086440e+00 7.996300e+00 2.871654e+03 9.670504e-04 8.599362e+00
 9.226171e-04 6.947227e+00 1.014906e+00 1.091183e+00 7.999200e+00 2.812829e+03 9.690943e-04 8.604745e+00
 9.244030e-04 6.945711e+00 1.019014e+00 1.095939e+00 8.002100e+00 2.755518e+03 9.711433e-04 8.610138e+00
 9.261924e-04 6.944184e+00 1.023130e+00 1.100709e+00 8.005000e+00 2.699121e+03 9.731974e-04 8.615540e+00
 9.279853e-04 6.942646e+00 1.027255e+00 1.105492e+00 8.007900e+00 2.644176e+03 9.752568e-04 8.620951e+00
 9.297816e-04 6.941097e+00 1.031389e+00 1.110288e+00 8.010800e+00 2.590284e+03 9.773214e-04 8.626372e+00
 9.315814e-04 6.939537e+00 1.035532e+00 1.115097e+00 8.013700e+00 2.537426e+03 9.793912e-04 8.631802e+00
 9.333847e-04 6.937967e+00 1.039683e+00 1.119919e+00 8.016600e+00 2.485927e+03 9.814662e-04 8.637242e+00
 9.351915e-04 6.936387e+00 1.043842e+00 1.124753e+00 8.019500e+00 2.435241e+03 9.835465e-04 8.642691e+00
 9.370018e-04 6.934695e+00 1.048010e+00 1.129601e+00 8.022300e+00 2.385858e+03 9.856321e-04 8.648034e+00
 9.388156e-04 6.933093e+00 1.052186e+00 1.134462e+00 8.025200e+00 2.337415e+03 9.877229e-04 8.653503e+00
 9.406329e-04 6.931380e+00 1.056371e+00 1.139335e+00 8.028000e+00 2.289896e+03 9.898191e-04 8.658864e+00
 9.424537e-04 6.929758e+00 1.060564e+00 1.144222e+00 8.030900e+00 2.243596e+03 9.919206e-04 8.664353e+00
 9.442780e-04 6.928024e+00 1.064765e+00 1.149121e+00 8.033700e+00 2.198329e+03 9.940275e-04 8.669734e+00
 9.461059e-04 6.926281e+00 1.068974e+00 1.154032e+00 8.036500e+00 2.153615e+03 9.961397e-04 8.675124e+00
 9.479373e-04 6.924627e+00 1.073191e+00 1.158956e+00 8.039400e+00 2.110050e+03 9.982574e-04 8.680642e+00
 9.497722e-04 6.922863e+00 1.077417e+00 1.163893e+00 8.042200e+00 2.067601e+03 1.000380e-03 8.686052e+00
 9.516108e-04 6.921089e+00 1.081650e+00 1.168843e+00 8.045000e+00 2.025809e+03 1.002509e-03 8.691472e+00
 9.534528e-04 6.919305e+00 1.085891e+00 1.173805e+00 8.047800e+00 1.984947e+03 1.004643e-03 8.696902e+00
 9.552984e-04 6.917410e+00 1.090140e+00 1.178779e+00 8.050500e+00 1.944993e+03 1.006782e-03 8.702224e+00
 9.571476e-04 6.915606e+00 1.094397e+00 1.183766e+00 8.053300e+00 1.905790e+03 1.008927e-03 8.707674e+00
 9.590004e-04 6.913792e+00 1.098662e+00 1.188765e+00 8.056100e+00 1.867325e+03 1.011077e-03 8.713133e+00
 9.608568e-04 6.911867e+00 1.102934e+00 1.193777e+00 8.058800e+00 1.829715e+03 1.013233e-03 8.718485e+00
 9.627168e-04 6.910033e+00 1.107214e+00 1.198800e+00 8.061600e+00 1.792939e+03 1.015395e-03 8.723964e+00
 9.645803e-04 6.908089e+00 1.111501e+00 1.203836e+00 8.064300e+00 1.756978e+03 1.017562e-03 8.729336e+00
 9.664475e-04 6.906236e+00 1.115796e+00 1.208884e+00 8.067100e+00 1.721689e+03 1.019735e-03 8.734835e+00
 9.683183e-04 6.904273e+00 1.120098e+00 1.213944e+00 8.069800e+00 1.687181e+03 1.021913e-03 8.740227e+00
 9.701927e-04 6.902300e+00 1.124408e+00 1.219016e+00 8.072500e+00 1.653436e+03 1.024097e-03 8.745629e+00
 9.720707e-04 6.900318e+00 1.128724e+00 1.224100e+00 8.075200e+00 1.620435e+03 1.026286e-03 8.751040e+00
 9.739524e-04 6.898326e+00 1.133048e+00 1.229196e+00 8.077900e+00 1.587816e+03 1.028482e-03 8.756462e+00
 9.758377e-04 6.896325e+00 1.137379e+00 1.234304e+00 8.080600e+00 1.556258e+03 1.030682e-03 8.761894e+00
 9.777267e-04 6.894315e+00 1.141717e+00 1.239424e+00 8.083300e+00 1.525172e+03 1.032889e-03 8.767336e+00
 9.796193e-04 6.892195e+00 1.146062e+00 1.244555e+00 8.085900e+00 1.494771e+03 1.035101e-03 8.772670e+00
 9.815156e-04 6.890166e+00 1.150414e+00 1.249698e+00 8.088600e+00 1.464825e+03 1.037320e-03 8.778132e+00
 9.834155e-04 6.888028e+00 1.154773e+00 1.254853e+00 8.091200e+00 1.435853e+03 1.039543e-03 8.783486e+00
 9.853191e-04 6.885880e+00 1.159139e+00 1.260019e+00 8.093800e+00 1.407206e+03 1.041773e-03 8.788850e+00
 9.872265e-04 6.883824e+00 1.163511e+00 1.265197e+00 8.096500e+00 1.379190e+03 1.044009e-03 8.794343e+00
 9.891375e-04 6.881659e+00 1.167890e+00 1.270386e+00 8.099100e+00 1.351788e+03 1.046250e-03 8.799728e+00
 9.910522e-04 6.879485e+00 1.172275e+00 1.275587e+00 8.101700e+00 1.324987e+03 1.048497e-03 8.805123e+00
 9.929706e-04 6.877302e+00 1.176667e+00 1.280799e+00 8.104300e+00 1.298677e+03 1.050750e-03 8.810528e+00
 9.948927e-04 6.875010e+00 1.181066e+00 1.286022e+00 8.106800e+00 1.272944e+03 1.053009e-03 8.815825e+00
 9.968186e-04 6.872810e+00 1.185470e+00 1.291256e+00 8.109400e+00 1.247772e+03 1.055274e-03 8.821251e+00
 9.987481e-04 6.870602e+00 1.189881e+00 1.296502e+00 8.112000e+00 1.223151e+03 1.057545e-03 8.826687e+00
 1.000681e-03 6.868284e+00 1.194298e+00 1.301758e+00 8.114500e+00 1.198977e+03 1.059822e-03 8.832014e+00
 1.002618e-03 6.865958e+00 1.198721e+00 1.307025e+00 8.117000e+00 1.175330e+03 1.062105e-03 8.837352e+00
 1.004559e-03 6.863724e+00 1.203150e+00 1.312304e+00 8.119600e+00 1.152027e+03 1.064394e-03 8.842820e+00
 1.006504e-03 6.861381e+00 1.207586e+00 1.317593e+00 8.122100e+00 1.129402e+03 1.066689e-03 8.848178e+00
 1.008452e-03 6.859031e+00 1.212027e+00 1.322893e+00 8.124600e+00 1.107184e+03 1.068990e-03 8.853547e+00
 1.010404e-03 6.856571e+00 1.216473e+00 1.328203e+00 8.127000e+00 1.085369e+03 1.071297e-03 8.858807e+00
 1.012360e-03 6.854204e+00 1.220926e+00 1.333525e+00 8.129500e+00 1.064107e+03 1.073611e-03 8.864197e+00
 1.014320e-03 6.851829e+00 1.225384e+00 1.338857e+00 8.132000e+00 1.043150e+03 1.075930e-03 8.869598e+00
 1.016283e-03 6.849346e+00 1.229847e+00 1.344199e+00 8.134400e+00 1.022724e+03 1.078255e-03 8.874889e+00
 1.018251e-03 6.846955e+00 1.234317e+00 1.349552e+00 8.136900e+00 1.002665e+03 1.080587e-03 8.880311e+00
 1.020222e-03 6.844456e+00 1.238791e+00 1.354915e+00 8.139300e+00 9.831149e+02 1.082925e-03 8.885623e+00
 1.022196e-03 6.841950e+00 1.243271e+00 1.360288e+00 8.141700e+00 9.638406e+02 1.085269e-03 8.890946e+00
 1.024175e-03 6.839435e+00 1.247756e+00 1.365671e+00 8.144100e+00 9.449834e+02 1.087620e-03 8.896279e+00
 1.026158e-03 6.836914e+00 1.252246e+00 1.371065e+00 8.146500e+00 9.265336e+02 1.089976e-03 8.901623e+00
 1.028144e-03 6.834385e+00 1.256741e+00 1.376468e+00 8.148900e+00 9.084819e+02 1.092339e-03 8.906978e+00
 1.030134e-03 6.831748e+00 1.261241e+00 1.381882e+00 8.151200e+00 8.908188e+02 1.094709e-03 8.912223e+00
 1.032128e-03 6.829204e+00 1.265746e+00 1.387305e+00 8.153600e+00 8.734027e+02 1.097085e-03 8.917599e+00
 1.034126e-03 6.826553e+00 1.270256e+00 1.392739e+00 8.155900e+00 8.564274e+02 1.099467e-03 8.922865e+00
 1.036128e-03 6.823894e+00 1.274771e+00 1.398181e+00 8.158200e+00 8.397529e+02 1.101855e-03 8.928142e+00
 1.038134e-03 6.821229e+00 1.279290e+00 1.403634e+00 8.160500e+00 8.234999e+02 1.104250e-03 8.933430e+00
 1.040143e-03 6.818556e+00 1.283814e+00 1.409096e+00 8.162800e+00 8.075950e+02 1.106651e-03 8.938728e+00
 1.042157e-03 6.815877e+00 1.288342e+00 1.414568e+00 8.165100e+00 7.918479e+02 1.109059e-03 8.944037e+00
 1.044174e-03 6.813191e+00 1.292875e+00 1.420048e+00 8.167400e+00 7.766186e+02 1.111474e-03 8.949357e+00
 1.046195e-03 6.810398e+00 1.297412e+00 1.425539e+00 8.169600e+00 7.615379e+02 1.113894e-03 8.954566e+00
 1.048220e-03 6.807598e+00 1.301953e+00 1.431038e+00 8.171800e+00 7.468958e+02 1.116322e-03 8.959786e+00
 1.050250e-03 6.804892e+00 1.306498e+00 1.436547e+00 8.174100e+00 7.323958e+02 1.118756e-03 8.965139e+00
 1.052283e-03 6.802079e+00 1.311047e+00 1.442064e+00 8.176300e+00 7.183732e+02 1.121196e-03 8.970380e+00
 1.054319e-03 6.799260e+00 1.315600e+00 1.447591e+00 8.178500e+00 7.044846e+02 1.123644e-03 8.975633e+00
 1.056360e-03 6.796435e+00 1.320157e+00 1.453126e+00 8.180700e+00 6.908926e+02 1.126098e-03 8.980896e+00
 1.058405e-03 6.793502e+00 1.324718e+00 1.458670e+00 8.182800e+00 6.776432e+02 1.128558e-03 8.986049e+00
 1.060454e-03 6.790665e+00 1.329283e+00 1.464223e+00 8.185000e+00 6.646233e+02 1.131025e-03 8.991334e+00
 1.062507e-03 6.787721e+00 1.333851e+00 1.469784e+00 8.187100e+00 6.519311e+02 1.133499e-03 8.996509e+00
 1.064563e-03 6.784771e+00 1.338422e+00 1.475354e+00 8.189200e+00 6.394076e+02 1.135980e-03 9.001694e+00
 1.066624e-03 6.781815e+00 1.342997e+00 1.480933e+00 8.191300e+00 6.271993e+02 1.138468e-03 9.006890e+00
 1.068689e-03 6.778853e+00 1.347575e+00 1.486519e+00 8.193400e+00 6.152010e+02 1.140962e-03 9.012097e+00
 1.070758e-03 6.775886e+00 1.352157e+00 1.492114e+00 8.195500e+00 6.034094e+02 1.143463e-03 9.017315e+00
 1.072830e-03 6.772913e+00 1.356741e+00 1.497717e+00 8.197600e+00 5.919144e+02 1.145971e-03 9.022543e+00
 1.074907e-03 6.769835e+00 1.361329e+00 1.503328e+00 8.199600e+00 5.806620e+02 1.148486e-03 9.027661e+00
 1.076988e-03 6.766851e+00 1.365919e+00 1.508947e+00 8.201700e+00 5.696017e+02 1.151008e-03 9.032912e+00
 1.079072e-03 6.763762e+00 1.370513e+00 1.514574e+00 8.203700e+00 5.587749e+02 1.153537e-03 9.038051e+00
 1.081161e-03 6.760667e+00 1.375109e+00 1.520209e+00 8.205700e+00 5.481761e+02 1.156073e-03 9.043202e+00
 1.083254e-03 6.757568e+00 1.379707e+00 1.525851e+00 8.207700e+00 5.377150e+02 1.158616e-03 9.048363e+00
 1.085351e-03 6.754363e+00 1.384309e+00 1.531501e+00 8.209600e+00 5.275165e+02 1.161166e-03 9.053413e+00
 1.087452e-03 6.751253e+00 1.388912e+00 1.537158e+00 8.211600e+00 5.175735e+02 1.163723e-03 9.058596e+00
 1.089557e-03 6.748039e+00 1.393519e+00 1.542823e+00 8.213500e+00 5.077578e+02 1.166287e-03 9.063668e+00
 1.091666e-03 6.744920e+00 1.398127e+00 1.548495e+00 8.215500e+00 4.981879e+02 1.168858e-03 9.068873e+00
 1.093779e-03 6.741696e+00 1.402737e+00 1.554174e+00 8.217400e+00 4.887793e+02 1.171436e-03 9.073967e+00
 1.095896e-03 6.738366e+00 1.407350e+00 1.559860e+00 8.219200e+00 4.795292e+02 1.174022e-03 9.078948e+00
 1.098018e-03 6.735134e+00 1.411965e+00 1.565553e+00 8.221100e+00 4.705485e+02 1.176615e-03 9.084064e+00
 1.100143e-03 6.731897e+00 1.416581e+00 1.571253e+00 8.223000e+00 4.616807e+02 1.179215e-03 9.089191e+00
 1.102273e-03 6.728555e+00 1.421199e+00 1.576959e+00 8.224800e+00 4.529981e+02 1.181822e-03 9.094205e+00
 1.104407e-03 6.725309e+00 1.425819e+00 1.582673e+00 8.226700e+00 4.444967e+02 1.184436e-03 9.099354e+00
 1.106544e-03 6.721959e+00 1.430441e+00 1.588392e+00 8.228500e+00 4.361724e+02 1.187058e-03 9.104391e+00
 1.108686e-03 6.718605e+00 1.435064e+00 1.594119e+00 8.230300e+00 4.280213e+02 1.189687e-03 9.109438e+00
 1.110833e-03 6.715147e+00 1.439688e+00 1.599851e+00 8.232000e+00 4.200054e+02 1.192324e-03 9.114373e+00
 1.112983e-03 6.711785e+00 1.444314e+00 1.605590e+00 8.233800e+00 4.121561e+02 1.194968e-03 9.119443e+00
 1.115137e-03 6.708320e+00 1.448941e+00 1.611335e+00 8.235500e+00 4.044698e+02 1.197619e-03 9.124400e+00
 1.117296e-03 6.704952e+00 1.453569e+00 1.617086e+00 8.237300e+00 3.968782e+02 1.200278e-03 9.129492e+00
 1.119459e-03 6.701479e+00 1.458198e+00 1.622843e+00 8.239000e+00 3.895397e+02 1.202945e-03 9.134471e+00
 1.121626e-03 6.698003e+00 1.462827e+00 1.628605e+00 8.240700e+00 3.822589e+02 1.205619e-03 9.139461e+00
 1.123797e-03 6.694423e+00 1.467458e+00 1.634374e+00 8.242300e+00 3.751903e+02 1.208300e-03 9.144338e+00
 1.125972e-03 6.690941e+00 1.472089e+00 1.640148e+00 8.244000e+00 3.682372e+02 1.210989e-03 9.149350e+00
 1.128152e-03 6.687355e+00 1.476721e+00 1.645927e+00 8.245600e+00 3.613978e+02 1.213686e-03 9.154249e+00
 1.130336e-03 6.683868e+00 1.481354e+00 1.651712e+00 8.247300e+00 3.546996e+02 1.216391e-03 9.159285e+00
 1.132524e-03 6.680277e+00 1.485986e+00 1.657502e+00 8.248900e+00 3.481395e+02 1.219103e-03 9.164206e+00
 1.134716e-03 6.676683e+00 1.490619e+00 1.663297e+00 8.250500e+00 3.417143e+02 1.221823e-03 9.169138e+00
 1.136912e-03 6.672985e+00 1.495253e+00 1.669097e+00 8.252000e+00 3.353935e+02 1.224550e-03 9.173957e+00
 1.139113e-03 6.669386e+00 1.499886e+00 1.674902e+00 8.253600e+00 3.292027e+02 1.227286e-03 9.178912e+00
 1.141318e-03 6.665684e+00 1.504519e+00 1.680711e+00 8.255100e+00 3.231658e+02 1.230029e-03 9.183753e+00
 1.143527e-03 6.661980e+00 1.509152e+00 1.686526e+00 8.256600e+00 3.172261e+02 1.232780e-03 9.188604e+00
 1.145741e-03 6.658274e+00 1.513785e+00 1.692345e+00 8.258100e+00 3.113821e+02 1.235539e-03 9.193468e+00
 1.147959e-03 6.654565e+00 1.518418e+00 1.698168e+00 8.259600e+00 3.056833e+02 1.238306e-03 9.198342e+00
 1.150181e-03 6.650855e+00 1.523050e+00 1.703996e+00 8.261100e+00 3.001008e+02 1.241081e-03 9.203227e+00
 1.152407e-03 6.647042e+00 1.527681e+00 1.709827e+00 8.262500e+00 2.946076e+02 1.243864e-03 9.207998e+00
 1.154638e-03 6.643329e+00 1.532312e+00 1.715663e+00 8.264000e+00 2.892023e+02 1.246655e-03 9.212906e+00
 1.156873e-03 6.639513e+00 1.536943e+00 1.721503e+00 8.265400e+00 2.839075e+02 1.249454e-03 9.217700e+00
 1.159113e-03 6.635695e+00 1.541572e+00 1.727347e+00 8.266800e+00 2.787440e+02 1.252261e-03 9.222504e+00
 1.161356e-03 6.631775e+00 1.546200e+00 1.733195e+00 8.268100e+00 2.736624e+02 1.255076e-03 9.227193e+00
 1.163604e-03 6.627956e+00 1.550828e+00 1.739046e+00 8.269500e+00 2.687066e+02 1.257899e-03 9.232020e+00
 1.165857e-03 6.624033e+00 1.555454e+00 1.744900e+00 8.270800e+00 2.638069e+02 1.260731e-03 9.236732e+00
 1.168114e-03 6.620110e+00 1.560079e+00 1.750758e+00 8.272100e+00 2.590286e+02 1.263570e-03 9.241455e+00
 1.170375e-03 6.616186e+00 1.564702e+00 1.756619e+00 8.273400e+00 2.543256e+02 1.266418e-03 9.246189e+00
 1.172640e-03 6.612262e+00 1.569324e+00 1.762484e+00 8.274700e+00 2.497390e+02 1.269275e-03 9.250934e+00
 1.174910e-03 6.608336e+00 1.573945e+00 1.768351e+00 8.276000e+00 2.452449e+02 1.272139e-03 9.255690e+00
 1.177185e-03 6.604309e+00 1.578564e+00 1.774221e+00 8.277200e+00 2.408209e+02 1.275012e-03 9.260331e+00
 1.179463e-03 6.600383e+00 1.583181e+00 1.780094e+00 8.278500e+00 2.364662e+02 1.277894e-03 9.265110e+00
 1.181746e-03 6.596356e+00 1.587796e+00 1.785969e+00 8.279700e+00 2.321995e+02 1.280784e-03 9.269773e+00
 1.184034e-03 6.592328e+00 1.592409e+00 1.791847e+00 8.280900e+00 2.280382e+02 1.283682e-03 9.274447e+00
 1.186326e-03 6.588198e+00 1.597020e+00 1.797728e+00 8.282000e+00 2.239414e+02 1.286589e-03 9.279005e+00
 1.188622e-03 6.584171e+00 1.601629e+00 1.803610e+00 8.283200e+00 2.199083e+02 1.289504e-03 9.283702e+00
 1.190923e-03 6.580042e+00 1.606235e+00 1.809495e+00 8.284300e+00 2.159747e+02 1.292428e-03 9.288282e+00
 1.193228e-03 6.575913e+00 1.610839e+00 1.815382e+00 8.285400e+00 2.121201e+02 1.295361e-03 9.292873e+00
 1.195538e-03 6.571785e+00 1.615440e+00 1.821270e+00 8.286500e+00 2.083248e+02 1.298302e-03 9.297476e+00
 1.197853e-03 6.567657e+00 1.620039e+00 1.827161e+00 8.287600e+00 2.046055e+02 1.301252e-03 9.302089e+00
 1.200171e-03 6.563429e+00 1.624635e+00 1.833053e+00 8.288600e+00 2.009607e+02 1.304211e-03 9.306586e+00
 1.202494e-03 6.559303e+00 1.629229e+00 1.838946e+00 8.289700e+00 1.973887e+02 1.307179e-03 9.311222e+00
 1.204822e-03 6.555076e+00 1.633819e+00 1.844841e+00 8.290700e+00 1.938880e+02 1.310155e-03 9.315741e+00
 1.207154e-03 6.550850e+00 1.638406e+00 1.850737e+00 8.291700e+00 1.904570e+02 1.313140e-03 9.320271e+00
 1.209491e-03 6.546625e+00 1.642990e+00 1.856634e+00 8.292700e+00 1.870620e+02 1.316134e-03 9.324813e+00
 1.211832e-03 6.542300e+00 1.647571e+00 1.862532e+00 8.293600e+00 1.837507e+02 1.319137e-03 9.329237e+00
 1.214178e-03 6.537977e+00 1.652149e+00 1.868431e+00 8.294500e+00 1.805208e+02 1.322149e-03 9.333671e+00
 1.216528e-03 6.533756e+00 1.656722e+00 1.874330e+00 8.295500e+00 1.773242e+02 1.325170e-03 9.338246e+00
 1.218883e-03 6.529436e+00 1.661293e+00 1.880231e+00 8.296400e+00 1.741912e+02 1.328200e-03 9.342703e+00
 1.221243e-03 6.525016e+00 1.665859e+00 1.886131e+00 8.297200e+00 1.711353e+02 1.331239e-03 9.347042e+00
 1.223607e-03 6.520699e+00 1.670422e+00 1.892032e+00 8.298100e+00 1.681106e+02 1.334287e-03 9.351522e+00
 1.225975e-03 6.516282e+00 1.674981e+00 1.897933e+00 8.298900e+00 1.651746e+02 1.337345e-03 9.355883e+00
 1.228349e-03 6.511969e+00 1.679536e+00 1.903834e+00 8.299800e+00 1.622683e+02 1.340411e-03 9.360384e+00
 1.230726e-03 6.507557e+00 1.684087e+00 1.909735e+00 8.300600e+00 1.594334e+02 1.343487e-03 9.364768e+00
 1.233109e-03 6.503045e+00 1.688634e+00 1.915636e+00 8.301300e+00 1.566544e+02 1.346573e-03 9.369032e+00
 1.235496e-03 6.498638e+00 1.693176e+00 1.921536e+00 8.302100e+00 1.539031e+02 1.349667e-03 9.373438e+00
 1.237887e-03 6.494131e+00 1.697714e+00 1.927436e+00 8.302800e+00 1.512195e+02 1.352771e-03 9.377724e+00
 1.240283e-03 6.489729e+00 1.702247e+00 1.933335e+00 8.303600e+00 1.486018e+02 1.355884e-03 9.382152e+00
 1.242684e-03 6.485227e+00 1.706776e+00 1.939234e+00 8.304300e+00 1.460096e+02 1.359007e-03 9.386460e+00
 1.245090e-03 6.480627e+00 1.711300e+00 1.945132e+00 8.304900e+00 1.434685e+02 1.362139e-03 9.390650e+00
 1.247500e-03 6.476132e+00 1.715819e+00 1.951028e+00 8.305600e+00 1.409898e+02 1.365281e-03 9.394980e+00
 1.249915e-03 6.471538e+00 1.720333e+00 1.956924e+00 8.306200e+00 1.385351e+02 1.368432e-03 9.399191e+00
 1.252334e-03 6.467049e+00 1.724842e+00 1.962818e+00 8.306900e+00 1.361527e+02 1.371593e-03 9.403544e+00
 1.254758e-03 6.462462e+00 1.729346e+00 1.968710e+00 8.307500e+00 1.337931e+02 1.374764e-03 9.407777e+00
 1.257187e-03 6.457776e+00 1.733844e+00 1.974601e+00 8.308000e+00 1.314913e+02 1.377944e-03 9.411890e+00
 1.259621e-03 6.453196e+00 1.738337e+00 1.980491e+00 8.308600e+00 1.292345e+02 1.381134e-03 9.416146e+00
 1.262059e-03 6.448518e+00 1.742825e+00 1.986378e+00 8.309100e+00 1.269991e+02 1.384334e-03 9.420280e+00
 1.264502e-03 6.443843e+00 1.747307e+00 1.992264e+00 8.309600e+00 1.248186e+02 1.387544e-03 9.424426e+00
 1.266950e-03 6.439173e+00 1.751784e+00 1.998147e+00 8.310100e+00 1.226914e+02 1.390764e-03 9.428583e+00
 1.269402e-03 6.434506e+00 1.756254e+00 2.004028e+00 8.310600e+00 1.205840e+02 1.393993e-03 9.432750e+00
 1.271860e-03 6.429844e+00 1.760719e+00 2.009907e+00 8.311100e+00 1.185282e+02 1.397233e-03 9.436929e+00
 1.274322e-03 6.425084e+00 1.765178e+00 2.015783e+00 8.311500e+00 1.165019e+02 1.400482e-03 9.440987e+00
 1.276788e-03 6.420329e+00 1.769631e+00 2.021656e+00 8.311900e+00 1.145252e+02 1.403742e-03 9.445055e+00
 1.279260e-03 6.415578e+00 1.774077e+00 2.027527e+00 8.312300e+00 1.125666e+02 1.407012e-03 9.449134e+00
 1.281736e-03 6.410832e+00 1.778517e+00 2.033395e+00 8.312700e+00 1.106559e+02 1.410292e-03 9.453225e+00
 1.284217e-03 6.405989e+00 1.782951e+00 2.039259e+00 8.313000e+00 1.087724e+02 1.413582e-03 9.457193e+00
 1.286703e-03 6.401252e+00 1.787378e+00 2.045121e+00 8.313400e+00 1.069351e+02 1.416882e-03 9.461305e+00
 1.289194e-03 6.396419e+00 1.791799e+00 2.050979e+00 8.313700e+00 1.051332e+02 1.420193e-03 9.465296e+00
 1.291689e-03 6.391591e+00 1.796213e+00 2.056833e+00 8.314000e+00 1.033566e+02 1.423514e-03 9.469297e+00
 1.294190e-03 6.386768e+00 1.800620e+00 2.062684e+00 8.314300e+00 1.016052e+02 1.426845e-03 9.473308e+00
 1.296695e-03 6.381849e+00 1.805020e+00 2.068531e+00 8.314500e+00 9.988758e+01 1.430187e-03 9.477198e+00
 1.299205e-03 6.376935e+00 1.809413e+00 2.074374e+00 8.314700e+00 9.821200e+01 1.433539e-03 9.481098e+00
 1.301720e-03 6.372026e+00 1.813799e+00 2.080213e+00 8.314900e+00 9.655987e+01 1.436902e-03 9.485009e+00
 1.304240e-03 6.367124e+00 1.818178e+00 2.086047e+00 8.315100e+00 9.494814e+01 1.440276e-03 9.488931e+00
 1.306764e-03 6.362227e+00 1.822549e+00 2.091878e+00 8.315300e+00 9.335030e+01 1.443660e-03 9.492863e+00
 1.309294e-03 6.357234e+00 1.826913e+00 2.097704e+00 8.315400e+00 9.179156e+01 1.447054e-03 9.496673e+00
 1.311828e-03 6.352350e+00 1.831270e+00 2.103525e+00 8.315600e+00 9.027092e+01 1.450460e-03 9.500627e+00
 1.314368e-03 6.347369e+00 1.835619e+00 2.109341e+00 8.315700e+00 8.876310e+01 1.453876e-03 9.504457e+00
 1.316912e-03 6.342395e+00 1.839960e+00 2.115153e+00 8.315800e+00 8.728414e+01 1.457303e-03 9.508299e+00
 1.319461e-03 6.337325e+00 1.844293e+00 2.120960e+00 8.315800e+00 8.583348e+01 1.460741e-03 9.512017e+00
 1.322015e-03 6.332364e+00 1.848619e+00 2.126761e+00 8.315900e+00 8.441056e+01 1.464190e-03 9.515879e+00
 1.324574e-03 6.327307e+00 1.852936e+00 2.132557e+00 8.315900e+00 8.301480e+01 1.467650e-03 9.519618e+00
 1.327138e-03 6.322257e+00 1.857245e+00 2.138347e+00 8.315900e+00 8.164563e+01 1.471121e-03 9.523367e+00
 1.329707e-03 6.317214e+00 1.861546e+00 2.144132e+00 8.315900e+00 8.029511e+01 1.474603e-03 9.527127e+00
 1.332281e-03 6.312076e+00 1.865839e+00 2.149911e+00 8.315800e+00 7.897037e+01 1.478096e-03 9.530762e+00
 1.334860e-03 6.307047e+00 1.870123e+00 2.155684e+00 8.315800e+00 7.767081e+01 1.481601e-03 9.534543e+00
 1.337444e-03 6.301924e+00 1.874399e+00 2.161451e+00 8.315700e+00 7.639598e+01 1.485116e-03 9.538200e+00
 1.340033e-03 6.296807e+00 1.878667e+00 2.167212e+00 8.315600e+00 7.514534e+01 1.488643e-03 9.541866e+00
 1.342627e-03 6.291699e+00 1.882925e+00 2.172967e+00 8.315500e+00 7.390473e+01 1.492181e-03 9.545543e+00
 1.345226e-03 6.286495e+00 1.887175e+00 2.178715e+00 8.315300e+00 7.270122e+01 1.495731e-03 9.549095e+00
 1.347830e-03 6.281299e+00 1.891416e+00 2.184457e+00 8.315100e+00 7.151383e+01 1.499292e-03 9.552658e+00
 1.350439e-03 6.276213e+00 1.895648e+00 2.190192e+00 8.315000e+00 7.035546e+01 1.502865e-03 9.556366e+00
 1.353053e-03 6.270931e+00 1.899870e+00 2.195919e+00 8.314700e+00 6.920605e+01 1.506449e-03 9.559813e+00
 1.355672e-03 6.265759e+00 1.904084e+00 2.201640e+00 8.314500e+00 6.807842e+01 1.510045e-03 9.563406e+00
 1.358297e-03 6.260595e+00 1.908289e+00 2.207354e+00 8.314300e+00 6.697836e+01 1.513652e-03 9.567010e+00
 1.360926e-03 6.255337e+00 1.912484e+00 2.213060e+00 8.314000e+00 6.588673e+01 1.517271e-03 9.570487e+00
 1.363560e-03 6.250088e+00 1.916669e+00 2.218759e+00 8.313700e+00 6.482787e+01 1.520902e-03 9.573975e+00
 1.366200e-03 6.244847e+00 1.920845e+00 2.224451e+00 8.313400e+00 6.378292e+01 1.524545e-03 9.577473e+00
 1.368844e-03 6.239615e+00 1.925012e+00 2.230134e+00 8.313100e+00 6.275175e+01 1.528200e-03 9.580981e+00
 1.371494e-03 6.234289e+00 1.929168e+00 2.235810e+00 8.312700e+00 6.174582e+01 1.531866e-03 9.584362e+00
 1.374149e-03 6.228972e+00 1.933315e+00 2.241478e+00 8.312300e+00 6.074736e+01 1.535545e-03 9.587754e+00
 1.376809e-03 6.223663e+00 1.937452e+00 2.247137e+00 8.311900e+00 5.977335e+01 1.539236e-03 9.591155e+00
 1.379474e-03 6.218364e+00 1.941579e+00 2.252789e+00 8.311500e+00 5.882314e+01 1.542939e-03 9.594566e+00
 1.382144e-03 6.213074e+00 1.945696e+00 2.258432e+00 8.311100e+00 5.787980e+01 1.546654e-03 9.597988e+00
 1.384820e-03 6.207691e+00 1.949803e+00 2.264066e+00 8.310600e+00 5.695955e+01 1.550381e-03 9.601282e+00
 1.387500e-03 6.202318e+00 1.953899e+00 2.269691e+00 8.310100e+00 5.605120e+01 1.554120e-03 9.604586e+00
 1.390186e-03 6.196953e+00 1.957986e+00 2.275308e+00 8.309600e+00 5.516508e+01 1.557872e-03 9.607900e+00
 1.392877e-03 6.191599e+00 1.962061e+00 2.280916e+00 8.309100e+00 5.428521e+01 1.561637e-03 9.611224e+00
 1.395574e-03 6.186254e+00 1.966126e+00 2.286515e+00 8.308600e+00 5.342185e+01 1.565414e-03 9.614557e+00
 1.398275e-03 6.180816e+00 1.970181e+00 2.292104e+00 8.308000e+00 5.257961e+01 1.569203e-03 9.617763e+00
 1.400982e-03 6.175389e+00 1.974225e+00 2.297684e+00 8.307400e+00 5.175307e+01 1.573005e-03 9.620978e+00
 1.403694e-03 6.169971e+00 1.978258e+00 2.303254e+00 8.306800e+00 5.093223e+01 1.576819e-03 9.624203e+00
 1.406411e-03 6.164564e+00 1.982280e+00 2.308815e+00 8.306200e+00 5.013151e+01 1.580647e-03 9.627438e+00
 1.409133e-03 6.159064e+00 1.986292e+00 2.314366e+00 8.305500e+00 4.934100e+01 1.584487e-03 9.630544e+00
 1.411861e-03 6.153678e+00 1.990292e+00 2.319907e+00 8.304900e+00 4.856987e+01 1.588340e-03 9.633798e+00
 1.414594e-03 6.148199e+00 1.994281e+00 2.325438e+00 8.304200e+00 4.781304e+01 1.592206e-03 9.636923e+00
 1.417332e-03 6.142730e+00 1.998259e+00 2.330959e+00 8.303500e+00 4.706576e+01 1.596085e-03 9.640057e+00
 1.420076e-03 6.137170e+00 2.002226e+00 2.336469e+00 8.302700e+00 4.632793e+01 1.599976e-03 9.643063e+00
 1.422825e-03 6.131723e+00 2.006181e+00 2.341969e+00 8.302000e+00 4.560384e+01 1.603881e-03 9.646216e+00
 1.425579e-03 6.126185e+00 2.010125e+00 2.347458e+00 8.301200e+00 4.489750e+01 1.607799e-03 9.649240e+00
 1.428338e-03 6.120657e+00 2.014057e+00 2.352937e+00 8.300400e+00 4.420000e+01 1.611731e-03 9.652273e+00
 1.431103e-03 6.115141e+00 2.017978e+00 2.358404e+00 8.299600e+00 4.351962e+01 1.615675e-03 9.655316e+00
 1.433874e-03 6.109635e+00 2.021887e+00 2.363861e+00 8.298800e+00 4.284355e+01 1.619633e-03 9.658368e+00
 1.436649e-03 6.104039e+00 2.025784e+00 2.369306e+00 8.297900e+00 4.218407e+01 1.623605e-03 9.661290e+00
 1.439430e-03 6.098453e+00 2.029669e+00 2.374740e+00 8.297000e+00 4.153278e+01 1.627590e-03 9.664221e+00
 1.442216e-03 6.092880e+00 2.033543e+00 2.380163e+00 8.296100e+00 4.088960e+01 1.631588e-03 9.667161e+00
 1.445008e-03 6.087318e+00 2.037404e+00 2.385574e+00 8.295200e+00 4.026612e+01 1.635600e-03 9.670110e+00
 1.447805e-03 6.081767e+00 2.041254e+00 2.390973e+00 8.294300e+00 3.965028e+01 1.639626e-03 9.673069e+00
 1.450608e-03 6.076126e+00 2.045091e+00 2.396361e+00 8.293300e+00 3.904201e+01 1.643665e-03 9.675896e+00
 1.453416e-03 6.070496e+00 2.048916e+00 2.401736e+00 8.292300e+00 3.844871e+01 1.647719e-03 9.678732e+00
 1.456229e-03 6.064879e+00 2.052729e+00 2.407100e+00 8.291300e+00 3.785897e+01 1.651786e-03 9.681578e+00
 1.459048e-03 6.059273e+00 2.056529e+00 2.412451e+00 8.290300e+00 3.728375e+01 1.655867e-03 9.684432e+00
 1.461873e-03 6.053680e+00 2.060317e+00 2.417790e+00 8.289300e+00 3.671554e+01 1.659962e-03 9.687295e+00
 1.464702e-03 6.047996e+00 2.064093e+00 2.423117e+00 8.288200e+00 3.616132e+01 1.664071e-03 9.690026e+00
 1.467538e-03 6.042325e+00 2.067855e+00 2.428430e+00 8.287100e+00 3.561729e+01 1.668195e-03 9.692767e+00
 1.470378e-03 6.036666e+00 2.071605e+00 2.433731e+00 8.286000e+00 3.507296e+01 1.672332e-03 9.695515e+00
 1.473225e-03 6.031020e+00 2.075343e+00 2.439020e+00 8.284900e+00 3.454882e+01 1.676484e-03 9.698273e+00
 1.476076e-03 6.025283e+00 2.079067e+00 2.444295e+00 8.283700e+00 3.402761e+01 1.680651e-03 9.700898e+00
 1.478934e-03 6.019662e+00 2.082779e+00 2.449557e+00 8.282600e+00 3.351598e+01 1.684832e-03 9.703673e+00
 1.481797e-03 6.013952e+00 2.086478e+00 2.454806e+00 8.281400e+00 3.301374e+01 1.689027e-03 9.706316e+00
 1.484665e-03 6.008254e+00 2.090164e+00 2.460041e+00 8.280200e+00 3.252071e+01 1.693237e-03 9.708967e+00
 1.487539e-03 6.002569e+00 2.093836e+00 2.465263e+00 8.279000e+00 3.203671e+01 1.697461e-03 9.711626e+00
 1.490418e-03 5.996794e+00 2.097496e+00 2.470471e+00 8.277700e+00 3.155537e+01 1.701701e-03 9.714152e+00
 1.493303e-03 5.991136e+00 2.101142e+00 2.475666e+00 8.276500e+00 3.108593e+01 1.705955e-03 9.716829e+00
 1.496194e-03 5.985388e+00 2.104775e+00 2.480846e+00 8.275200e+00 3.062810e+01 1.710224e-03 9.719371e+00
 1.499090e-03 5.979653e+00 2.108395e+00 2.486013e+00 8.273900e+00 3.017268e+01 1.714508e-03 9.721922e+00
 1.501992e-03 5.973829e+00 2.112001e+00 2.491165e+00 8.272500e+00 2.972559e+01 1.718807e-03 9.724339e+00
 1.504899e-03 5.968121e+00 2.115594e+00 2.496303e+00 8.271200e+00 2.928668e+01 1.723121e-03 9.726907e+00
 1.507813e-03 5.962324e+00 2.119173e+00 2.501427e+00 8.269800e+00 2.885580e+01 1.727450e-03 9.729340e+00
 1.510731e-03 5.956541e+00 2.122739e+00 2.506536e+00 8.268400e+00 2.843278e+01 1.731795e-03 9.731782e+00
 1.513656e-03 5.950772e+00 2.126290e+00 2.511631e+00 8.267000e+00 2.801193e+01 1.736155e-03 9.734231e+00
 1.516586e-03 5.945016e+00 2.129829e+00 2.516711e+00 8.265600e+00 2.760152e+01 1.740530e-03 9.736689e+00
 1.519521e-03 5.939275e+00 2.133353e+00 2.521776e+00 8.264200e+00 2.720132e+01 1.744921e-03 9.739155e+00
 1.522463e-03 5.933444e+00 2.136864e+00 2.526826e+00 8.262700e+00 2.680305e+01 1.749328e-03 9.741485e+00
 1.525410e-03 5.927628e+00 2.140360e+00 2.531861e+00 8.261200e+00 2.641207e+01 1.753750e-03 9.743824e+00
 1.528363e-03 5.921826e+00 2.143843e+00 2.536881e+00 8.259700e+00 2.602821e+01 1.758188e-03 9.746170e+00
 1.531321e-03 5.916039e+00 2.147312e+00 2.541885e+00 8.258200e+00 2.564879e+01 1.762641e-03 9.748524e+00
 1.534285e-03 5.910163e+00 2.150766e+00 2.546874e+00 8.256600e+00 2.527630e+01 1.767111e-03 9.750742e+00
 1.537255e-03 5.904404e+00 2.154207e+00 2.551847e+00 8.255100e+00 2.491310e+01 1.771596e-03 9.753112e+00
 1.540231e-03 5.898557e+00 2.157633e+00 2.556805e+00 8.253500e+00 2.455403e+01 1.776098e-03 9.755346e+00
 1.543213e-03 5.892725e+00 2.161045e+00 2.561747e+00 8.251900e+00 2.419908e+01 1.780616e-03 9.757587e+00
 1.546200e-03 5.886907e+00 2.164442e+00 2.566673e+00 8.250300e+00 2.385299e+01 1.785150e-03 9.759836e+00
 1.549193e-03 5.881001e+00 2.167826e+00 2.571582e+00 8.248600e+00 2.350846e+01 1.789700e-03 9.761948e+00
 1.552192e-03 5.875213e+00 2.171195e+00 2.576476e+00 8.247000e+00 2.317256e+01 1.794267e-03 9.764212e+00
 1.555196e-03 5.869337e+00 2.174549e+00 2.581353e+00 8.245300e+00 2.284505e+01 1.798850e-03 9.766339e+00
 1.558207e-03 5.863476e+00 2.177889e+00 2.586214e+00 8.243600e+00 2.251895e+01 1.803450e-03 9.768473e+00
 1.561223e-03 5.857630e+00 2.181214e+00 2.591059e+00 8.241900e+00 2.219877e+01 1.808066e-03 9.770615e+00
 1.564245e-03 5.851696e+00 2.184525e+00 2.595887e+00 8.240100e+00 2.188442e+01 1.812700e-03 9.772618e+00
 1.567273e-03 5.845881e+00 2.187821e+00 2.600698e+00 8.238400e+00 2.157359e+01 1.817350e-03 9.774775e+00
 1.570307e-03 5.839978e+00 2.191102e+00 2.605492e+00 8.236600e+00 2.126841e+01 1.822016e-03 9.776793e+00
 1.573347e-03 5.834090e+00 2.194369e+00 2.610270e+00 8.234800e+00 2.096878e+01 1.826700e-03 9.778818e+00
 1.576392e-03 5.828218e+00 2.197620e+00 2.615030e+00 8.233000e+00 2.067460e+01 1.831401e-03 9.780851e+00
 1.579444e-03 5.822257e+00 2.200857e+00 2.619773e+00 8.231100e+00 2.038368e+01 1.836119e-03 9.782744e+00
 1.582501e-03 5.816417e+00 2.204079e+00 2.624499e+00 8.229300e+00 2.009601e+01 1.840855e-03 9.784791e+00
 1.585564e-03 5.810488e+00 2.207286e+00 2.629208e+00 8.227400e+00 1.981358e+01 1.845608e-03 9.786699e+00
 1.588634e-03 5.804575e+00 2.210478e+00 2.633899e+00 8.225500e+00 1.953827e+01 1.850378e-03 9.788613e+00
 1.591709e-03 5.798678e+00 2.213655e+00 2.638573e+00 8.223600e+00 1.926598e+01 1.855166e-03 9.790535e+00
 1.594790e-03 5.792797e+00 2.216817e+00 2.643229e+00 8.221700e+00 1.899670e+01 1.859971e-03 9.792463e+00
 1.597877e-03 5.786829e+00 2.219964e+00 2.647867e+00 8.219700e+00 1.873424e+01 1.864794e-03 9.794251e+00
 1.600970e-03 5.780980e+00 2.223095e+00 2.652487e+00 8.217800e+00 1.847652e+01 1.869635e-03 9.796193e+00
 1.604069e-03 5.775044e+00 2.226212e+00 2.657089e+00 8.215800e+00 1.822161e+01 1.874494e-03 9.797995e+00
 1.607174e-03 5.769124e+00 2.229313e+00 2.661674e+00 8.213800e+00 1.796948e+01 1.879371e-03 9.799804e+00
 1.610285e-03 5.763116e+00 2.232399e+00 2.666240e+00 8.211700e+00 1.772194e+01 1.884265e-03 9.801471e+00
 1.613402e-03 5.757229e+00 2.235469e+00 2.670787e+00 8.209700e+00 1.747889e+01 1.889179e-03 9.803292e+00
 1.616525e-03 5.751254e+00 2.238524e+00 2.675317e+00 8.207600e+00 1.724025e+01 1.894110e-03 9.804972e+00
 1.619857e-03 5.745400e+00 2.241564e+00 2.679827e+00 8.205600e+00 1.700420e+01 1.899380e-03 9.806807e+00
 1.623738e-03 5.739463e+00 2.244584e+00 2.684314e+00 8.203500e+00 1.677096e+01 1.905530e-03 9.808497e+00
 1.627627e-03 5.733549e+00 2.247584e+00 2.688775e+00 8.201400e+00 1.654568e+01 1.911705e-03 9.810189e+00
 1.631527e-03 5.727555e+00 2.250563e+00 2.693208e+00 8.199200e+00 1.631967e+01 1.917906e-03 9.811735e+00
 1.635435e-03 5.721688e+00 2.253521e+00 2.697615e+00 8.197100e+00 1.609966e+01 1.924133e-03 9.813434e+00
 1.639353e-03 5.715741e+00 2.256458e+00 2.701994e+00 8.194900e+00 1.588548e+01 1.930386e-03 9.814988e+00
 1.643280e-03 5.709818e+00 2.259374e+00 2.706346e+00 8.192700e+00 1.567211e+01 1.936666e-03 9.816546e+00
 1.647217e-03 5.703919e+00 2.262268e+00 2.710670e+00 8.190500e+00 1.546277e+01 1.942972e-03 9.818108e+00
 1.651163e-03 5.698045e+00 2.265140e+00 2.714965e+00 8.188300e+00 1.525735e+01 1.949305e-03 9.819675e+00
 1.655118e-03 5.692091e+00 2.267991e+00 2.719233e+00 8.186000e+00 1.505421e+01 1.955665e-03 9.821096e+00
 1.659083e-03 5.686265e+00 2.270821e+00 2.723472e+00 8.183800e+00 1.485487e+01 1.962051e-03 9.822672e+00
 1.663058e-03 5.680360e+00 2.273628e+00 2.727683e+00 8.181500e+00 1.466076e+01 1.968465e-03 9.824104e+00
 1.667042e-03 5.674480e+00 2.276414e+00 2.731865e+00 8.179200e+00 1.446873e+01 1.974906e-03 9.825540e+00
 1.671035e-03 5.668625e+00 2.279179e+00 2.736018e+00 8.176900e+00 1.427875e+01 1.981374e-03 9.826981e+00
 1.675038e-03 5.662690e+00 2.281921e+00 2.740143e+00 8.174500e+00 1.409375e+01 1.987870e-03 9.828277e+00
 1.679051e-03 5.656779e+00 2.284642e+00 2.744239e+00 8.172100e+00 1.391214e+01 1.994394e-03 9.829579e+00
 1.683073e-03 5.650999e+00 2.287341e+00 2.748306e+00 8.169800e+00 1.373242e+01 2.000945e-03 9.831036e+00
 1.687105e-03 5.645034e+00 2.290018e+00 2.752343e+00 8.167300e+00 1.355456e+01 2.007525e-03 9.832197e+00
 1.691147e-03 5.639199e+00 2.292674e+00 2.756352e+00 8.164900e+00 1.337995e+01 2.014132e-03 9.833514e+00
 1.695198e-03 5.633388e+00 2.295308e+00 2.760332e+00 8.162500e+00 1.320990e+01 2.020768e-03 9.834836e+00
 1.699259e-03 5.627498e+00 2.297920e+00 2.764282e+00 8.160000e+00 1.304156e+01 2.027432e-03 9.836013e+00
 1.703330e-03 5.621634e+00 2.300510e+00 2.768203e+00 8.157500e+00 1.287493e+01 2.034125e-03 9.837195e+00
 1.707410e-03 5.615794e+00 2.303079e+00 2.772095e+00 8.155000e+00 1.271397e+01 2.040847e-03 9.838383e+00
 1.711500e-03 5.609979e+00 2.305625e+00 2.775958e+00 8.152500e+00 1.255328e+01 2.047597e-03 9.839576e+00
 1.715600e-03 5.604085e+00 2.308151e+00 2.779791e+00 8.149900e+00 1.239549e+01 2.054377e-03 9.840623e+00
 1.719710e-03 5.598216e+00 2.310654e+00 2.783594e+00 8.147300e+00 1.224053e+01 2.061186e-03 9.841675e+00
 1.723830e-03 5.592372e+00 2.313136e+00 2.787369e+00 8.144700e+00 1.208834e+01 2.068024e-03 9.842733e+00
 1.727959e-03 5.586554e+00 2.315596e+00 2.791113e+00 8.142100e+00 1.193638e+01 2.074892e-03 9.843796e+00
 1.732099e-03 5.580760e+00 2.318034e+00 2.794829e+00 8.139500e+00 1.178839e+01 2.081790e-03 9.844865e+00
 1.736248e-03 5.574886e+00 2.320451e+00 2.798514e+00 8.136800e+00 1.164427e+01 2.088717e-03 9.845787e+00
 1.740408e-03 5.569143e+00 2.322847e+00 2.802171e+00 8.134200e+00 1.150029e+01 2.095675e-03 9.846867e+00
 1.744577e-03 5.563319e+00 2.325221e+00 2.805797e+00 8.131500e+00 1.136009e+01 2.102662e-03 9.847799e+00
 1.748756e-03 5.557417e+00 2.327573e+00 2.809394e+00 8.128700e+00 1.122119e+01 2.109680e-03 9.848585e+00
 1.752945e-03 5.551643e+00 2.329904e+00 2.812962e+00 8.126000e+00 1.108360e+01 2.116729e-03 9.849528e+00
 1.757145e-03 5.545790e+00 2.332214e+00 2.816499e+00 8.123200e+00 1.094961e+01 2.123808e-03 9.850324e+00
 1.761354e-03 5.540067e+00 2.334502e+00 2.820008e+00 8.120500e+00 1.081801e+01 2.130918e-03 9.851279e+00
 1.765573e-03 5.534264e+00 2.336769e+00 2.823486e+00 8.117700e+00 1.068761e+01 2.138060e-03 9.852086e+00
 1.769803e-03 5.528486e+00 2.339014e+00 2.826935e+00 8.114900e+00 1.055952e+01 2.145232e-03 9.852898e+00
 1.774043e-03 5.522628e+00 2.341239e+00 2.830354e+00 8.112000e+00 1.043370e+01 2.152436e-03 9.853562e+00
 1.778293e-03 5.516900e+00 2.343442e+00 2.833744e+00 8.109200e+00 1.030792e+01 2.159672e-03 9.854385e+00
 1.782553e-03 5.511091e+00 2.345623e+00 2.837104e+00 8.106300e+00 1.018546e+01 2.166939e-03 9.855059e+00
 1.786823e-03 5.505308e+00 2.347784e+00 2.840434e+00 8.103400e+00 1.006409e+01 2.174238e-03 9.855739e+00
 1.791103e-03 5.499549e+00 2.349924e+00 2.843735e+00 8.100500e+00 9.945941e+00 2.181569e-03 9.856423e+00
 1.795394e-03 5.493711e+00 2.352042e+00 2.847006e+00 8.097500e+00 9.829872e+00 2.188933e-03 9.856959e+00
 1.799695e-03 5.488002e+00 2.354140e+00 2.850248e+00 8.094600e+00 9.714818e+00 2.196328e-03 9.857654e+00
 1.804006e-03 5.482212e+00 2.356216e+00 2.853460e+00 8.091600e+00 9.600780e+00 2.203757e-03 9.858200e+00
 1.808328e-03 5.476448e+00 2.358272e+00 2.856642e+00 8.088600e+00 9.488757e+00 2.211218e-03 9.858751e+00
 1.812660e-03 5.470708e+00 2.360307e+00 2.859795e+00 8.085600e+00 9.378712e+00 2.218713e-03 9.859307e+00
 1.817002e-03 5.464888e+00 2.362321e+00 2.862918e+00 8.082500e+00 9.270618e+00 2.226240e-03 9.859712e+00
 1.821355e-03 5.459197e+00 2.364314e+00 2.866012e+00 8.079500e+00 9.163450e+00 2.233801e-03 9.860278e+00
 1.825718e-03 5.453426e+00 2.366286e+00 2.869076e+00 8.076400e+00 9.058180e+00 2.241396e-03 9.860694e+00
 1.830092e-03 5.447679e+00 2.368238e+00 2.872111e+00 8.073300e+00 8.954771e+00 2.249024e-03 9.861114e+00
 1.834476e-03 5.441957e+00 2.370169e+00 2.875116e+00 8.070200e+00 8.853190e+00 2.256686e-03 9.861540e+00
 1.838871e-03 5.436154e+00 2.372080e+00 2.878092e+00 8.067000e+00 8.752463e+00 2.264383e-03 9.861814e+00
 1.843276e-03 5.430481e+00 2.373970e+00 2.881038e+00 8.063900e+00 8.652591e+00 2.272113e-03 9.862249e+00
 1.847692e-03 5.424727e+00 2.375840e+00 2.883955e+00 8.060700e+00 8.554489e+00 2.279878e-03 9.862533e+00
 1.852118e-03 5.418997e+00 2.377689e+00 2.886842e+00 8.057500e+00 8.459029e+00 2.287678e-03 9.862821e+00
 1.856555e-03 5.413291e+00 2.379518e+00 2.889700e+00 8.054300e+00 8.364365e+00 2.295513e-03 9.863114e+00
 1.861002e-03 5.407610e+00 2.381326e+00 2.892529e+00 8.051100e+00 8.270480e+00 2.303383e-03 9.863411e+00
 1.865460e-03 5.401848e+00 2.383115e+00 2.895328e+00 8.047800e+00 8.179144e+00 2.311288e-03 9.863557e+00
 1.869929e-03 5.396214e+00 2.384883e+00 2.898098e+00 8.044600e+00 8.087683e+00 2.319228e-03 9.863864e+00
 1.874409e-03 5.390500e+00 2.386631e+00 2.900839e+00 8.041300e+00 7.998710e+00 2.327204e-03 9.864018e+00
 1.878899e-03 5.384810e+00 2.388359e+00 2.903551e+00 8.038000e+00 7.910458e+00 2.335217e-03 9.864177e+00
 1.883400e-03 5.379144e+00 2.390067e+00 2.906233e+00 8.034700e+00 7.822928e+00 2.343265e-03 9.864340e+00
 1.887912e-03 5.373397e+00 2.391755e+00 2.908886e+00 8.031300e+00 7.737795e+00 2.351349e-03 9.864350e+00
 1.892435e-03 5.367778e+00 2.393423e+00 2.911510e+00 8.028000e+00 7.654172e+00 2.359470e-03 9.864521e+00
 1.896968e-03 5.362079e+00 2.395071e+00 2.914105e+00 8.024600e+00 7.569578e+00 2.367628e-03 9.864539e+00
 1.901512e-03 5.356403e+00 2.396699e+00 2.916671e+00 8.021200e+00 7.488930e+00 2.375823e-03 9.864562e+00
 1.906068e-03 5.350750e+00 2.398308e+00 2.919208e+00 8.017800e+00 7.407305e+00 2.384054e-03 9.864588e+00
 1.910634e-03 5.345122e+00 2.399897e+00 2.921716e+00 8.014400e+00 7.327139e+00 2.392323e-03 9.864619e+00
 1.915211e-03 5.339412e+00 2.401466e+00 2.924195e+00 8.010900e+00 7.249194e+00 2.400630e-03 9.864495e+00
 1.919799e-03 5.333830e+00 2.403016e+00 2.926645e+00 8.007500e+00 7.171861e+00 2.408974e-03 9.864533e+00
 1.924398e-03 5.328167e+00 2.404546e+00 2.929066e+00 8.004000e+00 7.095140e+00 2.417357e-03 9.864417e+00
 1.929008e-03 5.322528e+00 2.406057e+00 2.931458e+00 8.000500e+00 7.020559e+00 2.425777e-03 9.864305e+00
 1.933629e-03 5.316912e+00 2.407548e+00 2.933821e+00 7.997000e+00 6.945801e+00 2.434236e-03 9.864196e+00
 1.938261e-03 5.311319e+00 2.409020e+00 2.936156e+00 7.993500e+00 6.872386e+00 2.442734e-03 9.864091e+00
 1.942904e-03 5.305644e+00 2.410473e+00 2.938462e+00 7.989900e+00 6.800291e+00 2.451270e-03 9.863831e+00
 1.947559e-03 5.299992e+00 2.411907e+00 2.940739e+00 7.986300e+00 6.729493e+00 2.459845e-03 9.863575e+00
 1.952224e-03 5.294469e+00 2.413321e+00 2.942988e+00 7.982800e+00 6.658518e+00 2.468460e-03 9.863480e+00
 1.956901e-03 5.288864e+00 2.414717e+00 2.945208e+00 7.979200e+00 6.590264e+00 2.477114e-03 9.863231e+00
 1.961589e-03 5.283281e+00 2.416093e+00 2.947400e+00 7.975600e+00 6.521817e+00 2.485808e-03 9.862984e+00
 1.966288e-03 5.277616e+00 2.417451e+00 2.949563e+00 7.971900e+00 6.454605e+00 2.494542e-03 9.862582e+00
 1.970998e-03 5.272080e+00 2.418789e+00 2.951698e+00 7.968300e+00 6.387912e+00 2.503316e-03 9.862342e+00
 1.975720e-03 5.266461e+00 2.420109e+00 2.953804e+00 7.964600e+00 6.322432e+00 2.512131e-03 9.861945e+00
 1.980453e-03 5.260865e+00 2.421410e+00 2.955882e+00 7.960900e+00 6.258137e+00 2.520986e-03 9.861552e+00
 1.985197e-03 5.255292e+00 2.422693e+00 2.957932e+00 7.957200e+00 6.193654e+00 2.529882e-03 9.861162e+00
 1.989953e-03 5.249741e+00 2.423956e+00 2.959953e+00 7.953500e+00 6.131023e+00 2.538819e-03 9.860774e+00
 1.994720e-03 5.244213e+00 2.425201e+00 2.961947e+00 7.949800e+00 6.068863e+00 2.547797e-03 9.860390e+00
 1.999499e-03 5.238708e+00 2.426428e+00 2.963912e+00 7.946100e+00 6.008503e+00 2.556817e-03 9.860008e+00
 2.004289e-03 5.233120e+00 2.427636e+00 2.965849e+00 7.942300e+00 5.947941e+00 2.565879e-03 9.859469e+00
 2.009090e-03 5.227554e+00 2.428826e+00 2.967758e+00 7.938500e+00 5.888485e+00 2.574983e-03 9.858933e+00
 2.013903e-03 5.222116e+00 2.429997e+00 2.969639e+00 7.934800e+00 5.830123e+00 2.584130e-03 9.858560e+00
 2.018727e-03 5.216595e+00 2.431151e+00 2.971493e+00 7.931000e+00 5.772199e+00 2.593318e-03 9.858029e+00
 2.023563e-03 5.210991e+00 2.432286e+00 2.973318e+00 7.927100e+00 5.714713e+00 2.602550e-03 9.857339e+00
 2.028411e-03 5.205514e+00 2.433402e+00 2.975116e+00 7.923300e+00 5.658285e+00 2.611825e-03 9.856813e+00
 2.033270e-03 5.200060e+00 2.434501e+00 2.976885e+00 7.919500e+00 5.602907e+00 2.621143e-03 9.856289e+00
 2.038141e-03 5.194522e+00 2.435582e+00 2.978628e+00 7.915600e+00 5.547323e+00 2.630504e-03 9.855607e+00
 2.043024e-03 5.189006e+00 2.436645e+00 2.980342e+00 7.911700e+00 5.493383e+00 2.639909e-03 9.854926e+00
 2.047918e-03 5.183512e+00 2.437690e+00 2.982029e+00 7.907800e+00 5.439842e+00 2.649359e-03 9.854248e+00
 2.052824e-03 5.178040e+00 2.438717e+00 2.983689e+00 7.903900e+00 5.386701e+00 2.658852e-03 9.853572e+00
 2.057742e-03 5.172590e+00 2.439727e+00 2.985321e+00 7.900000e+00 5.335145e+00 2.668390e-03 9.852898e+00
 2.062671e-03 5.167161e+00 2.440719e+00 2.986926e+00 7.896100e+00 5.283383e+00 2.677973e-03 9.852226e+00
 2.067612e-03 5.161649e+00 2.441693e+00 2.988503e+00 7.892100e+00 5.233171e+00 2.687602e-03 9.851394e+00
 2.072565e-03 5.156264e+00 2.442650e+00 2.990053e+00 7.888200e+00 5.182754e+00 2.697275e-03 9.850725e+00
 2.077530e-03 5.150795e+00 2.443589e+00 2.991576e+00 7.884200e+00 5.133854e+00 2.706994e-03 9.849897e+00
 2.082507e-03 5.145347e+00 2.444511e+00 2.993072e+00 7.880200e+00 5.084747e+00 2.716759e-03 9.849070e+00
 2.087496e-03 5.139921e+00 2.445416e+00 2.994541e+00 7.876200e+00 5.037132e+00 2.726570e-03 9.848245e+00
 2.092497e-03 5.134516e+00 2.446303e+00 2.995982e+00 7.872200e+00 4.989305e+00 2.736427e-03 9.847422e+00
 2.097510e-03 5.129132e+00 2.447173e+00 2.997397e+00 7.868200e+00 4.942386e+00 2.746331e-03 9.846600e+00
 2.102534e-03 5.123664e+00 2.448026e+00 2.998785e+00 7.864100e+00 4.896361e+00 2.756282e-03 9.845617e+00
 2.107571e-03 5.118323e+00 2.448862e+00 3.000146e+00 7.860100e+00 4.850674e+00 2.766280e-03 9.844798e+00
 2.112620e-03 5.112897e+00 2.449681e+00 3.001481e+00 7.856000e+00 4.805324e+00 2.776326e-03 9.843817e+00
 2.117681e-03 5.107492e+00 2.450483e+00 3.002789e+00 7.851900e+00 4.760844e+00 2.786419e-03 9.842838e+00
 2.122754e-03 5.102108e+00 2.451268e+00 3.004070e+00 7.847800e+00 4.717216e+00 2.796561e-03 9.841860e+00
 2.127839e-03 5.096745e+00 2.452037e+00 3.005325e+00 7.843700e+00 4.673385e+00 2.806751e-03 9.840883e+00
 2.132937e-03 5.091403e+00 2.452788e+00 3.006553e+00 7.839600e+00 4.630918e+00 2.816989e-03 9.839907e+00
 2.138046e-03 5.086082e+00 2.453523e+00 3.007755e+00 7.835500e+00 4.588759e+00 2.827277e-03 9.838932e+00
 2.143168e-03 5.080675e+00 2.454242e+00 3.008930e+00 7.831300e+00 4.546909e+00 2.837613e-03 9.837794e+00
 2.148302e-03 5.075395e+00 2.454944e+00 3.010080e+00 7.827200e+00 4.505366e+00 2.847999e-03 9.836821e+00
 2.153449e-03 5.070030e+00 2.455629e+00 3.011203e+00 7.823000e+00 4.465135e+00 2.858435e-03 9.835685e+00
 2.158607e-03 5.064684e+00 2.456298e+00 3.012300e+00 7.818800e+00 4.424698e+00 2.868920e-03 9.834549e+00
 2.163778e-03 5.059360e+00 2.456951e+00 3.013371e+00 7.814600e+00 4.385051e+00 2.879456e-03 9.833415e+00
 2.168962e-03 5.054056e+00 2.457588e+00 3.014416e+00 7.810400e+00 4.346184e+00 2.890043e-03 9.832280e+00
 2.174158e-03 5.048772e+00 2.458208e+00 3.015435e+00 7.806200e+00 4.307600e+00 2.900681e-03 9.831147e+00
 2.179366e-03 5.043508e+00 2.458812e+00 3.016428e+00 7.802000e+00 4.269298e+00 2.911370e-03 9.830013e+00
 2.184587e-03 5.038264e+00 2.459400e+00 3.017396e+00 7.797800e+00 4.231277e+00 2.922110e-03 9.828880e+00
 2.189820e-03 5.032934e+00 2.459972e+00 3.018338e+00 7.793500e+00 4.194010e+00 2.932902e-03 9.827583e+00
 2.195066e-03 5.027731e+00 2.460529e+00 3.019254e+00 7.789300e+00 4.157486e+00 2.943747e-03 9.826451e+00
 2.200325e-03 5.022441e+00 2.461069e+00 3.020145e+00 7.785000e+00 4.120762e+00 2.954644e-03 9.825155e+00
 2.205596e-03 5.017171e+00 2.461594e+00 3.021011e+00 7.780700e+00 4.084772e+00 2.965593e-03 9.823858e+00
 2.210879e-03 5.011921e+00 2.462103e+00 3.021851e+00 7.776400e+00 4.049504e+00 2.976596e-03 9.822561e+00
 2.216176e-03 5.006690e+00 2.462596e+00 3.022666e+00 7.772100e+00 4.014493e+00 2.987652e-03 9.821264e+00
 2.221485e-03 5.001479e+00 2.463074e+00 3.023455e+00 7.767800e+00 3.980188e+00 2.998761e-03 9.819968e+00
 2.226806e-03 4.996288e+00 2.463536e+00 3.024220e+00 7.763500e+00 3.945687e+00 3.009925e-03 9.818671e+00
 2.232141e-03 4.991116e+00 2.463983e+00 3.024960e+00 7.759200e+00 3.912330e+00 3.021143e-03 9.817374e+00
 2.237488e-03 4.985857e+00 2.464415e+00 3.025674e+00 7.754800e+00 3.878772e+00 3.032416e-03 9.815911e+00
 2.242848e-03 4.980724e+00 2.464831e+00 3.026364e+00 7.750500e+00 3.845901e+00 3.043744e-03 9.814613e+00
 2.248221e-03 4.975504e+00 2.465232e+00 3.027029e+00 7.746100e+00 3.813704e+00 3.055127e-03 9.813149e+00
 2.253607e-03 4.970303e+00 2.465618e+00 3.027669e+00 7.741700e+00 3.780881e+00 3.066565e-03 9.811685e+00
 2.259006e-03 4.965121e+00 2.465988e+00 3.028284e+00 7.737300e+00 3.749156e+00 3.078060e-03 9.810220e+00
 2.264417e-03 4.959958e+00 2.466344e+00 3.028875e+00 7.732900e+00 3.718511e+00 3.089611e-03 9.808754e+00
 2.269842e-03 4.954814e+00 2.466685e+00 3.029442e+00 7.728500e+00 3.687249e+00 3.101218e-03 9.807288e+00
 2.275279e-03 4.949689e+00 2.467011e+00 3.029984e+00 7.724100e+00 3.656635e+00 3.112883e-03 9.805821e+00
 2.280730e-03 4.944583e+00 2.467322e+00 3.030502e+00 7.719700e+00 3.626659e+00 3.124605e-03 9.804353e+00
 2.286194e-03 4.939495e+00 2.467618e+00 3.030996e+00 7.715300e+00 3.596494e+00 3.136384e-03 9.802884e+00
 2.291670e-03 4.934320e+00 2.467900e+00 3.031465e+00 7.710800e+00 3.566960e+00 3.148221e-03 9.801248e+00
 2.297160e-03 4.929270e+00 2.468167e+00 3.031910e+00 7.706400e+00 3.538048e+00 3.160117e-03 9.799778e+00
 2.302663e-03 4.924131e+00 2.468420e+00 3.032332e+00 7.701900e+00 3.509348e+00 3.172071e-03 9.798139e+00
 2.308180e-03 4.919118e+00 2.468658e+00 3.032729e+00 7.697500e+00 3.480861e+00 3.184085e-03 9.796666e+00
 2.313709e-03 4.914017e+00 2.468882e+00 3.033103e+00 7.693000e+00 3.452584e+00 3.196158e-03 9.795025e+00
 2.319252e-03 4.908934e+00 2.469091e+00 3.033453e+00 7.688500e+00 3.424911e+00 3.208290e-03 9.793383e+00
 2.324808e-03 4.903869e+00 2.469286e+00 3.033779e+00 7.684000e+00 3.397055e+00 3.220483e-03 9.791740e+00
 2.330377e-03 4.898822e+00 2.469467e+00 3.034082e+00 7.679500e+00 3.370181e+00 3.232736e-03 9.790094e+00
 2.335959e-03 4.893793e+00 2.469634e+00 3.034362e+00 7.675000e+00 3.343120e+00 3.245050e-03 9.788448e+00
 2.341555e-03 4.888783e+00 2.469787e+00 3.034618e+00 7.670500e+00 3.317025e+00 3.257425e-03 9.786800e+00
 2.347165e-03 4.883790e+00 2.469926e+00 3.034850e+00 7.666000e+00 3.290744e+00 3.269861e-03 9.785150e+00
 2.352788e-03 4.878708e+00 2.470050e+00 3.035060e+00 7.661400e+00 3.265034e+00 3.282360e-03 9.783331e+00
 2.358424e-03 4.873751e+00 2.470161e+00 3.035246e+00 7.656900e+00 3.239517e+00 3.294921e-03 9.781678e+00
 2.364074e-03 4.868704e+00 2.470259e+00 3.035410e+00 7.652300e+00 3.214190e+00 3.307544e-03 9.779855e+00
 2.369737e-03 4.863783e+00 2.470342e+00 3.035550e+00 7.647800e+00 3.189057e+00 3.320231e-03 9.778199e+00
 2.375414e-03 4.858771e+00 2.470412e+00 3.035667e+00 7.643200e+00 3.164474e+00 3.332980e-03 9.776372e+00
 2.381104e-03 4.853778e+00 2.470469e+00 3.035762e+00 7.638600e+00 3.140439e+00 3.345794e-03 9.774543e+00
 2.386808e-03 4.848908e+00 2.470511e+00 3.035834e+00 7.634100e+00 3.115866e+00 3.358672e-03 9.772881e+00
 2.392526e-03 4.843949e+00 2.470541e+00 3.035884e+00 7.629500e+00 3.091837e+00 3.371614e-03 9.771048e+00
 2.398258e-03 4.839007e+00 2.470557e+00 3.035911e+00 7.624900e+00 3.068698e+00 3.384622e-03 9.769213e+00
 2.404003e-03 4.834082e+00 2.470560e+00 3.035916e+00 7.620300e+00 3.045381e+00 3.397694e-03 9.767376e+00
 2.409762e-03 4.829175e+00 2.470549e+00 3.035898e+00 7.615700e+00 3.022590e+00 3.410833e-03 9.765536e+00
 2.415535e-03 4.824284e+00 2.470526e+00 3.035858e+00 7.611100e+00 2.999280e+00 3.424037e-03 9.763694e+00
 2.421321e-03 4.819303e+00 2.470489e+00 3.035796e+00 7.606400e+00 2.976838e+00 3.437308e-03 9.761680e+00
 2.427122e-03 4.814446e+00 2.470439e+00 3.035712e+00 7.601800e+00 2.954568e+00 3.450646e-03 9.759833e+00
 2.432936e-03 4.809606e+00 2.470376e+00 3.035606e+00 7.597200e+00 2.933148e+00 3.464052e-03 9.757984e+00
 2.438764e-03 4.804676e+00 2.470301e+00 3.035478e+00 7.592500e+00 2.911213e+00 3.477525e-03 9.755962e+00
 2.444607e-03 4.799869e+00 2.470212e+00 3.035329e+00 7.587900e+00 2.889785e+00 3.491066e-03 9.754107e+00
 2.450463e-03 4.794972e+00 2.470111e+00 3.035157e+00 7.583200e+00 2.868854e+00 3.504676e-03 9.752081e+00
 2.456333e-03 4.790198e+00 2.469997e+00 3.034964e+00 7.578600e+00 2.847421e+00 3.518354e-03 9.750220e+00
 2.462217e-03 4.785333e+00 2.469871e+00 3.034750e+00 7.573900e+00 2.827140e+00 3.532102e-03 9.748187e+00
 2.468116e-03 4.780485e+00 2.469732e+00 3.034514e+00 7.569200e+00 2.806366e+00 3.545920e-03 9.746152e+00
 2.474028e-03 4.775760e+00 2.469581e+00 3.034257e+00 7.564600e+00 2.786075e+00 3.559808e-03 9.744283e+00
 2.479955e-03 4.770944e+00 2.469417e+00 3.033979e+00 7.559900e+00 2.766265e+00 3.573767e-03 9.742241e+00
 2.485896e-03 4.766144e+00 2.469240e+00 3.033680e+00 7.555200e+00 2.745970e+00 3.587797e-03 9.740196e+00
 2.491851e-03 4.761360e+00 2.469052e+00 3.033359e+00 7.550500e+00 2.726471e+00 3.601898e-03 9.738148e+00
 2.497821e-03 4.756592e+00 2.468851e+00 3.033018e+00 7.545800e+00 2.707123e+00 3.616072e-03 9.736096e+00
 2.503804e-03 4.751840e+00 2.468638e+00 3.032656e+00 7.541100e+00 2.687928e+00 3.630318e-03 9.734041e+00
 2.509802e-03 4.747103e+00 2.468413e+00 3.032273e+00 7.536400e+00 2.669508e+00 3.644636e-03 9.731983e+00
 2.515815e-03 4.742383e+00 2.468176e+00 3.031869e+00 7.531700e+00 2.650611e+00 3.659028e-03 9.729921e+00
 2.521842e-03 4.737677e+00 2.467927e+00 3.031445e+00 7.527000e+00 2.631866e+00 3.673493e-03 9.727856e+00
 2.527883e-03 4.732880e+00 2.467667e+00 3.031001e+00 7.522200e+00 2.613577e+00 3.688033e-03 9.725617e+00
 2.533939e-03 4.728206e+00 2.467394e+00 3.030536e+00 7.517500e+00 2.595735e+00 3.702647e-03 9.723545e+00
 2.540009e-03 4.723547e+00 2.467110e+00 3.030051e+00 7.512800e+00 2.577735e+00 3.717337e-03 9.721469e+00
 2.546094e-03 4.718904e+00 2.466814e+00 3.029545e+00 7.508100e+00 2.560178e+00 3.732102e-03 9.719389e+00
 2.552193e-03 4.714168e+00 2.466506e+00 3.029020e+00 7.503300e+00 2.542464e+00 3.746943e-03 9.717135e+00
 2.558307e-03 4.709554e+00 2.466187e+00 3.028474e+00 7.498600e+00 2.525190e+00 3.761860e-03 9.715048e+00
 2.564436e-03 4.704849e+00 2.465856e+00 3.027909e+00 7.493800e+00 2.508348e+00 3.776854e-03 9.712786e+00
 2.570579e-03 4.700265e+00 2.465514e+00 3.027324e+00 7.489100e+00 2.491060e+00 3.791926e-03 9.710691e+00
 2.576737e-03 4.695590e+00 2.465161e+00 3.026719e+00 7.484300e+00 2.474492e+00 3.807076e-03 9.708420e+00
 2.582910e-03 4.690929e+00 2.464796e+00 3.026095e+00 7.479500e+00 2.457772e+00 3.822303e-03 9.706146e+00
 2.589097e-03 4.686390e+00 2.464421e+00 3.025451e+00 7.474800e+00 2.441473e+00 3.837610e-03 9.704039e+00
 2.595300e-03 4.681758e+00 2.464034e+00 3.024788e+00 7.470000e+00 2.425312e+00 3.852996e-03 9.701756e+00
 2.601517e-03 4.677141e+00 2.463636e+00 3.024106e+00 7.465200e+00 2.409282e+00 3.868462e-03 9.699469e+00
 2.607749e-03 4.672646e+00 2.463227e+00 3.023404e+00 7.460500e+00 2.393384e+00 3.884008e-03 9.697349e+00
 2.613996e-03 4.668057e+00 2.462807e+00 3.022683e+00 7.455700e+00 2.377897e+00 3.899635e-03 9.695053e+00
 2.620258e-03 4.663483e+00 2.462376e+00 3.021943e+00 7.450900e+00 2.362261e+00 3.915343e-03 9.692753e+00
 2.626535e-03 4.658924e+00 2.461934e+00 3.021184e+00 7.446100e+00 2.347310e+00 3.931133e-03 9.690448e+00
 2.632827e-03 4.654378e+00 2.461481e+00 3.020407e+00 7.441300e+00 2.331931e+00 3.947005e-03 9.688139e+00
 2.639134e-03 4.649847e+00 2.461018e+00 3.019611e+00 7.436500e+00 2.316957e+00 3.962960e-03 9.685825e+00
 2.645456e-03 4.645329e+00 2.460545e+00 3.018796e+00 7.431700e+00 2.301838e+00 3.978998e-03 9.683506e+00
 2.651794e-03 4.640826e+00 2.460060e+00 3.017962e+00 7.426900e+00 2.287386e+00 3.995120e-03 9.681183e+00
 2.658146e-03 4.636336e+00 2.459566e+00 3.017111e+00 7.422100e+00 2.272790e+00 4.011326e-03 9.678854e+00
 2.664514e-03 4.631860e+00 2.459060e+00 3.016240e+00 7.417300e+00 2.258584e+00 4.027617e-03 9.676521e+00
 2.670897e-03 4.627398e+00 2.458545e+00 3.015352e+00 7.412500e+00 2.244235e+00 4.043993e-03 9.674183e+00
 2.677296e-03 4.622949e+00 2.458019e+00 3.014446e+00 7.407700e+00 2.230272e+00 4.060455e-03 9.671841e+00
 2.683709e-03 4.618514e+00 2.457483e+00 3.013521e+00 7.402900e+00 2.216691e+00 4.077004e-03 9.669493e+00
 2.690138e-03 4.614093e+00 2.456937e+00 3.012579e+00 7.398100e+00 2.202707e+00 4.093640e-03 9.667140e+00
 2.696583e-03 4.609685e+00 2.456380e+00 3.011618e+00 7.393300e+00 2.189102e+00 4.110363e-03 9.664782e+00
 2.703043e-03 4.605182e+00 2.455814e+00 3.010640e+00 7.388400e+00 2.175875e+00 4.127174e-03 9.662246e+00
 2.709518e-03 4.600800e+00 2.455237e+00 3.009645e+00 7.383600e+00 2.162764e+00 4.144073e-03 9.659877e+00
 2.716009e-03 4.596432e+00 2.454651e+00 3.008631e+00 7.378800e+00 2.149257e+00 4.161062e-03 9.657504e+00
 2.722515e-03 4.592077e+00 2.454055e+00 3.007601e+00 7.374000e+00 2.136376e+00 4.178140e-03 9.655125e+00
 2.729037e-03 4.587626e+00 2.453449e+00 3.006553e+00 7.369100e+00 2.123609e+00 4.195309e-03 9.652568e+00
 2.735575e-03 4.583297e+00 2.452834e+00 3.005488e+00 7.364300e+00 2.110706e+00 4.212568e-03 9.650178e+00
 2.742128e-03 4.578980e+00 2.452208e+00 3.004405e+00 7.359500e+00 2.098167e+00 4.229919e-03 9.647783e+00
 2.748697e-03 4.574676e+00 2.451574e+00 3.003306e+00 7.354700e+00 2.085741e+00 4.247361e-03 9.645382e+00
 2.755282e-03 4.570277e+00 2.450929e+00 3.002190e+00 7.349800e+00 2.073426e+00 4.264896e-03 9.642802e+00
 2.761882e-03 4.565999e+00 2.450275e+00 3.001057e+00 7.345000e+00 2.061223e+00 4.282524e-03 9.640390e+00
 2.768499e-03 4.561733e+00 2.449612e+00 2.999907e+00 7.340200e+00 2.049131e+00 4.300245e-03 9.637973e+00
 2.775131e-03 4.557371e+00 2.448940e+00 2.998740e+00 7.335300e+00 2.037391e+00 4.318061e-03 9.635376e+00
 2.781779e-03 4.553130e+00 2.448258e+00 2.997557e+00 7.330500e+00 2.025517e+00 4.335972e-03 9.632947e+00
 2.788443e-03 4.548793e+00 2.447567e+00 2.996358e+00 7.325600e+00 2.013752e+00 4.353977e-03 9.630338e+00
 2.795123e-03 4.544576e+00 2.446867e+00 2.995142e+00 7.320800e+00 2.002096e+00 4.372079e-03 9.627897e+00
 2.801819e-03 4.540372e+00 2.446157e+00 2.993910e+00 7.316000e+00 1.991024e+00 4.390278e-03 9.625450e+00
 2.808531e-03 4.536071e+00 2.445439e+00 2.992662e+00 7.311100e+00 1.979582e+00 4.408573e-03 9.622824e+00
 2.815259e-03 4.531891e+00 2.444712e+00 2.991398e+00 7.306300e+00 1.968482e+00 4.426966e-03 9.620365e+00
 2.822003e-03 4.527614e+00 2.443976e+00 2.990118e+00 7.301400e+00 1.957253e+00 4.445458e-03 9.617726e+00
 2.828763e-03 4.523457e+00 2.443231e+00 2.988822e+00 7.296600e+00 1.946595e+00 4.464048e-03 9.615255e+00
 2.835540e-03 4.519204e+00 2.442477e+00 2.987510e+00 7.291700e+00 1.935575e+00 4.482738e-03 9.612604e+00
 2.842332e-03 4.515071e+00 2.441714e+00 2.986182e+00 7.286900e+00 1.924892e+00 4.501529e-03 9.610121e+00
 2.849141e-03 4.510949e+00 2.440943e+00 2.984840e+00 7.282100e+00 1.914081e+00 4.520420e-03 9.607631e+00
 2.855967e-03 4.506731e+00 2.440164e+00 2.983481e+00 7.277200e+00 1.903830e+00 4.539412e-03 9.604961e+00
 2.862808e-03 4.502632e+00 2.439375e+00 2.982108e+00 7.272400e+00 1.893451e+00 4.558507e-03 9.602458e+00
 2.869666e-03 4.498436e+00 2.438579e+00 2.980719e+00 7.267500e+00 1.882947e+00 4.577704e-03 9.599775e+00
 2.876541e-03 4.494360e+00 2.437773e+00 2.979314e+00 7.262700e+00 1.872996e+00 4.597005e-03 9.597260e+00
 2.883432e-03 4.490187e+00 2.436960e+00 2.977895e+00 7.257800e+00 1.862918e+00 4.616410e-03 9.594563e+00
 2.890339e-03 4.486133e+00 2.436138e+00 2.976461e+00 7.253000e+00 1.853163e+00 4.635919e-03 9.592035e+00
 2.897263e-03 4.481983e+00 2.435308e+00 2.975012e+00 7.248100e+00 1.843062e+00 4.655534e-03 9.589325e+00
 2.904204e-03 4.477951e+00 2.434470e+00 2.973549e+00 7.243300e+00 1.833281e+00 4.675255e-03 9.586783e+00
 2.911161e-03 4.473930e+00 2.433624e+00 2.972070e+00 7.238500e+00 1.823818e+00 4.695082e-03 9.584235e+00
 2.918135e-03 4.469812e+00 2.432769e+00 2.970578e+00 7.233600e+00 1.814232e+00 4.715017e-03 9.581505e+00
 2.925126e-03 4.465812e+00 2.431907e+00 2.969070e+00 7.228800e+00 1.804961e+00 4.735059e-03 9.578943e+00
 2.932133e-03 4.461716e+00 2.431037e+00 2.967549e+00 7.223900e+00 1.795566e+00 4.755211e-03 9.576199e+00
 2.939157e-03 4.457738e+00 2.430159e+00 2.966013e+00 7.219100e+00 1.786484e+00 4.775471e-03 9.573624e+00
 2.946198e-03 4.453770e+00 2.429273e+00 2.964463e+00 7.214300e+00 1.777068e+00 4.795842e-03 9.571041e+00
 2.953256e-03 4.449705e+00 2.428379e+00 2.962899e+00 7.209400e+00 1.767960e+00 4.816323e-03 9.568276e+00
 2.960331e-03 4.445758e+00 2.427478e+00 2.961321e+00 7.204600e+00 1.759160e+00 4.836916e-03 9.565679e+00
 2.967423e-03 4.441822e+00 2.426569e+00 2.959729e+00 7.199800e+00 1.750241e+00 4.857620e-03 9.563075e+00
 2.974531e-03 4.437788e+00 2.425653e+00 2.958123e+00 7.194900e+00 1.741626e+00 4.878438e-03 9.560289e+00
 2.981657e-03 4.433872e+00 2.424729e+00 2.956504e+00 7.190100e+00 1.732892e+00 4.899369e-03 9.557671e+00
 2.988800e-03 4.429966e+00 2.423797e+00 2.954871e+00 7.185300e+00 1.724460e+00 4.920414e-03 9.555046e+00
 2.995960e-03 4.425962e+00 2.422858e+00 2.953225e+00 7.180400e+00 1.715912e+00 4.941575e-03 9.552238e+00
 3.003137e-03 4.422076e+00 2.421912e+00 2.951566e+00 7.175600e+00 1.707660e+00 4.962851e-03 9.549598e+00
 3.010331e-03 4.418200e+00 2.420959e+00 2.949893e+00 7.170800e+00 1.699293e+00 4.984243e-03 9.546950e+00
 3.017542e-03 4.414225e+00 2.419998e+00 2.948207e+00 7.165900e+00 1.690812e+00 5.005752e-03 9.544120e+00
 3.024771e-03 4.410368e+00 2.419030e+00 2.946508e+00 7.161100e+00 1.682831e+00 5.027380e-03 9.541458e+00
 3.032017e-03 4.406521e+00 2.418055e+00 2.944796e+00 7.156300e+00 1.674735e+00 5.049126e-03 9.538788e+00
 3.039281e-03 4.402684e+00 2.417073e+00 2.943071e+00 7.151500e+00 1.666930e+00 5.070991e-03 9.536111e+00
 3.046561e-03 4.398856e+00 2.416084e+00 2.941333e+00 7.146700e+00 1.659012e+00 5.092976e-03 9.533426e+00
 3.053860e-03 4.395037e+00 2.415088e+00 2.939583e+00 7.141900e+00 1.651383e+00 5.115082e-03 9.530734e+00
 3.061175e-03 4.391120e+00 2.414085e+00 2.937820e+00 7.137000e+00 1.643440e+00 5.137310e-03 9.527858e+00
 3.068509e-03 4.387320e+00 2.413076e+00 2.936045e+00 7.132200e+00 1.635786e+00 5.159660e-03 9.525150e+00
 3.075860e-03 4.383529e+00 2.412059e+00 2.934257e+00 7.127400e+00 1.628417e+00 5.182134e-03 9.522434e+00
 3.083228e-03 4.379747e+00 2.411036e+00 2.932457e+00 7.122600e+00 1.620936e+00 5.204731e-03 9.519711e+00
 3.090614e-03 4.375974e+00 2.410006e+00 2.930645e+00 7.117800e+00 1.613344e+00 5.227453e-03 9.516980e+00
 3.098018e-03 4.372211e+00 2.408970e+00 2.928821e+00 7.113000e+00 1.606232e+00 5.250301e-03 9.514241e+00
 3.105439e-03 4.368456e+00 2.407927e+00 2.926985e+00 7.108200e+00 1.599008e+00 5.273274e-03 9.511494e+00
 3.112879e-03 4.364710e+00 2.406878e+00 2.925137e+00 7.103400e+00 1.591676e+00 5.296375e-03 9.508739e+00
 3.120336e-03 4.360972e+00 2.405822e+00 2.923277e+00 7.098600e+00 1.584817e+00 5.319604e-03 9.505976e+00
 3.127811e-03 4.357244e+00 2.404760e+00 2.921405e+00 7.093800e+00 1.577654e+00 5.342962e-03 9.503205e+00
 3.135304e-03 4.353524e+00 2.403691e+00 2.919522e+00 7.089000e+00 1.570769e+00 5.366449e-03 9.500426e+00
 3.142815e-03 4.349920e+00 2.402617e+00 2.917628e+00 7.084300e+00 1.563776e+00 5.390066e-03 9.497815e+00
 3.150344e-03 4.346217e+00 2.401536e+00 2.915722e+00 7.079500e+00 1.557249e+00 5.413815e-03 9.495019e+00
 3.157890e-03 4.342523e+00 2.400449e+00 2.913805e+00 7.074700e+00 1.550422e+00 5.437695e-03 9.492216e+00
 3.165455e-03 4.338836e+00 2.399356e+00 2.911876e+00 7.069900e+00 1.543679e+00 5.461709e-03 9.489404e+00
 3.173038e-03 4.335267e+00 2.398256e+00 2.909937e+00 7.065200e+00 1.537209e+00 5.485856e-03 9.486760e+00
 3.180640e-03 4.331597e+00 2.397151e+00 2.907986e+00 7.060400e+00 1.530630e+00 5.510137e-03 9.483932e+00
 3.188259e-03 4.327935e+00 2.396040e+00 2.906025e+00 7.055600e+00 1.524136e+00 5.534555e-03 9.481095e+00
 3.195897e-03 4.324389e+00 2.394923e+00 2.904053e+00 7.050900e+00 1.517722e+00 5.559108e-03 9.478427e+00
 3.203553e-03 4.320743e+00 2.393800e+00 2.902070e+00 7.046100e+00 1.511761e+00 5.583798e-03 9.475573e+00
 3.211227e-03 4.317105e+00 2.392672e+00 2.900076e+00 7.041300e+00 1.505510e+00 5.608627e-03 9.472711e+00
 3.218920e-03 4.313583e+00 2.391537e+00 2.898072e+00 7.036600e+00 1.499337e+00 5.633594e-03 9.470017e+00
 3.226631e-03 4.309961e+00 2.390398e+00 2.896057e+00 7.031800e+00 1.493246e+00 5.658701e-03 9.467138e+00
 3.234361e-03 4.306454e+00 2.389252e+00 2.894033e+00 7.027100e+00 1.487235e+00 5.683948e-03 9.464427e+00
 3.242109e-03 4.302956e+00 2.388101e+00 2.891998e+00 7.022400e+00 1.480939e+00 5.709338e-03 9.461707e+00
 3.249876e-03 4.299356e+00 2.386944e+00 2.889952e+00 7.017600e+00 1.475088e+00 5.734869e-03 9.458802e+00
