# MvsR for pwp /home/gieg/projects/BAM_old/src/projects/eos/tab/pwpfits/eos_ms1.pwp
# rho_c, R_iso, M, Mb, R, Lambda, e_c, R_inv
 2.954114e-04 8.871627e+00 2.198116e-01 2.220078e-01 9.092800e+00 7.676882e+06 3.003600e-04 9.261070e+00
 2.960450e-04 8.865565e+00 2.209583e-01 2.231834e-01 9.087900e+00 7.501264e+06 3.010150e-04 9.256751e+00
 2.966800e-04 8.859496e+00 2.221115e-01 2.243658e-01 9.083000e+00 7.329405e+06 3.016715e-04 9.252433e+00
 2.973164e-04 8.853621e+00 2.232710e-01 2.255548e-01 9.078300e+00 7.161753e+06 3.023295e-04 9.248322e+00
 2.979541e-04 8.847740e+00 2.244369e-01 2.267506e-01 9.073600e+00 6.997944e+06 3.029889e-04 9.244212e+00
 2.985932e-04 8.841952e+00 2.256092e-01 2.279532e-01 9.069000e+00 6.837888e+06 3.036498e-04 9.240206e+00
 2.992336e-04 8.836257e+00 2.267880e-01 2.291625e-01 9.064500e+00 6.681751e+06 3.043123e-04 9.236303e+00
 2.998754e-04 8.830655e+00 2.279732e-01 2.303787e-01 9.060100e+00 6.528940e+06 3.049762e-04 9.232505e+00
 3.005186e-04 8.825047e+00 2.291650e-01 2.316017e-01 9.055700e+00 6.379750e+06 3.056417e-04 9.228708e+00
 3.011632e-04 8.819633e+00 2.303632e-01 2.328316e-01 9.051500e+00 6.234093e+06 3.063086e-04 9.225118e+00
 3.018092e-04 8.814211e+00 2.315680e-01 2.340684e-01 9.047300e+00 6.091650e+06 3.069771e-04 9.221529e+00
 3.024565e-04 8.808883e+00 2.327794e-01 2.353122e-01 9.043200e+00 5.952581e+06 3.076470e-04 9.218044e+00
 3.031053e-04 8.803548e+00 2.339974e-01 2.365629e-01 9.039100e+00 5.816804e+06 3.083185e-04 9.214560e+00
 3.037554e-04 8.798406e+00 2.352220e-01 2.378206e-01 9.035200e+00 5.684130e+06 3.089915e-04 9.211283e+00
 3.044069e-04 8.793257e+00 2.364532e-01 2.390853e-01 9.031300e+00 5.554266e+06 3.096660e-04 9.208008e+00
 3.050599e-04 8.788202e+00 2.376911e-01 2.403571e-01 9.027500e+00 5.427586e+06 3.103421e-04 9.204837e+00
 3.057142e-04 8.783139e+00 2.389357e-01 2.416359e-01 9.023700e+00 5.304010e+06 3.110197e-04 9.201667e+00
 3.063699e-04 8.778270e+00 2.401870e-01 2.429219e-01 9.020100e+00 5.183044e+06 3.116988e-04 9.198705e+00
 3.070270e-04 8.773394e+00 2.414451e-01 2.442149e-01 9.016500e+00 5.064941e+06 3.123795e-04 9.195744e+00
 3.076856e-04 8.768611e+00 2.427099e-01 2.455152e-01 9.013000e+00 4.949633e+06 3.130617e-04 9.192887e+00
 3.083455e-04 8.763820e+00 2.439815e-01 2.468226e-01 9.009500e+00 4.836853e+06 3.137455e-04 9.190032e+00
 3.090069e-04 8.759223e+00 2.452599e-01 2.481373e-01 9.006200e+00 4.726741e+06 3.144308e-04 9.187384e+00
 3.096697e-04 8.754619e+00 2.465452e-01 2.494592e-01 9.002900e+00 4.619043e+06 3.151176e-04 9.184737e+00
 3.103339e-04 8.750008e+00 2.478373e-01 2.507883e-01 8.999600e+00 4.513987e+06 3.158060e-04 9.182093e+00
 3.109996e-04 8.745589e+00 2.491363e-01 2.521248e-01 8.996500e+00 4.411322e+06 3.164960e-04 9.179655e+00
 3.116666e-04 8.741164e+00 2.504423e-01 2.534687e-01 8.993400e+00 4.310993e+06 3.171876e-04 9.177219e+00
 3.123351e-04 8.736731e+00 2.517552e-01 2.548198e-01 8.990300e+00 4.212947e+06 3.178807e-04 9.174785e+00
 3.130050e-04 8.732491e+00 2.530750e-01 2.561784e-01 8.987400e+00 4.117132e+06 3.185754e-04 9.172559e+00
 3.136764e-04 8.728244e+00 2.544019e-01 2.575444e-01 8.984500e+00 4.023669e+06 3.192717e-04 9.170334e+00
 3.143492e-04 8.724090e+00 2.557358e-01 2.589179e-01 8.981700e+00 3.932159e+06 3.199696e-04 9.168214e+00
 3.150235e-04 8.719929e+00 2.570767e-01 2.602988e-01 8.978900e+00 3.842813e+06 3.206690e-04 9.166095e+00
 3.156991e-04 8.715860e+00 2.584247e-01 2.616873e-01 8.976200e+00 3.755579e+06 3.213701e-04 9.164082e+00
 3.163763e-04 8.711884e+00 2.597797e-01 2.630833e-01 8.973600e+00 3.670245e+06 3.220727e-04 9.162173e+00
 3.170549e-04 8.708000e+00 2.611420e-01 2.644869e-01 8.971100e+00 3.587007e+06 3.227769e-04 9.160369e+00
 3.177349e-04 8.704109e+00 2.625113e-01 2.658981e-01 8.968600e+00 3.505580e+06 3.234828e-04 9.158567e+00
 3.184164e-04 8.700211e+00 2.638878e-01 2.673169e-01 8.966100e+00 3.426077e+06 3.241902e-04 9.156766e+00
 3.190994e-04 8.696506e+00 2.652716e-01 2.687434e-01 8.963800e+00 3.348377e+06 3.248993e-04 9.155174e+00
 3.197839e-04 8.692792e+00 2.666625e-01 2.701776e-01 8.961500e+00 3.272439e+06 3.256100e-04 9.153584e+00
 3.204698e-04 8.689072e+00 2.680607e-01 2.716195e-01 8.959200e+00 3.198295e+06 3.263223e-04 9.151995e+00
 3.211571e-04 8.685444e+00 2.694662e-01 2.730692e-01 8.957000e+00 3.125759e+06 3.270362e-04 9.150512e+00
 3.218460e-04 8.681908e+00 2.708790e-01 2.745267e-01 8.954900e+00 3.055006e+06 3.277517e-04 9.149133e+00
 3.225363e-04 8.678465e+00 2.722991e-01 2.759919e-01 8.952900e+00 2.985786e+06 3.284689e-04 9.147860e+00
 3.232281e-04 8.675014e+00 2.737266e-01 2.774651e-01 8.950900e+00 2.918201e+06 3.291877e-04 9.146589e+00
 3.239214e-04 8.671556e+00 2.751614e-01 2.789461e-01 8.948900e+00 2.852079e+06 3.299082e-04 9.145320e+00
 3.246162e-04 8.668290e+00 2.766037e-01 2.804350e-01 8.947100e+00 2.787584e+06 3.306303e-04 9.144259e+00
 3.253125e-04 8.664916e+00 2.780534e-01 2.819319e-01 8.945200e+00 2.724482e+06 3.313540e-04 9.143097e+00
 3.260102e-04 8.661735e+00 2.795106e-01 2.834367e-01 8.943500e+00 2.662871e+06 3.320795e-04 9.142144e+00
 3.267095e-04 8.658545e+00 2.809752e-01 2.849496e-01 8.941800e+00 2.602651e+06 3.328065e-04 9.141192e+00
 3.274102e-04 8.655348e+00 2.824474e-01 2.864705e-01 8.940100e+00 2.543792e+06 3.335352e-04 9.140243e+00
 3.281125e-04 8.652244e+00 2.839271e-01 2.879994e-01 8.938500e+00 2.486263e+06 3.342656e-04 9.139399e+00
 3.288163e-04 8.649231e+00 2.854143e-01 2.895365e-01 8.937000e+00 2.430092e+06 3.349977e-04 9.138661e+00
 3.295216e-04 8.646211e+00 2.869092e-01 2.910817e-01 8.935500e+00 2.375246e+06 3.357314e-04 9.137925e+00
 3.302283e-04 8.643282e+00 2.884117e-01 2.926350e-01 8.934100e+00 2.321581e+06 3.364669e-04 9.137295e+00
 3.309367e-04 8.640346e+00 2.899218e-01 2.941966e-01 8.932700e+00 2.269181e+06 3.372040e-04 9.136666e+00
 3.316465e-04 8.637502e+00 2.914396e-01 2.957664e-01 8.931400e+00 2.217909e+06 3.379427e-04 9.136144e+00
 3.323578e-04 8.634650e+00 2.929651e-01 2.973444e-01 8.930100e+00 2.167847e+06 3.386832e-04 9.135623e+00
 3.330707e-04 8.631890e+00 2.944984e-01 2.989307e-01 8.928900e+00 2.118965e+06 3.394254e-04 9.135209e+00
 3.337851e-04 8.629222e+00 2.960393e-01 3.005254e-01 8.927800e+00 2.071185e+06 3.401693e-04 9.134900e+00
 3.345010e-04 8.626545e+00 2.975881e-01 3.021284e-01 8.926700e+00 2.024480e+06 3.409149e-04 9.134593e+00
 3.352185e-04 8.623861e+00 2.991447e-01 3.037398e-01 8.925600e+00 1.978827e+06 3.416622e-04 9.134289e+00
 3.359375e-04 8.621269e+00 3.007091e-01 3.053596e-01 8.924600e+00 1.934202e+06 3.424112e-04 9.134091e+00
 3.366581e-04 8.618768e+00 3.022814e-01 3.069879e-01 8.923700e+00 1.890629e+06 3.431619e-04 9.133998e+00
 3.373802e-04 8.616259e+00 3.038615e-01 3.086246e-01 8.922800e+00 1.847989e+06 3.439143e-04 9.133908e+00
 3.381038e-04 8.613843e+00 3.054496e-01 3.102699e-01 8.922000e+00 1.806401e+06 3.446685e-04 9.133924e+00
 3.388290e-04 8.611417e+00 3.070456e-01 3.119237e-01 8.921200e+00 1.765702e+06 3.454244e-04 9.133943e+00
 3.395558e-04 8.608984e+00 3.086496e-01 3.135861e-01 8.920400e+00 1.726007e+06 3.461821e-04 9.133964e+00
 3.402841e-04 8.606642e+00 3.102616e-01 3.152571e-01 8.919700e+00 1.687160e+06 3.469415e-04 9.134091e+00
 3.410140e-04 8.604392e+00 3.118816e-01 3.169368e-01 8.919100e+00 1.649228e+06 3.477026e-04 9.134324e+00
 3.417454e-04 8.602134e+00 3.135096e-01 3.186252e-01 8.918500e+00 1.612063e+06 3.484655e-04 9.134560e+00
 3.424784e-04 8.599867e+00 3.151457e-01 3.203222e-01 8.917900e+00 1.575816e+06 3.492301e-04 9.134798e+00
 3.432130e-04 8.597692e+00 3.167900e-01 3.220280e-01 8.917400e+00 1.540382e+06 3.499965e-04 9.135143e+00
 3.439492e-04 8.595608e+00 3.184423e-01 3.237426e-01 8.917000e+00 1.505823e+06 3.507647e-04 9.135594e+00
 3.446869e-04 8.593516e+00 3.201028e-01 3.254660e-01 8.916600e+00 1.471959e+06 3.515346e-04 9.136047e+00
 3.454262e-04 8.591416e+00 3.217716e-01 3.271983e-01 8.916200e+00 1.438894e+06 3.523063e-04 9.136503e+00
 3.461671e-04 8.589407e+00 3.234485e-01 3.289394e-01 8.915900e+00 1.406607e+06 3.530798e-04 9.137066e+00
 3.469096e-04 8.587389e+00 3.251336e-01 3.306894e-01 8.915600e+00 1.375006e+06 3.538550e-04 9.137632e+00
 3.476537e-04 8.585463e+00 3.268270e-01 3.324484e-01 8.915400e+00 1.344150e+06 3.546321e-04 9.138304e+00
 3.483994e-04 8.583528e+00 3.285288e-01 3.342164e-01 8.915200e+00 1.314020e+06 3.554109e-04 9.138978e+00
 3.491467e-04 8.581684e+00 3.302388e-01 3.359934e-01 8.915100e+00 1.284493e+06 3.561916e-04 9.139760e+00
 3.498956e-04 8.579832e+00 3.319572e-01 3.377794e-01 8.915000e+00 1.255697e+06 3.569740e-04 9.140544e+00
 3.506460e-04 8.578071e+00 3.336839e-01 3.395745e-01 8.915000e+00 1.227545e+06 3.577583e-04 9.141435e+00
 3.513981e-04 8.576301e+00 3.354191e-01 3.413787e-01 8.915000e+00 1.200022e+06 3.585443e-04 9.142329e+00
 3.521519e-04 8.574523e+00 3.371627e-01 3.431921e-01 8.915000e+00 1.173180e+06 3.593322e-04 9.143225e+00
 3.529072e-04 8.572836e+00 3.389147e-01 3.450146e-01 8.915100e+00 1.146872e+06 3.601219e-04 9.144229e+00
 3.536641e-04 8.571140e+00 3.406752e-01 3.468464e-01 8.915200e+00 1.121184e+06 3.609134e-04 9.145235e+00
 3.544227e-04 8.569535e+00 3.424443e-01 3.486874e-01 8.915400e+00 1.096100e+06 3.617068e-04 9.146348e+00
 3.551829e-04 8.567921e+00 3.442219e-01 3.505377e-01 8.915600e+00 1.071545e+06 3.625019e-04 9.147465e+00
 3.559447e-04 8.566298e+00 3.460080e-01 3.523973e-01 8.915800e+00 1.047569e+06 3.632990e-04 9.148584e+00
 3.567082e-04 8.564766e+00 3.478027e-01 3.542662e-01 8.916100e+00 1.024156e+06 3.640978e-04 9.149810e+00
 3.574733e-04 8.563326e+00 3.496061e-01 3.561445e-01 8.916500e+00 1.001208e+06 3.648986e-04 9.151144e+00
 3.582401e-04 8.561776e+00 3.514181e-01 3.580323e-01 8.916800e+00 9.788281e+05 3.657011e-04 9.152376e+00
 3.590085e-04 8.560417e+00 3.532387e-01 3.599295e-01 8.917300e+00 9.569467e+05 3.665056e-04 9.153820e+00
 3.597785e-04 8.558949e+00 3.550681e-01 3.618362e-01 8.917700e+00 9.355528e+05 3.673119e-04 9.155163e+00
 3.605502e-04 8.557572e+00 3.569062e-01 3.637524e-01 8.918200e+00 9.146888e+05 3.681200e-04 9.156613e+00
 3.613235e-04 8.556186e+00 3.587530e-01 3.656781e-01 8.918700e+00 8.942361e+05 3.689301e-04 9.158066e+00
 3.620985e-04 8.554891e+00 3.606086e-01 3.676135e-01 8.919300e+00 8.742645e+05 3.697420e-04 9.159626e+00
 3.628752e-04 8.553587e+00 3.624731e-01 3.695584e-01 8.919900e+00 8.547626e+05 3.705558e-04 9.161190e+00
 3.636535e-04 8.552373e+00 3.643463e-01 3.715131e-01 8.920600e+00 8.356692e+05 3.713715e-04 9.162861e+00
 3.644335e-04 8.551050e+00 3.662285e-01 3.734774e-01 8.921200e+00 8.170492e+05 3.721891e-04 9.164431e+00
 3.652152e-04 8.549918e+00 3.681195e-01 3.754514e-01 8.922000e+00 7.988186e+05 3.730085e-04 9.166214e+00
 3.659985e-04 8.548677e+00 3.700194e-01 3.774352e-01 8.922700e+00 7.810165e+05 3.738299e-04 9.167895e+00
 3.667836e-04 8.547526e+00 3.719283e-01 3.794288e-01 8.923500e+00 7.636095e+05 3.746532e-04 9.169683e+00
 3.675703e-04 8.546366e+00 3.738461e-01 3.814322e-01 8.924300e+00 7.465888e+05 3.754785e-04 9.171475e+00
 3.683587e-04 8.545296e+00 3.757730e-01 3.834455e-01 8.925200e+00 7.299458e+05 3.763056e-04 9.173375e+00
 3.691488e-04 8.544217e+00 3.777088e-01 3.854686e-01 8.926100e+00 7.136939e+05 3.771347e-04 9.175278e+00
 3.699406e-04 8.543228e+00 3.796537e-01 3.875017e-01 8.927100e+00 6.978235e+05 3.779656e-04 9.177290e+00
 3.707341e-04 8.542130e+00 3.816077e-01 3.895448e-01 8.928000e+00 6.822627e+05 3.787986e-04 9.179200e+00
 3.715293e-04 8.541123e+00 3.835708e-01 3.915978e-01 8.929000e+00 6.671088e+05 3.796334e-04 9.181218e+00
 3.723261e-04 8.540206e+00 3.855430e-01 3.936609e-01 8.930100e+00 6.522496e+05 3.804702e-04 9.183344e+00
 3.731247e-04 8.539179e+00 3.875244e-01 3.957341e-01 8.931100e+00 6.377395e+05 3.813090e-04 9.185369e+00
 3.739251e-04 8.538343e+00 3.895149e-01 3.978174e-01 8.932300e+00 6.235701e+05 3.821497e-04 9.187606e+00
 3.747271e-04 8.537397e+00 3.915147e-01 3.999108e-01 8.933400e+00 6.097139e+05 3.829924e-04 9.189743e+00
 3.755308e-04 8.536541e+00 3.935236e-01 4.020143e-01 8.934600e+00 5.961641e+05 3.838371e-04 9.191988e+00
 3.763363e-04 8.535676e+00 3.955419e-01 4.041281e-01 8.935800e+00 5.829139e+05 3.846837e-04 9.194236e+00
 3.771435e-04 8.534801e+00 3.975694e-01 4.062521e-01 8.937000e+00 5.699746e+05 3.855323e-04 9.196488e+00
 3.779525e-04 8.534016e+00 3.996063e-01 4.083864e-01 8.938300e+00 5.573034e+05 3.863829e-04 9.198849e+00
 3.787631e-04 8.533221e+00 4.016525e-01 4.105310e-01 8.939600e+00 5.449469e+05 3.872354e-04 9.201213e+00
 3.795755e-04 8.532517e+00 4.037080e-01 4.126859e-01 8.941000e+00 5.328460e+05 3.880900e-04 9.203686e+00
 3.803897e-04 8.531702e+00 4.057730e-01 4.148512e-01 8.942300e+00 5.210289e+05 3.889466e-04 9.206057e+00
 3.812056e-04 8.530978e+00 4.078473e-01 4.170270e-01 8.943700e+00 5.094889e+05 3.898051e-04 9.208537e+00
 3.820232e-04 8.530344e+00 4.099311e-01 4.192131e-01 8.945200e+00 4.982031e+05 3.906657e-04 9.211126e+00
 3.828426e-04 8.529600e+00 4.120244e-01 4.214098e-01 8.946600e+00 4.871343e+05 3.915283e-04 9.213614e+00
 3.836638e-04 8.528946e+00 4.141272e-01 4.236170e-01 8.948100e+00 4.763407e+05 3.923929e-04 9.216210e+00
 3.844867e-04 8.528282e+00 4.162394e-01 4.258347e-01 8.949600e+00 4.658153e+05 3.932595e-04 9.218810e+00
 3.853114e-04 8.527708e+00 4.183613e-01 4.280630e-01 8.951200e+00 4.554914e+05 3.941282e-04 9.221519e+00
 3.861379e-04 8.527123e+00 4.204927e-01 4.303019e-01 8.952800e+00 4.454095e+05 3.949989e-04 9.224232e+00
 3.869661e-04 8.526529e+00 4.226337e-01 4.325515e-01 8.954400e+00 4.355637e+05 3.958717e-04 9.226949e+00
 3.877961e-04 8.525925e+00 4.247843e-01 4.348117e-01 8.956000e+00 4.259201e+05 3.967465e-04 9.229670e+00
 3.886279e-04 8.525410e+00 4.269446e-01 4.370827e-01 8.957700e+00 4.165025e+05 3.976233e-04 9.232500e+00
 3.894614e-04 8.524885e+00 4.291145e-01 4.393644e-01 8.959400e+00 4.073053e+05 3.985023e-04 9.235334e+00
 3.902968e-04 8.524350e+00 4.312942e-01 4.416570e-01 8.961100e+00 3.982833e+05 3.993832e-04 9.238172e+00
 3.911340e-04 8.523905e+00 4.334835e-01 4.439603e-01 8.962900e+00 3.894858e+05 4.002663e-04 9.241119e+00
 3.919729e-04 8.523350e+00 4.356827e-01 4.462745e-01 8.964600e+00 3.808814e+05 4.011514e-04 9.243965e+00
 3.928136e-04 8.522984e+00 4.378915e-01 4.485996e-01 8.966500e+00 3.724908e+05 4.020386e-04 9.247026e+00
 3.936562e-04 8.522508e+00 4.401102e-01 4.509357e-01 8.968300e+00 3.642593e+05 4.029279e-04 9.249986e+00
 3.945005e-04 8.522121e+00 4.423387e-01 4.532826e-01 8.970200e+00 3.562204e+05 4.038193e-04 9.253055e+00
 3.953467e-04 8.521624e+00 4.445771e-01 4.556406e-01 8.972000e+00 3.483695e+05 4.047128e-04 9.256022e+00
 3.961947e-04 8.521317e+00 4.468253e-01 4.580097e-01 8.974000e+00 3.406788e+05 4.056084e-04 9.259205e+00
 3.970445e-04 8.520899e+00 4.490835e-01 4.603897e-01 8.975900e+00 3.331680e+05 4.065062e-04 9.262287e+00
 3.978961e-04 8.520571e+00 4.513515e-01 4.627809e-01 8.977900e+00 3.258327e+05 4.074060e-04 9.265478e+00
 3.987496e-04 8.520233e+00 4.536295e-01 4.651832e-01 8.979900e+00 3.186578e+05 4.083079e-04 9.268674e+00
 3.996048e-04 8.519883e+00 4.559175e-01 4.675967e-01 8.981900e+00 3.116397e+05 4.092120e-04 9.271873e+00
 4.004619e-04 8.519523e+00 4.582154e-01 4.700214e-01 8.983900e+00 3.047750e+05 4.101183e-04 9.275078e+00
 4.013209e-04 8.519253e+00 4.605234e-01 4.724573e-01 8.986000e+00 2.980602e+05 4.110266e-04 9.278392e+00
 4.021817e-04 8.518972e+00 4.628414e-01 4.749044e-01 8.988100e+00 2.915024e+05 4.119371e-04 9.281710e+00
 4.030443e-04 8.518680e+00 4.651695e-01 4.773629e-01 8.990200e+00 2.850977e+05 4.128498e-04 9.285033e+00
 4.039088e-04 8.518378e+00 4.675077e-01 4.798327e-01 8.992300e+00 2.788228e+05 4.137646e-04 9.288360e+00
 4.047752e-04 8.518165e+00 4.698559e-01 4.823139e-01 8.994500e+00 2.726944e+05 4.146816e-04 9.291798e+00
 4.056434e-04 8.517941e+00 4.722144e-01 4.848065e-01 8.996700e+00 2.667091e+05 4.156008e-04 9.295240e+00
 4.065134e-04 8.517706e+00 4.745829e-01 4.873105e-01 8.998900e+00 2.608540e+05 4.165221e-04 9.298686e+00
 4.073854e-04 8.517461e+00 4.769617e-01 4.898260e-01 9.001100e+00 2.551264e+05 4.174456e-04 9.302137e+00
 4.082592e-04 8.517305e+00 4.793506e-01 4.923530e-01 9.003400e+00 2.495234e+05 4.183713e-04 9.305699e+00
 4.091348e-04 8.517138e+00 4.817498e-01 4.948915e-01 9.005700e+00 2.440425e+05 4.192992e-04 9.309265e+00
 4.100124e-04 8.516960e+00 4.841593e-01 4.974416e-01 9.008000e+00 2.386893e+05 4.202293e-04 9.312835e+00
 4.108918e-04 8.516771e+00 4.865790e-01 5.000033e-01 9.010300e+00 2.334610e+05 4.211617e-04 9.316411e+00
 4.117731e-04 8.516672e+00 4.890090e-01 5.025766e-01 9.012700e+00 2.283379e+05 4.220962e-04 9.320096e+00
 4.126564e-04 8.516461e+00 4.914493e-01 5.051616e-01 9.015000e+00 2.233342e+05 4.230329e-04 9.323681e+00
 4.135415e-04 8.516339e+00 4.939000e-01 5.077583e-01 9.017400e+00 2.184471e+05 4.239719e-04 9.327377e+00
 4.144285e-04 8.516206e+00 4.963610e-01 5.103667e-01 9.019800e+00 2.136660e+05 4.249131e-04 9.331077e+00
 4.153174e-04 8.516163e+00 4.988324e-01 5.129869e-01 9.022300e+00 2.089885e+05 4.258566e-04 9.334888e+00
 4.162082e-04 8.516008e+00 5.013142e-01 5.156190e-01 9.024700e+00 2.044124e+05 4.268023e-04 9.338597e+00
 4.171009e-04 8.515942e+00 5.038065e-01 5.182628e-01 9.027200e+00 1.999355e+05 4.277502e-04 9.342418e+00
 4.179956e-04 8.515865e+00 5.063092e-01 5.209185e-01 9.029700e+00 1.955628e+05 4.287004e-04 9.346244e+00
 4.188921e-04 8.515777e+00 5.088223e-01 5.235861e-01 9.032200e+00 1.912919e+05 4.296529e-04 9.350074e+00
 4.197906e-04 8.515678e+00 5.113460e-01 5.262656e-01 9.034700e+00 1.871064e+05 4.306076e-04 9.353910e+00
 4.206910e-04 8.515667e+00 5.138802e-01 5.289571e-01 9.037300e+00 1.830251e+05 4.315647e-04 9.357856e+00
 4.215934e-04 8.515546e+00 5.164249e-01 5.316606e-01 9.039800e+00 1.790253e+05 4.325240e-04 9.361701e+00
 4.224976e-04 8.515513e+00 5.189801e-01 5.343761e-01 9.042400e+00 1.751184e+05 4.334856e-04 9.365658e+00
 4.234038e-04 8.515468e+00 5.215459e-01 5.371037e-01 9.045000e+00 1.712959e+05 4.344495e-04 9.369620e+00
 4.243120e-04 8.515513e+00 5.241224e-01 5.398433e-01 9.047700e+00 1.675560e+05 4.354157e-04 9.373693e+00
 4.252221e-04 8.515446e+00 5.267094e-01 5.425951e-01 9.050300e+00 1.639029e+05 4.363842e-04 9.377665e+00
 4.261342e-04 8.515468e+00 5.293071e-01 5.453590e-01 9.053000e+00 1.603347e+05 4.373550e-04 9.381748e+00
 4.270482e-04 8.515478e+00 5.319154e-01 5.481351e-01 9.055700e+00 1.568374e+05 4.383281e-04 9.385837e+00
 4.279642e-04 8.515477e+00 5.345344e-01 5.509235e-01 9.058400e+00 1.534213e+05 4.393036e-04 9.389931e+00
 4.288821e-04 8.515465e+00 5.371641e-01 5.537241e-01 9.061100e+00 1.500845e+05 4.402814e-04 9.394030e+00
 4.298020e-04 8.515441e+00 5.398045e-01 5.565369e-01 9.063800e+00 1.468194e+05 4.412616e-04 9.398134e+00
 4.307239e-04 8.515506e+00 5.424556e-01 5.593621e-01 9.066600e+00 1.436245e+05 4.422441e-04 9.402350e+00
 4.316478e-04 8.515559e+00 5.451175e-01 5.621996e-01 9.069400e+00 1.404983e+05 4.432290e-04 9.406571e+00
 4.325736e-04 8.515600e+00 5.477901e-01 5.650495e-01 9.072200e+00 1.374393e+05 4.442162e-04 9.410798e+00
 4.335014e-04 8.515630e+00 5.504736e-01 5.679118e-01 9.075000e+00 1.344513e+05 4.452058e-04 9.415030e+00
 4.344312e-04 8.515649e+00 5.531678e-01 5.707865e-01 9.077800e+00 1.315325e+05 4.461978e-04 9.419268e+00
 4.353631e-04 8.515656e+00 5.558729e-01 5.736737e-01 9.080600e+00 1.286813e+05 4.471921e-04 9.423511e+00
 4.362969e-04 8.515751e+00 5.585888e-01 5.765734e-01 9.083500e+00 1.258813e+05 4.481889e-04 9.427866e+00
 4.372327e-04 8.515735e+00 5.613156e-01 5.794856e-01 9.086300e+00 1.231511e+05 4.491881e-04 9.432120e+00
 4.381705e-04 8.515807e+00 5.640532e-01 5.824104e-01 9.089200e+00 1.204793e+05 4.501896e-04 9.436486e+00
 4.391103e-04 8.515867e+00 5.668018e-01 5.853477e-01 9.092100e+00 1.178648e+05 4.511936e-04 9.440858e+00
 4.400522e-04 8.515915e+00 5.695612e-01 5.882977e-01 9.095000e+00 1.153153e+05 4.522000e-04 9.445235e+00
 4.409960e-04 8.516052e+00 5.723316e-01 5.912603e-01 9.098000e+00 1.128112e+05 4.532088e-04 9.449725e+00
 4.419419e-04 8.516077e+00 5.751129e-01 5.942356e-01 9.100900e+00 1.103740e+05 4.542200e-04 9.454113e+00
 4.428899e-04 8.516191e+00 5.779052e-01 5.972236e-01 9.103900e+00 1.079801e+05 4.552337e-04 9.458615e+00
 4.438398e-04 8.516192e+00 5.807085e-01 6.002243e-01 9.106800e+00 1.056416e+05 4.562499e-04 9.463014e+00
 4.447918e-04 8.516282e+00 5.835227e-01 6.032377e-01 9.109800e+00 1.033571e+05 4.572685e-04 9.467527e+00
 4.457458e-04 8.516360e+00 5.863480e-01 6.062640e-01 9.112800e+00 1.011214e+05 4.582895e-04 9.472045e+00
 4.467019e-04 8.516526e+00 5.891843e-01 6.093031e-01 9.115900e+00 9.893727e+04 4.593131e-04 9.476677e+00
 4.476601e-04 8.516580e+00 5.920316e-01 6.123550e-01 9.118900e+00 9.679574e+04 4.603391e-04 9.481207e+00
 4.486202e-04 8.516622e+00 5.948900e-01 6.154198e-01 9.121900e+00 9.470752e+04 4.613675e-04 9.485743e+00
 4.495825e-04 8.516752e+00 5.977595e-01 6.184975e-01 9.125000e+00 9.265993e+04 4.623985e-04 9.490392e+00
 4.505468e-04 8.516870e+00 6.006400e-01 6.215881e-01 9.128100e+00 9.066330e+04 4.634320e-04 9.495046e+00
 4.515132e-04 8.516876e+00 6.035317e-01 6.246917e-01 9.131100e+00 8.870543e+04 4.644680e-04 9.499600e+00
 4.524816e-04 8.516971e+00 6.064344e-01 6.278083e-01 9.134200e+00 8.679272e+04 4.655065e-04 9.504267e+00
 4.534522e-04 8.517053e+00 6.093483e-01 6.309379e-01 9.137300e+00 8.492408e+04 4.665475e-04 9.508939e+00
 4.544248e-04 8.517223e+00 6.122733e-01 6.340805e-01 9.140500e+00 8.309164e+04 4.675910e-04 9.513726e+00
 4.553995e-04 8.517281e+00 6.152095e-01 6.372362e-01 9.143600e+00 8.130479e+04 4.686371e-04 9.518410e+00
 4.563763e-04 8.517327e+00 6.181568e-01 6.404050e-01 9.146700e+00 7.955247e+04 4.696857e-04 9.523101e+00
 4.573551e-04 8.517461e+00 6.211153e-01 6.435870e-01 9.149900e+00 7.784051e+04 4.707369e-04 9.527906e+00
 4.583361e-04 8.517583e+00 6.240850e-01 6.467820e-01 9.153100e+00 7.616793e+04 4.717906e-04 9.532717e+00
 4.593192e-04 8.517593e+00 6.270659e-01 6.499902e-01 9.156200e+00 7.453071e+04 4.728469e-04 9.537426e+00
 4.603044e-04 8.517691e+00 6.300581e-01 6.532117e-01 9.159400e+00 7.292808e+04 4.739058e-04 9.542249e+00
 4.612917e-04 8.517776e+00 6.330614e-01 6.564463e-01 9.162600e+00 7.135932e+04 4.749672e-04 9.547078e+00
 4.622811e-04 8.517849e+00 6.360760e-01 6.596942e-01 9.165800e+00 6.982664e+04 4.760312e-04 9.551914e+00
 4.632727e-04 8.517910e+00 6.391018e-01 6.629554e-01 9.169000e+00 6.832917e+04 4.770979e-04 9.556756e+00
 4.642663e-04 8.518059e+00 6.421389e-01 6.662299e-01 9.172300e+00 6.686045e+04 4.781671e-04 9.561712e+00
 4.652622e-04 8.518096e+00 6.451873e-01 6.695177e-01 9.175500e+00 6.542823e+04 4.792390e-04 9.566566e+00
 4.662601e-04 8.518220e+00 6.482470e-01 6.728189e-01 9.178800e+00 6.402344e+04 4.803134e-04 9.571535e+00
 4.672602e-04 8.518232e+00 6.513179e-01 6.761334e-01 9.182000e+00 6.265091e+04 4.813905e-04 9.576403e+00
 4.682624e-04 8.518332e+00 6.544001e-01 6.794614e-01 9.185300e+00 6.130987e+04 4.824702e-04 9.581384e+00
 4.692668e-04 8.518419e+00 6.574937e-01 6.828027e-01 9.188600e+00 5.999955e+04 4.835526e-04 9.586373e+00
 4.702733e-04 8.518494e+00 6.605986e-01 6.861575e-01 9.191900e+00 5.871171e+04 4.846376e-04 9.591367e+00
 4.712820e-04 8.518557e+00 6.637148e-01 6.895258e-01 9.195200e+00 5.745834e+04 4.857253e-04 9.596369e+00
 4.722929e-04 8.518607e+00 6.668423e-01 6.929076e-01 9.198500e+00 5.622641e+04 4.868157e-04 9.601376e+00
 4.733059e-04 8.518645e+00 6.699812e-01 6.963028e-01 9.201800e+00 5.502509e+04 4.879087e-04 9.606391e+00
 4.743211e-04 8.518671e+00 6.731314e-01 6.997117e-01 9.205100e+00 5.384894e+04 4.890044e-04 9.611412e+00
 4.753384e-04 8.518684e+00 6.762930e-01 7.031340e-01 9.208400e+00 5.270198e+04 4.901028e-04 9.616440e+00
 4.763580e-04 8.518785e+00 6.794660e-01 7.065700e-01 9.211800e+00 5.157450e+04 4.912039e-04 9.621582e+00
 4.773797e-04 8.518774e+00 6.826504e-01 7.100196e-01 9.215100e+00 5.047284e+04 4.923077e-04 9.626624e+00
 4.784037e-04 8.518850e+00 6.858461e-01 7.134828e-01 9.218500e+00 4.939851e+04 4.934142e-04 9.631780e+00
 4.794298e-04 8.518913e+00 6.890532e-01 7.169596e-01 9.221900e+00 4.834449e+04 4.945235e-04 9.636943e+00
 4.804581e-04 8.518864e+00 6.922717e-01 7.204501e-01 9.225200e+00 4.731455e+04 4.956354e-04 9.642004e+00
 4.814887e-04 8.518903e+00 6.955016e-01 7.239544e-01 9.228600e+00 4.630811e+04 4.967501e-04 9.647181e+00
 4.825214e-04 8.518929e+00 6.987429e-01 7.274723e-01 9.232000e+00 4.532064e+04 4.978676e-04 9.652365e+00
 4.835564e-04 8.518943e+00 7.019956e-01 7.310039e-01 9.235400e+00 4.435767e+04 4.989878e-04 9.657555e+00
 4.845935e-04 8.518944e+00 7.052598e-01 7.345493e-01 9.238800e+00 4.341281e+04 5.001108e-04 9.662753e+00
 4.856330e-04 8.518932e+00 7.085353e-01 7.381085e-01 9.242200e+00 4.249138e+04 5.012366e-04 9.667957e+00
 4.866746e-04 8.518908e+00 7.118223e-01 7.416815e-01 9.245600e+00 4.158724e+04 5.023651e-04 9.673169e+00
 4.877185e-04 8.518872e+00 7.151207e-01 7.452682e-01 9.249000e+00 4.070551e+04 5.034965e-04 9.678388e+00
 4.887646e-04 8.518822e+00 7.184305e-01 7.488688e-01 9.252400e+00 3.984029e+04 5.046306e-04 9.683613e+00
 4.898129e-04 8.518861e+00 7.217518e-01 7.524833e-01 9.255900e+00 3.899651e+04 5.057675e-04 9.688955e+00
 4.908635e-04 8.518786e+00 7.250845e-01 7.561116e-01 9.259300e+00 3.816849e+04 5.069073e-04 9.694194e+00
 4.919164e-04 8.518800e+00 7.284286e-01 7.597538e-01 9.262800e+00 3.735931e+04 5.080499e-04 9.699550e+00
 4.929715e-04 8.518700e+00 7.317842e-01 7.634099e-01 9.266200e+00 3.656852e+04 5.091953e-04 9.704805e+00
 4.940289e-04 8.518688e+00 7.351512e-01 7.670799e-01 9.269700e+00 3.579407e+04 5.103436e-04 9.710175e+00
 4.950885e-04 8.518563e+00 7.385297e-01 7.707638e-01 9.273100e+00 3.503563e+04 5.114947e-04 9.715444e+00
 4.961504e-04 8.518526e+00 7.419196e-01 7.744617e-01 9.276600e+00 3.429442e+04 5.126487e-04 9.720828e+00
 4.972146e-04 8.518376e+00 7.453209e-01 7.781736e-01 9.280000e+00 3.356698e+04 5.138055e-04 9.726112e+00
 4.982811e-04 8.518313e+00 7.487337e-01 7.818994e-01 9.283500e+00 3.285906e+04 5.149652e-04 9.731511e+00
 4.993498e-04 8.518238e+00 7.521579e-01 7.856393e-01 9.287000e+00 3.216424e+04 5.161278e-04 9.736918e+00
 5.004209e-04 8.518150e+00 7.555936e-01 7.893932e-01 9.290500e+00 3.148517e+04 5.172933e-04 9.742333e+00
 5.014943e-04 8.517950e+00 7.590407e-01 7.931610e-01 9.293900e+00 3.082007e+04 5.184617e-04 9.747646e+00
 5.025699e-04 8.517836e+00 7.624993e-01 7.969430e-01 9.297400e+00 3.017004e+04 5.196331e-04 9.753075e+00
 5.036479e-04 8.517710e+00 7.659693e-01 8.007390e-01 9.300900e+00 2.953472e+04 5.208073e-04 9.758512e+00
 5.047282e-04 8.517572e+00 7.694507e-01 8.045490e-01 9.304400e+00 2.891110e+04 5.219845e-04 9.763956e+00
 5.058107e-04 8.517421e+00 7.729435e-01 8.083732e-01 9.307900e+00 2.830291e+04 5.231646e-04 9.769408e+00
 5.068957e-04 8.517257e+00 7.764478e-01 8.122115e-01 9.311400e+00 2.770716e+04 5.243477e-04 9.774868e+00
 5.079829e-04 8.517080e+00 7.799635e-01 8.160638e-01 9.314900e+00 2.712362e+04 5.255337e-04 9.780335e+00
 5.090725e-04 8.516891e+00 7.834907e-01 8.199303e-01 9.318400e+00 2.655450e+04 5.267227e-04 9.785810e+00
 5.101644e-04 8.516688e+00 7.870292e-01 8.238109e-01 9.321900e+00 2.599457e+04 5.279147e-04 9.791293e+00
 5.112586e-04 8.516574e+00 7.905792e-01 8.277057e-01 9.325500e+00 2.544968e+04 5.291097e-04 9.796893e+00
 5.123552e-04 8.516346e+00 7.941405e-01 8.316146e-01 9.329000e+00 2.491356e+04 5.303076e-04 9.802391e+00
 5.134542e-04 8.516106e+00 7.977133e-01 8.355377e-01 9.332500e+00 2.439069e+04 5.315086e-04 9.807897e+00
 5.145555e-04 8.515853e+00 8.012975e-01 8.394750e-01 9.336000e+00 2.388073e+04 5.327126e-04 9.813411e+00
 5.156592e-04 8.515587e+00 8.048930e-01 8.434265e-01 9.339500e+00 2.337892e+04 5.339196e-04 9.818933e+00
 5.167652e-04 8.515409e+00 8.085000e-01 8.473922e-01 9.343100e+00 2.288843e+04 5.351297e-04 9.824572e+00
 5.178736e-04 8.515118e+00 8.121183e-01 8.513721e-01 9.346600e+00 2.240898e+04 5.363428e-04 9.830110e+00
 5.189844e-04 8.514814e+00 8.157480e-01 8.553662e-01 9.350100e+00 2.194031e+04 5.375589e-04 9.835655e+00
 5.200976e-04 8.514498e+00 8.193890e-01 8.593745e-01 9.353600e+00 2.148115e+04 5.387781e-04 9.841209e+00
 5.212131e-04 8.514269e+00 8.230414e-01 8.633971e-01 9.357200e+00 2.103231e+04 5.400004e-04 9.846880e+00
 5.223311e-04 8.513926e+00 8.267052e-01 8.674339e-01 9.360700e+00 2.059158e+04 5.412258e-04 9.852450e+00
 5.234514e-04 8.513572e+00 8.303802e-01 8.714850e-01 9.364200e+00 2.016172e+04 5.424543e-04 9.858027e+00
 5.245742e-04 8.513204e+00 8.340666e-01 8.755503e-01 9.367700e+00 1.974150e+04 5.436858e-04 9.863613e+00
 5.256993e-04 8.512924e+00 8.377644e-01 8.796299e-01 9.371300e+00 1.932977e+04 5.449205e-04 9.869317e+00
 5.268269e-04 8.512531e+00 8.414734e-01 8.837238e-01 9.374800e+00 1.892635e+04 5.461583e-04 9.874919e+00
 5.279569e-04 8.512126e+00 8.451937e-01 8.878319e-01 9.378300e+00 1.853108e+04 5.473992e-04 9.880529e+00
 5.290893e-04 8.511808e+00 8.489253e-01 8.919544e-01 9.381900e+00 1.814467e+04 5.486433e-04 9.886257e+00
 5.302242e-04 8.511377e+00 8.526681e-01 8.960911e-01 9.385400e+00 1.776777e+04 5.498906e-04 9.891884e+00
 5.313614e-04 8.510933e+00 8.564222e-01 9.002421e-01 9.388900e+00 1.739760e+04 5.511410e-04 9.897519e+00
 5.325012e-04 8.510577e+00 8.601876e-01 9.044074e-01 9.392500e+00 1.703571e+04 5.523945e-04 9.903273e+00
 5.336433e-04 8.510108e+00 8.639642e-01 9.085870e-01 9.396000e+00 1.668191e+04 5.536513e-04 9.908924e+00
 5.347879e-04 8.509626e+00 8.677520e-01 9.127809e-01 9.399500e+00 1.633442e+04 5.549112e-04 9.914584e+00
 5.359350e-04 8.509232e+00 8.715510e-01 9.169891e-01 9.403100e+00 1.599547e+04 5.561744e-04 9.920363e+00
 5.370845e-04 8.508725e+00 8.753611e-01 9.212116e-01 9.406600e+00 1.566408e+04 5.574408e-04 9.926040e+00
 5.382365e-04 8.508205e+00 8.791825e-01 9.254485e-01 9.410100e+00 1.533932e+04 5.587104e-04 9.931725e+00
 5.393910e-04 8.507673e+00 8.830150e-01 9.296996e-01 9.413600e+00 1.502106e+04 5.599832e-04 9.937419e+00
 5.405479e-04 8.507228e+00 8.868587e-01 9.339651e-01 9.417200e+00 1.470989e+04 5.612593e-04 9.943232e+00
 5.417073e-04 8.506670e+00 8.907134e-01 9.382448e-01 9.420700e+00 1.440565e+04 5.625386e-04 9.948943e+00
 5.428693e-04 8.506100e+00 8.945793e-01 9.425389e-01 9.424200e+00 1.410678e+04 5.638212e-04 9.954663e+00
 5.440337e-04 8.505517e+00 8.984563e-01 9.468473e-01 9.427700e+00 1.381525e+04 5.651071e-04 9.960391e+00
 5.452006e-04 8.504922e+00 9.023443e-01 9.511700e-01 9.431200e+00 1.352952e+04 5.663962e-04 9.966128e+00
 5.463700e-04 8.504314e+00 9.062434e-01 9.555070e-01 9.434700e+00 1.324948e+04 5.676887e-04 9.971873e+00
 5.475419e-04 8.503793e+00 9.101535e-01 9.598583e-01 9.438300e+00 1.297632e+04 5.689845e-04 9.977739e+00
 5.487163e-04 8.503160e+00 9.140747e-01 9.642239e-01 9.441800e+00 1.270794e+04 5.702836e-04 9.983502e+00
 5.498932e-04 8.502514e+00 9.180068e-01 9.686039e-01 9.445300e+00 1.244615e+04 5.715860e-04 9.989274e+00
 5.510727e-04 8.501856e+00 9.219499e-01 9.729981e-01 9.448800e+00 1.218954e+04 5.728918e-04 9.995055e+00
 5.522547e-04 8.501185e+00 9.259039e-01 9.774066e-01 9.452300e+00 1.193922e+04 5.742009e-04 1.000084e+01
 5.534392e-04 8.500502e+00 9.298689e-01 9.818294e-01 9.455800e+00 1.169325e+04 5.755134e-04 1.000664e+01
 5.546263e-04 8.499806e+00 9.338448e-01 9.862665e-01 9.459300e+00 1.145273e+04 5.768293e-04 1.001245e+01
 5.558159e-04 8.499097e+00 9.378316e-01 9.907179e-01 9.462800e+00 1.121639e+04 5.781485e-04 1.001827e+01
 5.570081e-04 8.498276e+00 9.418292e-01 9.951835e-01 9.466200e+00 1.098584e+04 5.794712e-04 1.002398e+01
 5.582028e-04 8.497543e+00 9.458377e-01 9.996634e-01 9.469700e+00 1.076093e+04 5.807972e-04 1.002981e+01
 5.594001e-04 8.496797e+00 9.498570e-01 1.004158e+00 9.473200e+00 1.053991e+04 5.821267e-04 1.003566e+01
 5.606000e-04 8.496039e+00 9.538870e-01 1.008666e+00 9.476700e+00 1.032377e+04 5.834596e-04 1.004151e+01
 5.618024e-04 8.495168e+00 9.579279e-01 1.013189e+00 9.480100e+00 1.011238e+04 5.847960e-04 1.004726e+01
 5.630074e-04 8.494385e+00 9.619794e-01 1.017726e+00 9.483600e+00 9.905153e+03 5.861358e-04 1.005313e+01
 5.642150e-04 8.493589e+00 9.660417e-01 1.022277e+00 9.487100e+00 9.701991e+03 5.874791e-04 1.005901e+01
 5.654252e-04 8.492681e+00 9.701147e-01 1.026842e+00 9.490500e+00 9.503305e+03 5.888258e-04 1.006479e+01
 5.666380e-04 8.491861e+00 9.741983e-01 1.031422e+00 9.494000e+00 9.308992e+03 5.901761e-04 1.007069e+01
 5.678533e-04 8.490929e+00 9.782926e-01 1.036015e+00 9.497400e+00 9.118949e+03 5.915298e-04 1.007648e+01
 5.690713e-04 8.490084e+00 9.823975e-01 1.040623e+00 9.500900e+00 8.932619e+03 5.928871e-04 1.008240e+01
 5.702919e-04 8.489127e+00 9.865129e-01 1.045245e+00 9.504300e+00 8.750381e+03 5.942479e-04 1.008821e+01
 5.715152e-04 8.488157e+00 9.906389e-01 1.049882e+00 9.507700e+00 8.572140e+03 5.956122e-04 1.009404e+01
 5.727410e-04 8.487276e+00 9.947754e-01 1.054532e+00 9.511200e+00 8.396936e+03 5.969801e-04 1.009998e+01
 5.739695e-04 8.486282e+00 9.989224e-01 1.059197e+00 9.514600e+00 8.226003e+03 5.983515e-04 1.010583e+01
 5.752006e-04 8.485276e+00 1.003080e+00 1.063875e+00 9.518000e+00 8.058394e+03 5.997265e-04 1.011168e+01
 5.764343e-04 8.484257e+00 1.007248e+00 1.068568e+00 9.521400e+00 7.894866e+03 6.011051e-04 1.011754e+01
 5.776707e-04 8.483227e+00 1.011426e+00 1.073275e+00 9.524800e+00 7.734103e+03 6.024873e-04 1.012341e+01
 5.789098e-04 8.482184e+00 1.015615e+00 1.077996e+00 9.528200e+00 7.576857e+03 6.038731e-04 1.012929e+01
 5.801515e-04 8.481130e+00 1.019813e+00 1.082731e+00 9.531600e+00 7.423047e+03 6.052625e-04 1.013518e+01
 5.813958e-04 8.480063e+00 1.024023e+00 1.087480e+00 9.535000e+00 7.272214e+03 6.066555e-04 1.014108e+01
 5.826429e-04 8.478984e+00 1.028242e+00 1.092243e+00 9.538400e+00 7.124674e+03 6.080522e-04 1.014699e+01
 5.838926e-04 8.477793e+00 1.032472e+00 1.097020e+00 9.541700e+00 6.980352e+03 6.094525e-04 1.015279e+01
 5.851450e-04 8.476690e+00 1.036712e+00 1.101811e+00 9.545100e+00 6.839174e+03 6.108566e-04 1.015872e+01
 5.864001e-04 8.475576e+00 1.040962e+00 1.106616e+00 9.548500e+00 6.700713e+03 6.122643e-04 1.016466e+01
 5.876578e-04 8.474349e+00 1.045222e+00 1.111435e+00 9.551800e+00 6.564919e+03 6.136756e-04 1.017050e+01
 5.889183e-04 8.473210e+00 1.049492e+00 1.116268e+00 9.555200e+00 6.432081e+03 6.150907e-04 1.017645e+01
 5.901815e-04 8.471959e+00 1.053773e+00 1.121114e+00 9.558500e+00 6.302467e+03 6.165096e-04 1.018231e+01
 5.914473e-04 8.470697e+00 1.058063e+00 1.125975e+00 9.561800e+00 6.175006e+03 6.179321e-04 1.018817e+01
 5.927159e-04 8.469422e+00 1.062363e+00 1.130850e+00 9.565100e+00 6.050638e+03 6.193584e-04 1.019405e+01
 5.939873e-04 8.468136e+00 1.066673e+00 1.135738e+00 9.568400e+00 5.928332e+03 6.207885e-04 1.019993e+01
 5.952613e-04 8.466939e+00 1.070993e+00 1.140640e+00 9.571800e+00 5.808992e+03 6.222223e-04 1.020594e+01
 5.965381e-04 8.465529e+00 1.075323e+00 1.145556e+00 9.575000e+00 5.692235e+03 6.236599e-04 1.021173e+01
 5.978176e-04 8.464208e+00 1.079663e+00 1.150486e+00 9.578300e+00 5.577703e+03 6.251013e-04 1.021764e+01
 5.990999e-04 8.462875e+00 1.084012e+00 1.155429e+00 9.581600e+00 5.465356e+03 6.265466e-04 1.022357e+01
 6.003849e-04 8.461530e+00 1.088372e+00 1.160386e+00 9.584900e+00 5.355441e+03 6.279956e-04 1.022950e+01
 6.016726e-04 8.460074e+00 1.092741e+00 1.165357e+00 9.588100e+00 5.248184e+03 6.294485e-04 1.023533e+01
 6.029632e-04 8.458706e+00 1.097119e+00 1.170342e+00 9.591400e+00 5.142683e+03 6.309052e-04 1.024129e+01
 6.042565e-04 8.457226e+00 1.101507e+00 1.175340e+00 9.594600e+00 5.039733e+03 6.323658e-04 1.024714e+01
 6.055525e-04 8.455836e+00 1.105905e+00 1.180352e+00 9.597900e+00 4.938466e+03 6.338303e-04 1.025311e+01
 6.068514e-04 8.454333e+00 1.110312e+00 1.185377e+00 9.601100e+00 4.839909e+03 6.352987e-04 1.025898e+01
 6.081530e-04 8.452820e+00 1.114729e+00 1.190416e+00 9.604300e+00 4.742953e+03 6.367709e-04 1.026486e+01
 6.094574e-04 8.451294e+00 1.119155e+00 1.195468e+00 9.607500e+00 4.648085e+03 6.382471e-04 1.027075e+01
 6.107647e-04 8.449758e+00 1.123590e+00 1.200534e+00 9.610700e+00 4.555257e+03 6.397272e-04 1.027666e+01
 6.120747e-04 8.448210e+00 1.128035e+00 1.205614e+00 9.613900e+00 4.464422e+03 6.412113e-04 1.028257e+01
 6.133875e-04 8.446651e+00 1.132489e+00 1.210706e+00 9.617100e+00 4.375057e+03 6.426993e-04 1.028849e+01
 6.147032e-04 8.445081e+00 1.136952e+00 1.215813e+00 9.620300e+00 4.287848e+03 6.441913e-04 1.029442e+01
 6.160217e-04 8.443399e+00 1.141425e+00 1.220932e+00 9.623400e+00 4.202739e+03 6.456873e-04 1.030025e+01
 6.173430e-04 8.441807e+00 1.145906e+00 1.226065e+00 9.626600e+00 4.118995e+03 6.471873e-04 1.030620e+01
 6.186671e-04 8.440103e+00 1.150397e+00 1.231211e+00 9.629700e+00 4.037044e+03 6.486913e-04 1.031205e+01
 6.199941e-04 8.438488e+00 1.154897e+00 1.236370e+00 9.632900e+00 3.956847e+03 6.501993e-04 1.031803e+01
 6.213239e-04 8.436763e+00 1.159405e+00 1.241543e+00 9.636000e+00 3.878148e+03 6.517114e-04 1.032390e+01
 6.226566e-04 8.435026e+00 1.163923e+00 1.246729e+00 9.639100e+00 3.801132e+03 6.532275e-04 1.032978e+01
 6.239921e-04 8.433278e+00 1.168449e+00 1.251927e+00 9.642200e+00 3.725760e+03 6.547477e-04 1.033567e+01
 6.253305e-04 8.431519e+00 1.172985e+00 1.257139e+00 9.645300e+00 3.651994e+03 6.562720e-04 1.034157e+01
 6.266718e-04 8.429649e+00 1.177529e+00 1.262364e+00 9.648300e+00 3.579601e+03 6.578004e-04 1.034737e+01
 6.280160e-04 8.427869e+00 1.182081e+00 1.267602e+00 9.651400e+00 3.508749e+03 6.593329e-04 1.035329e+01
 6.293630e-04 8.426079e+00 1.186643e+00 1.272853e+00 9.654500e+00 3.439406e+03 6.608695e-04 1.035923e+01
 6.307129e-04 8.424177e+00 1.191213e+00 1.278117e+00 9.657500e+00 3.371536e+03 6.624103e-04 1.036506e+01
 6.320657e-04 8.422264e+00 1.195791e+00 1.283394e+00 9.660500e+00 3.304921e+03 6.639552e-04 1.037090e+01
 6.334214e-04 8.420341e+00 1.200378e+00 1.288684e+00 9.663500e+00 3.239721e+03 6.655043e-04 1.037675e+01
 6.347801e-04 8.418407e+00 1.204974e+00 1.293987e+00 9.666500e+00 3.175905e+03 6.670576e-04 1.038261e+01
 6.361416e-04 8.416463e+00 1.209578e+00 1.299302e+00 9.669500e+00 3.113090e+03 6.686151e-04 1.038848e+01
 6.375061e-04 8.414509e+00 1.214190e+00 1.304630e+00 9.672500e+00 3.051780e+03 6.701769e-04 1.039436e+01
 6.388735e-04 8.412544e+00 1.218811e+00 1.309970e+00 9.675500e+00 2.991938e+03 6.717428e-04 1.040026e+01
 6.402438e-04 8.410569e+00 1.223439e+00 1.315324e+00 9.678500e+00 2.933027e+03 6.733130e-04 1.040616e+01
 6.416170e-04 8.408483e+00 1.228076e+00 1.320690e+00 9.681400e+00 2.875525e+03 6.748875e-04 1.041196e+01
 6.429932e-04 8.406387e+00 1.232721e+00 1.326068e+00 9.684300e+00 2.819076e+03 6.764662e-04 1.041777e+01
 6.443724e-04 8.404381e+00 1.237374e+00 1.331459e+00 9.687300e+00 2.763661e+03 6.780493e-04 1.042371e+01
 6.457545e-04 8.402265e+00 1.242035e+00 1.336862e+00 9.690200e+00 2.709571e+03 6.796366e-04 1.042954e+01
 6.471396e-04 8.400139e+00 1.246704e+00 1.342278e+00 9.693100e+00 2.656619e+03 6.812283e-04 1.043539e+01
 6.485276e-04 8.397902e+00 1.251381e+00 1.347706e+00 9.695900e+00 2.604631e+03 6.828243e-04 1.044113e+01
 6.499187e-04 8.395756e+00 1.256065e+00 1.353147e+00 9.698800e+00 2.553737e+03 6.844247e-04 1.044699e+01
 6.513127e-04 8.393600e+00 1.260757e+00 1.358599e+00 9.701700e+00 2.503913e+03 6.860295e-04 1.045287e+01
 6.527097e-04 8.391333e+00 1.265457e+00 1.364064e+00 9.704500e+00 2.454852e+03 6.876386e-04 1.045864e+01
 6.541097e-04 8.389057e+00 1.270165e+00 1.369541e+00 9.707300e+00 2.406962e+03 6.892522e-04 1.046442e+01
 6.555127e-04 8.386772e+00 1.274880e+00 1.375030e+00 9.710100e+00 2.360212e+03 6.908702e-04 1.047022e+01
 6.569187e-04 8.384476e+00 1.279602e+00 1.380531e+00 9.712900e+00 2.314173e+03 6.924926e-04 1.047602e+01
 6.583277e-04 8.382171e+00 1.284332e+00 1.386044e+00 9.715700e+00 2.269229e+03 6.941194e-04 1.048184e+01
 6.597398e-04 8.379857e+00 1.289069e+00 1.391569e+00 9.718500e+00 2.225096e+03 6.957508e-04 1.048767e+01
 6.611548e-04 8.377533e+00 1.293813e+00 1.397106e+00 9.721300e+00 2.182011e+03 6.973866e-04 1.049350e+01
 6.625730e-04 8.375099e+00 1.298565e+00 1.402655e+00 9.724000e+00 2.139577e+03 6.990269e-04 1.049924e+01
 6.639941e-04 8.372656e+00 1.303324e+00 1.408215e+00 9.726700e+00 2.098029e+03 7.006718e-04 1.050498e+01
 6.654183e-04 8.370304e+00 1.308090e+00 1.413787e+00 9.729500e+00 2.057467e+03 7.023212e-04 1.051085e+01
 6.668456e-04 8.367843e+00 1.312862e+00 1.419371e+00 9.732200e+00 2.017514e+03 7.039751e-04 1.051662e+01
 6.682759e-04 8.365372e+00 1.317642e+00 1.424966e+00 9.734900e+00 1.978626e+03 7.056336e-04 1.052240e+01
 6.697093e-04 8.362792e+00 1.322429e+00 1.430573e+00 9.737500e+00 1.940317e+03 7.072967e-04 1.052807e+01
 6.711457e-04 8.360303e+00 1.327222e+00 1.436191e+00 9.740200e+00 1.902917e+03 7.089644e-04 1.053387e+01
 6.725853e-04 8.357705e+00 1.332022e+00 1.441821e+00 9.742800e+00 1.866292e+03 7.106367e-04 1.053957e+01
 6.740279e-04 8.355198e+00 1.336829e+00 1.447462e+00 9.745500e+00 1.830211e+03 7.123137e-04 1.054539e+01
 6.754736e-04 8.352582e+00 1.341642e+00 1.453114e+00 9.748100e+00 1.794985e+03 7.139953e-04 1.055111e+01
 6.769224e-04 8.349958e+00 1.346462e+00 1.458777e+00 9.750700e+00 1.760384e+03 7.156816e-04 1.055684e+01
 6.783744e-04 8.347325e+00 1.351288e+00 1.464452e+00 9.753300e+00 1.726602e+03 7.173726e-04 1.056258e+01
 6.798294e-04 8.344582e+00 1.356120e+00 1.470137e+00 9.755800e+00 1.693517e+03 7.190683e-04 1.056822e+01
 6.812876e-04 8.341932e+00 1.360959e+00 1.475834e+00 9.758400e+00 1.661016e+03 7.207687e-04 1.057398e+01
 6.827489e-04 8.339173e+00 1.365804e+00 1.481541e+00 9.760900e+00 1.629090e+03 7.224738e-04 1.057964e+01
 6.842133e-04 8.336405e+00 1.370655e+00 1.487259e+00 9.763400e+00 1.597823e+03 7.241837e-04 1.058531e+01
 6.856809e-04 8.333629e+00 1.375512e+00 1.492989e+00 9.765900e+00 1.567294e+03 7.258984e-04 1.059099e+01
 6.871516e-04 8.330845e+00 1.380375e+00 1.498728e+00 9.768400e+00 1.537301e+03 7.276179e-04 1.059668e+01
 6.886255e-04 8.328052e+00 1.385244e+00 1.504479e+00 9.770900e+00 1.508015e+03 7.293422e-04 1.060239e+01
 6.901025e-04 8.325252e+00 1.390119e+00 1.510240e+00 9.773400e+00 1.479153e+03 7.310714e-04 1.060810e+01
 6.915827e-04 8.322343e+00 1.394999e+00 1.516012e+00 9.775800e+00 1.450884e+03 7.328053e-04 1.061371e+01
 6.930661e-04 8.319426e+00 1.399886e+00 1.521794e+00 9.778200e+00 1.423282e+03 7.345442e-04 1.061933e+01
 6.945526e-04 8.316501e+00 1.404777e+00 1.527586e+00 9.780600e+00 1.396244e+03 7.362879e-04 1.062496e+01
 6.960424e-04 8.313568e+00 1.409674e+00 1.533389e+00 9.783000e+00 1.369595e+03 7.380366e-04 1.063061e+01
 6.975353e-04 8.310628e+00 1.414577e+00 1.539201e+00 9.785400e+00 1.343573e+03 7.397902e-04 1.063626e+01
 6.990315e-04 8.307680e+00 1.419485e+00 1.545024e+00 9.787800e+00 1.318003e+03 7.415487e-04 1.064193e+01
 7.005308e-04 8.304624e+00 1.424398e+00 1.550858e+00 9.790100e+00 1.293035e+03 7.433122e-04 1.064749e+01
 7.020334e-04 8.301560e+00 1.429317e+00 1.556701e+00 9.792400e+00 1.268575e+03 7.450806e-04 1.065307e+01
 7.035392e-04 8.298490e+00 1.434240e+00 1.562554e+00 9.794700e+00 1.244538e+03 7.468541e-04 1.065865e+01
 7.050482e-04 8.295411e+00 1.439168e+00 1.568416e+00 9.797000e+00 1.220991e+03 7.486326e-04 1.066425e+01
 7.065605e-04 8.292326e+00 1.444102e+00 1.574289e+00 9.799300e+00 1.197923e+03 7.504161e-04 1.066986e+01
 7.080760e-04 8.289233e+00 1.449040e+00 1.580171e+00 9.801600e+00 1.175324e+03 7.522047e-04 1.067548e+01
 7.095947e-04 8.286033e+00 1.453983e+00 1.586063e+00 9.803800e+00 1.153114e+03 7.539983e-04 1.068099e+01
 7.111167e-04 8.282826e+00 1.458931e+00 1.591964e+00 9.806000e+00 1.131355e+03 7.557971e-04 1.068651e+01
 7.126420e-04 8.279611e+00 1.463883e+00 1.597875e+00 9.808200e+00 1.110038e+03 7.576010e-04 1.069205e+01
 7.141706e-04 8.276390e+00 1.468840e+00 1.603795e+00 9.810400e+00 1.089152e+03 7.594100e-04 1.069760e+01
 7.157024e-04 8.273163e+00 1.473801e+00 1.609725e+00 9.812600e+00 1.068690e+03 7.612241e-04 1.070316e+01
 7.172375e-04 8.269827e+00 1.478766e+00 1.615663e+00 9.814700e+00 1.048641e+03 7.630435e-04 1.070861e+01
 7.187759e-04 8.266486e+00 1.483736e+00 1.621611e+00 9.816800e+00 1.028997e+03 7.648680e-04 1.071408e+01
 7.203176e-04 8.263239e+00 1.488710e+00 1.627568e+00 9.819000e+00 1.009687e+03 7.666977e-04 1.071967e+01
 7.218626e-04 8.259884e+00 1.493688e+00 1.633533e+00 9.821100e+00 9.907664e+02 7.685327e-04 1.072516e+01
 7.234109e-04 8.256422e+00 1.498670e+00 1.639508e+00 9.823100e+00 9.722276e+02 7.703730e-04 1.073054e+01
 7.249626e-04 8.253055e+00 1.503655e+00 1.645491e+00 9.825200e+00 9.540621e+02 7.722185e-04 1.073606e+01
 7.265176e-04 8.249582e+00 1.508645e+00 1.651483e+00 9.827200e+00 9.362620e+02 7.740693e-04 1.074146e+01
 7.280759e-04 8.246203e+00 1.513638e+00 1.657483e+00 9.829300e+00 9.188193e+02 7.759254e-04 1.074700e+01
 7.296375e-04 8.242717e+00 1.518635e+00 1.663492e+00 9.831300e+00 9.017265e+02 7.777869e-04 1.075243e+01
 7.312025e-04 8.239124e+00 1.523636e+00 1.669510e+00 9.833200e+00 8.849213e+02 7.796537e-04 1.075775e+01
 7.327709e-04 8.235627e+00 1.528639e+00 1.675535e+00 9.835200e+00 8.684531e+02 7.815259e-04 1.076320e+01
 7.343426e-04 8.232124e+00 1.533647e+00 1.681569e+00 9.837200e+00 8.523148e+02 7.834035e-04 1.076867e+01
 7.359177e-04 8.228514e+00 1.538657e+00 1.687611e+00 9.839100e+00 8.364993e+02 7.852866e-04 1.077402e+01
 7.374962e-04 8.224899e+00 1.543671e+00 1.693661e+00 9.841000e+00 8.209486e+02 7.871751e-04 1.077939e+01
 7.390780e-04 8.221279e+00 1.548687e+00 1.699719e+00 9.842900e+00 8.057089e+02 7.890690e-04 1.078477e+01
 7.406633e-04 8.217552e+00 1.553707e+00 1.705785e+00 9.844700e+00 7.908231e+02 7.909684e-04 1.079004e+01
 7.422519e-04 8.213922e+00 1.558730e+00 1.711858e+00 9.846600e+00 7.761851e+02 7.928734e-04 1.079545e+01
 7.438440e-04 8.210185e+00 1.563755e+00 1.717939e+00 9.848400e+00 7.618865e+02 7.947838e-04 1.080075e+01
 7.454394e-04 8.206443e+00 1.568783e+00 1.724028e+00 9.850200e+00 7.478718e+02 7.966999e-04 1.080606e+01
 7.470383e-04 8.202696e+00 1.573814e+00 1.730124e+00 9.852000e+00 7.340888e+02 7.986215e-04 1.081138e+01
 7.486407e-04 8.198945e+00 1.578847e+00 1.736228e+00 9.853800e+00 7.205341e+02 8.005486e-04 1.081671e+01
 7.502464e-04 8.195188e+00 1.583882e+00 1.742338e+00 9.855600e+00 7.072487e+02 8.024815e-04 1.082206e+01
 7.518556e-04 8.191327e+00 1.588920e+00 1.748456e+00 9.857300e+00 6.942710e+02 8.044199e-04 1.082729e+01
 7.534683e-04 8.187460e+00 1.593960e+00 1.754581e+00 9.859000e+00 6.815068e+02 8.063640e-04 1.083254e+01
 7.550844e-04 8.183590e+00 1.599003e+00 1.760713e+00 9.860700e+00 6.690378e+02 8.083138e-04 1.083780e+01
 7.567040e-04 8.179715e+00 1.604047e+00 1.766852e+00 9.862400e+00 6.568148e+02 8.102693e-04 1.084307e+01
 7.583270e-04 8.175734e+00 1.609093e+00 1.772998e+00 9.864000e+00 6.447916e+02 8.122306e-04 1.084824e+01
 7.599536e-04 8.171851e+00 1.614141e+00 1.779150e+00 9.865700e+00 6.329654e+02 8.141976e-04 1.085354e+01
 7.615836e-04 8.167862e+00 1.619191e+00 1.785309e+00 9.867300e+00 6.214519e+02 8.161703e-04 1.085872e+01
 7.632171e-04 8.163870e+00 1.624242e+00 1.791474e+00 9.868900e+00 6.100478e+02 8.181489e-04 1.086392e+01
 7.648541e-04 8.159773e+00 1.629295e+00 1.797646e+00 9.870400e+00 5.989836e+02 8.201333e-04 1.086901e+01
 7.664947e-04 8.155773e+00 1.634349e+00 1.803823e+00 9.872000e+00 5.880609e+02 8.221236e-04 1.087424e+01
 7.681387e-04 8.151669e+00 1.639405e+00 1.810007e+00 9.873500e+00 5.773528e+02 8.241197e-04 1.087935e+01
 7.697863e-04 8.147561e+00 1.644462e+00 1.816197e+00 9.875000e+00 5.668913e+02 8.261217e-04 1.088448e+01
 7.714374e-04 8.143449e+00 1.649520e+00 1.822393e+00 9.876500e+00 5.565630e+02 8.281296e-04 1.088962e+01
 7.730921e-04 8.139334e+00 1.654579e+00 1.828595e+00 9.878000e+00 5.465076e+02 8.301435e-04 1.089477e+01
 7.747503e-04 8.135115e+00 1.659639e+00 1.834802e+00 9.879400e+00 5.366139e+02 8.321633e-04 1.089982e+01
 7.764121e-04 8.130994e+00 1.664700e+00 1.841015e+00 9.880900e+00 5.268795e+02 8.341892e-04 1.090499e+01
 7.780774e-04 8.126769e+00 1.669762e+00 1.847234e+00 9.882300e+00 5.174023e+02 8.362210e-04 1.091006e+01
 7.797463e-04 8.122541e+00 1.674824e+00 1.853457e+00 9.883700e+00 5.080436e+02 8.382589e-04 1.091514e+01
 7.814188e-04 8.118209e+00 1.679887e+00 1.859687e+00 9.885000e+00 4.988998e+02 8.403029e-04 1.092011e+01
 7.830948e-04 8.113976e+00 1.684950e+00 1.865921e+00 9.886400e+00 4.899337e+02 8.423529e-04 1.092521e+01
 7.847745e-04 8.109638e+00 1.690014e+00 1.872160e+00 9.887700e+00 4.810793e+02 8.444090e-04 1.093020e+01
 7.864577e-04 8.105299e+00 1.695078e+00 1.878404e+00 9.889000e+00 4.724282e+02 8.464713e-04 1.093521e+01
 7.881446e-04 8.100957e+00 1.700141e+00 1.884653e+00 9.890300e+00 4.639752e+02 8.485398e-04 1.094022e+01
 7.898351e-04 8.096511e+00 1.705205e+00 1.890907e+00 9.891500e+00 4.556263e+02 8.506144e-04 1.094513e+01
 7.915292e-04 8.092165e+00 1.710269e+00 1.897165e+00 9.892800e+00 4.474688e+02 8.526953e-04 1.095017e+01
 7.932270e-04 8.087715e+00 1.715333e+00 1.903428e+00 9.894000e+00 4.394977e+02 8.547824e-04 1.095510e+01
 7.949284e-04 8.083264e+00 1.720396e+00 1.909695e+00 9.895200e+00 4.316239e+02 8.568758e-04 1.096005e+01
 7.966334e-04 8.078709e+00 1.725459e+00 1.915967e+00 9.896300e+00 4.239301e+02 8.589754e-04 1.096488e+01
 7.983421e-04 8.074254e+00 1.730522e+00 1.922242e+00 9.897500e+00 4.163574e+02 8.610814e-04 1.096985e+01
 8.000545e-04 8.069696e+00 1.735584e+00 1.928522e+00 9.898600e+00 4.089576e+02 8.631937e-04 1.097470e+01
 8.017705e-04 8.065137e+00 1.740645e+00 1.934805e+00 9.899700e+00 4.017002e+02 8.653124e-04 1.097957e+01
 8.034902e-04 8.060576e+00 1.745706e+00 1.941092e+00 9.900800e+00 3.945562e+02 8.674375e-04 1.098445e+01
 8.052136e-04 8.056014e+00 1.750765e+00 1.947383e+00 9.901900e+00 3.875495e+02 8.695690e-04 1.098935e+01
 8.069407e-04 8.051350e+00 1.755824e+00 1.953677e+00 9.902900e+00 3.806775e+02 8.717070e-04 1.099413e+01
 8.086716e-04 8.046684e+00 1.760881e+00 1.959975e+00 9.903900e+00 3.739373e+02 8.738514e-04 1.099892e+01
 8.104061e-04 8.042018e+00 1.765937e+00 1.966276e+00 9.904900e+00 3.673262e+02 8.760023e-04 1.100373e+01
 8.121961e-04 8.037351e+00 1.770992e+00 1.972580e+00 9.905900e+00 3.608419e+02 8.782241e-04 1.100855e+01
 8.140480e-04 8.032584e+00 1.776043e+00 1.978884e+00 9.906800e+00 3.544829e+02 8.805247e-04 1.101325e+01
 8.159042e-04 8.027921e+00 1.781090e+00 1.985188e+00 9.907800e+00 3.482235e+02 8.828327e-04 1.101810e+01
 8.177645e-04 8.023159e+00 1.786133e+00 1.991492e+00 9.908700e+00 3.420848e+02 8.851479e-04 1.102282e+01
 8.196291e-04 8.018298e+00 1.791171e+00 1.997795e+00 9.909500e+00 3.360865e+02 8.874706e-04 1.102744e+01
 8.214980e-04 8.013541e+00 1.796205e+00 2.004098e+00 9.910400e+00 3.302252e+02 8.898006e-04 1.103219e+01
 8.233711e-04 8.008686e+00 1.801235e+00 2.010399e+00 9.911200e+00 3.244321e+02 8.921381e-04 1.103683e+01
 8.252485e-04 8.003834e+00 1.806260e+00 2.016700e+00 9.912000e+00 3.187712e+02 8.944830e-04 1.104148e+01
 8.271302e-04 7.998984e+00 1.811280e+00 2.023000e+00 9.912800e+00 3.131969e+02 8.968355e-04 1.104614e+01
 8.290161e-04 7.994138e+00 1.816295e+00 2.029298e+00 9.913600e+00 3.077494e+02 8.991955e-04 1.105081e+01
 8.309064e-04 7.989193e+00 1.821306e+00 2.035595e+00 9.914300e+00 3.024050e+02 9.015630e-04 1.105537e+01
 8.328010e-04 7.984252e+00 1.826311e+00 2.041891e+00 9.915000e+00 2.971618e+02 9.039382e-04 1.105994e+01
 8.346999e-04 7.979314e+00 1.831311e+00 2.048185e+00 9.915700e+00 2.920175e+02 9.063210e-04 1.106452e+01
 8.366031e-04 7.974279e+00 1.836306e+00 2.054477e+00 9.916300e+00 2.869702e+02 9.087114e-04 1.106899e+01
 8.385107e-04 7.969349e+00 1.841295e+00 2.060767e+00 9.917000e+00 2.819989e+02 9.111095e-04 1.107360e+01
 8.404226e-04 7.964321e+00 1.846279e+00 2.067055e+00 9.917600e+00 2.771211e+02 9.135154e-04 1.107809e+01
 8.423388e-04 7.959297e+00 1.851257e+00 2.073342e+00 9.918200e+00 2.723535e+02 9.159290e-04 1.108260e+01
 8.442595e-04 7.954175e+00 1.856230e+00 2.079625e+00 9.918700e+00 2.676932e+02 9.183505e-04 1.108699e+01
 8.461845e-04 7.949058e+00 1.861196e+00 2.085907e+00 9.919200e+00 2.630841e+02 9.207797e-04 1.109139e+01
 8.481139e-04 7.943945e+00 1.866157e+00 2.092186e+00 9.919700e+00 2.585788e+02 9.232168e-04 1.109580e+01
 8.500477e-04 7.938837e+00 1.871112e+00 2.098462e+00 9.920200e+00 2.541402e+02 9.256618e-04 1.110023e+01
 8.519859e-04 7.933732e+00 1.876061e+00 2.104736e+00 9.920700e+00 2.498183e+02 9.281148e-04 1.110467e+01
 8.539286e-04 7.928531e+00 1.881004e+00 2.111007e+00 9.921100e+00 2.455597e+02 9.305757e-04 1.110899e+01
 8.558756e-04 7.923335e+00 1.885940e+00 2.117274e+00 9.921500e+00 2.413637e+02 9.330446e-04 1.111333e+01
 8.578271e-04 7.918144e+00 1.890870e+00 2.123539e+00 9.921900e+00 2.372617e+02 9.355215e-04 1.111767e+01
 8.597831e-04 7.912856e+00 1.895794e+00 2.129800e+00 9.922200e+00 2.332356e+02 9.380066e-04 1.112191e+01
 8.617435e-04 7.907573e+00 1.900711e+00 2.136058e+00 9.922500e+00 2.292838e+02 9.404997e-04 1.112615e+01
 8.637084e-04 7.902295e+00 1.905621e+00 2.142312e+00 9.922800e+00 2.254048e+02 9.430010e-04 1.113041e+01
 8.656778e-04 7.897022e+00 1.910525e+00 2.148563e+00 9.923100e+00 2.215973e+02 9.455104e-04 1.113468e+01
 8.676516e-04 7.891653e+00 1.915422e+00 2.154810e+00 9.923300e+00 2.178597e+02 9.480280e-04 1.113883e+01
 8.696300e-04 7.886391e+00 1.920311e+00 2.161053e+00 9.923600e+00 2.141908e+02 9.505539e-04 1.114312e+01
 8.716128e-04 7.880932e+00 1.925194e+00 2.167292e+00 9.923700e+00 2.105891e+02 9.530881e-04 1.114717e+01
 8.736002e-04 7.875580e+00 1.930070e+00 2.173527e+00 9.923900e+00 2.070533e+02 9.556306e-04 1.115136e+01
 8.755921e-04 7.870132e+00 1.934938e+00 2.179758e+00 9.924000e+00 2.035822e+02 9.581815e-04 1.115543e+01
 8.775886e-04 7.864791e+00 1.939799e+00 2.185984e+00 9.924200e+00 2.001744e+02 9.607408e-04 1.115964e+01
 8.795896e-04 7.859253e+00 1.944653e+00 2.192206e+00 9.924200e+00 1.968288e+02 9.633084e-04 1.116361e+01
 8.815952e-04 7.853823e+00 1.949499e+00 2.198423e+00 9.924300e+00 1.935575e+02 9.658846e-04 1.116772e+01
 8.836054e-04 7.848298e+00 1.954338e+00 2.204635e+00 9.924300e+00 1.903323e+02 9.684693e-04 1.117171e+01
 8.856201e-04 7.842779e+00 1.959169e+00 2.210843e+00 9.924300e+00 1.871527e+02 9.710625e-04 1.117572e+01
 8.876394e-04 7.837266e+00 1.963992e+00 2.217045e+00 9.924300e+00 1.840565e+02 9.736643e-04 1.117973e+01
 8.896633e-04 7.831760e+00 1.968807e+00 2.223242e+00 9.924300e+00 1.810036e+02 9.762747e-04 1.118376e+01
 8.916919e-04 7.826159e+00 1.973614e+00 2.229434e+00 9.924200e+00 1.780184e+02 9.788937e-04 1.118767e+01
 8.937251e-04 7.820564e+00 1.978413e+00 2.235621e+00 9.924100e+00 1.750625e+02 9.815215e-04 1.119160e+01
 8.957629e-04 7.814976e+00 1.983204e+00 2.241802e+00 9.924000e+00 1.721722e+02 9.841580e-04 1.119553e+01
 8.978053e-04 7.809294e+00 1.987987e+00 2.247977e+00 9.923800e+00 1.693457e+02 9.868032e-04 1.119935e+01
 8.998524e-04 7.803619e+00 1.992762e+00 2.254147e+00 9.923600e+00 1.665700e+02 9.894573e-04 1.120318e+01
 9.019042e-04 7.797951e+00 1.997528e+00 2.260311e+00 9.923400e+00 1.638326e+02 9.921203e-04 1.120702e+01
 9.039607e-04 7.792290e+00 2.002285e+00 2.266469e+00 9.923200e+00 1.611444e+02 9.947921e-04 1.121088e+01
 9.060218e-04 7.786534e+00 2.007034e+00 2.272620e+00 9.922900e+00 1.585043e+02 9.974729e-04 1.121461e+01
 9.080877e-04 7.780888e+00 2.011774e+00 2.278765e+00 9.922700e+00 1.559116e+02 1.000163e-03 1.121849e+01
 9.101582e-04 7.775046e+00 2.016505e+00 2.284904e+00 9.922300e+00 1.533653e+02 1.002861e-03 1.122212e+01
 9.122335e-04 7.769314e+00 2.021228e+00 2.291037e+00 9.922000e+00 1.508750e+02 1.005569e-03 1.122589e+01
 9.143135e-04 7.763487e+00 2.025942e+00 2.297162e+00 9.921600e+00 1.484187e+02 1.008286e-03 1.122954e+01
 9.163983e-04 7.757770e+00 2.030646e+00 2.303281e+00 9.921300e+00 1.460164e+02 1.011012e-03 1.123334e+01
 9.184878e-04 7.751858e+00 2.035341e+00 2.309393e+00 9.920800e+00 1.436366e+02 1.013747e-03 1.123688e+01
 9.205820e-04 7.746055e+00 2.040028e+00 2.315498e+00 9.920400e+00 1.413091e+02 1.016492e-03 1.124057e+01
 9.226811e-04 7.740159e+00 2.044704e+00 2.321596e+00 9.919900e+00 1.390329e+02 1.019245e-03 1.124414e+01
 9.247849e-04 7.734271e+00 2.049372e+00 2.327687e+00 9.919400e+00 1.367970e+02 1.022008e-03 1.124772e+01
 9.268935e-04 7.728392e+00 2.054030e+00 2.333770e+00 9.918900e+00 1.345910e+02 1.024781e-03 1.125132e+01
 9.290070e-04 7.722419e+00 2.058678e+00 2.339845e+00 9.918300e+00 1.324241e+02 1.027562e-03 1.125479e+01
 9.311252e-04 7.716557e+00 2.063316e+00 2.345913e+00 9.917800e+00 1.303048e+02 1.030353e-03 1.125841e+01
 9.332483e-04 7.710602e+00 2.067945e+00 2.351973e+00 9.917200e+00 1.282137e+02 1.033154e-03 1.126191e+01
 9.353762e-04 7.704553e+00 2.072564e+00 2.358025e+00 9.916500e+00 1.261685e+02 1.035964e-03 1.126528e+01
 9.375090e-04 7.698616e+00 2.077173e+00 2.364069e+00 9.915900e+00 1.241415e+02 1.038784e-03 1.126880e+01
 9.396466e-04 7.692585e+00 2.081772e+00 2.370105e+00 9.915200e+00 1.221591e+02 1.041613e-03 1.127221e+01
 9.417892e-04 7.686564e+00 2.086361e+00 2.376133e+00 9.914500e+00 1.202201e+02 1.044452e-03 1.127562e+01
 9.439366e-04 7.680450e+00 2.090940e+00 2.382152e+00 9.913700e+00 1.183151e+02 1.047301e-03 1.127891e+01
 9.460889e-04 7.674447e+00 2.095508e+00 2.388163e+00 9.913000e+00 1.164351e+02 1.050159e-03 1.128235e+01
 9.482461e-04 7.668352e+00 2.100066e+00 2.394165e+00 9.912200e+00 1.145881e+02 1.053027e-03 1.128566e+01
 9.504082e-04 7.662266e+00 2.104614e+00 2.400158e+00 9.911400e+00 1.127734e+02 1.055905e-03 1.128899e+01
 9.525752e-04 7.656088e+00 2.109151e+00 2.406142e+00 9.910500e+00 1.109905e+02 1.058793e-03 1.129219e+01
 9.547472e-04 7.649920e+00 2.113678e+00 2.412117e+00 9.909600e+00 1.092388e+02 1.061691e-03 1.129541e+01
 9.569242e-04 7.643761e+00 2.118193e+00 2.418083e+00 9.908700e+00 1.075253e+02 1.064598e-03 1.129864e+01
 9.591061e-04 7.637613e+00 2.122698e+00 2.424040e+00 9.907800e+00 1.058341e+02 1.067516e-03 1.130188e+01
 9.612930e-04 7.631475e+00 2.127192e+00 2.429987e+00 9.906900e+00 1.041798e+02 1.070444e-03 1.130513e+01
 9.634848e-04 7.625244e+00 2.131675e+00 2.435925e+00 9.905900e+00 1.025394e+02 1.073381e-03 1.130826e+01
 9.656817e-04 7.619024e+00 2.136148e+00 2.441852e+00 9.904900e+00 1.009350e+02 1.076329e-03 1.131140e+01
 9.678836e-04 7.612815e+00 2.140609e+00 2.447771e+00 9.903900e+00 9.936557e+01 1.079288e-03 1.131456e+01
 9.700905e-04 7.606514e+00 2.145058e+00 2.453679e+00 9.902800e+00 9.780914e+01 1.082256e-03 1.131759e+01
 9.723024e-04 7.600223e+00 2.149497e+00 2.459577e+00 9.901700e+00 9.628677e+01 1.085235e-03 1.132063e+01
 9.745194e-04 7.593943e+00 2.153924e+00 2.465465e+00 9.900600e+00 9.479763e+01 1.088224e-03 1.132368e+01
 9.767414e-04 7.587674e+00 2.158340e+00 2.471342e+00 9.899500e+00 9.332062e+01 1.091223e-03 1.132675e+01
 9.789685e-04 7.581313e+00 2.162744e+00 2.477210e+00 9.898300e+00 9.187590e+01 1.094233e-03 1.132969e+01
 9.812007e-04 7.574964e+00 2.167136e+00 2.483066e+00 9.897100e+00 9.046270e+01 1.097253e-03 1.133265e+01
 9.834379e-04 7.568625e+00 2.171517e+00 2.488912e+00 9.895900e+00 8.906083e+01 1.100284e-03 1.133561e+01
 9.856803e-04 7.562298e+00 2.175886e+00 2.494747e+00 9.894700e+00 8.768958e+01 1.103326e-03 1.133859e+01
 9.879278e-04 7.555880e+00 2.180244e+00 2.500571e+00 9.893400e+00 8.634823e+01 1.106378e-03 1.134144e+01
 9.901804e-04 7.549473e+00 2.184589e+00 2.506384e+00 9.892100e+00 8.501745e+01 1.109440e-03 1.134430e+01
 9.924381e-04 7.543077e+00 2.188922e+00 2.512186e+00 9.890800e+00 8.371574e+01 1.112514e-03 1.134718e+01
 9.947010e-04 7.536591e+00 2.193243e+00 2.517977e+00 9.889400e+00 8.243032e+01 1.115598e-03 1.134993e+01
 9.969691e-04 7.530219e+00 2.197553e+00 2.523756e+00 9.888100e+00 8.117892e+01 1.118693e-03 1.135282e+01
 9.992423e-04 7.523756e+00 2.201849e+00 2.529523e+00 9.886700e+00 7.993715e+01 1.121799e-03 1.135560e+01
 1.001521e-03 7.517305e+00 2.206134e+00 2.535279e+00 9.885300e+00 7.872247e+01 1.124916e-03 1.135838e+01
 1.003804e-03 7.510764e+00 2.210406e+00 2.541023e+00 9.883800e+00 7.752857e+01 1.128044e-03 1.136104e+01
 1.006093e-03 7.504235e+00 2.214666e+00 2.546755e+00 9.882300e+00 7.635505e+01 1.131183e-03 1.136371e+01
 1.008387e-03 7.497718e+00 2.218913e+00 2.552475e+00 9.880800e+00 7.519601e+01 1.134333e-03 1.136639e+01
 1.010686e-03 7.491213e+00 2.223148e+00 2.558183e+00 9.879300e+00 7.405680e+01 1.137494e-03 1.136908e+01
 1.012991e-03 7.484618e+00 2.227370e+00 2.563878e+00 9.877700e+00 7.293704e+01 1.140666e-03 1.137165e+01
 1.015301e-03 7.478138e+00 2.231579e+00 2.569562e+00 9.876200e+00 7.184171e+01 1.143850e-03 1.137436e+01
 1.017616e-03 7.471568e+00 2.235775e+00 2.575232e+00 9.874600e+00 7.075452e+01 1.147044e-03 1.137695e+01
 1.019936e-03 7.464908e+00 2.239958e+00 2.580890e+00 9.872900e+00 6.969623e+01 1.150251e-03 1.137942e+01
 1.022261e-03 7.458364e+00 2.244129e+00 2.586535e+00 9.871300e+00 6.865080e+01 1.153468e-03 1.138202e+01
 1.024592e-03 7.451729e+00 2.248286e+00 2.592167e+00 9.869600e+00 6.762817e+01 1.156697e-03 1.138451e+01
 1.026929e-03 7.445108e+00 2.252430e+00 2.597786e+00 9.867900e+00 6.661296e+01 1.159938e-03 1.138700e+01
 1.029270e-03 7.438500e+00 2.256561e+00 2.603392e+00 9.866200e+00 6.561990e+01 1.163190e-03 1.138951e+01
 1.031617e-03 7.431802e+00 2.260679e+00 2.608985e+00 9.864400e+00 6.464850e+01 1.166454e-03 1.139189e+01
 1.033969e-03 7.425117e+00 2.264784e+00 2.614564e+00 9.862600e+00 6.368400e+01 1.169729e-03 1.139428e+01
 1.036327e-03 7.418446e+00 2.268875e+00 2.620130e+00 9.860800e+00 6.274056e+01 1.173016e-03 1.139668e+01
 1.038690e-03 7.411788e+00 2.272952e+00 2.625682e+00 9.859000e+00 6.180846e+01 1.176315e-03 1.139909e+01
 1.041058e-03 7.405041e+00 2.277016e+00 2.631221e+00 9.857100e+00 6.089669e+01 1.179626e-03 1.140137e+01
 1.043432e-03 7.398307e+00 2.281067e+00 2.636745e+00 9.855200e+00 6.000032e+01 1.182949e-03 1.140366e+01
 1.045811e-03 7.391587e+00 2.285103e+00 2.642256e+00 9.853300e+00 5.911463e+01 1.186284e-03 1.140597e+01
 1.048196e-03 7.384881e+00 2.289126e+00 2.647752e+00 9.851400e+00 5.824391e+01 1.189630e-03 1.140828e+01
 1.050586e-03 7.378086e+00 2.293135e+00 2.653234e+00 9.849400e+00 5.739219e+01 1.192989e-03 1.141047e+01
 1.052981e-03 7.371305e+00 2.297131e+00 2.658702e+00 9.847400e+00 5.655054e+01 1.196360e-03 1.141266e+01
 1.055382e-03 7.364537e+00 2.301112e+00 2.664156e+00 9.845400e+00 5.572726e+01 1.199743e-03 1.141487e+01
 1.057788e-03 7.357784e+00 2.305079e+00 2.669595e+00 9.843400e+00 5.490955e+01 1.203139e-03 1.141709e+01
 1.060200e-03 7.350942e+00 2.309033e+00 2.675019e+00 9.841300e+00 5.410970e+01 1.206546e-03 1.141917e+01
 1.062618e-03 7.344115e+00 2.312972e+00 2.680428e+00 9.839200e+00 5.331928e+01 1.209966e-03 1.142127e+01
 1.065041e-03 7.337302e+00 2.316897e+00 2.685822e+00 9.837100e+00 5.254613e+01 1.213399e-03 1.142338e+01
 1.067469e-03 7.330503e+00 2.320807e+00 2.691202e+00 9.835000e+00 5.178595e+01 1.216844e-03 1.142550e+01
 1.069903e-03 7.323616e+00 2.324704e+00 2.696566e+00 9.832800e+00 5.103851e+01 1.220302e-03 1.142749e+01
 1.072342e-03 7.316744e+00 2.328586e+00 2.701915e+00 9.830600e+00 5.030358e+01 1.223772e-03 1.142949e+01
 1.074788e-03 7.309886e+00 2.332453e+00 2.707248e+00 9.828400e+00 4.957345e+01 1.227255e-03 1.143150e+01
 1.077238e-03 7.303043e+00 2.336306e+00 2.712566e+00 9.826200e+00 4.885930e+01 1.230750e-03 1.143351e+01
 1.079694e-03 7.296112e+00 2.340145e+00 2.717869e+00 9.823900e+00 4.816077e+01 1.234259e-03 1.143540e+01
 1.082156e-03 7.289196e+00 2.343968e+00 2.723156e+00 9.821600e+00 4.746668e+01 1.237780e-03 1.143730e+01
 1.084624e-03 7.282294e+00 2.347778e+00 2.728426e+00 9.819300e+00 4.678779e+01 1.241314e-03 1.143921e+01
 1.087097e-03 7.275408e+00 2.351572e+00 2.733681e+00 9.817000e+00 4.612375e+01 1.244861e-03 1.144113e+01
 1.089576e-03 7.268435e+00 2.355351e+00 2.738920e+00 9.814600e+00 4.546385e+01 1.248422e-03 1.144292e+01
 1.092060e-03 7.261579e+00 2.359116e+00 2.744143e+00 9.812300e+00 4.481839e+01 1.251995e-03 1.144485e+01
 1.094550e-03 7.254635e+00 2.362866e+00 2.749349e+00 9.809900e+00 4.418033e+01 1.255582e-03 1.144666e+01
 1.097046e-03 7.247605e+00 2.366600e+00 2.754539e+00 9.807400e+00 4.355624e+01 1.259181e-03 1.144833e+01
 1.099547e-03 7.240692e+00 2.370320e+00 2.759713e+00 9.805000e+00 4.293598e+01 1.262794e-03 1.145016e+01
 1.102054e-03 7.233692e+00 2.374025e+00 2.764870e+00 9.802500e+00 4.232933e+01 1.266421e-03 1.145185e+01
 1.104567e-03 7.226708e+00 2.377714e+00 2.770010e+00 9.800000e+00 4.173597e+01 1.270061e-03 1.145355e+01
 1.107086e-03 7.219740e+00 2.381389e+00 2.775134e+00 9.797500e+00 4.114616e+01 1.273714e-03 1.145527e+01
 1.109610e-03 7.212684e+00 2.385048e+00 2.780240e+00 9.794900e+00 4.056930e+01 1.277382e-03 1.145685e+01
 1.112140e-03 7.205644e+00 2.388691e+00 2.785329e+00 9.792300e+00 3.999896e+01 1.281062e-03 1.145844e+01
 1.114676e-03 7.198620e+00 2.392320e+00 2.790402e+00 9.789700e+00 3.944114e+01 1.284757e-03 1.146004e+01
 1.117217e-03 7.191612e+00 2.395932e+00 2.795457e+00 9.787100e+00 3.888660e+01 1.288465e-03 1.146164e+01
 1.119765e-03 7.184620e+00 2.399530e+00 2.800494e+00 9.784500e+00 3.834425e+01 1.292187e-03 1.146326e+01
 1.122318e-03 7.177542e+00 2.403112e+00 2.805515e+00 9.781800e+00 3.781382e+01 1.295923e-03 1.146474e+01
 1.124877e-03 7.170479e+00 2.406678e+00 2.810517e+00 9.779100e+00 3.728643e+01 1.299673e-03 1.146624e+01
 1.127442e-03 7.163433e+00 2.410229e+00 2.815502e+00 9.776400e+00 3.677064e+01 1.303437e-03 1.146774e+01
 1.130013e-03 7.156403e+00 2.413764e+00 2.820469e+00 9.773700e+00 3.626060e+01 1.307215e-03 1.146925e+01
 1.132589e-03 7.149286e+00 2.417283e+00 2.825419e+00 9.770900e+00 3.576179e+01 1.311008e-03 1.147062e+01
 1.135172e-03 7.142186e+00 2.420787e+00 2.830350e+00 9.768100e+00 3.526578e+01 1.314814e-03 1.147201e+01
 1.137760e-03 7.135103e+00 2.424275e+00 2.835263e+00 9.765300e+00 3.478071e+01 1.318635e-03 1.147340e+01
 1.140354e-03 7.128036e+00 2.427747e+00 2.840159e+00 9.762500e+00 3.430633e+01 1.322471e-03 1.147480e+01
 1.142954e-03 7.120883e+00 2.431203e+00 2.845035e+00 9.759600e+00 3.383453e+01 1.326321e-03 1.147607e+01
 1.145560e-03 7.113746e+00 2.434643e+00 2.849894e+00 9.756700e+00 3.337056e+01 1.330185e-03 1.147735e+01
 1.148172e-03 7.106626e+00 2.438067e+00 2.854734e+00 9.753800e+00 3.291684e+01 1.334064e-03 1.147864e+01
 1.150790e-03 7.099523e+00 2.441475e+00 2.859555e+00 9.750900e+00 3.246556e+01 1.337958e-03 1.147993e+01
 1.153414e-03 7.092438e+00 2.444867e+00 2.864358e+00 9.748000e+00 3.202675e+01 1.341867e-03 1.148123e+01
 1.156044e-03 7.085266e+00 2.448243e+00 2.869142e+00 9.745000e+00 3.159026e+01 1.345790e-03 1.148240e+01
 1.158680e-03 7.078111e+00 2.451603e+00 2.873907e+00 9.742000e+00 3.116343e+01 1.349728e-03 1.148357e+01
 1.161322e-03 7.070973e+00 2.454946e+00 2.878653e+00 9.739000e+00 3.074364e+01 1.353682e-03 1.148476e+01
 1.163970e-03 7.063749e+00 2.458273e+00 2.883380e+00 9.735900e+00 3.032605e+01 1.357650e-03 1.148580e+01
 1.166624e-03 7.056646e+00 2.461584e+00 2.888088e+00 9.732900e+00 2.991772e+01 1.361634e-03 1.148700e+01
 1.169284e-03 7.049457e+00 2.464879e+00 2.892777e+00 9.729800e+00 2.951844e+01 1.365633e-03 1.148807e+01
 1.171950e-03 7.042285e+00 2.468157e+00 2.897446e+00 9.726700e+00 2.912117e+01 1.369647e-03 1.148914e+01
 1.174622e-03 7.035131e+00 2.471419e+00 2.902096e+00 9.723600e+00 2.873048e+01 1.373677e-03 1.149021e+01
 1.177301e-03 7.027891e+00 2.474664e+00 2.906727e+00 9.720400e+00 2.834624e+01 1.377722e-03 1.149116e+01
 1.179985e-03 7.020668e+00 2.477893e+00 2.911337e+00 9.717200e+00 2.796835e+01 1.381782e-03 1.149211e+01
 1.182676e-03 7.013463e+00 2.481106e+00 2.915928e+00 9.714000e+00 2.759670e+01 1.385859e-03 1.149307e+01
 1.185372e-03 7.006276e+00 2.484302e+00 2.920500e+00 9.710800e+00 2.723117e+01 1.389950e-03 1.149403e+01
 1.188075e-03 6.999107e+00 2.487481e+00 2.925051e+00 9.707600e+00 2.686956e+01 1.394058e-03 1.149500e+01
 1.190784e-03 6.991852e+00 2.490643e+00 2.929582e+00 9.704300e+00 2.651392e+01 1.398182e-03 1.149584e+01
 1.193499e-03 6.984718e+00 2.493789e+00 2.934094e+00 9.701100e+00 2.616414e+01 1.402321e-03 1.149683e+01
 1.196221e-03 6.977396e+00 2.496919e+00 2.938585e+00 9.697700e+00 2.582014e+01 1.406477e-03 1.149753e+01
 1.198948e-03 6.970195e+00 2.500031e+00 2.943056e+00 9.694400e+00 2.547980e+01 1.410649e-03 1.149839e+01
 1.201682e-03 6.963011e+00 2.503127e+00 2.947507e+00 9.691100e+00 2.514507e+01 1.414837e-03 1.149925e+01
 1.204422e-03 6.955743e+00 2.506206e+00 2.951937e+00 9.687700e+00 2.481587e+01 1.419041e-03 1.149998e+01
 1.207168e-03 6.948493e+00 2.509268e+00 2.956347e+00 9.684300e+00 2.449209e+01 1.423262e-03 1.150072e+01
 1.209921e-03 6.941261e+00 2.512313e+00 2.960736e+00 9.680900e+00 2.417174e+01 1.427499e-03 1.150146e+01
 1.212679e-03 6.934047e+00 2.515342e+00 2.965105e+00 9.677500e+00 2.385668e+01 1.431752e-03 1.150220e+01
 1.215444e-03 6.926748e+00 2.518353e+00 2.969452e+00 9.674000e+00 2.354869e+01 1.436022e-03 1.150281e+01
 1.218216e-03 6.919571e+00 2.521348e+00 2.973779e+00 9.670600e+00 2.324207e+01 1.440309e-03 1.150357e+01
 1.220993e-03 6.912308e+00 2.524325e+00 2.978085e+00 9.667100e+00 2.294233e+01 1.444613e-03 1.150420e+01
 1.223777e-03 6.905064e+00 2.527286e+00 2.982371e+00 9.663600e+00 2.264754e+01 1.448933e-03 1.150482e+01
 1.226568e-03 6.897736e+00 2.530229e+00 2.986635e+00 9.660000e+00 2.235404e+01 1.453271e-03 1.150532e+01
 1.229365e-03 6.890529e+00 2.533156e+00 2.990877e+00 9.656500e+00 2.206715e+01 1.457626e-03 1.150596e+01
 1.232168e-03 6.883237e+00 2.536065e+00 2.995099e+00 9.652900e+00 2.178325e+01 1.461997e-03 1.150646e+01
 1.234977e-03 6.875964e+00 2.538958e+00 2.999300e+00 9.649300e+00 2.150576e+01 1.466386e-03 1.150697e+01
 1.237793e-03 6.868710e+00 2.541833e+00 3.003479e+00 9.645700e+00 2.122944e+01 1.470793e-03 1.150748e+01
 1.240615e-03 6.861370e+00 2.544691e+00 3.007636e+00 9.642000e+00 2.095936e+01 1.475216e-03 1.150786e+01
 1.243444e-03 6.854153e+00 2.547532e+00 3.011772e+00 9.638400e+00 2.069209e+01 1.479658e-03 1.150839e+01
 1.246279e-03 6.846852e+00 2.550356e+00 3.015887e+00 9.634700e+00 2.043086e+01 1.484116e-03 1.150877e+01
 1.249121e-03 6.839569e+00 2.553162e+00 3.019980e+00 9.631000e+00 2.017071e+01 1.488593e-03 1.150917e+01
 1.251969e-03 6.832305e+00 2.555951e+00 3.024051e+00 9.627300e+00 1.991645e+01 1.493087e-03 1.150957e+01
 1.254824e-03 6.824956e+00 2.558723e+00 3.028100e+00 9.623500e+00 1.966481e+01 1.497599e-03 1.150983e+01
 1.257685e-03 6.817730e+00 2.561478e+00 3.032127e+00 9.619800e+00 1.941888e+01 1.502129e-03 1.151024e+01
 1.260553e-03 6.810419e+00 2.564215e+00 3.036133e+00 9.616000e+00 1.917392e+01 1.506678e-03 1.151051e+01
 1.263427e-03 6.803127e+00 2.566936e+00 3.040116e+00 9.612200e+00 1.893454e+01 1.511244e-03 1.151078e+01
 1.266308e-03 6.795855e+00 2.569638e+00 3.044078e+00 9.608400e+00 1.869760e+01 1.515828e-03 1.151106e+01
 1.269195e-03 6.788601e+00 2.572324e+00 3.048017e+00 9.604600e+00 1.846309e+01 1.520431e-03 1.151135e+01
 1.272089e-03 6.781263e+00 2.574992e+00 3.051934e+00 9.600700e+00 1.823393e+01 1.525053e-03 1.151149e+01
 1.274989e-03 6.773944e+00 2.577642e+00 3.055829e+00 9.596800e+00 1.800855e+01 1.529693e-03 1.151164e+01
 1.277897e-03 6.766645e+00 2.580276e+00 3.059701e+00 9.592900e+00 1.778546e+01 1.534351e-03 1.151180e+01
 1.280810e-03 6.759364e+00 2.582892e+00 3.063551e+00 9.589000e+00 1.756463e+01 1.539028e-03 1.151196e+01
 1.283731e-03 6.752103e+00 2.585490e+00 3.067378e+00 9.585100e+00 1.734747e+01 1.543725e-03 1.151213e+01
 1.286658e-03 6.744758e+00 2.588071e+00 3.071183e+00 9.581100e+00 1.713389e+01 1.548440e-03 1.151215e+01
 1.289592e-03 6.737536e+00 2.590635e+00 3.074966e+00 9.577200e+00 1.692385e+01 1.553174e-03 1.151233e+01
 1.292532e-03 6.730229e+00 2.593181e+00 3.078725e+00 9.573200e+00 1.671593e+01 1.557927e-03 1.151236e+01
 1.295479e-03 6.722942e+00 2.595709e+00 3.082462e+00 9.569200e+00 1.651146e+01 1.562699e-03 1.151240e+01
 1.298433e-03 6.715570e+00 2.598220e+00 3.086176e+00 9.565100e+00 1.631037e+01 1.567491e-03 1.151229e+01
 1.301394e-03 6.708322e+00 2.600714e+00 3.089868e+00 9.561100e+00 1.611261e+01 1.572303e-03 1.151234e+01
 1.304361e-03 6.700989e+00 2.603190e+00 3.093536e+00 9.557000e+00 1.591683e+01 1.577133e-03 1.151224e+01
 1.307335e-03 6.693676e+00 2.605649e+00 3.097181e+00 9.552900e+00 1.572302e+01 1.581984e-03 1.151215e+01
 1.310316e-03 6.686382e+00 2.608090e+00 3.100804e+00 9.548800e+00 1.553242e+01 1.586854e-03 1.151207e+01
 1.313304e-03 6.679108e+00 2.610513e+00 3.104403e+00 9.544700e+00 1.534499e+01 1.591744e-03 1.151198e+01
 1.316298e-03 6.671854e+00 2.612919e+00 3.107979e+00 9.540600e+00 1.516067e+01 1.596654e-03 1.151191e+01
 1.319300e-03 6.664516e+00 2.615308e+00 3.111533e+00 9.536400e+00 1.497819e+01 1.601584e-03 1.151169e+01
 1.322308e-03 6.657301e+00 2.617679e+00 3.115062e+00 9.532300e+00 1.479874e+01 1.606534e-03 1.151162e+01
 1.325323e-03 6.650002e+00 2.620032e+00 3.118569e+00 9.528100e+00 1.462227e+01 1.611505e-03 1.151140e+01
 1.328345e-03 6.642722e+00 2.622368e+00 3.122052e+00 9.523900e+00 1.444637e+01 1.616496e-03 1.151119e+01
 1.331373e-03 6.635358e+00 2.624686e+00 3.125512e+00 9.519600e+00 1.427458e+01 1.621507e-03 1.151084e+01
 1.334409e-03 6.628118e+00 2.626987e+00 3.128949e+00 9.515400e+00 1.410448e+01 1.626540e-03 1.151064e+01
 1.337452e-03 6.620794e+00 2.629270e+00 3.132361e+00 9.511100e+00 1.393836e+01 1.631592e-03 1.151029e+01
 1.340501e-03 6.613490e+00 2.631535e+00 3.135751e+00 9.506800e+00 1.377275e+01 1.636666e-03 1.150995e+01
 1.343558e-03 6.606310e+00 2.633783e+00 3.139117e+00 9.502600e+00 1.361101e+01 1.641761e-03 1.150976e+01
 1.346621e-03 6.598941e+00 2.636014e+00 3.142459e+00 9.498200e+00 1.345087e+01 1.646876e-03 1.150927e+01
 1.349692e-03 6.591696e+00 2.638226e+00 3.145778e+00 9.493900e+00 1.329230e+01 1.652013e-03 1.150894e+01
 1.352769e-03 6.584471e+00 2.640421e+00 3.149073e+00 9.489600e+00 1.313746e+01 1.657171e-03 1.150861e+01
 1.355854e-03 6.577162e+00 2.642599e+00 3.152344e+00 9.485200e+00 1.298307e+01 1.662351e-03 1.150814e+01
 1.358945e-03 6.569873e+00 2.644759e+00 3.155591e+00 9.480800e+00 1.283232e+01 1.667552e-03 1.150767e+01
 1.362044e-03 6.562604e+00 2.646901e+00 3.158815e+00 9.476400e+00 1.268304e+01 1.672774e-03 1.150720e+01
 1.365149e-03 6.555355e+00 2.649026e+00 3.162014e+00 9.472000e+00 1.253523e+01 1.678019e-03 1.150673e+01
 1.368262e-03 6.548126e+00 2.651134e+00 3.165190e+00 9.467600e+00 1.239091e+01 1.683285e-03 1.150627e+01
 1.371382e-03 6.540812e+00 2.653223e+00 3.168342e+00 9.463100e+00 1.224699e+01 1.688574e-03 1.150566e+01
 1.374509e-03 6.533623e+00 2.655296e+00 3.171470e+00 9.458700e+00 1.210648e+01 1.693884e-03 1.150521e+01
 1.377643e-03 6.526350e+00 2.657350e+00 3.174573e+00 9.454200e+00 1.196734e+01 1.699217e-03 1.150461e+01
 1.380784e-03 6.519097e+00 2.659387e+00 3.177653e+00 9.449700e+00 1.182955e+01 1.704572e-03 1.150401e+01
 1.383933e-03 6.511863e+00 2.661407e+00 3.180709e+00 9.445200e+00 1.169505e+01 1.709949e-03 1.150341e+01
 1.387088e-03 6.504650e+00 2.663409e+00 3.183740e+00 9.440700e+00 1.156089e+01 1.715349e-03 1.150282e+01
 1.390251e-03 6.497353e+00 2.665393e+00 3.186748e+00 9.436100e+00 1.142898e+01 1.720772e-03 1.150207e+01
 1.393421e-03 6.490179e+00 2.667360e+00 3.189731e+00 9.431600e+00 1.129930e+01 1.726218e-03 1.150148e+01
 1.396598e-03 6.482922e+00 2.669309e+00 3.192690e+00 9.427000e+00 1.117088e+01 1.731686e-03 1.150075e+01
 1.399782e-03 6.475685e+00 2.671241e+00 3.195624e+00 9.422400e+00 1.104462e+01 1.737178e-03 1.150001e+01
 1.402974e-03 6.468468e+00 2.673156e+00 3.198535e+00 9.417800e+00 1.092049e+01 1.742693e-03 1.149928e+01
 1.406173e-03 6.461271e+00 2.675052e+00 3.201421e+00 9.413200e+00 1.079845e+01 1.748231e-03 1.149855e+01
 1.409379e-03 6.453989e+00 2.676932e+00 3.204283e+00 9.408500e+00 1.067581e+01 1.753793e-03 1.149767e+01
 1.412593e-03 6.446833e+00 2.678794e+00 3.207120e+00 9.403900e+00 1.055612e+01 1.759378e-03 1.149695e+01
 1.415814e-03 6.439591e+00 2.680638e+00 3.209933e+00 9.399200e+00 1.043933e+01 1.764987e-03 1.149607e+01
 1.419042e-03 6.432370e+00 2.682465e+00 3.212722e+00 9.394500e+00 1.032279e+01 1.770620e-03 1.149520e+01
 1.422278e-03 6.425169e+00 2.684275e+00 3.215486e+00 9.389800e+00 1.020823e+01 1.776277e-03 1.149433e+01
 1.425521e-03 6.417989e+00 2.686067e+00 3.218225e+00 9.385100e+00 1.009561e+01 1.781958e-03 1.149346e+01
 1.428771e-03 6.410828e+00 2.687842e+00 3.220940e+00 9.380400e+00 9.982393e+00 1.787663e-03 1.149259e+01
 1.432029e-03 6.403583e+00 2.689599e+00 3.223631e+00 9.375600e+00 9.873587e+00 1.793393e-03 1.149158e+01
 1.435294e-03 6.396463e+00 2.691339e+00 3.226297e+00 9.370900e+00 9.764174e+00 1.799147e-03 1.149071e+01
 1.438567e-03 6.389258e+00 2.693062e+00 3.228939e+00 9.366100e+00 9.656626e+00 1.804926e-03 1.148970e+01
 1.441847e-03 6.382073e+00 2.694767e+00 3.231556e+00 9.361300e+00 9.551713e+00 1.810730e-03 1.148869e+01
 1.445134e-03 6.374909e+00 2.696455e+00 3.234148e+00 9.356500e+00 9.447001e+00 1.816559e-03 1.148768e+01
 1.448429e-03 6.367765e+00 2.698125e+00 3.236716e+00 9.351700e+00 9.344077e+00 1.822412e-03 1.148667e+01
 1.451732e-03 6.360640e+00 2.699779e+00 3.239259e+00 9.346900e+00 9.242912e+00 1.828291e-03 1.148566e+01
 1.455042e-03 6.353536e+00 2.701415e+00 3.241777e+00 9.342100e+00 9.141940e+00 1.834195e-03 1.148465e+01
 1.458360e-03 6.346348e+00 2.703034e+00 3.244271e+00 9.337200e+00 9.044221e+00 1.840125e-03 1.148349e+01
 1.461685e-03 6.339179e+00 2.704635e+00 3.246740e+00 9.332300e+00 8.946666e+00 1.846080e-03 1.148234e+01
 1.465018e-03 6.332135e+00 2.706219e+00 3.249185e+00 9.327500e+00 8.850784e+00 1.852062e-03 1.148133e+01
 1.468358e-03 6.325007e+00 2.707787e+00 3.251605e+00 9.322600e+00 8.755812e+00 1.858069e-03 1.148018e+01
 1.471706e-03 6.317899e+00 2.709336e+00 3.254000e+00 9.317700e+00 8.661740e+00 1.864102e-03 1.147903e+01
 1.475062e-03 6.310706e+00 2.710869e+00 3.256370e+00 9.312700e+00 8.569287e+00 1.870161e-03 1.147772e+01
 1.478425e-03 6.303638e+00 2.712385e+00 3.258716e+00 9.307800e+00 8.478429e+00 1.876247e-03 1.147657e+01
 1.481796e-03 6.296590e+00 2.713883e+00 3.261037e+00 9.302900e+00 8.387719e+00 1.882359e-03 1.147542e+01
 1.485175e-03 6.289457e+00 2.715365e+00 3.263333e+00 9.297900e+00 8.299279e+00 1.888498e-03 1.147411e+01
 1.488561e-03 6.282345e+00 2.716829e+00 3.265604e+00 9.292900e+00 8.211671e+00 1.894664e-03 1.147281e+01
 1.491955e-03 6.275252e+00 2.718276e+00 3.267851e+00 9.287900e+00 8.124891e+00 1.900856e-03 1.147150e+01
 1.495357e-03 6.268179e+00 2.719707e+00 3.270073e+00 9.282900e+00 8.038933e+00 1.907076e-03 1.147020e+01
 1.498767e-03 6.261127e+00 2.721120e+00 3.272270e+00 9.277900e+00 7.955142e+00 1.913323e-03 1.146890e+01
 1.502184e-03 6.254094e+00 2.722516e+00 3.274442e+00 9.272900e+00 7.872806e+00 1.919597e-03 1.146760e+01
 1.505609e-03 6.247082e+00 2.723895e+00 3.276590e+00 9.267900e+00 7.789915e+00 1.925899e-03 1.146630e+01
 1.509042e-03 6.239984e+00 2.725258e+00 3.278713e+00 9.262800e+00 7.709124e+00 1.932229e-03 1.146484e+01
 1.512483e-03 6.232907e+00 2.726603e+00 3.280811e+00 9.257700e+00 7.629091e+00 1.938586e-03 1.146338e+01
 1.515932e-03 6.225954e+00 2.727932e+00 3.282884e+00 9.252700e+00 7.549814e+00 1.944972e-03 1.146208e+01
 1.519388e-03 6.218916e+00 2.729244e+00 3.284933e+00 9.247600e+00 7.472557e+00 1.951386e-03 1.146063e+01
 1.522853e-03 6.211899e+00 2.730538e+00 3.286956e+00 9.242500e+00 7.395391e+00 1.957828e-03 1.145917e+01
 1.526325e-03 6.204901e+00 2.731817e+00 3.288955e+00 9.237400e+00 7.319577e+00 1.964298e-03 1.145772e+01
 1.529805e-03 6.197923e+00 2.733078e+00 3.290929e+00 9.232300e+00 7.245093e+00 1.970797e-03 1.145626e+01
 1.533294e-03 6.190860e+00 2.734323e+00 3.292879e+00 9.227100e+00 7.171304e+00 1.977325e-03 1.145465e+01
 1.536790e-03 6.183922e+00 2.735550e+00 3.294803e+00 9.222000e+00 7.098207e+00 1.983882e-03 1.145319e+01
 1.540294e-03 6.176898e+00 2.736762e+00 3.296703e+00 9.216800e+00 7.026396e+00 1.990469e-03 1.145158e+01
 1.543806e-03 6.170000e+00 2.737956e+00 3.298579e+00 9.211700e+00 6.954661e+00 1.997084e-03 1.145012e+01
 1.547326e-03 6.163016e+00 2.739134e+00 3.300429e+00 9.206500e+00 6.884783e+00 2.003729e-03 1.144851e+01
 1.550854e-03 6.156052e+00 2.740296e+00 3.302255e+00 9.201300e+00 6.816141e+00 2.010404e-03 1.144690e+01
 1.554390e-03 6.149107e+00 2.741441e+00 3.304056e+00 9.196100e+00 6.746978e+00 2.017108e-03 1.144528e+01
 1.557934e-03 6.142183e+00 2.742569e+00 3.305832e+00 9.190900e+00 6.679615e+00 2.023843e-03 1.144367e+01
 1.561487e-03 6.135278e+00 2.743681e+00 3.307584e+00 9.185700e+00 6.612881e+00 2.030607e-03 1.144205e+01
 1.565047e-03 6.128287e+00 2.744776e+00 3.309310e+00 9.180400e+00 6.546771e+00 2.037402e-03 1.144028e+01
 1.568615e-03 6.121422e+00 2.745855e+00 3.311013e+00 9.175200e+00 6.482396e+00 2.044227e-03 1.143866e+01
 1.572192e-03 6.114470e+00 2.746917e+00 3.312690e+00 9.169900e+00 6.418065e+00 2.051084e-03 1.143689e+01
 1.575777e-03 6.107644e+00 2.747964e+00 3.314343e+00 9.164700e+00 6.354883e+00 2.057970e-03 1.143527e+01
 1.579370e-03 6.100732e+00 2.748993e+00 3.315971e+00 9.159400e+00 6.291748e+00 2.064888e-03 1.143349e+01
 1.582971e-03 6.093839e+00 2.750007e+00 3.317575e+00 9.154100e+00 6.230282e+00 2.071838e-03 1.143171e+01
 1.586580e-03 6.086967e+00 2.751004e+00 3.319154e+00 9.148800e+00 6.169386e+00 2.078818e-03 1.142993e+01
 1.590198e-03 6.080113e+00 2.751985e+00 3.320709e+00 9.143500e+00 6.109057e+00 2.085830e-03 1.142815e+01
 1.593824e-03 6.073279e+00 2.752950e+00 3.322239e+00 9.138200e+00 6.050336e+00 2.092874e-03 1.142637e+01
 1.597458e-03 6.066465e+00 2.753899e+00 3.323744e+00 9.132900e+00 5.991121e+00 2.099950e-03 1.142459e+01
 1.601100e-03 6.059564e+00 2.754832e+00 3.325225e+00 9.127500e+00 5.932976e+00 2.107058e-03 1.142264e+01
 1.604751e-03 6.052788e+00 2.755748e+00 3.326681e+00 9.122200e+00 5.875882e+00 2.114198e-03 1.142086e+01
 1.608410e-03 6.045927e+00 2.756649e+00 3.328113e+00 9.116800e+00 5.819824e+00 2.121370e-03 1.141891e+01
 1.612078e-03 6.039190e+00 2.757533e+00 3.329520e+00 9.111500e+00 5.764283e+00 2.128576e-03 1.141712e+01
 1.615753e-03 6.032367e+00 2.758402e+00 3.330903e+00 9.106100e+00 5.708267e+00 2.135814e-03 1.141517e+01
 1.620259e-03 6.025563e+00 2.759254e+00 3.332262e+00 9.100700e+00 5.654759e+00 2.144707e-03 1.141322e+01
 1.628728e-03 6.018788e+00 2.760084e+00 3.333584e+00 9.095300e+00 5.600431e+00 2.161460e-03 1.141124e+01
 1.637241e-03 6.012155e+00 2.760884e+00 3.334860e+00 9.090000e+00 5.548478e+00 2.178339e-03 1.140938e+01
 1.645799e-03 6.005563e+00 2.761652e+00 3.336086e+00 9.084700e+00 5.497358e+00 2.195345e-03 1.140749e+01
 1.654402e-03 5.999012e+00 2.762387e+00 3.337261e+00 9.079400e+00 5.447015e+00 2.212479e-03 1.140556e+01
 1.663049e-03 5.992504e+00 2.763087e+00 3.338381e+00 9.074100e+00 5.398334e+00 2.229742e-03 1.140361e+01
 1.671742e-03 5.986040e+00 2.763754e+00 3.339447e+00 9.068800e+00 5.350322e+00 2.247134e-03 1.140164e+01
 1.680480e-03 5.979621e+00 2.764384e+00 3.340456e+00 9.063500e+00 5.303858e+00 2.264657e-03 1.139964e+01
 1.689264e-03 5.973353e+00 2.764979e+00 3.341410e+00 9.058300e+00 5.257512e+00 2.282312e-03 1.139778e+01
 1.698094e-03 5.967026e+00 2.765538e+00 3.342305e+00 9.053000e+00 5.212624e+00 2.300099e-03 1.139574e+01
 1.706970e-03 5.960850e+00 2.766061e+00 3.343144e+00 9.047800e+00 5.169144e+00 2.318020e-03 1.139384e+01
 1.715892e-03 5.954615e+00 2.766547e+00 3.343924e+00 9.042500e+00 5.125679e+00 2.336076e-03 1.139176e+01
 1.724861e-03 5.948532e+00 2.766997e+00 3.344646e+00 9.037300e+00 5.083549e+00 2.354267e-03 1.138982e+01
 1.733877e-03 5.942496e+00 2.767410e+00 3.345309e+00 9.032100e+00 5.042709e+00 2.372594e-03 1.138787e+01
 1.742940e-03 5.936401e+00 2.767786e+00 3.345915e+00 9.026800e+00 5.002242e+00 2.391059e-03 1.138575e+01
 1.752050e-03 5.930458e+00 2.768126e+00 3.346461e+00 9.021600e+00 4.962997e+00 2.409663e-03 1.138376e+01
 1.761208e-03 5.924562e+00 2.768430e+00 3.346950e+00 9.016400e+00 4.924075e+00 2.428406e-03 1.138177e+01
 1.770414e-03 5.918607e+00 2.768697e+00 3.347380e+00 9.011100e+00 4.886317e+00 2.447290e-03 1.137960e+01
 1.779668e-03 5.912805e+00 2.768928e+00 3.347752e+00 9.005900e+00 4.848837e+00 2.466315e-03 1.137758e+01
 1.788971e-03 5.907048e+00 2.769122e+00 3.348066e+00 9.000700e+00 4.812889e+00 2.485483e-03 1.137555e+01
 1.798322e-03 5.901232e+00 2.769281e+00 3.348322e+00 8.995400e+00 4.777592e+00 2.504795e-03 1.137334e+01
 1.807721e-03 5.895568e+00 2.769404e+00 3.348521e+00 8.990200e+00 4.742511e+00 2.524252e-03 1.137129e+01
 1.817170e-03 5.889844e+00 2.769492e+00 3.348662e+00 8.984900e+00 4.708461e+00 2.543854e-03 1.136906e+01
 1.826669e-03 5.884271e+00 2.769545e+00 3.348747e+00 8.979700e+00 4.675417e+00 2.563603e-03 1.136698e+01
 1.836217e-03 5.878637e+00 2.769562e+00 3.348775e+00 8.974400e+00 4.642534e+00 2.583500e-03 1.136474e+01
 1.845815e-03 5.873154e+00 2.769544e+00 3.348747e+00 8.969200e+00 4.611024e+00 2.603547e-03 1.136264e+01
 1.855463e-03 5.867610e+00 2.769492e+00 3.348663e+00 8.963900e+00 4.579238e+00 2.623743e-03 1.136037e+01
 1.865161e-03 5.862216e+00 2.769406e+00 3.348523e+00 8.958700e+00 4.548384e+00 2.644090e-03 1.135826e+01
 1.874911e-03 5.856760e+00 2.769286e+00 3.348328e+00 8.953400e+00 4.518834e+00 2.664590e-03 1.135597e+01
 1.884711e-03 5.851347e+00 2.769132e+00 3.348079e+00 8.948100e+00 4.489373e+00 2.685244e-03 1.135368e+01
 1.894562e-03 5.845978e+00 2.768945e+00 3.347776e+00 8.942800e+00 4.459998e+00 2.706052e-03 1.135137e+01
 1.904465e-03 5.840652e+00 2.768724e+00 3.347418e+00 8.937500e+00 4.431875e+00 2.727015e-03 1.134906e+01
 1.914420e-03 5.835368e+00 2.768471e+00 3.347007e+00 8.932200e+00 4.404201e+00 2.748136e-03 1.134674e+01
 1.924426e-03 5.830127e+00 2.768185e+00 3.346544e+00 8.926900e+00 4.376966e+00 2.769414e-03 1.134441e+01
 1.934486e-03 5.824927e+00 2.767867e+00 3.346027e+00 8.921600e+00 4.350928e+00 2.790852e-03 1.134208e+01
 1.944597e-03 5.819769e+00 2.767517e+00 3.345459e+00 8.916300e+00 4.324916e+00 2.812450e-03 1.133973e+01
 1.954762e-03 5.814652e+00 2.767135e+00 3.344840e+00 8.911000e+00 4.298929e+00 2.834209e-03 1.133738e+01
 1.964979e-03 5.809575e+00 2.766722e+00 3.344169e+00 8.905700e+00 4.274097e+00 2.856131e-03 1.133502e+01
 1.975250e-03 5.804433e+00 2.766279e+00 3.343448e+00 8.900300e+00 4.250025e+00 2.878217e-03 1.133249e+01
 1.985575e-03 5.799436e+00 2.765804e+00 3.342676e+00 8.895000e+00 4.225574e+00 2.900468e-03 1.133012e+01
 1.995953e-03 5.794479e+00 2.765300e+00 3.341856e+00 8.889700e+00 4.202239e+00 2.922885e-03 1.132774e+01
 2.006386e-03 5.789455e+00 2.764765e+00 3.340986e+00 8.884300e+00 4.179258e+00 2.945470e-03 1.132519e+01
 2.016874e-03 5.784576e+00 2.764201e+00 3.340067e+00 8.879000e+00 4.156625e+00 2.968223e-03 1.132279e+01
 2.027416e-03 5.779629e+00 2.763607e+00 3.339101e+00 8.873600e+00 4.134335e+00 2.991146e-03 1.132022e+01
 2.038013e-03 5.774720e+00 2.762984e+00 3.338087e+00 8.868200e+00 4.112380e+00 3.014241e-03 1.131765e+01
 2.048666e-03 5.769954e+00 2.762333e+00 3.337026e+00 8.862900e+00 4.091480e+00 3.037508e-03 1.131523e+01
 2.059374e-03 5.765119e+00 2.761653e+00 3.335918e+00 8.857500e+00 4.070534e+00 3.060948e-03 1.131264e+01
 2.070139e-03 5.760321e+00 2.760946e+00 3.334765e+00 8.852100e+00 4.050262e+00 3.084564e-03 1.131004e+01
 2.080959e-03 5.755559e+00 2.760210e+00 3.333565e+00 8.846700e+00 4.029938e+00 3.108356e-03 1.130744e+01
 2.091837e-03 5.750833e+00 2.759448e+00 3.332321e+00 8.841300e+00 4.010630e+00 3.132325e-03 1.130483e+01
 2.102771e-03 5.746142e+00 2.758658e+00 3.331033e+00 8.835900e+00 3.991259e+00 3.156473e-03 1.130221e+01
 2.113762e-03 5.741486e+00 2.757841e+00 3.329701e+00 8.830500e+00 3.972533e+00 3.180801e-03 1.129958e+01
 2.124810e-03 5.736865e+00 2.756999e+00 3.328325e+00 8.825100e+00 3.954090e+00 3.205311e-03 1.129695e+01
 2.135917e-03 5.732278e+00 2.756130e+00 3.326906e+00 8.819700e+00 3.935926e+00 3.230004e-03 1.129430e+01
 2.147081e-03 5.727618e+00 2.755235e+00 3.325445e+00 8.814200e+00 3.918387e+00 3.254880e-03 1.129149e+01
 2.158304e-03 5.723098e+00 2.754315e+00 3.323941e+00 8.808800e+00 3.900768e+00 3.279942e-03 1.128883e+01
 2.169586e-03 5.718611e+00 2.753369e+00 3.322397e+00 8.803400e+00 3.884109e+00 3.305191e-03 1.128617e+01
 2.180926e-03 5.714050e+00 2.752399e+00 3.320812e+00 8.797900e+00 3.867364e+00 3.330628e-03 1.128333e+01
 2.192326e-03 5.709628e+00 2.751405e+00 3.319186e+00 8.792500e+00 3.851220e+00 3.356254e-03 1.128065e+01
 2.203785e-03 5.705237e+00 2.750386e+00 3.317520e+00 8.787100e+00 3.834987e+00 3.382071e-03 1.127796e+01
 2.215304e-03 5.700771e+00 2.749343e+00 3.315815e+00 8.781600e+00 3.819345e+00 3.408081e-03 1.127510e+01
 2.226884e-03 5.696443e+00 2.748277e+00 3.314071e+00 8.776200e+00 3.803611e+00 3.434284e-03 1.127240e+01
 2.238524e-03 5.692039e+00 2.747188e+00 3.312289e+00 8.770700e+00 3.788799e+00 3.460683e-03 1.126952e+01
 2.250225e-03 5.687665e+00 2.746075e+00 3.310469e+00 8.765200e+00 3.774226e+00 3.487278e-03 1.126664e+01
 2.261986e-03 5.683427e+00 2.744940e+00 3.308611e+00 8.759800e+00 3.759553e+00 3.514071e-03 1.126391e+01
 2.273810e-03 5.679112e+00 2.743783e+00 3.306716e+00 8.754300e+00 3.745450e+00 3.541063e-03 1.126101e+01
 2.285695e-03 5.674827e+00 2.742603e+00 3.304786e+00 8.748800e+00 3.731578e+00 3.568256e-03 1.125810e+01
 2.297643e-03 5.670676e+00 2.741402e+00 3.302819e+00 8.743400e+00 3.718268e+00 3.595652e-03 1.125534e+01
 2.309652e-03 5.666447e+00 2.740179e+00 3.300817e+00 8.737900e+00 3.704851e+00 3.623251e-03 1.125242e+01
 2.321725e-03 5.662246e+00 2.738936e+00 3.298779e+00 8.732400e+00 3.691659e+00 3.651056e-03 1.124948e+01
 2.333861e-03 5.658072e+00 2.737671e+00 3.296708e+00 8.726900e+00 3.679349e+00 3.679068e-03 1.124654e+01
 2.346060e-03 5.653925e+00 2.736386e+00 3.294602e+00 8.721400e+00 3.666600e+00 3.707287e-03 1.124358e+01
 2.358323e-03 5.649806e+00 2.735080e+00 3.292463e+00 8.715900e+00 3.654397e+00 3.735717e-03 1.124062e+01
 2.370650e-03 5.645818e+00 2.733755e+00 3.290291e+00 8.710500e+00 3.642736e+00 3.764358e-03 1.123781e+01
 2.383041e-03 5.641751e+00 2.732409e+00 3.288086e+00 8.705000e+00 3.630962e+00 3.793212e-03 1.123483e+01
 2.395497e-03 5.637709e+00 2.731045e+00 3.285849e+00 8.699500e+00 3.619725e+00 3.822280e-03 1.123184e+01
 2.408018e-03 5.633692e+00 2.729661e+00 3.283580e+00 8.694000e+00 3.608374e+00 3.851564e-03 1.122884e+01
 2.420605e-03 5.629701e+00 2.728258e+00 3.281281e+00 8.688500e+00 3.597556e+00 3.881066e-03 1.122583e+01
 2.433258e-03 5.625733e+00 2.726837e+00 3.278950e+00 8.683000e+00 3.586623e+00 3.910787e-03 1.122281e+01
 2.445976e-03 5.621790e+00 2.725397e+00 3.276589e+00 8.677500e+00 3.576219e+00 3.940729e-03 1.121978e+01
 2.458762e-03 5.617871e+00 2.723939e+00 3.274199e+00 8.672000e+00 3.565698e+00 3.970893e-03 1.121674e+01
 2.471614e-03 5.613976e+00 2.722464e+00 3.271779e+00 8.666500e+00 3.556021e+00 4.001281e-03 1.121370e+01
 2.484533e-03 5.610103e+00 2.720971e+00 3.269330e+00 8.661000e+00 3.546228e+00 4.031895e-03 1.121064e+01
 2.497519e-03 5.606253e+00 2.719460e+00 3.266852e+00 8.655500e+00 3.536317e+00 4.062735e-03 1.120757e+01
 2.510574e-03 5.602426e+00 2.717933e+00 3.264347e+00 8.650000e+00 3.527242e+00 4.093805e-03 1.120449e+01
 2.523697e-03 5.598621e+00 2.716389e+00 3.261813e+00 8.644500e+00 3.518050e+00 4.125106e-03 1.120140e+01
 2.536888e-03 5.594837e+00 2.714828e+00 3.259253e+00 8.639000e+00 3.509372e+00 4.156638e-03 1.119830e+01
 2.550149e-03 5.591182e+00 2.713251e+00 3.256666e+00 8.633600e+00 3.500260e+00 4.188405e-03 1.119535e+01
 2.563478e-03 5.587441e+00 2.711658e+00 3.254052e+00 8.628100e+00 3.491975e+00 4.220407e-03 1.119223e+01
 2.576878e-03 5.583721e+00 2.710050e+00 3.251413e+00 8.622600e+00 3.483886e+00 4.252647e-03 1.118910e+01
 2.590347e-03 5.580021e+00 2.708426e+00 3.248748e+00 8.617100e+00 3.475679e+00 4.285125e-03 1.118596e+01
 2.603887e-03 5.576341e+00 2.706786e+00 3.246058e+00 8.611600e+00 3.467979e+00 4.317845e-03 1.118280e+01
 2.617497e-03 5.572682e+00 2.705132e+00 3.243343e+00 8.606100e+00 3.459850e+00 4.350807e-03 1.117964e+01
 2.631179e-03 5.569042e+00 2.703463e+00 3.240604e+00 8.600600e+00 3.452537e+00 4.384013e-03 1.117646e+01
 2.644932e-03 5.565527e+00 2.701779e+00 3.237842e+00 8.595200e+00 3.445418e+00 4.417465e-03 1.117344e+01
 2.658757e-03 5.561925e+00 2.700081e+00 3.235055e+00 8.589700e+00 3.438181e+00 4.451166e-03 1.117024e+01
 2.672655e-03 5.558341e+00 2.698369e+00 3.232246e+00 8.584200e+00 3.431445e+00 4.485116e-03 1.116703e+01
 2.686625e-03 5.554775e+00 2.696644e+00 3.229414e+00 8.578700e+00 3.424285e+00 4.519317e-03 1.116381e+01
 2.700668e-03 5.551334e+00 2.694904e+00 3.226560e+00 8.573300e+00 3.417934e+00 4.553772e-03 1.116074e+01
 2.714784e-03 5.547804e+00 2.693152e+00 3.223683e+00 8.567800e+00 3.411773e+00 4.588482e-03 1.115749e+01
 2.728974e-03 5.544398e+00 2.691386e+00 3.220786e+00 8.562400e+00 3.405496e+00 4.623450e-03 1.115440e+01
 2.743239e-03 5.540903e+00 2.689607e+00 3.217867e+00 8.556900e+00 3.399104e+00 4.658676e-03 1.115113e+01
 2.757578e-03 5.537424e+00 2.687816e+00 3.214927e+00 8.551400e+00 3.393515e+00 4.694162e-03 1.114785e+01
 2.771991e-03 5.534068e+00 2.686012e+00 3.211967e+00 8.546000e+00 3.387812e+00 4.729912e-03 1.114472e+01
 2.786481e-03 5.530728e+00 2.684196e+00 3.208987e+00 8.540600e+00 3.382604e+00 4.765926e-03 1.114157e+01
 2.801046e-03 5.527298e+00 2.682368e+00 3.205988e+00 8.535100e+00 3.376977e+00 4.802206e-03 1.113826e+01
 2.815687e-03 5.523990e+00 2.680528e+00 3.202969e+00 8.529700e+00 3.371846e+00 4.838756e-03 1.113509e+01
 2.830404e-03 5.520696e+00 2.678676e+00 3.199931e+00 8.524300e+00 3.366601e+00 4.875575e-03 1.113191e+01
 2.845199e-03 5.517312e+00 2.676813e+00 3.196875e+00 8.518800e+00 3.361851e+00 4.912667e-03 1.112855e+01
 2.860071e-03 5.514049e+00 2.674939e+00 3.193801e+00 8.513400e+00 3.356988e+00 4.950033e-03 1.112535e+01
 2.875021e-03 5.510800e+00 2.673054e+00 3.190708e+00 8.508000e+00 3.352619e+00 4.987675e-03 1.112213e+01
 2.890048e-03 5.507565e+00 2.671158e+00 3.187599e+00 8.502600e+00 3.348138e+00 5.025596e-03 1.111890e+01
 2.905155e-03 5.504345e+00 2.669252e+00 3.184472e+00 8.497200e+00 3.344152e+00 5.063797e-03 1.111565e+01
 2.920340e-03 5.501137e+00 2.667335e+00 3.181328e+00 8.491800e+00 3.339751e+00 5.102281e-03 1.111240e+01
 2.935605e-03 5.497944e+00 2.665408e+00 3.178168e+00 8.486400e+00 3.335845e+00 5.141049e-03 1.110913e+01
 2.950949e-03 5.494763e+00 2.663471e+00 3.174992e+00 8.481000e+00 3.332431e+00 5.180103e-03 1.110584e+01
 2.966374e-03 5.491702e+00 2.661525e+00 3.171800e+00 8.475700e+00 3.328606e+00 5.219446e-03 1.110271e+01
 2.981879e-03 5.488547e+00 2.659568e+00 3.168593e+00 8.470300e+00 3.324974e+00 5.259080e-03 1.109940e+01
 2.997465e-03 5.485404e+00 2.657603e+00 3.165371e+00 8.464900e+00 3.321536e+00 5.299006e-03 1.109607e+01
 3.013133e-03 5.482380e+00 2.655628e+00 3.162134e+00 8.459600e+00 3.318289e+00 5.339228e-03 1.109290e+01
 3.028883e-03 5.479367e+00 2.653644e+00 3.158882e+00 8.454300e+00 3.315236e+00 5.379746e-03 1.108971e+01
 3.044715e-03 5.476260e+00 2.651652e+00 3.155616e+00 8.448900e+00 3.312377e+00 5.420564e-03 1.108634e+01
 3.060630e-03 5.473271e+00 2.649651e+00 3.152337e+00 8.443600e+00 3.309710e+00 5.461683e-03 1.108313e+01
 3.076627e-03 5.470292e+00 2.647641e+00 3.149044e+00 8.438300e+00 3.307239e+00 5.503106e-03 1.107990e+01
 3.092709e-03 5.467325e+00 2.645623e+00 3.145738e+00 8.433000e+00 3.304363e+00 5.544834e-03 1.107665e+01
 3.108875e-03 5.464261e+00 2.643597e+00 3.142419e+00 8.427600e+00 3.301980e+00 5.586870e-03 1.107323e+01
 3.125125e-03 5.461421e+00 2.641563e+00 3.139087e+00 8.422400e+00 3.299495e+00 5.629217e-03 1.107012e+01
 3.141460e-03 5.458485e+00 2.639522e+00 3.135743e+00 8.417100e+00 3.297803e+00 5.671876e-03 1.106684e+01
 3.157880e-03 5.455558e+00 2.637472e+00 3.132388e+00 8.411800e+00 3.295411e+00 5.714849e-03 1.106353e+01
 3.174387e-03 5.452641e+00 2.635416e+00 3.129020e+00 8.406500e+00 3.293814e+00 5.758140e-03 1.106022e+01
 3.190979e-03 5.449840e+00 2.633352e+00 3.125641e+00 8.401300e+00 3.292114e+00 5.801750e-03 1.105705e+01
 3.207658e-03 5.446942e+00 2.631281e+00 3.122251e+00 8.396000e+00 3.290315e+00 5.845682e-03 1.105371e+01
 3.224425e-03 5.444159e+00 2.629204e+00 3.118851e+00 8.390800e+00 3.288713e+00 5.889937e-03 1.105051e+01
 3.241279e-03 5.441279e+00 2.627119e+00 3.115440e+00 8.385500e+00 3.287907e+00 5.934519e-03 1.104713e+01
 3.258221e-03 5.438513e+00 2.625028e+00 3.112018e+00 8.380300e+00 3.286703e+00 5.979429e-03 1.104391e+01
 3.275252e-03 5.435756e+00 2.622931e+00 3.108587e+00 8.375100e+00 3.285104e+00 6.024671e-03 1.104067e+01
 3.292372e-03 5.433007e+00 2.620828e+00 3.105146e+00 8.369900e+00 3.284301e+00 6.070246e-03 1.103741e+01
 3.309581e-03 5.430266e+00 2.618718e+00 3.101696e+00 8.364700e+00 3.283400e+00 6.116157e-03 1.103414e+01
 3.326880e-03 5.427533e+00 2.616603e+00 3.098237e+00 8.359500e+00 3.283000e+00 6.162406e-03 1.103085e+01
 3.344270e-03 5.424913e+00 2.614482e+00 3.094768e+00 8.354400e+00 3.282205e+00 6.208996e-03 1.102771e+01
 3.361751e-03 5.422194e+00 2.612355e+00 3.091292e+00 8.349200e+00 3.281912e+00 6.255929e-03 1.102440e+01
 3.379322e-03 5.419589e+00 2.610223e+00 3.087807e+00 8.344100e+00 3.281226e+00 6.303207e-03 1.102123e+01
 3.396986e-03 5.416884e+00 2.608085e+00 3.084314e+00 8.338900e+00 3.281041e+00 6.350834e-03 1.101788e+01
 3.414742e-03 5.414292e+00 2.605943e+00 3.080813e+00 8.333800e+00 3.280764e+00 6.398812e-03 1.101468e+01
 3.432591e-03 5.411706e+00 2.603795e+00 3.077305e+00 8.328700e+00 3.280692e+00 6.447142e-03 1.101146e+01
 3.450533e-03 5.409127e+00 2.601643e+00 3.073789e+00 8.323600e+00 3.280825e+00 6.495829e-03 1.100823e+01
 3.468569e-03 5.406554e+00 2.599486e+00 3.070267e+00 8.318500e+00 3.281165e+00 6.544874e-03 1.100498e+01
 3.486700e-03 5.403987e+00 2.597325e+00 3.066737e+00 8.313400e+00 3.281415e+00 6.594280e-03 1.100172e+01
 3.504925e-03 5.401425e+00 2.595159e+00 3.063202e+00 8.308300e+00 3.281574e+00 6.644049e-03 1.099844e+01
 3.523245e-03 5.398975e+00 2.592989e+00 3.059660e+00 8.303300e+00 3.282240e+00 6.694185e-03 1.099531e+01
 3.541661e-03 5.396424e+00 2.590814e+00 3.056112e+00 8.298200e+00 3.282818e+00 6.744690e-03 1.099200e+01
 3.560173e-03 5.393985e+00 2.588636e+00 3.052558e+00 8.293200e+00 3.283903e+00 6.795566e-03 1.098884e+01
 3.578782e-03 5.391550e+00 2.586454e+00 3.048998e+00 8.288200e+00 3.284603e+00 6.846816e-03 1.098566e+01
 3.597489e-03 5.389120e+00 2.584269e+00 3.045434e+00 8.283200e+00 3.285514e+00 6.898443e-03 1.098246e+01
 3.616293e-03 5.386695e+00 2.582079e+00 3.041864e+00 8.278200e+00 3.286637e+00 6.950450e-03 1.097925e+01
 3.635195e-03 5.384273e+00 2.579887e+00 3.038290e+00 8.273200e+00 3.287974e+00 7.002840e-03 1.097602e+01
 3.654196e-03 5.381963e+00 2.577691e+00 3.034711e+00 8.268300e+00 3.288926e+00 7.055614e-03 1.097294e+01
 3.673297e-03 5.379550e+00 2.575492e+00 3.031127e+00 8.263300e+00 3.290690e+00 7.108776e-03 1.096968e+01
 3.692497e-03 5.377247e+00 2.573290e+00 3.027540e+00 8.258400e+00 3.292370e+00 7.162329e-03 1.096657e+01
 3.711798e-03 5.374948e+00 2.571085e+00 3.023948e+00 8.253500e+00 3.293668e+00 7.216276e-03 1.096344e+01
 3.731200e-03 5.372546e+00 2.568878e+00 3.020353e+00 8.248500e+00 3.295482e+00 7.270619e-03 1.096013e+01
 3.750703e-03 5.370253e+00 2.566667e+00 3.016755e+00 8.243600e+00 3.297213e+00 7.325362e-03 1.095696e+01
 3.770308e-03 5.368070e+00 2.564455e+00 3.013153e+00 8.238800e+00 3.299163e+00 7.380506e-03 1.095395e+01
 3.790015e-03 5.365784e+00 2.562240e+00 3.009548e+00 8.233900e+00 3.301331e+00 7.436056e-03 1.095075e+01
 3.809826e-03 5.363500e+00 2.560022e+00 3.005940e+00 8.229000e+00 3.303420e+00 7.492013e-03 1.094754e+01
 3.829740e-03 5.361325e+00 2.557803e+00 3.002330e+00 8.224200e+00 3.305428e+00 7.548382e-03 1.094447e+01
 3.849758e-03 5.359153e+00 2.555581e+00 2.998717e+00 8.219400e+00 3.307959e+00 7.605164e-03 1.094139e+01
 3.869880e-03 5.356983e+00 2.553358e+00 2.995102e+00 8.214600e+00 3.310411e+00 7.662364e-03 1.093829e+01
 3.890108e-03 5.354815e+00 2.551133e+00 2.991485e+00 8.209800e+00 3.312783e+00 7.719983e-03 1.093517e+01
 3.910442e-03 5.352649e+00 2.548906e+00 2.987866e+00 8.205000e+00 3.315380e+00 7.778025e-03 1.093203e+01
 3.930882e-03 5.350485e+00 2.546678e+00 2.984246e+00 8.200200e+00 3.318202e+00 7.836494e-03 1.092888e+01
 3.951429e-03 5.348429e+00 2.544448e+00 2.980624e+00 8.195500e+00 3.321249e+00 7.895391e-03 1.092588e+01
 3.972083e-03 5.346268e+00 2.542218e+00 2.977001e+00 8.190700e+00 3.324221e+00 7.954721e-03 1.092269e+01
 3.992845e-03 5.344215e+00 2.539985e+00 2.973377e+00 8.186000e+00 3.327117e+00 8.014486e-03 1.091965e+01
 4.013716e-03 5.342163e+00 2.537752e+00 2.969753e+00 8.181300e+00 3.330544e+00 8.074689e-03 1.091660e+01
 4.034695e-03 5.340112e+00 2.535518e+00 2.966127e+00 8.176600e+00 3.333594e+00 8.135334e-03 1.091352e+01
 4.055785e-03 5.338062e+00 2.533283e+00 2.962501e+00 8.171900e+00 3.336872e+00 8.196423e-03 1.091043e+01
 4.076985e-03 5.336118e+00 2.531048e+00 2.958875e+00 8.167300e+00 3.340382e+00 8.257961e-03 1.090749e+01
 4.098295e-03 5.334070e+00 2.528811e+00 2.955249e+00 8.162600e+00 3.344123e+00 8.319950e-03 1.090436e+01
 4.119717e-03 5.332127e+00 2.526575e+00 2.951623e+00 8.158000e+00 3.347487e+00 8.382394e-03 1.090138e+01
 4.141251e-03 5.330186e+00 2.524337e+00 2.947997e+00 8.153400e+00 3.351389e+00 8.445295e-03 1.089838e+01
 4.162897e-03 5.328244e+00 2.522100e+00 2.944371e+00 8.148800e+00 3.355221e+00 8.508657e-03 1.089537e+01
 4.184657e-03 5.326302e+00 2.519862e+00 2.940747e+00 8.144200e+00 3.358981e+00 8.572484e-03 1.089234e+01
 4.206530e-03 5.324467e+00 2.517624e+00 2.937123e+00 8.139700e+00 3.362977e+00 8.636778e-03 1.088945e+01
 4.228517e-03 5.322525e+00 2.515387e+00 2.933500e+00 8.135100e+00 3.367209e+00 8.701544e-03 1.088639e+01
 4.250620e-03 5.320689e+00 2.513149e+00 2.929878e+00 8.130600e+00 3.371373e+00 8.766784e-03 1.088346e+01
 4.272838e-03 5.318852e+00 2.510912e+00 2.926257e+00 8.126100e+00 3.375467e+00 8.832502e-03 1.088053e+01
 4.295172e-03 5.317015e+00 2.508674e+00 2.922639e+00 8.121600e+00 3.380108e+00 8.898702e-03 1.087757e+01
 4.317623e-03 5.315177e+00 2.506438e+00 2.919021e+00 8.117100e+00 3.384681e+00 8.965386e-03 1.087460e+01
 4.340191e-03 5.313338e+00 2.504202e+00 2.915406e+00 8.112600e+00 3.389189e+00 9.032559e-03 1.087160e+01
 4.362878e-03 5.311604e+00 2.501966e+00 2.911792e+00 8.108200e+00 3.393937e+00 9.100224e-03 1.086876e+01
 4.385682e-03 5.309869e+00 2.499731e+00 2.908181e+00 8.103800e+00 3.398619e+00 9.168384e-03 1.086589e+01
 4.408606e-03 5.308133e+00 2.497497e+00 2.904572e+00 8.099400e+00 3.403854e+00 9.237043e-03 1.086301e+01
 4.431650e-03 5.306395e+00 2.495264e+00 2.900965e+00 8.095000e+00 3.408404e+00 9.306205e-03 1.086011e+01
 4.454815e-03 5.304656e+00 2.493032e+00 2.897361e+00 8.090600e+00 3.413510e+00 9.375873e-03 1.085719e+01
 4.478100e-03 5.302915e+00 2.490800e+00 2.893760e+00 8.086200e+00 3.418551e+00 9.446051e-03 1.085426e+01
 4.501507e-03 5.301278e+00 2.488570e+00 2.890162e+00 8.081900e+00 3.423838e+00 9.516743e-03 1.085147e+01
 4.525036e-03 5.299640e+00 2.486342e+00 2.886566e+00 8.077600e+00 3.429375e+00 9.587951e-03 1.084866e+01
 4.548689e-03 5.297999e+00 2.484114e+00 2.882974e+00 8.073300e+00 3.434849e+00 9.659681e-03 1.084584e+01
 4.572465e-03 5.296357e+00 2.481888e+00 2.879386e+00 8.069000e+00 3.440260e+00 9.731936e-03 1.084299e+01
 4.596365e-03 5.294712e+00 2.479664e+00 2.875801e+00 8.064700e+00 3.445607e+00 9.804719e-03 1.084013e+01
 4.620391e-03 5.293170e+00 2.477441e+00 2.872219e+00 8.060500e+00 3.451206e+00 9.878034e-03 1.083741e+01
 4.644541e-03 5.291521e+00 2.475220e+00 2.868641e+00 8.056200e+00 3.457058e+00 9.951886e-03 1.083452e+01
 4.668818e-03 5.289975e+00 2.473001e+00 2.865068e+00 8.052000e+00 3.463164e+00 1.002628e-02 1.083176e+01
 4.693222e-03 5.288426e+00 2.470783e+00 2.861498e+00 8.047800e+00 3.469209e+00 1.010121e-02 1.082899e+01
 4.717754e-03 5.286874e+00 2.468568e+00 2.857933e+00 8.043600e+00 3.475195e+00 1.017670e-02 1.082621e+01
 4.742414e-03 5.285425e+00 2.466354e+00 2.854371e+00 8.039500e+00 3.481119e+00 1.025273e-02 1.082356e+01
 4.767202e-03 5.283867e+00 2.464143e+00 2.850815e+00 8.035300e+00 3.487300e+00 1.032932e-02 1.082074e+01
 4.792121e-03 5.282412e+00 2.461934e+00 2.847263e+00 8.031200e+00 3.493740e+00 1.040647e-02 1.081806e+01
 4.817169e-03 5.280954e+00 2.459727e+00 2.843716e+00 8.027100e+00 3.500440e+00 1.048419e-02 1.081536e+01
 4.842349e-03 5.279493e+00 2.457523e+00 2.840173e+00 8.023000e+00 3.507082e+00 1.056247e-02 1.081264e+01
 4.867660e-03 5.278133e+00 2.455321e+00 2.836636e+00 8.019000e+00 3.513345e+00 1.064132e-02 1.081007e+01
 4.893103e-03 5.276665e+00 2.453121e+00 2.833104e+00 8.014900e+00 3.520190e+00 1.072075e-02 1.080732e+01
 4.918679e-03 5.275299e+00 2.450924e+00 2.829577e+00 8.010900e+00 3.526978e+00 1.080076e-02 1.080471e+01
 4.944389e-03 5.273929e+00 2.448730e+00 2.826055e+00 8.006900e+00 3.533708e+00 1.088136e-02 1.080209e+01
 4.970234e-03 5.272555e+00 2.446538e+00 2.822539e+00 8.002900e+00 3.541025e+00 1.096254e-02 1.079945e+01
 4.996213e-03 5.271177e+00 2.444350e+00 2.819028e+00 7.998900e+00 3.547640e+00 1.104432e-02 1.079678e+01
 5.022328e-03 5.269901e+00 2.442164e+00 2.815524e+00 7.995000e+00 3.554845e+00 1.112669e-02 1.079427e+01
 5.048580e-03 5.268515e+00 2.439981e+00 2.812025e+00 7.991000e+00 3.561992e+00 1.120967e-02 1.079157e+01
 5.074969e-03 5.267230e+00 2.437801e+00 2.808532e+00 7.987100e+00 3.569410e+00 1.129325e-02 1.078902e+01
 5.101496e-03 5.265942e+00 2.435625e+00 2.805045e+00 7.983200e+00 3.576770e+00 1.137744e-02 1.078644e+01
 5.128162e-03 5.264754e+00 2.433451e+00 2.801565e+00 7.979400e+00 3.584076e+00 1.146224e-02 1.078402e+01
 5.154967e-03 5.263456e+00 2.431281e+00 2.798091e+00 7.975500e+00 3.591979e+00 1.154767e-02 1.078141e+01
 5.181912e-03 5.262260e+00 2.429114e+00 2.794623e+00 7.971700e+00 3.599501e+00 1.163372e-02 1.077894e+01
 5.208998e-03 5.261058e+00 2.426951e+00 2.791162e+00 7.967900e+00 3.607296e+00 1.172039e-02 1.077646e+01
