# MvsR for pwp /home/gieg/projects/BAM_old/src/projects/eos/tab/pwpfits/eos_ms1b.pwp
# rho_c, R_iso, M, Mb, R, Lambda, e_c, R_inv
 3.167740e-04 8.613681e+00 1.904664e-01 1.920648e-01 8.805200e+00 1.129801e+07 3.219625e-04 8.958442e+00
 3.174078e-04 8.605649e+00 1.914854e-01 1.931067e-01 8.798200e+00 1.103012e+07 3.226167e-04 8.951950e+00
 3.180428e-04 8.597612e+00 1.925107e-01 1.941552e-01 8.791200e+00 1.076879e+07 3.232723e-04 8.945459e+00
 3.186792e-04 8.589768e+00 1.935423e-01 1.952102e-01 8.784400e+00 1.051334e+07 3.239292e-04 8.939173e+00
 3.193168e-04 8.581917e+00 1.945801e-01 1.962718e-01 8.777600e+00 1.026432e+07 3.245876e-04 8.932888e+00
 3.199557e-04 8.574260e+00 1.956242e-01 1.973399e-01 8.771000e+00 1.002124e+07 3.252473e-04 8.926809e+00
 3.205958e-04 8.566697e+00 1.966747e-01 1.984147e-01 8.764500e+00 9.783943e+06 3.259085e-04 8.920833e+00
 3.212373e-04 8.559227e+00 1.977315e-01 1.994962e-01 8.758100e+00 9.552294e+06 3.265710e-04 8.914960e+00
 3.218800e-04 8.551750e+00 1.987946e-01 2.005843e-01 8.751700e+00 9.326480e+06 3.272349e-04 8.909087e+00
 3.225240e-04 8.544467e+00 1.998642e-01 2.016791e-01 8.745500e+00 9.105717e+06 3.279003e-04 8.903421e+00
 3.231693e-04 8.537277e+00 2.009402e-01 2.027807e-01 8.739400e+00 8.890359e+06 3.285670e-04 8.897857e+00
 3.238159e-04 8.530181e+00 2.020226e-01 2.038890e-01 8.733400e+00 8.680273e+06 3.292352e-04 8.892397e+00
 3.244638e-04 8.523178e+00 2.031115e-01 2.050041e-01 8.727500e+00 8.475025e+06 3.299047e-04 8.887041e+00
 3.251129e-04 8.516169e+00 2.042069e-01 2.061260e-01 8.721600e+00 8.274949e+06 3.305757e-04 8.881685e+00
 3.257634e-04 8.509353e+00 2.053089e-01 2.072548e-01 8.715900e+00 8.079475e+06 3.312481e-04 8.876535e+00
 3.264152e-04 8.502630e+00 2.064174e-01 2.083905e-01 8.710300e+00 7.888783e+06 3.319219e-04 8.871489e+00
 3.270683e-04 8.496000e+00 2.075324e-01 2.095331e-01 8.704800e+00 7.702613e+06 3.325971e-04 8.866546e+00
 3.277227e-04 8.489364e+00 2.086541e-01 2.106826e-01 8.699300e+00 7.520856e+06 3.332738e-04 8.861605e+00
 3.283784e-04 8.482921e+00 2.097824e-01 2.118391e-01 8.694000e+00 7.343407e+06 3.339519e-04 8.856869e+00
 3.290354e-04 8.476471e+00 2.109174e-01 2.130026e-01 8.688700e+00 7.170162e+06 3.346314e-04 8.852134e+00
 3.296937e-04 8.470214e+00 2.120590e-01 2.141731e-01 8.683600e+00 7.001153e+06 3.353124e-04 8.847606e+00
 3.303533e-04 8.463950e+00 2.132074e-01 2.153507e-01 8.678500e+00 6.836013e+06 3.359948e-04 8.843078e+00
 3.310143e-04 8.457879e+00 2.143624e-01 2.165353e-01 8.673600e+00 6.675040e+06 3.366786e-04 8.838757e+00
 3.316766e-04 8.451802e+00 2.155243e-01 2.177271e-01 8.668700e+00 6.517747e+06 3.373639e-04 8.834437e+00
 3.323402e-04 8.445817e+00 2.166929e-01 2.189260e-01 8.663900e+00 6.364299e+06 3.380507e-04 8.830221e+00
 3.330051e-04 8.439926e+00 2.178683e-01 2.201322e-01 8.659200e+00 6.214600e+06 3.387389e-04 8.826109e+00
 3.336714e-04 8.434127e+00 2.190506e-01 2.213455e-01 8.654600e+00 6.068196e+06 3.394286e-04 8.822100e+00
 3.343390e-04 8.428421e+00 2.202398e-01 2.225660e-01 8.650100e+00 5.925488e+06 3.401197e-04 8.818196e+00
 3.350079e-04 8.422709e+00 2.214358e-01 2.237939e-01 8.645600e+00 5.786149e+06 3.408123e-04 8.814292e+00
 3.356782e-04 8.417189e+00 2.226388e-01 2.250290e-01 8.641300e+00 5.650098e+06 3.415064e-04 8.810595e+00
 3.363498e-04 8.411662e+00 2.238487e-01 2.262715e-01 8.637000e+00 5.517258e+06 3.422019e-04 8.806900e+00
 3.370228e-04 8.406328e+00 2.250656e-01 2.275213e-01 8.632900e+00 5.387551e+06 3.428989e-04 8.803411e+00
 3.376971e-04 8.400987e+00 2.262895e-01 2.287785e-01 8.628800e+00 5.261120e+06 3.435974e-04 8.799924e+00
 3.383727e-04 8.395738e+00 2.275204e-01 2.300432e-01 8.624800e+00 5.137454e+06 3.442974e-04 8.796540e+00
 3.390497e-04 8.390482e+00 2.287584e-01 2.313153e-01 8.620800e+00 5.016807e+06 3.449989e-04 8.793158e+00
 3.397281e-04 8.385419e+00 2.300034e-01 2.325949e-01 8.617000e+00 4.899106e+06 3.457018e-04 8.789983e+00
 3.404078e-04 8.380349e+00 2.312556e-01 2.338820e-01 8.613200e+00 4.784074e+06 3.464063e-04 8.786810e+00
 3.410889e-04 8.375471e+00 2.325149e-01 2.351767e-01 8.609600e+00 4.671849e+06 3.471122e-04 8.783843e+00
 3.417713e-04 8.370586e+00 2.337814e-01 2.364790e-01 8.606000e+00 4.562364e+06 3.478197e-04 8.780878e+00
 3.424551e-04 8.365694e+00 2.350550e-01 2.377889e-01 8.602400e+00 4.455259e+06 3.485286e-04 8.777914e+00
 3.431403e-04 8.360994e+00 2.363359e-01 2.391064e-01 8.599000e+00 4.350864e+06 3.492391e-04 8.775158e+00
 3.438269e-04 8.356287e+00 2.376241e-01 2.404316e-01 8.595600e+00 4.248922e+06 3.499511e-04 8.772403e+00
 3.445148e-04 8.351672e+00 2.389195e-01 2.417646e-01 8.592300e+00 4.149375e+06 3.506646e-04 8.769752e+00
 3.452041e-04 8.347149e+00 2.402223e-01 2.431052e-01 8.589100e+00 4.052166e+06 3.513796e-04 8.767206e+00
 3.458947e-04 8.342720e+00 2.415323e-01 2.444537e-01 8.586000e+00 3.957240e+06 3.520961e-04 8.764764e+00
 3.465868e-04 8.338282e+00 2.428498e-01 2.458100e-01 8.582900e+00 3.864717e+06 3.528142e-04 8.762324e+00
 3.472802e-04 8.334037e+00 2.441746e-01 2.471741e-01 8.580000e+00 3.774278e+06 3.535338e-04 8.760092e+00
 3.479751e-04 8.329684e+00 2.455068e-01 2.485461e-01 8.577000e+00 3.685876e+06 3.542549e-04 8.757758e+00
 3.486713e-04 8.325524e+00 2.468465e-01 2.499260e-01 8.574200e+00 3.599713e+06 3.549776e-04 8.755632e+00
 3.493689e-04 8.321356e+00 2.481937e-01 2.513139e-01 8.571400e+00 3.515488e+06 3.557018e-04 8.753507e+00
 3.500679e-04 8.317380e+00 2.495484e-01 2.527098e-01 8.568800e+00 3.433398e+06 3.564276e-04 8.751590e+00
 3.507683e-04 8.313296e+00 2.509106e-01 2.541136e-01 8.566100e+00 3.353151e+06 3.571549e-04 8.749572e+00
 3.514701e-04 8.309405e+00 2.522804e-01 2.555255e-01 8.563600e+00 3.274860e+06 3.578838e-04 8.747762e+00
 3.521733e-04 8.305505e+00 2.536578e-01 2.569455e-01 8.561100e+00 3.198249e+06 3.586142e-04 8.745954e+00
 3.528779e-04 8.301698e+00 2.550428e-01 2.583736e-01 8.558700e+00 3.123582e+06 3.593462e-04 8.744250e+00
 3.535840e-04 8.297983e+00 2.564354e-01 2.598099e-01 8.556400e+00 3.050662e+06 3.600797e-04 8.742652e+00
 3.542914e-04 8.294260e+00 2.578357e-01 2.612543e-01 8.554100e+00 2.979446e+06 3.608148e-04 8.741055e+00
 3.550003e-04 8.290630e+00 2.592438e-01 2.627070e-01 8.551900e+00 2.910038e+06 3.615515e-04 8.739563e+00
 3.557105e-04 8.287091e+00 2.606596e-01 2.641679e-01 8.549800e+00 2.842111e+06 3.622898e-04 8.738176e+00
 3.564222e-04 8.283544e+00 2.620831e-01 2.656371e-01 8.547700e+00 2.775840e+06 3.630296e-04 8.736791e+00
 3.571354e-04 8.280089e+00 2.635144e-01 2.671146e-01 8.545700e+00 2.711183e+06 3.637710e-04 8.735512e+00
 3.578499e-04 8.276726e+00 2.649536e-01 2.686005e-01 8.543800e+00 2.647970e+06 3.645141e-04 8.734337e+00
 3.585659e-04 8.273355e+00 2.664006e-01 2.700948e-01 8.541900e+00 2.586297e+06 3.652587e-04 8.733164e+00
 3.592833e-04 8.270076e+00 2.678555e-01 2.715975e-01 8.540100e+00 2.526000e+06 3.660049e-04 8.732097e+00
 3.600021e-04 8.266888e+00 2.693183e-01 2.731086e-01 8.538400e+00 2.467172e+06 3.667527e-04 8.731135e+00
 3.607224e-04 8.263693e+00 2.707891e-01 2.746283e-01 8.536700e+00 2.409776e+06 3.675021e-04 8.730175e+00
 3.614441e-04 8.260589e+00 2.722679e-01 2.761564e-01 8.535100e+00 2.353598e+06 3.682531e-04 8.729320e+00
 3.621673e-04 8.257577e+00 2.737546e-01 2.776932e-01 8.533600e+00 2.298848e+06 3.690057e-04 8.728571e+00
 3.628919e-04 8.254556e+00 2.752494e-01 2.792385e-01 8.532100e+00 2.245374e+06 3.697600e-04 8.727824e+00
 3.636180e-04 8.251627e+00 2.767522e-01 2.807925e-01 8.530700e+00 2.193144e+06 3.705158e-04 8.727182e+00
 3.643455e-04 8.248690e+00 2.782631e-01 2.823552e-01 8.529300e+00 2.142243e+06 3.712733e-04 8.726542e+00
 3.650745e-04 8.245845e+00 2.797822e-01 2.839265e-01 8.528000e+00 2.092415e+06 3.720324e-04 8.726008e+00
 3.658049e-04 8.243091e+00 2.813094e-01 2.855066e-01 8.526800e+00 2.043801e+06 3.727932e-04 8.725580e+00
 3.665368e-04 8.240328e+00 2.828448e-01 2.870955e-01 8.525600e+00 1.996264e+06 3.735556e-04 8.725154e+00
 3.672701e-04 8.237657e+00 2.843884e-01 2.886932e-01 8.524500e+00 1.949937e+06 3.743196e-04 8.724834e+00
 3.680050e-04 8.234978e+00 2.859403e-01 2.902998e-01 8.523400e+00 1.904636e+06 3.750852e-04 8.724515e+00
 3.687413e-04 8.232390e+00 2.875004e-01 2.919152e-01 8.522400e+00 1.860437e+06 3.758526e-04 8.724303e+00
 3.694790e-04 8.229893e+00 2.890688e-01 2.935396e-01 8.521500e+00 1.817315e+06 3.766215e-04 8.724197e+00
 3.702183e-04 8.227388e+00 2.906456e-01 2.951729e-01 8.520600e+00 1.775096e+06 3.773921e-04 8.724092e+00
 3.709590e-04 8.224874e+00 2.922307e-01 2.968152e-01 8.519700e+00 1.733953e+06 3.781644e-04 8.723990e+00
 3.717012e-04 8.222551e+00 2.938242e-01 2.984666e-01 8.519000e+00 1.693717e+06 3.789384e-04 8.724098e+00
 3.724449e-04 8.220119e+00 2.954262e-01 3.001270e-01 8.518200e+00 1.654462e+06 3.797140e-04 8.724105e+00
 3.731901e-04 8.217879e+00 2.970366e-01 3.017966e-01 8.517600e+00 1.616116e+06 3.804913e-04 8.724321e+00
 3.739367e-04 8.215630e+00 2.986555e-01 3.034753e-01 8.517000e+00 1.578703e+06 3.812702e-04 8.724539e+00
 3.746849e-04 8.213373e+00 3.002829e-01 3.051631e-01 8.516400e+00 1.542114e+06 3.820509e-04 8.724760e+00
 3.754346e-04 8.211206e+00 3.019188e-01 3.068602e-01 8.515900e+00 1.506373e+06 3.828332e-04 8.725088e+00
 3.761857e-04 8.209130e+00 3.035633e-01 3.085665e-01 8.515500e+00 1.471543e+06 3.836172e-04 8.725521e+00
 3.769384e-04 8.207046e+00 3.052165e-01 3.102822e-01 8.515100e+00 1.437479e+06 3.844029e-04 8.725957e+00
 3.776925e-04 8.205052e+00 3.068782e-01 3.120071e-01 8.514800e+00 1.404243e+06 3.851903e-04 8.726500e+00
 3.784482e-04 8.203050e+00 3.085487e-01 3.137414e-01 8.514500e+00 1.371736e+06 3.859795e-04 8.727044e+00
 3.792054e-04 8.201038e+00 3.102278e-01 3.154852e-01 8.514200e+00 1.340020e+06 3.867703e-04 8.727592e+00
 3.799641e-04 8.199118e+00 3.119157e-01 3.172383e-01 8.514000e+00 1.309075e+06 3.875628e-04 8.728246e+00
 3.807243e-04 8.197288e+00 3.136123e-01 3.190010e-01 8.513900e+00 1.278771e+06 3.883571e-04 8.729006e+00
 3.814861e-04 8.195449e+00 3.153177e-01 3.207731e-01 8.513800e+00 1.249241e+06 3.891530e-04 8.729770e+00
 3.822493e-04 8.193701e+00 3.170320e-01 3.225549e-01 8.513800e+00 1.220392e+06 3.899507e-04 8.730639e+00
 3.830141e-04 8.191944e+00 3.187551e-01 3.243462e-01 8.513800e+00 1.192210e+06 3.907501e-04 8.731512e+00
 3.837805e-04 8.190278e+00 3.204870e-01 3.261471e-01 8.513900e+00 1.164678e+06 3.915513e-04 8.732491e+00
 3.845483e-04 8.188602e+00 3.222279e-01 3.279577e-01 8.514000e+00 1.137782e+06 3.923542e-04 8.733473e+00
 3.853177e-04 8.187017e+00 3.239778e-01 3.297780e-01 8.514200e+00 1.111573e+06 3.931588e-04 8.734562e+00
 3.860886e-04 8.185423e+00 3.257366e-01 3.316081e-01 8.514400e+00 1.085902e+06 3.939652e-04 8.735654e+00
 3.868611e-04 8.183819e+00 3.275044e-01 3.334479e-01 8.514600e+00 1.060856e+06 3.947733e-04 8.736748e+00
 3.876351e-04 8.182406e+00 3.292812e-01 3.352976e-01 8.515000e+00 1.036418e+06 3.955832e-04 8.738053e+00
 3.884107e-04 8.180883e+00 3.310672e-01 3.371571e-01 8.515300e+00 1.012512e+06 3.963948e-04 8.739258e+00
 3.891878e-04 8.179451e+00 3.328622e-01 3.390265e-01 8.515700e+00 9.891876e+05 3.972082e-04 8.740569e+00
 3.899665e-04 8.178110e+00 3.346663e-01 3.409058e-01 8.516200e+00 9.664298e+05 3.980234e-04 8.741987e+00
 3.907467e-04 8.176659e+00 3.364797e-01 3.427951e-01 8.516600e+00 9.441365e+05 3.988403e-04 8.743305e+00
 3.915285e-04 8.175398e+00 3.383022e-01 3.446945e-01 8.517200e+00 9.224143e+05 3.996591e-04 8.744833e+00
 3.923119e-04 8.174128e+00 3.401339e-01 3.466038e-01 8.517800e+00 9.011914e+05 4.004796e-04 8.746365e+00
 3.930968e-04 8.172848e+00 3.419749e-01 3.485233e-01 8.518400e+00 8.804562e+05 4.013019e-04 8.747899e+00
 3.938833e-04 8.171658e+00 3.438251e-01 3.504529e-01 8.519100e+00 8.601976e+05 4.021259e-04 8.749541e+00
 3.946714e-04 8.170459e+00 3.456847e-01 3.523927e-01 8.519800e+00 8.404045e+05 4.029518e-04 8.751186e+00
 3.954610e-04 8.169250e+00 3.475536e-01 3.543426e-01 8.520500e+00 8.211185e+05 4.037795e-04 8.752834e+00
 3.962522e-04 8.168131e+00 3.494319e-01 3.563028e-01 8.521300e+00 8.022233e+05 4.046090e-04 8.754590e+00
 3.970451e-04 8.167102e+00 3.513196e-01 3.582733e-01 8.522200e+00 7.837873e+05 4.054403e-04 8.756453e+00
 3.978395e-04 8.166064e+00 3.532167e-01 3.602541e-01 8.523100e+00 7.657991e+05 4.062734e-04 8.758320e+00
 3.986354e-04 8.165015e+00 3.551233e-01 3.622453e-01 8.524000e+00 7.481988e+05 4.071083e-04 8.760189e+00
 3.994330e-04 8.164057e+00 3.570394e-01 3.642469e-01 8.525000e+00 7.310261e+05 4.079450e-04 8.762166e+00
 4.002322e-04 8.163089e+00 3.589651e-01 3.662589e-01 8.526000e+00 7.142703e+05 4.087836e-04 8.764147e+00
 4.010330e-04 8.162110e+00 3.609003e-01 3.682814e-01 8.527000e+00 6.978521e+05 4.096240e-04 8.766131e+00
 4.018353e-04 8.161222e+00 3.628451e-01 3.703144e-01 8.528100e+00 6.818553e+05 4.104663e-04 8.768222e+00
 4.026393e-04 8.160424e+00 3.647995e-01 3.723579e-01 8.529300e+00 6.662246e+05 4.113103e-04 8.770422e+00
 4.034449e-04 8.159515e+00 3.667635e-01 3.744121e-01 8.530400e+00 6.509515e+05 4.121563e-04 8.772520e+00
 4.042521e-04 8.158696e+00 3.687372e-01 3.764768e-01 8.531600e+00 6.360278e+05 4.130041e-04 8.774727e+00
 4.050609e-04 8.157968e+00 3.707207e-01 3.785523e-01 8.532900e+00 6.214454e+05 4.138537e-04 8.777041e+00
 4.058714e-04 8.157229e+00 3.727139e-01 3.806385e-01 8.534200e+00 6.072375e+05 4.147052e-04 8.779359e+00
 4.066834e-04 8.156479e+00 3.747168e-01 3.827354e-01 8.535500e+00 5.933337e+05 4.155586e-04 8.781680e+00
 4.074971e-04 8.155820e+00 3.767296e-01 3.848431e-01 8.536900e+00 5.797673e+05 4.164138e-04 8.784110e+00
 4.083124e-04 8.155150e+00 3.787522e-01 3.869616e-01 8.538300e+00 5.664910e+05 4.172709e-04 8.786543e+00
 4.091293e-04 8.154470e+00 3.807847e-01 3.890910e-01 8.539700e+00 5.535369e+05 4.181299e-04 8.788979e+00
 4.099479e-04 8.153880e+00 3.828270e-01 3.912313e-01 8.541200e+00 5.408596e+05 4.189908e-04 8.791524e+00
 4.107681e-04 8.153279e+00 3.848793e-01 3.933826e-01 8.542700e+00 5.285082e+05 4.198536e-04 8.794073e+00
 4.115900e-04 8.152767e+00 3.869415e-01 3.955449e-01 8.544300e+00 5.164204e+05 4.207183e-04 8.796730e+00
 4.124135e-04 8.152245e+00 3.890138e-01 3.977181e-01 8.545900e+00 5.046256e+05 4.215849e-04 8.799391e+00
 4.132386e-04 8.151713e+00 3.910960e-01 3.999025e-01 8.547500e+00 4.930995e+05 4.224533e-04 8.802055e+00
 4.140654e-04 8.151170e+00 3.931883e-01 4.020979e-01 8.549100e+00 4.818359e+05 4.233237e-04 8.804723e+00
 4.148939e-04 8.150717e+00 3.952906e-01 4.043045e-01 8.550800e+00 4.708453e+05 4.241960e-04 8.807500e+00
 4.157240e-04 8.150353e+00 3.974031e-01 4.065223e-01 8.552600e+00 4.600884e+05 4.250703e-04 8.810386e+00
 4.165557e-04 8.149878e+00 3.995257e-01 4.087513e-01 8.554300e+00 4.496082e+05 4.259464e-04 8.813170e+00
 4.173892e-04 8.149492e+00 4.016585e-01 4.109916e-01 8.556100e+00 4.393504e+05 4.268245e-04 8.816064e+00
 4.182243e-04 8.149196e+00 4.038014e-01 4.132432e-01 8.558000e+00 4.293412e+05 4.277045e-04 8.819066e+00
 4.190610e-04 8.148789e+00 4.059546e-01 4.155061e-01 8.559800e+00 4.195442e+05 4.285865e-04 8.821967e+00
 4.198995e-04 8.148472e+00 4.081180e-01 4.177804e-01 8.561700e+00 4.099846e+05 4.294704e-04 8.824977e+00
 4.207396e-04 8.148243e+00 4.102917e-01 4.200661e-01 8.563700e+00 4.006565e+05 4.303562e-04 8.828096e+00
 4.215814e-04 8.147904e+00 4.124758e-01 4.223633e-01 8.565600e+00 3.915399e+05 4.312441e-04 8.831114e+00
 4.224249e-04 8.147654e+00 4.146701e-01 4.246720e-01 8.567600e+00 3.826020e+05 4.321338e-04 8.834241e+00
 4.232701e-04 8.147393e+00 4.168749e-01 4.269922e-01 8.569600e+00 3.739219e+05 4.330256e-04 8.837372e+00
 4.241169e-04 8.147221e+00 4.190900e-01 4.293240e-01 8.571700e+00 3.654113e+05 4.339193e-04 8.840612e+00
 4.249655e-04 8.147037e+00 4.213156e-01 4.316675e-01 8.573800e+00 3.570936e+05 4.348150e-04 8.843857e+00
 4.258158e-04 8.146843e+00 4.235516e-01 4.340226e-01 8.575900e+00 3.489772e+05 4.357127e-04 8.847105e+00
 4.266677e-04 8.146738e+00 4.257981e-01 4.363894e-01 8.578100e+00 3.410571e+05 4.366123e-04 8.850463e+00
 4.275214e-04 8.146622e+00 4.280551e-01 4.387679e-01 8.580300e+00 3.332912e+05 4.375140e-04 8.853826e+00
 4.283768e-04 8.146495e+00 4.303227e-01 4.411582e-01 8.582500e+00 3.257378e+05 4.384176e-04 8.857192e+00
 4.292338e-04 8.146356e+00 4.326008e-01 4.435603e-01 8.584700e+00 3.183309e+05 4.393233e-04 8.860563e+00
 4.300926e-04 8.146306e+00 4.348896e-01 4.459743e-01 8.587000e+00 3.111033e+05 4.402310e-04 8.864043e+00
 4.309532e-04 8.146245e+00 4.371890e-01 4.484002e-01 8.589300e+00 3.040505e+05 4.411407e-04 8.867528e+00
 4.318154e-04 8.146173e+00 4.394990e-01 4.508380e-01 8.591600e+00 2.971568e+05 4.420524e-04 8.871017e+00
 4.326794e-04 8.146190e+00 4.418197e-01 4.532878e-01 8.594000e+00 2.904186e+05 4.429661e-04 8.874616e+00
 4.335451e-04 8.146195e+00 4.441512e-01 4.557496e-01 8.596400e+00 2.838324e+05 4.438819e-04 8.878219e+00
 4.344125e-04 8.146189e+00 4.464933e-01 4.582234e-01 8.598800e+00 2.774054e+05 4.447997e-04 8.881827e+00
 4.352816e-04 8.146171e+00 4.488463e-01 4.607094e-01 8.601200e+00 2.711127e+05 4.457195e-04 8.885439e+00
 4.361525e-04 8.146242e+00 4.512100e-01 4.632074e-01 8.603700e+00 2.649824e+05 4.466414e-04 8.889161e+00
 4.370252e-04 8.146302e+00 4.535846e-01 4.657177e-01 8.606200e+00 2.589799e+05 4.475653e-04 8.892887e+00
 4.378996e-04 8.146450e+00 4.559700e-01 4.682402e-01 8.608800e+00 2.531225e+05 4.484913e-04 8.896724e+00
 4.387757e-04 8.146486e+00 4.583663e-01 4.707749e-01 8.611300e+00 2.473871e+05 4.494194e-04 8.900460e+00
 4.396536e-04 8.146611e+00 4.607735e-01 4.733219e-01 8.613900e+00 2.417997e+05 4.503495e-04 8.904306e+00
 4.405332e-04 8.146724e+00 4.631917e-01 4.758812e-01 8.616500e+00 2.363378e+05 4.512817e-04 8.908157e+00
 4.414146e-04 8.146826e+00 4.656208e-01 4.784529e-01 8.619100e+00 2.309894e+05 4.522160e-04 8.912012e+00
 4.422978e-04 8.147016e+00 4.680609e-01 4.810370e-01 8.621800e+00 2.257791e+05 4.531524e-04 8.915978e+00
 4.431828e-04 8.147195e+00 4.705120e-01 4.836335e-01 8.624500e+00 2.206769e+05 4.540909e-04 8.919948e+00
 4.440695e-04 8.147361e+00 4.729742e-01 4.862425e-01 8.627200e+00 2.156891e+05 4.550315e-04 8.923924e+00
 4.449579e-04 8.147516e+00 4.754474e-01 4.888640e-01 8.629900e+00 2.108302e+05 4.559741e-04 8.927904e+00
 4.458482e-04 8.147760e+00 4.779317e-01 4.914981e-01 8.632700e+00 2.060717e+05 4.569189e-04 8.931994e+00
 4.467402e-04 8.147991e+00 4.804272e-01 4.941448e-01 8.635500e+00 2.014280e+05 4.578658e-04 8.936090e+00
 4.476341e-04 8.148210e+00 4.829338e-01 4.968042e-01 8.638300e+00 1.968802e+05 4.588148e-04 8.940190e+00
 4.485297e-04 8.148418e+00 4.854516e-01 4.994762e-01 8.641100e+00 1.924500e+05 4.597660e-04 8.944296e+00
 4.494271e-04 8.148714e+00 4.879805e-01 5.021609e-01 8.644000e+00 1.881110e+05 4.607193e-04 8.948512e+00
 4.503263e-04 8.148998e+00 4.905207e-01 5.048584e-01 8.646900e+00 1.838767e+05 4.616747e-04 8.952733e+00
 4.512273e-04 8.149269e+00 4.930722e-01 5.075686e-01 8.649800e+00 1.797369e+05 4.626322e-04 8.956960e+00
 4.521301e-04 8.149529e+00 4.956349e-01 5.102917e-01 8.652700e+00 1.756968e+05 4.635920e-04 8.961191e+00
 4.530347e-04 8.149877e+00 4.982089e-01 5.130277e-01 8.655700e+00 1.717398e+05 4.645538e-04 8.965534e+00
 4.539411e-04 8.150213e+00 5.007943e-01 5.157765e-01 8.658700e+00 1.678849e+05 4.655179e-04 8.969881e+00
 4.548493e-04 8.150536e+00 5.033910e-01 5.185383e-01 8.661700e+00 1.641092e+05 4.664841e-04 8.974234e+00
 4.557594e-04 8.150848e+00 5.059991e-01 5.213131e-01 8.664700e+00 1.604243e+05 4.674524e-04 8.978592e+00
 4.566713e-04 8.151147e+00 5.086185e-01 5.241009e-01 8.667700e+00 1.568149e+05 4.684230e-04 8.982955e+00
 4.575850e-04 8.151534e+00 5.112494e-01 5.269017e-01 8.670800e+00 1.532924e+05 4.693957e-04 8.987429e+00
 4.585005e-04 8.151909e+00 5.138918e-01 5.297156e-01 8.673900e+00 1.498546e+05 4.703707e-04 8.991909e+00
 4.594178e-04 8.152272e+00 5.165456e-01 5.325427e-01 8.677000e+00 1.464933e+05 4.713478e-04 8.996394e+00
 4.603370e-04 8.152622e+00 5.192109e-01 5.353829e-01 8.680100e+00 1.432066e+05 4.723272e-04 9.000885e+00
 4.612581e-04 8.152960e+00 5.218877e-01 5.382364e-01 8.683200e+00 1.399989e+05 4.733087e-04 9.005380e+00
 4.621809e-04 8.153386e+00 5.245761e-01 5.411030e-01 8.686400e+00 1.368566e+05 4.742925e-04 9.009988e+00
 4.631056e-04 8.153800e+00 5.272761e-01 5.439830e-01 8.689600e+00 1.337956e+05 4.752785e-04 9.014601e+00
 4.640322e-04 8.154201e+00 5.299876e-01 5.468762e-01 8.692800e+00 1.307967e+05 4.762667e-04 9.019219e+00
 4.649606e-04 8.154589e+00 5.327107e-01 5.497828e-01 8.696000e+00 1.278699e+05 4.772571e-04 9.023843e+00
 4.658909e-04 8.155065e+00 5.354455e-01 5.527028e-01 8.699300e+00 1.250026e+05 4.782498e-04 9.028579e+00
 4.668231e-04 8.155529e+00 5.381920e-01 5.556362e-01 8.702600e+00 1.222094e+05 4.792448e-04 9.033320e+00
 4.677571e-04 8.155880e+00 5.409501e-01 5.585831e-01 8.705800e+00 1.194780e+05 4.802420e-04 9.037961e+00
 4.686929e-04 8.156419e+00 5.437199e-01 5.615435e-01 8.709200e+00 1.168070e+05 4.812414e-04 9.042820e+00
 4.696307e-04 8.156845e+00 5.465014e-01 5.645174e-01 8.712500e+00 1.141951e+05 4.822432e-04 9.047578e+00
 4.705703e-04 8.157258e+00 5.492947e-01 5.675048e-01 8.715800e+00 1.116506e+05 4.832472e-04 9.052342e+00
 4.715118e-04 8.157759e+00 5.520997e-01 5.705059e-01 8.719200e+00 1.091575e+05 4.842535e-04 9.057218e+00
 4.724552e-04 8.158247e+00 5.549165e-01 5.735206e-01 8.722600e+00 1.067242e+05 4.852620e-04 9.062100e+00
 4.734005e-04 8.158723e+00 5.577452e-01 5.765490e-01 8.726000e+00 1.043398e+05 4.862729e-04 9.066988e+00
 4.743476e-04 8.159185e+00 5.605856e-01 5.795910e-01 8.729400e+00 1.020127e+05 4.872860e-04 9.071882e+00
 4.752967e-04 8.159635e+00 5.634379e-01 5.826469e-01 8.732800e+00 9.974120e+04 4.883015e-04 9.076781e+00
 4.762477e-04 8.160173e+00 5.663021e-01 5.857164e-01 8.736300e+00 9.751971e+04 4.893193e-04 9.081794e+00
 4.772005e-04 8.160597e+00 5.691782e-01 5.887999e-01 8.739700e+00 9.534712e+04 4.903394e-04 9.086705e+00
 4.781553e-04 8.161109e+00 5.720661e-01 5.918971e-01 8.743200e+00 9.322234e+04 4.913618e-04 9.091729e+00
 4.791120e-04 8.161608e+00 5.749660e-01 5.950082e-01 8.746700e+00 9.114838e+04 4.923866e-04 9.096759e+00
 4.800706e-04 8.162094e+00 5.778778e-01 5.981333e-01 8.750200e+00 8.912399e+04 4.934137e-04 9.101794e+00
 4.810311e-04 8.162567e+00 5.808016e-01 6.012723e-01 8.753700e+00 8.714008e+04 4.944431e-04 9.106836e+00
 4.819935e-04 8.163127e+00 5.837374e-01 6.044253e-01 8.757300e+00 8.520359e+04 4.954749e-04 9.111992e+00
 4.829579e-04 8.163674e+00 5.866852e-01 6.075923e-01 8.760900e+00 8.330581e+04 4.965091e-04 9.117153e+00
 4.839241e-04 8.164108e+00 5.896450e-01 6.107733e-01 8.764400e+00 8.145710e+04 4.975456e-04 9.122213e+00
 4.848924e-04 8.164630e+00 5.926168e-01 6.139684e-01 8.768000e+00 7.964887e+04 4.985845e-04 9.127386e+00
 4.858625e-04 8.165138e+00 5.956007e-01 6.171777e-01 8.771600e+00 7.788023e+04 4.996257e-04 9.132566e+00
 4.868346e-04 8.165733e+00 5.985966e-01 6.204011e-01 8.775300e+00 7.615727e+04 5.006694e-04 9.137860e+00
 4.878087e-04 8.166215e+00 6.016047e-01 6.236386e-01 8.778900e+00 7.446851e+04 5.017155e-04 9.143052e+00
 4.887847e-04 8.166684e+00 6.046248e-01 6.268904e-01 8.782500e+00 7.282000e+04 5.027639e-04 9.148250e+00
 4.897626e-04 8.167240e+00 6.076571e-01 6.301564e-01 8.786200e+00 7.120418e+04 5.038148e-04 9.153562e+00
 4.907425e-04 8.167783e+00 6.107014e-01 6.334368e-01 8.789900e+00 6.962690e+04 5.048680e-04 9.158881e+00
 4.917244e-04 8.168313e+00 6.137580e-01 6.367314e-01 8.793600e+00 6.808719e+04 5.059237e-04 9.164205e+00
 4.927082e-04 8.168829e+00 6.168267e-01 6.400403e-01 8.797300e+00 6.658101e+04 5.069819e-04 9.169537e+00
 4.936940e-04 8.169332e+00 6.199076e-01 6.433637e-01 8.801000e+00 6.510765e+04 5.080424e-04 9.174874e+00
 4.946818e-04 8.169822e+00 6.230007e-01 6.467014e-01 8.804700e+00 6.366936e+04 5.091054e-04 9.180218e+00
 4.956715e-04 8.170399e+00 6.261060e-01 6.500535e-01 8.808500e+00 6.226526e+04 5.101709e-04 9.185677e+00
 4.966632e-04 8.170863e+00 6.292235e-01 6.534202e-01 8.812200e+00 6.088878e+04 5.112388e-04 9.191034e+00
 4.976569e-04 8.171413e+00 6.323533e-01 6.568013e-01 8.816000e+00 5.954504e+04 5.123091e-04 9.196506e+00
 4.986526e-04 8.171950e+00 6.354953e-01 6.601970e-01 8.819800e+00 5.822772e+04 5.133820e-04 9.201984e+00
 4.996503e-04 8.172473e+00 6.386496e-01 6.636072e-01 8.823600e+00 5.694444e+04 5.144573e-04 9.207468e+00
 5.006500e-04 8.172984e+00 6.418162e-01 6.670319e-01 8.827400e+00 5.568897e+04 5.155351e-04 9.212960e+00
 5.016517e-04 8.173480e+00 6.449950e-01 6.704714e-01 8.831200e+00 5.446070e+04 5.166154e-04 9.218458e+00
 5.026554e-04 8.173964e+00 6.481862e-01 6.739254e-01 8.835000e+00 5.326414e+04 5.176982e-04 9.223963e+00
 5.036611e-04 8.174534e+00 6.513897e-01 6.773941e-01 8.838900e+00 5.209092e+04 5.187835e-04 9.229582e+00
 5.046688e-04 8.174990e+00 6.546055e-01 6.808775e-01 8.842700e+00 5.094554e+04 5.198713e-04 9.235101e+00
 5.056785e-04 8.175533e+00 6.578336e-01 6.843757e-01 8.846600e+00 4.982249e+04 5.209616e-04 9.240734e+00
 5.066903e-04 8.176063e+00 6.610741e-01 6.878886e-01 8.850500e+00 4.872844e+04 5.220545e-04 9.246374e+00
 5.077041e-04 8.176579e+00 6.643270e-01 6.914163e-01 8.854400e+00 4.765797e+04 5.231499e-04 9.252022e+00
 5.087198e-04 8.177082e+00 6.675922e-01 6.949588e-01 8.858300e+00 4.661058e+04 5.242479e-04 9.257676e+00
 5.097377e-04 8.177571e+00 6.708698e-01 6.985161e-01 8.862200e+00 4.558577e+04 5.253484e-04 9.263337e+00
 5.107575e-04 8.178047e+00 6.741598e-01 7.020883e-01 8.866100e+00 4.458741e+04 5.264514e-04 9.269005e+00
 5.117795e-04 8.178508e+00 6.774622e-01 7.056754e-01 8.870000e+00 4.360836e+04 5.275571e-04 9.274680e+00
 5.128034e-04 8.178957e+00 6.807770e-01 7.092775e-01 8.873900e+00 4.265247e+04 5.286653e-04 9.280362e+00
 5.138294e-04 8.179492e+00 6.841042e-01 7.128944e-01 8.877900e+00 4.171917e+04 5.297760e-04 9.286159e+00
 5.148575e-04 8.179913e+00 6.874439e-01 7.165264e-01 8.881800e+00 4.080588e+04 5.308894e-04 9.291856e+00
 5.158876e-04 8.180420e+00 6.907960e-01 7.201733e-01 8.885800e+00 3.991218e+04 5.320054e-04 9.297668e+00
 5.169198e-04 8.180914e+00 6.941605e-01 7.238353e-01 8.889800e+00 3.903764e+04 5.331240e-04 9.303487e+00
 5.179540e-04 8.181295e+00 6.975375e-01 7.275123e-01 8.893700e+00 3.818376e+04 5.342452e-04 9.309205e+00
 5.189903e-04 8.181761e+00 7.009269e-01 7.312044e-01 8.897700e+00 3.735002e+04 5.353690e-04 9.315039e+00
 5.200287e-04 8.182214e+00 7.043288e-01 7.349115e-01 8.901700e+00 3.653227e+04 5.364954e-04 9.320880e+00
 5.210691e-04 8.182653e+00 7.077431e-01 7.386338e-01 8.905700e+00 3.573560e+04 5.376245e-04 9.326728e+00
 5.221117e-04 8.183079e+00 7.111699e-01 7.423713e-01 8.909700e+00 3.495418e+04 5.387562e-04 9.332584e+00
 5.231563e-04 8.183490e+00 7.146092e-01 7.461239e-01 8.913700e+00 3.419290e+04 5.398906e-04 9.338447e+00
 5.242030e-04 8.183988e+00 7.180610e-01 7.498917e-01 8.917800e+00 3.344614e+04 5.410276e-04 9.344427e+00
 5.252518e-04 8.184373e+00 7.215253e-01 7.536747e-01 8.921800e+00 3.271862e+04 5.421674e-04 9.350305e+00
 5.263027e-04 8.184743e+00 7.250020e-01 7.574729e-01 8.925800e+00 3.200494e+04 5.433097e-04 9.356190e+00
 5.273557e-04 8.185200e+00 7.284913e-01 7.612864e-01 8.929900e+00 3.130805e+04 5.444548e-04 9.362193e+00
 5.284109e-04 8.185542e+00 7.319930e-01 7.651152e-01 8.933900e+00 3.062754e+04 5.456026e-04 9.368093e+00
 5.294681e-04 8.185971e+00 7.355072e-01 7.689593e-01 8.938000e+00 2.995841e+04 5.467530e-04 9.374111e+00
 5.305274e-04 8.186387e+00 7.390340e-01 7.728187e-01 8.942100e+00 2.930953e+04 5.479062e-04 9.380136e+00
 5.315889e-04 8.186688e+00 7.425732e-01 7.766934e-01 8.946100e+00 2.867143e+04 5.490621e-04 9.386059e+00
 5.326525e-04 8.187076e+00 7.461250e-01 7.805835e-01 8.950200e+00 2.804831e+04 5.502207e-04 9.392100e+00
 5.337182e-04 8.187449e+00 7.496892e-01 7.844890e-01 8.954300e+00 2.743980e+04 5.513821e-04 9.398148e+00
 5.347861e-04 8.187809e+00 7.532659e-01 7.884098e-01 8.958400e+00 2.684555e+04 5.525462e-04 9.404204e+00
 5.358560e-04 8.188155e+00 7.568552e-01 7.923461e-01 8.962500e+00 2.626113e+04 5.537130e-04 9.410268e+00
 5.369282e-04 8.188487e+00 7.604570e-01 7.962979e-01 8.966600e+00 2.569175e+04 5.548826e-04 9.416340e+00
 5.380024e-04 8.188806e+00 7.640712e-01 8.002650e-01 8.970700e+00 2.513701e+04 5.560550e-04 9.422420e+00
 5.390789e-04 8.189110e+00 7.676980e-01 8.042477e-01 8.974800e+00 2.459137e+04 5.572302e-04 9.428507e+00
 5.401574e-04 8.189400e+00 7.713372e-01 8.082458e-01 8.978900e+00 2.405851e+04 5.584081e-04 9.434603e+00
 5.412382e-04 8.189677e+00 7.749890e-01 8.122595e-01 8.983000e+00 2.353934e+04 5.595888e-04 9.440706e+00
 5.423210e-04 8.190039e+00 7.786533e-01 8.162887e-01 8.987200e+00 2.302986e+04 5.607724e-04 9.446928e+00
 5.434061e-04 8.190288e+00 7.823300e-01 8.203334e-01 8.991300e+00 2.253229e+04 5.619587e-04 9.453047e+00
 5.444933e-04 8.190523e+00 7.860192e-01 8.243936e-01 8.995400e+00 2.204632e+04 5.631479e-04 9.459175e+00
 5.455827e-04 8.190744e+00 7.897210e-01 8.284695e-01 8.999500e+00 2.156941e+04 5.643399e-04 9.465311e+00
 5.466743e-04 8.191051e+00 7.934352e-01 8.325609e-01 9.003700e+00 2.110474e+04 5.655347e-04 9.471565e+00
 5.477681e-04 8.191243e+00 7.971618e-01 8.366679e-01 9.007800e+00 2.064870e+04 5.667324e-04 9.477717e+00
 5.488641e-04 8.191523e+00 8.009010e-01 8.407906e-01 9.012000e+00 2.020437e+04 5.679329e-04 9.483987e+00
 5.499622e-04 8.191688e+00 8.046526e-01 8.449288e-01 9.016100e+00 1.976932e+04 5.691363e-04 9.490156e+00
 5.510626e-04 8.191939e+00 8.084166e-01 8.490827e-01 9.020300e+00 1.934335e+04 5.703426e-04 9.496443e+00
 5.521651e-04 8.192076e+00 8.121932e-01 8.532523e-01 9.024400e+00 1.892831e+04 5.715517e-04 9.502628e+00
 5.532699e-04 8.192299e+00 8.159821e-01 8.574375e-01 9.028600e+00 1.851992e+04 5.727638e-04 9.508932e+00
 5.543768e-04 8.192408e+00 8.197835e-01 8.616384e-01 9.032700e+00 1.812299e+04 5.739787e-04 9.515134e+00
 5.554860e-04 8.192604e+00 8.235973e-01 8.658550e-01 9.036900e+00 1.773238e+04 5.751965e-04 9.521455e+00
 5.565974e-04 8.192785e+00 8.274235e-01 8.700872e-01 9.041100e+00 1.735180e+04 5.764173e-04 9.527784e+00
 5.577110e-04 8.192852e+00 8.312622e-01 8.743352e-01 9.045200e+00 1.698097e+04 5.776410e-04 9.534011e+00
 5.588269e-04 8.193006e+00 8.351132e-01 8.785989e-01 9.049400e+00 1.661600e+04 5.788676e-04 9.540358e+00
 5.599450e-04 8.193146e+00 8.389767e-01 8.828784e-01 9.053600e+00 1.625950e+04 5.800972e-04 9.546713e+00
 5.610653e-04 8.193171e+00 8.428525e-01 8.871736e-01 9.057700e+00 1.591127e+04 5.813297e-04 9.552965e+00
 5.621879e-04 8.193283e+00 8.467406e-01 8.914845e-01 9.061900e+00 1.557109e+04 5.825652e-04 9.559338e+00
 5.633127e-04 8.193380e+00 8.506412e-01 8.958112e-01 9.066100e+00 1.523794e+04 5.838037e-04 9.565719e+00
 5.644397e-04 8.193464e+00 8.545540e-01 9.001536e-01 9.070300e+00 1.491168e+04 5.850452e-04 9.572108e+00
 5.655690e-04 8.193434e+00 8.584792e-01 9.045118e-01 9.074400e+00 1.459296e+04 5.862896e-04 9.578396e+00
 5.667006e-04 8.193490e+00 8.624167e-01 9.088858e-01 9.078600e+00 1.428160e+04 5.875371e-04 9.584803e+00
 5.678345e-04 8.193532e+00 8.663665e-01 9.132755e-01 9.082800e+00 1.397588e+04 5.887875e-04 9.591219e+00
 5.689706e-04 8.193560e+00 8.703286e-01 9.176811e-01 9.087000e+00 1.367799e+04 5.900410e-04 9.597644e+00
 5.701089e-04 8.193473e+00 8.743030e-01 9.221024e-01 9.091100e+00 1.338621e+04 5.912975e-04 9.603967e+00
 5.712496e-04 8.193474e+00 8.782896e-01 9.265396e-01 9.095300e+00 1.310189e+04 5.925571e-04 9.610410e+00
 5.723925e-04 8.193460e+00 8.822885e-01 9.309925e-01 9.099500e+00 1.282268e+04 5.938197e-04 9.616862e+00
 5.735378e-04 8.193432e+00 8.862996e-01 9.354612e-01 9.103700e+00 1.254989e+04 5.950853e-04 9.623323e+00
 5.746853e-04 8.193290e+00 8.903228e-01 9.399458e-01 9.107800e+00 1.228201e+04 5.963540e-04 9.629681e+00
 5.758351e-04 8.193235e+00 8.943583e-01 9.444461e-01 9.112000e+00 1.202097e+04 5.976259e-04 9.636160e+00
 5.769872e-04 8.193166e+00 8.984060e-01 9.489623e-01 9.116200e+00 1.176658e+04 5.989008e-04 9.642649e+00
 5.781416e-04 8.192982e+00 9.024658e-01 9.534943e-01 9.120300e+00 1.151608e+04 6.001788e-04 9.649034e+00
 5.792984e-04 8.192885e+00 9.065377e-01 9.580421e-01 9.124500e+00 1.127134e+04 6.014599e-04 9.655541e+00
 5.804574e-04 8.192775e+00 9.106217e-01 9.626056e-01 9.128700e+00 1.103284e+04 6.027441e-04 9.662057e+00
 5.816188e-04 8.192550e+00 9.147178e-01 9.671851e-01 9.132800e+00 1.079919e+04 6.040315e-04 9.668470e+00
 5.827824e-04 8.192411e+00 9.188260e-01 9.717803e-01 9.137000e+00 1.057029e+04 6.053220e-04 9.675004e+00
 5.839485e-04 8.192259e+00 9.229463e-01 9.763913e-01 9.141200e+00 1.034604e+04 6.066156e-04 9.681548e+00
 5.851168e-04 8.191992e+00 9.270785e-01 9.810181e-01 9.145300e+00 1.012751e+04 6.079124e-04 9.687989e+00
 5.862875e-04 8.191812e+00 9.312228e-01 9.856608e-01 9.149500e+00 9.913966e+03 6.092124e-04 9.694551e+00
 5.874605e-04 8.191518e+00 9.353791e-01 9.903192e-01 9.153600e+00 9.703630e+03 6.105156e-04 9.701011e+00
 5.886359e-04 8.191311e+00 9.395473e-01 9.949935e-01 9.157800e+00 9.498656e+03 6.118219e-04 9.707593e+00
 5.898136e-04 8.191090e+00 9.437274e-01 9.996835e-01 9.162000e+00 9.298897e+03 6.131315e-04 9.714184e+00
 5.909937e-04 8.190755e+00 9.479194e-01 1.004389e+00 9.166100e+00 9.102634e+03 6.144443e-04 9.720672e+00
 5.921761e-04 8.190406e+00 9.521234e-01 1.009111e+00 9.170200e+00 8.910848e+03 6.157602e-04 9.727169e+00
 5.933610e-04 8.190144e+00 9.563391e-01 1.013848e+00 9.174400e+00 8.723430e+03 6.170795e-04 9.733789e+00
 5.945481e-04 8.189767e+00 9.605667e-01 1.018601e+00 9.178500e+00 8.539779e+03 6.184019e-04 9.740306e+00
 5.957377e-04 8.189478e+00 9.648061e-01 1.023370e+00 9.182700e+00 8.359822e+03 6.197277e-04 9.746945e+00
 5.969296e-04 8.189074e+00 9.690573e-01 1.028155e+00 9.186800e+00 8.183961e+03 6.210567e-04 9.753481e+00
 5.981239e-04 8.188657e+00 9.733202e-01 1.032955e+00 9.190900e+00 8.012098e+03 6.223889e-04 9.760027e+00
 5.993206e-04 8.188226e+00 9.775948e-01 1.037772e+00 9.195000e+00 7.844137e+03 6.237245e-04 9.766583e+00
 6.005197e-04 8.187882e+00 9.818811e-01 1.042603e+00 9.199200e+00 7.679534e+03 6.250633e-04 9.773261e+00
 6.017213e-04 8.187424e+00 9.861791e-01 1.047451e+00 9.203300e+00 7.518223e+03 6.264055e-04 9.779837e+00
 6.029252e-04 8.186953e+00 9.904886e-01 1.052314e+00 9.207400e+00 7.360572e+03 6.277510e-04 9.786422e+00
 6.041315e-04 8.186468e+00 9.948098e-01 1.057193e+00 9.211500e+00 7.206918e+03 6.290998e-04 9.793017e+00
 6.053402e-04 8.185970e+00 9.991425e-01 1.062088e+00 9.215600e+00 7.055901e+03 6.304519e-04 9.799622e+00
 6.065513e-04 8.185458e+00 1.003487e+00 1.066998e+00 9.219700e+00 6.908302e+03 6.318074e-04 9.806237e+00
 6.077649e-04 8.184933e+00 1.007843e+00 1.071924e+00 9.223800e+00 6.764041e+03 6.331663e-04 9.812862e+00
 6.089809e-04 8.184394e+00 1.012210e+00 1.076866e+00 9.227900e+00 6.623036e+03 6.345286e-04 9.819497e+00
 6.101993e-04 8.183741e+00 1.016588e+00 1.081823e+00 9.231900e+00 6.484438e+03 6.358942e-04 9.826029e+00
 6.114202e-04 8.183176e+00 1.020978e+00 1.086796e+00 9.236000e+00 6.349350e+03 6.372632e-04 9.832684e+00
 6.126435e-04 8.182597e+00 1.025380e+00 1.091785e+00 9.240100e+00 6.216934e+03 6.386357e-04 9.839350e+00
 6.138693e-04 8.181905e+00 1.029792e+00 1.096789e+00 9.244100e+00 6.087137e+03 6.400115e-04 9.845912e+00
 6.150975e-04 8.181299e+00 1.034216e+00 1.101808e+00 9.248200e+00 5.960623e+03 6.413908e-04 9.852598e+00
 6.163282e-04 8.180681e+00 1.038652e+00 1.106843e+00 9.252300e+00 5.836953e+03 6.427736e-04 9.859294e+00
 6.175613e-04 8.179948e+00 1.043098e+00 1.111894e+00 9.256300e+00 5.715714e+03 6.441598e-04 9.865887e+00
 6.187969e-04 8.179203e+00 1.047555e+00 1.116960e+00 9.260300e+00 5.596858e+03 6.455494e-04 9.872490e+00
 6.200350e-04 8.178545e+00 1.052024e+00 1.122042e+00 9.264400e+00 5.480673e+03 6.469426e-04 9.879217e+00
 6.212755e-04 8.177773e+00 1.056504e+00 1.127139e+00 9.268400e+00 5.367093e+03 6.483392e-04 9.885841e+00
 6.225185e-04 8.176988e+00 1.060995e+00 1.132251e+00 9.272400e+00 5.255420e+03 6.497393e-04 9.892475e+00
 6.237641e-04 8.176190e+00 1.065496e+00 1.137379e+00 9.276400e+00 5.146567e+03 6.511430e-04 9.899120e+00
 6.250121e-04 8.175380e+00 1.070009e+00 1.142523e+00 9.280400e+00 5.040458e+03 6.525502e-04 9.905775e+00
 6.262626e-04 8.174556e+00 1.074533e+00 1.147681e+00 9.284400e+00 4.936112e+03 6.539609e-04 9.912441e+00
 6.275156e-04 8.173719e+00 1.079067e+00 1.152855e+00 9.288400e+00 4.834100e+03 6.553752e-04 9.919117e+00
 6.287711e-04 8.172869e+00 1.083613e+00 1.158045e+00 9.292400e+00 4.734366e+03 6.567930e-04 9.925804e+00
 6.300291e-04 8.172006e+00 1.088169e+00 1.163249e+00 9.296400e+00 4.636570e+03 6.582144e-04 9.932501e+00
 6.312897e-04 8.171031e+00 1.092736e+00 1.168469e+00 9.300300e+00 4.540957e+03 6.596394e-04 9.939095e+00
 6.325527e-04 8.170142e+00 1.097313e+00 1.173705e+00 9.304300e+00 4.447474e+03 6.610680e-04 9.945814e+00
 6.338183e-04 8.169141e+00 1.101902e+00 1.178955e+00 9.308200e+00 4.355532e+03 6.625002e-04 9.952429e+00
 6.350865e-04 8.168227e+00 1.106500e+00 1.184220e+00 9.312200e+00 4.265905e+03 6.639360e-04 9.959169e+00
 6.363571e-04 8.167200e+00 1.111110e+00 1.189501e+00 9.316100e+00 4.178530e+03 6.653755e-04 9.965805e+00
 6.376303e-04 8.166160e+00 1.115730e+00 1.194797e+00 9.320000e+00 4.092581e+03 6.668186e-04 9.972453e+00
 6.389061e-04 8.165209e+00 1.120360e+00 1.200108e+00 9.324000e+00 4.008542e+03 6.682654e-04 9.979225e+00
 6.401844e-04 8.164144e+00 1.125001e+00 1.205434e+00 9.327900e+00 3.926367e+03 6.697159e-04 9.985894e+00
 6.414652e-04 8.163066e+00 1.129652e+00 1.210775e+00 9.331800e+00 3.845771e+03 6.711700e-04 9.992574e+00
 6.427487e-04 8.161876e+00 1.134313e+00 1.216131e+00 9.335600e+00 3.766962e+03 6.726279e-04 9.999150e+00
 6.440347e-04 8.160774e+00 1.138985e+00 1.221502e+00 9.339500e+00 3.689896e+03 6.740894e-04 1.000585e+01
 6.453232e-04 8.159659e+00 1.143666e+00 1.226888e+00 9.343400e+00 3.614534e+03 6.755547e-04 1.001256e+01
 6.466144e-04 8.158532e+00 1.148358e+00 1.232289e+00 9.347300e+00 3.540612e+03 6.770238e-04 1.001929e+01
 6.479081e-04 8.157292e+00 1.153060e+00 1.237704e+00 9.351100e+00 3.468103e+03 6.784965e-04 1.002591e+01
 6.492044e-04 8.156040e+00 1.157772e+00 1.243135e+00 9.354900e+00 3.397197e+03 6.799731e-04 1.003254e+01
 6.505033e-04 8.154876e+00 1.162495e+00 1.248580e+00 9.358800e+00 3.328066e+03 6.814534e-04 1.003930e+01
 6.518048e-04 8.153600e+00 1.167226e+00 1.254040e+00 9.362600e+00 3.260248e+03 6.829375e-04 1.004595e+01
 6.531089e-04 8.152311e+00 1.171968e+00 1.259515e+00 9.366400e+00 3.193720e+03 6.844255e-04 1.005261e+01
 6.544157e-04 8.151011e+00 1.176720e+00 1.265004e+00 9.370200e+00 3.128855e+03 6.859172e-04 1.005929e+01
 6.557250e-04 8.149698e+00 1.181481e+00 1.270508e+00 9.374000e+00 3.065414e+03 6.874128e-04 1.006597e+01
 6.570370e-04 8.148373e+00 1.186252e+00 1.276027e+00 9.377800e+00 3.003170e+03 6.889122e-04 1.007267e+01
 6.583515e-04 8.146936e+00 1.191033e+00 1.281560e+00 9.381500e+00 2.942104e+03 6.904155e-04 1.007927e+01
 6.596687e-04 8.145588e+00 1.195823e+00 1.287107e+00 9.385300e+00 2.882376e+03 6.919227e-04 1.008599e+01
 6.609886e-04 8.144127e+00 1.200623e+00 1.292670e+00 9.389000e+00 2.823958e+03 6.934337e-04 1.009260e+01
 6.623111e-04 8.142755e+00 1.205433e+00 1.298246e+00 9.392800e+00 2.766817e+03 6.949487e-04 1.009935e+01
 6.636362e-04 8.141271e+00 1.210251e+00 1.303837e+00 9.396500e+00 2.710750e+03 6.964675e-04 1.010598e+01
 6.649640e-04 8.139775e+00 1.215079e+00 1.309442e+00 9.400200e+00 2.655909e+03 6.979903e-04 1.011263e+01
 6.662944e-04 8.138268e+00 1.219916e+00 1.315061e+00 9.403900e+00 2.602433e+03 6.995171e-04 1.011930e+01
 6.676275e-04 8.136749e+00 1.224763e+00 1.320695e+00 9.407600e+00 2.549790e+03 7.010477e-04 1.012597e+01
 6.689633e-04 8.135218e+00 1.229619e+00 1.326343e+00 9.411300e+00 2.498457e+03 7.025824e-04 1.013265e+01
 6.703017e-04 8.133576e+00 1.234483e+00 1.332005e+00 9.414900e+00 2.447923e+03 7.041211e-04 1.013923e+01
 6.716429e-04 8.132022e+00 1.239357e+00 1.337681e+00 9.418600e+00 2.398802e+03 7.056637e-04 1.014594e+01
 6.729867e-04 8.130357e+00 1.244239e+00 1.343371e+00 9.422200e+00 2.350439e+03 7.072104e-04 1.015254e+01
 6.743332e-04 8.128681e+00 1.249131e+00 1.349075e+00 9.425800e+00 2.303279e+03 7.087611e-04 1.015916e+01
 6.756823e-04 8.127094e+00 1.254031e+00 1.354793e+00 9.429500e+00 2.256844e+03 7.103158e-04 1.016590e+01
 6.770342e-04 8.125395e+00 1.258940e+00 1.360524e+00 9.433100e+00 2.211708e+03 7.118746e-04 1.017254e+01
 6.783888e-04 8.123584e+00 1.263858e+00 1.366270e+00 9.436600e+00 2.167263e+03 7.134375e-04 1.017907e+01
 6.797461e-04 8.121864e+00 1.268784e+00 1.372029e+00 9.440200e+00 2.123920e+03 7.150044e-04 1.018573e+01
 6.811061e-04 8.120132e+00 1.273719e+00 1.377802e+00 9.443800e+00 2.081239e+03 7.165755e-04 1.019241e+01
 6.824689e-04 8.118289e+00 1.278663e+00 1.383589e+00 9.447300e+00 2.039750e+03 7.181507e-04 1.019898e+01
 6.838343e-04 8.116535e+00 1.283614e+00 1.389389e+00 9.450900e+00 1.999023e+03 7.197300e-04 1.020567e+01
 6.852025e-04 8.114671e+00 1.288574e+00 1.395203e+00 9.454400e+00 1.959043e+03 7.213134e-04 1.021226e+01
 6.865735e-04 8.112795e+00 1.293543e+00 1.401030e+00 9.457900e+00 1.920053e+03 7.229010e-04 1.021887e+01
 6.879471e-04 8.110909e+00 1.298519e+00 1.406871e+00 9.461400e+00 1.881650e+03 7.244928e-04 1.022548e+01
 6.893236e-04 8.109012e+00 1.303504e+00 1.412725e+00 9.464900e+00 1.844197e+03 7.260888e-04 1.023211e+01
 6.907027e-04 8.107005e+00 1.308496e+00 1.418592e+00 9.468300e+00 1.807428e+03 7.276890e-04 1.023863e+01
 6.920847e-04 8.105087e+00 1.313497e+00 1.424473e+00 9.471800e+00 1.771568e+03 7.292934e-04 1.024528e+01
 6.934694e-04 8.103059e+00 1.318505e+00 1.430366e+00 9.475200e+00 1.736475e+03 7.309021e-04 1.025183e+01
 6.948569e-04 8.101020e+00 1.323522e+00 1.436273e+00 9.478600e+00 1.702018e+03 7.325150e-04 1.025839e+01
 6.962471e-04 8.099072e+00 1.328546e+00 1.442193e+00 9.482100e+00 1.668186e+03 7.341322e-04 1.026508e+01
 6.976401e-04 8.097013e+00 1.333577e+00 1.448126e+00 9.485500e+00 1.635079e+03 7.357536e-04 1.027166e+01
 6.990360e-04 8.094843e+00 1.338616e+00 1.454071e+00 9.488800e+00 1.602788e+03 7.373794e-04 1.027813e+01
 7.004346e-04 8.092764e+00 1.343663e+00 1.460030e+00 9.492200e+00 1.571079e+03 7.390095e-04 1.028474e+01
 7.018360e-04 8.090574e+00 1.348717e+00 1.466001e+00 9.495500e+00 1.539942e+03 7.406439e-04 1.029124e+01
 7.032402e-04 8.088476e+00 1.353778e+00 1.471985e+00 9.498900e+00 1.509572e+03 7.422827e-04 1.029787e+01
 7.046472e-04 8.086266e+00 1.358847e+00 1.477981e+00 9.502200e+00 1.479848e+03 7.439259e-04 1.030440e+01
 7.060571e-04 8.084048e+00 1.363923e+00 1.483991e+00 9.505500e+00 1.450656e+03 7.455734e-04 1.031093e+01
 7.074697e-04 8.081819e+00 1.369006e+00 1.490012e+00 9.508800e+00 1.422085e+03 7.472253e-04 1.031748e+01
 7.088852e-04 8.079581e+00 1.374096e+00 1.496046e+00 9.512100e+00 1.394121e+03 7.488816e-04 1.032405e+01
 7.103035e-04 8.077233e+00 1.379193e+00 1.502093e+00 9.515300e+00 1.366749e+03 7.505424e-04 1.033050e+01
 7.117247e-04 8.074976e+00 1.384296e+00 1.508151e+00 9.518600e+00 1.339865e+03 7.522076e-04 1.033709e+01
 7.131487e-04 8.072609e+00 1.389407e+00 1.514222e+00 9.521800e+00 1.313550e+03 7.538773e-04 1.034357e+01
 7.145755e-04 8.070233e+00 1.394524e+00 1.520305e+00 9.525000e+00 1.287792e+03 7.555515e-04 1.035006e+01
 7.160052e-04 8.067848e+00 1.399647e+00 1.526400e+00 9.528200e+00 1.262579e+03 7.572301e-04 1.035656e+01
 7.174378e-04 8.065454e+00 1.404778e+00 1.532507e+00 9.531400e+00 1.237897e+03 7.589133e-04 1.036308e+01
 7.188732e-04 8.062950e+00 1.409914e+00 1.538625e+00 9.534500e+00 1.213736e+03 7.606010e-04 1.036949e+01
 7.203115e-04 8.060538e+00 1.415057e+00 1.544756e+00 9.537700e+00 1.190082e+03 7.622933e-04 1.037603e+01
 7.217527e-04 8.058017e+00 1.420206e+00 1.550898e+00 9.540800e+00 1.166845e+03 7.639901e-04 1.038247e+01
 7.231967e-04 8.055487e+00 1.425362e+00 1.557052e+00 9.543900e+00 1.144018e+03 7.656916e-04 1.038892e+01
 7.246437e-04 8.052948e+00 1.430523e+00 1.563218e+00 9.547000e+00 1.121826e+03 7.673976e-04 1.039538e+01
 7.260935e-04 8.050400e+00 1.435690e+00 1.569395e+00 9.550100e+00 1.100023e+03 7.691082e-04 1.040185e+01
 7.275463e-04 8.047744e+00 1.440864e+00 1.575583e+00 9.553100e+00 1.078601e+03 7.708235e-04 1.040822e+01
 7.290019e-04 8.045179e+00 1.446043e+00 1.581783e+00 9.556200e+00 1.057628e+03 7.725434e-04 1.041472e+01
 7.304605e-04 8.042506e+00 1.451227e+00 1.587994e+00 9.559200e+00 1.037095e+03 7.742680e-04 1.042111e+01
 7.319220e-04 8.039825e+00 1.456418e+00 1.594216e+00 9.562200e+00 1.016990e+03 7.759973e-04 1.042751e+01
 7.333864e-04 8.037135e+00 1.461613e+00 1.600449e+00 9.565200e+00 9.973060e+02 7.777313e-04 1.043393e+01
 7.348537e-04 8.034438e+00 1.466815e+00 1.606693e+00 9.568200e+00 9.780319e+02 7.794701e-04 1.044036e+01
 7.363240e-04 8.031631e+00 1.472021e+00 1.612948e+00 9.571100e+00 9.591592e+02 7.812136e-04 1.044668e+01
 7.377972e-04 8.028918e+00 1.477233e+00 1.619214e+00 9.574100e+00 9.406126e+02 7.829618e-04 1.045313e+01
 7.392734e-04 8.026096e+00 1.482450e+00 1.625490e+00 9.577000e+00 9.224521e+02 7.847148e-04 1.045948e+01
 7.407525e-04 8.023267e+00 1.487672e+00 1.631777e+00 9.579900e+00 9.047330e+02 7.864726e-04 1.046584e+01
 7.422346e-04 8.020430e+00 1.492899e+00 1.638075e+00 9.582800e+00 8.873181e+02 7.882353e-04 1.047221e+01
 7.437196e-04 8.017585e+00 1.498131e+00 1.644383e+00 9.585700e+00 8.702025e+02 7.900028e-04 1.047860e+01
 7.452076e-04 8.014633e+00 1.503368e+00 1.650701e+00 9.588500e+00 8.535028e+02 7.917751e-04 1.048488e+01
 7.466986e-04 8.011673e+00 1.508609e+00 1.657029e+00 9.591300e+00 8.371483e+02 7.935523e-04 1.049117e+01
 7.481926e-04 8.008706e+00 1.513855e+00 1.663368e+00 9.594100e+00 8.210729e+02 7.953344e-04 1.049747e+01
 7.496896e-04 8.005731e+00 1.519105e+00 1.669717e+00 9.596900e+00 8.053299e+02 7.971214e-04 1.050379e+01
 7.511895e-04 8.002750e+00 1.524360e+00 1.676076e+00 9.599700e+00 7.899682e+02 7.989134e-04 1.051012e+01
 7.526925e-04 7.999762e+00 1.529619e+00 1.682444e+00 9.602500e+00 7.748670e+02 8.007103e-04 1.051646e+01
 7.541984e-04 7.996667e+00 1.534882e+00 1.688822e+00 9.605200e+00 7.600221e+02 8.025121e-04 1.052269e+01
 7.557074e-04 7.993564e+00 1.540149e+00 1.695210e+00 9.607900e+00 7.455903e+02 8.043190e-04 1.052894e+01
 7.572194e-04 7.990455e+00 1.545420e+00 1.701608e+00 9.610600e+00 7.313488e+02 8.061309e-04 1.053520e+01
 7.587344e-04 7.987340e+00 1.550695e+00 1.708015e+00 9.613300e+00 7.174517e+02 8.079478e-04 1.054147e+01
 7.602525e-04 7.984117e+00 1.555974e+00 1.714431e+00 9.615900e+00 7.038391e+02 8.097697e-04 1.054764e+01
 7.617736e-04 7.980989e+00 1.561257e+00 1.720857e+00 9.618600e+00 6.904051e+02 8.115967e-04 1.055393e+01
 7.632977e-04 7.977754e+00 1.566543e+00 1.727291e+00 9.621200e+00 6.772958e+02 8.134289e-04 1.056012e+01
 7.648249e-04 7.974513e+00 1.571832e+00 1.733735e+00 9.623800e+00 6.645027e+02 8.152661e-04 1.056633e+01
 7.663551e-04 7.971266e+00 1.577125e+00 1.740188e+00 9.626400e+00 6.518755e+02 8.171084e-04 1.057254e+01
 7.678884e-04 7.967912e+00 1.582421e+00 1.746649e+00 9.628900e+00 6.395529e+02 8.189559e-04 1.057865e+01
 7.694248e-04 7.964653e+00 1.587721e+00 1.753120e+00 9.631500e+00 6.275269e+02 8.208086e-04 1.058489e+01
 7.709642e-04 7.961287e+00 1.593023e+00 1.759599e+00 9.634000e+00 6.156550e+02 8.226664e-04 1.059103e+01
 7.725068e-04 7.957916e+00 1.598328e+00 1.766086e+00 9.636500e+00 6.040249e+02 8.245295e-04 1.059717e+01
 7.740524e-04 7.954540e+00 1.603637e+00 1.772582e+00 9.639000e+00 5.926745e+02 8.263978e-04 1.060333e+01
 7.756011e-04 7.951057e+00 1.608948e+00 1.779086e+00 9.641400e+00 5.814689e+02 8.282714e-04 1.060938e+01
 7.771529e-04 7.947670e+00 1.614261e+00 1.785598e+00 9.643900e+00 5.705748e+02 8.301502e-04 1.061557e+01
 7.787078e-04 7.944177e+00 1.619577e+00 1.792119e+00 9.646300e+00 5.598596e+02 8.320343e-04 1.062165e+01
 7.802658e-04 7.940679e+00 1.624896e+00 1.798647e+00 9.648700e+00 5.494016e+02 8.339238e-04 1.062774e+01
 7.818269e-04 7.937176e+00 1.630216e+00 1.805183e+00 9.651100e+00 5.390748e+02 8.358186e-04 1.063384e+01
 7.833912e-04 7.933567e+00 1.635539e+00 1.811727e+00 9.653400e+00 5.289959e+02 8.377187e-04 1.063983e+01
 7.849586e-04 7.930055e+00 1.640864e+00 1.818279e+00 9.655800e+00 5.190817e+02 8.396242e-04 1.064596e+01
 7.865291e-04 7.926437e+00 1.646192e+00 1.824838e+00 9.658100e+00 5.094052e+02 8.415351e-04 1.065198e+01
 7.881028e-04 7.922814e+00 1.651521e+00 1.831405e+00 9.660400e+00 4.999231e+02 8.434515e-04 1.065801e+01
 7.896796e-04 7.919187e+00 1.656851e+00 1.837978e+00 9.662700e+00 4.905948e+02 8.453733e-04 1.066406e+01
 7.912595e-04 7.915455e+00 1.662184e+00 1.844559e+00 9.664900e+00 4.814540e+02 8.473006e-04 1.066999e+01
 7.928427e-04 7.911719e+00 1.667518e+00 1.851147e+00 9.667100e+00 4.724966e+02 8.492333e-04 1.067594e+01
 7.944290e-04 7.908079e+00 1.672853e+00 1.857742e+00 9.669400e+00 4.637533e+02 8.511716e-04 1.068203e+01
 7.960184e-04 7.904234e+00 1.678190e+00 1.864344e+00 9.671500e+00 4.551166e+02 8.531154e-04 1.068788e+01
 7.976111e-04 7.900486e+00 1.683527e+00 1.870953e+00 9.673700e+00 4.467197e+02 8.550647e-04 1.069387e+01
 7.992069e-04 7.896734e+00 1.688867e+00 1.877568e+00 9.675900e+00 4.384244e+02 8.570197e-04 1.069987e+01
 8.008060e-04 7.892878e+00 1.694207e+00 1.884189e+00 9.678000e+00 4.303271e+02 8.589802e-04 1.070576e+01
 8.024082e-04 7.889018e+00 1.699547e+00 1.890817e+00 9.680100e+00 4.223911e+02 8.609464e-04 1.071167e+01
 8.040136e-04 7.885155e+00 1.704889e+00 1.897451e+00 9.682200e+00 4.146129e+02 8.629182e-04 1.071758e+01
 8.056223e-04 7.881188e+00 1.710231e+00 1.904091e+00 9.684200e+00 4.069585e+02 8.648957e-04 1.072339e+01
 8.072341e-04 7.877318e+00 1.715574e+00 1.910737e+00 9.686300e+00 3.994563e+02 8.668789e-04 1.072933e+01
 8.088492e-04 7.873345e+00 1.720918e+00 1.917389e+00 9.688300e+00 3.921328e+02 8.688678e-04 1.073517e+01
 8.104675e-04 7.869369e+00 1.726261e+00 1.924047e+00 9.690300e+00 3.849250e+02 8.708625e-04 1.074101e+01
 8.122025e-04 7.865289e+00 1.731604e+00 1.930709e+00 9.692200e+00 3.778890e+02 8.730029e-04 1.074675e+01
 8.140680e-04 7.861313e+00 1.736943e+00 1.937371e+00 9.694200e+00 3.709376e+02 8.753062e-04 1.075262e+01
 8.159377e-04 7.857241e+00 1.742276e+00 1.944031e+00 9.696100e+00 3.642088e+02 8.776170e-04 1.075838e+01
 8.178118e-04 7.853172e+00 1.747603e+00 1.950689e+00 9.698000e+00 3.575589e+02 8.799351e-04 1.076415e+01
 8.196901e-04 7.849107e+00 1.752923e+00 1.957345e+00 9.699900e+00 3.510409e+02 8.822606e-04 1.076993e+01
 8.215728e-04 7.844946e+00 1.758238e+00 1.963999e+00 9.701700e+00 3.446781e+02 8.845936e-04 1.077559e+01
 8.234598e-04 7.840790e+00 1.763546e+00 1.970650e+00 9.703500e+00 3.384402e+02 8.869341e-04 1.078127e+01
 8.253511e-04 7.836638e+00 1.768848e+00 1.977298e+00 9.705300e+00 3.323245e+02 8.892821e-04 1.078696e+01
 8.272468e-04 7.832491e+00 1.774144e+00 1.983943e+00 9.707100e+00 3.263282e+02 8.916377e-04 1.079267e+01
 8.291468e-04 7.828247e+00 1.779432e+00 1.990585e+00 9.708800e+00 3.204732e+02 8.940008e-04 1.079826e+01
 8.310512e-04 7.824009e+00 1.784714e+00 1.997225e+00 9.710500e+00 3.147074e+02 8.963715e-04 1.080386e+01
 8.329600e-04 7.819776e+00 1.789989e+00 2.003860e+00 9.712200e+00 3.090770e+02 8.987499e-04 1.080948e+01
 8.348731e-04 7.815447e+00 1.795257e+00 2.010493e+00 9.713800e+00 3.035550e+02 9.011360e-04 1.081498e+01
 8.367907e-04 7.811124e+00 1.800518e+00 2.017122e+00 9.715400e+00 2.981161e+02 9.035298e-04 1.082049e+01
 8.387126e-04 7.806806e+00 1.805772e+00 2.023747e+00 9.717000e+00 2.928270e+02 9.059313e-04 1.082602e+01
 8.406390e-04 7.802494e+00 1.811018e+00 2.030369e+00 9.718600e+00 2.876166e+02 9.083406e-04 1.083156e+01
 8.425698e-04 7.798086e+00 1.816257e+00 2.036986e+00 9.720100e+00 2.825055e+02 9.107577e-04 1.083699e+01
 8.445050e-04 7.793685e+00 1.821489e+00 2.043600e+00 9.721600e+00 2.775133e+02 9.131826e-04 1.084243e+01
 8.464447e-04 7.789289e+00 1.826713e+00 2.050209e+00 9.723100e+00 2.725945e+02 9.156154e-04 1.084788e+01
 8.483888e-04 7.784798e+00 1.831929e+00 2.056814e+00 9.724500e+00 2.677898e+02 9.180562e-04 1.085322e+01
 8.503374e-04 7.780313e+00 1.837138e+00 2.063414e+00 9.725900e+00 2.630758e+02 9.205049e-04 1.085857e+01
 8.522904e-04 7.775834e+00 1.842339e+00 2.070010e+00 9.727300e+00 2.584506e+02 9.229615e-04 1.086393e+01
 8.542480e-04 7.771261e+00 1.847532e+00 2.076601e+00 9.728600e+00 2.539321e+02 9.254262e-04 1.086918e+01
 8.562100e-04 7.766795e+00 1.852716e+00 2.083188e+00 9.730000e+00 2.494787e+02 9.278990e-04 1.087457e+01
 8.581766e-04 7.762235e+00 1.857893e+00 2.089769e+00 9.731300e+00 2.451278e+02 9.303798e-04 1.087984e+01
 8.601476e-04 7.757580e+00 1.863062e+00 2.096346e+00 9.732500e+00 2.408581e+02 9.328687e-04 1.088501e+01
 8.621232e-04 7.752932e+00 1.868222e+00 2.102917e+00 9.733700e+00 2.366678e+02 9.353658e-04 1.089018e+01
 8.641033e-04 7.748291e+00 1.873374e+00 2.109483e+00 9.734900e+00 2.325736e+02 9.378711e-04 1.089537e+01
 8.660880e-04 7.743657e+00 1.878517e+00 2.116044e+00 9.736100e+00 2.285371e+02 9.403847e-04 1.090057e+01
 8.680773e-04 7.739030e+00 1.883652e+00 2.122599e+00 9.737300e+00 2.245931e+02 9.429064e-04 1.090578e+01
 8.700711e-04 7.734309e+00 1.888778e+00 2.129149e+00 9.738400e+00 2.207217e+02 9.454365e-04 1.091088e+01
 8.720695e-04 7.729493e+00 1.893895e+00 2.135692e+00 9.739400e+00 2.169045e+02 9.479750e-04 1.091586e+01
 8.740724e-04 7.724787e+00 1.899004e+00 2.142230e+00 9.740500e+00 2.131913e+02 9.505218e-04 1.092098e+01
 8.760800e-04 7.719987e+00 1.904104e+00 2.148762e+00 9.741500e+00 2.095294e+02 9.530770e-04 1.092599e+01
 8.780922e-04 7.715194e+00 1.909194e+00 2.155287e+00 9.742500e+00 2.059347e+02 9.556406e-04 1.093102e+01
 8.801090e-04 7.710409e+00 1.914276e+00 2.161807e+00 9.743500e+00 2.024056e+02 9.582128e-04 1.093605e+01
 8.821304e-04 7.705531e+00 1.919348e+00 2.168320e+00 9.744400e+00 1.989569e+02 9.607934e-04 1.094097e+01
 8.841565e-04 7.700660e+00 1.924411e+00 2.174826e+00 9.745300e+00 1.955708e+02 9.633826e-04 1.094591e+01
 8.861873e-04 7.695797e+00 1.929465e+00 2.181326e+00 9.746200e+00 1.922462e+02 9.659805e-04 1.095085e+01
 8.882227e-04 7.690841e+00 1.934510e+00 2.187819e+00 9.747000e+00 1.889819e+02 9.685869e-04 1.095568e+01
 8.902627e-04 7.685894e+00 1.939545e+00 2.194306e+00 9.747800e+00 1.857768e+02 9.712021e-04 1.096053e+01
 8.923075e-04 7.680954e+00 1.944570e+00 2.200785e+00 9.748600e+00 1.826442e+02 9.738259e-04 1.096538e+01
 8.943570e-04 7.675922e+00 1.949586e+00 2.207257e+00 9.749300e+00 1.795679e+02 9.764585e-04 1.097012e+01
 8.964111e-04 7.670898e+00 1.954592e+00 2.213722e+00 9.750000e+00 1.765470e+02 9.790999e-04 1.097488e+01
 8.984700e-04 7.665883e+00 1.959588e+00 2.220180e+00 9.750700e+00 1.735664e+02 9.817501e-04 1.097964e+01
 9.005336e-04 7.660876e+00 1.964574e+00 2.226630e+00 9.751400e+00 1.706669e+02 9.844092e-04 1.098442e+01
 9.026020e-04 7.655777e+00 1.969550e+00 2.233073e+00 9.752000e+00 1.678056e+02 9.870772e-04 1.098909e+01
 9.046751e-04 7.650687e+00 1.974516e+00 2.239508e+00 9.752600e+00 1.649955e+02 9.897542e-04 1.099376e+01
 9.067529e-04 7.645605e+00 1.979472e+00 2.245935e+00 9.753200e+00 1.622488e+02 9.924401e-04 1.099845e+01
 9.088356e-04 7.640431e+00 1.984417e+00 2.252354e+00 9.753700e+00 1.595380e+02 9.951351e-04 1.100303e+01
 9.109230e-04 7.635267e+00 1.989353e+00 2.258765e+00 9.754200e+00 1.568882e+02 9.978391e-04 1.100761e+01
 9.130152e-04 7.630112e+00 1.994278e+00 2.265168e+00 9.754700e+00 1.542855e+02 1.000552e-03 1.101221e+01
 9.151122e-04 7.624864e+00 1.999192e+00 2.271563e+00 9.755100e+00 1.517289e+02 1.003275e-03 1.101669e+01
 9.172141e-04 7.619626e+00 2.004096e+00 2.277949e+00 9.755500e+00 1.492297e+02 1.006006e-03 1.102119e+01
 9.193207e-04 7.614398e+00 2.008989e+00 2.284327e+00 9.755900e+00 1.467627e+02 1.008747e-03 1.102569e+01
 9.214322e-04 7.609077e+00 2.013871e+00 2.290696e+00 9.756200e+00 1.443509e+02 1.011497e-03 1.103008e+01
 9.235486e-04 7.603869e+00 2.018743e+00 2.297056e+00 9.756600e+00 1.419817e+02 1.014256e-03 1.103462e+01
 9.256698e-04 7.598466e+00 2.023604e+00 2.303407e+00 9.756800e+00 1.396540e+02 1.017025e-03 1.103890e+01
 9.277959e-04 7.593176e+00 2.028453e+00 2.309750e+00 9.757100e+00 1.373673e+02 1.019803e-03 1.104333e+01
 9.299268e-04 7.587793e+00 2.033292e+00 2.316083e+00 9.757300e+00 1.351206e+02 1.022590e-03 1.104764e+01
 9.320627e-04 7.582421e+00 2.038119e+00 2.322407e+00 9.757500e+00 1.329133e+02 1.025387e-03 1.105197e+01
 9.342035e-04 7.577060e+00 2.042936e+00 2.328721e+00 9.757700e+00 1.307554e+02 1.028194e-03 1.105630e+01
 9.363492e-04 7.571607e+00 2.047741e+00 2.335026e+00 9.757800e+00 1.286245e+02 1.031010e-03 1.106052e+01
 9.384998e-04 7.566164e+00 2.052534e+00 2.341322e+00 9.757900e+00 1.265413e+02 1.033836e-03 1.106475e+01
 9.406553e-04 7.560732e+00 2.057316e+00 2.347608e+00 9.758000e+00 1.244943e+02 1.036671e-03 1.106899e+01
 9.428158e-04 7.555209e+00 2.062087e+00 2.353883e+00 9.758000e+00 1.224728e+02 1.039516e-03 1.107312e+01
 9.449813e-04 7.549798e+00 2.066846e+00 2.360149e+00 9.758100e+00 1.205063e+02 1.042371e-03 1.107739e+01
 9.471517e-04 7.544195e+00 2.071593e+00 2.366405e+00 9.758000e+00 1.185641e+02 1.045236e-03 1.108141e+01
 9.493272e-04 7.538704e+00 2.076329e+00 2.372651e+00 9.758000e+00 1.166555e+02 1.048110e-03 1.108557e+01
 9.515076e-04 7.533123e+00 2.081053e+00 2.378886e+00 9.757900e+00 1.147800e+02 1.050995e-03 1.108962e+01
 9.536930e-04 7.527553e+00 2.085764e+00 2.385110e+00 9.757800e+00 1.129463e+02 1.053889e-03 1.109367e+01
 9.558834e-04 7.521994e+00 2.090464e+00 2.391325e+00 9.757700e+00 1.111441e+02 1.056793e-03 1.109774e+01
 9.580789e-04 7.516344e+00 2.095152e+00 2.397528e+00 9.757500e+00 1.093730e+02 1.059708e-03 1.110169e+01
 9.602795e-04 7.510706e+00 2.099827e+00 2.403721e+00 9.757300e+00 1.076234e+02 1.062632e-03 1.110565e+01
 9.624850e-04 7.505080e+00 2.104491e+00 2.409902e+00 9.757100e+00 1.059216e+02 1.065567e-03 1.110963e+01
 9.646957e-04 7.499363e+00 2.109142e+00 2.416073e+00 9.756800e+00 1.042402e+02 1.068511e-03 1.111348e+01
 9.669114e-04 7.493658e+00 2.113780e+00 2.422232e+00 9.756500e+00 1.025791e+02 1.071466e-03 1.111735e+01
 9.691322e-04 7.487965e+00 2.118407e+00 2.428380e+00 9.756200e+00 1.009634e+02 1.074431e-03 1.112123e+01
 9.713581e-04 7.482181e+00 2.123020e+00 2.434517e+00 9.755800e+00 9.936693e+01 1.077407e-03 1.112499e+01
 9.735891e-04 7.476410e+00 2.127622e+00 2.440642e+00 9.755400e+00 9.779781e+01 1.080393e-03 1.112876e+01
 9.758253e-04 7.470651e+00 2.132210e+00 2.446756e+00 9.755000e+00 9.626358e+01 1.083389e-03 1.113254e+01
 9.780666e-04 7.464904e+00 2.136786e+00 2.452857e+00 9.754600e+00 9.474752e+01 1.086395e-03 1.113634e+01
 9.803130e-04 7.459067e+00 2.141349e+00 2.458947e+00 9.754100e+00 9.327299e+01 1.089413e-03 1.114001e+01
 9.825646e-04 7.453242e+00 2.145899e+00 2.465025e+00 9.753600e+00 9.181571e+01 1.092440e-03 1.114370e+01
 9.848213e-04 7.447430e+00 2.150436e+00 2.471090e+00 9.753100e+00 9.037558e+01 1.095479e-03 1.114740e+01
 9.870833e-04 7.441529e+00 2.154960e+00 2.477144e+00 9.752500e+00 8.897495e+01 1.098527e-03 1.115098e+01
 9.893504e-04 7.435640e+00 2.159471e+00 2.483185e+00 9.751900e+00 8.759060e+01 1.101587e-03 1.115457e+01
 9.916228e-04 7.429764e+00 2.163968e+00 2.489213e+00 9.751300e+00 8.622244e+01 1.104658e-03 1.115817e+01
 9.939003e-04 7.423901e+00 2.168453e+00 2.495229e+00 9.750700e+00 8.489186e+01 1.107739e-03 1.116179e+01
 9.961831e-04 7.417948e+00 2.172924e+00 2.501232e+00 9.750000e+00 8.357665e+01 1.110831e-03 1.116528e+01
 9.984712e-04 7.412009e+00 2.177382e+00 2.507223e+00 9.749300e+00 8.229062e+01 1.113934e-03 1.116879e+01
 1.000764e-03 7.405980e+00 2.181826e+00 2.513200e+00 9.748500e+00 8.102625e+01 1.117048e-03 1.117217e+01
 1.003063e-03 7.400067e+00 2.186257e+00 2.519164e+00 9.747800e+00 7.977638e+01 1.120172e-03 1.117570e+01
 1.005367e-03 7.394065e+00 2.190674e+00 2.525115e+00 9.747000e+00 7.854759e+01 1.123308e-03 1.117910e+01
 1.007676e-03 7.387974e+00 2.195078e+00 2.531053e+00 9.746100e+00 7.734609e+01 1.126455e-03 1.118239e+01
 1.009990e-03 7.381999e+00 2.199468e+00 2.536977e+00 9.745300e+00 7.617123e+01 1.129614e-03 1.118582e+01
 1.012310e-03 7.375935e+00 2.203844e+00 2.542888e+00 9.744400e+00 7.500324e+01 1.132783e-03 1.118913e+01
 1.014635e-03 7.369885e+00 2.208206e+00 2.548785e+00 9.743500e+00 7.386118e+01 1.135964e-03 1.119245e+01
 1.016966e-03 7.363746e+00 2.212555e+00 2.554669e+00 9.742500e+00 7.274446e+01 1.139156e-03 1.119564e+01
 1.019301e-03 7.357723e+00 2.216889e+00 2.560538e+00 9.741600e+00 7.163413e+01 1.142359e-03 1.119898e+01
 1.021643e-03 7.351612e+00 2.221209e+00 2.566394e+00 9.740600e+00 7.054847e+01 1.145574e-03 1.120220e+01
 1.023989e-03 7.345413e+00 2.225515e+00 2.572235e+00 9.739500e+00 6.948691e+01 1.148800e-03 1.120530e+01
 1.026341e-03 7.339330e+00 2.229807e+00 2.578062e+00 9.738500e+00 6.843128e+01 1.152038e-03 1.120854e+01
 1.028698e-03 7.333158e+00 2.234085e+00 2.583875e+00 9.737400e+00 6.739913e+01 1.155287e-03 1.121166e+01
 1.031061e-03 7.326899e+00 2.238349e+00 2.589673e+00 9.736200e+00 6.638989e+01 1.158548e-03 1.121465e+01
 1.033429e-03 7.320756e+00 2.242598e+00 2.595456e+00 9.735100e+00 6.539741e+01 1.161821e-03 1.121780e+01
 1.035803e-03 7.314526e+00 2.246832e+00 2.601225e+00 9.733900e+00 6.441587e+01 1.165106e-03 1.122081e+01
 1.038182e-03 7.308310e+00 2.251052e+00 2.606979e+00 9.732700e+00 6.345068e+01 1.168402e-03 1.122384e+01
 1.040566e-03 7.302108e+00 2.255258e+00 2.612719e+00 9.731500e+00 6.250692e+01 1.171710e-03 1.122688e+01
 1.042956e-03 7.295819e+00 2.259449e+00 2.618443e+00 9.730200e+00 6.157350e+01 1.175030e-03 1.122980e+01
 1.045352e-03 7.289544e+00 2.263625e+00 2.624152e+00 9.728900e+00 6.066082e+01 1.178362e-03 1.123272e+01
 1.047753e-03 7.283284e+00 2.267786e+00 2.629845e+00 9.727600e+00 5.976325e+01 1.181706e-03 1.123566e+01
 1.050159e-03 7.277039e+00 2.271933e+00 2.635524e+00 9.726300e+00 5.887542e+01 1.185063e-03 1.123861e+01
 1.052571e-03 7.270707e+00 2.276065e+00 2.641187e+00 9.724900e+00 5.800232e+01 1.188431e-03 1.124143e+01
 1.054989e-03 7.264390e+00 2.280182e+00 2.646834e+00 9.723500e+00 5.714866e+01 1.191812e-03 1.124427e+01
 1.057412e-03 7.257985e+00 2.284284e+00 2.652465e+00 9.722000e+00 5.630419e+01 1.195205e-03 1.124697e+01
 1.059841e-03 7.251698e+00 2.288370e+00 2.658081e+00 9.720600e+00 5.547853e+01 1.198610e-03 1.124983e+01
 1.062275e-03 7.245324e+00 2.292442e+00 2.663681e+00 9.719100e+00 5.466648e+01 1.202027e-03 1.125256e+01
 1.064715e-03 7.238965e+00 2.296499e+00 2.669264e+00 9.717600e+00 5.386312e+01 1.205457e-03 1.125530e+01
 1.067160e-03 7.232519e+00 2.300540e+00 2.674832e+00 9.716000e+00 5.307304e+01 1.208900e-03 1.125792e+01
 1.069611e-03 7.226089e+00 2.304566e+00 2.680383e+00 9.714400e+00 5.230058e+01 1.212355e-03 1.126054e+01
 1.072068e-03 7.219674e+00 2.308577e+00 2.685918e+00 9.712800e+00 5.154531e+01 1.215823e-03 1.126318e+01
 1.074530e-03 7.213276e+00 2.312572e+00 2.691437e+00 9.711200e+00 5.079354e+01 1.219304e-03 1.126582e+01
 1.076998e-03 7.206790e+00 2.316552e+00 2.696938e+00 9.709500e+00 5.005417e+01 1.222797e-03 1.126834e+01
 1.079472e-03 7.200422e+00 2.320516e+00 2.702424e+00 9.707900e+00 4.933130e+01 1.226303e-03 1.127101e+01
 1.081951e-03 7.193866e+00 2.324465e+00 2.707892e+00 9.706100e+00 4.862029e+01 1.229822e-03 1.127341e+01
 1.084436e-03 7.187428e+00 2.328399e+00 2.713343e+00 9.704400e+00 4.792094e+01 1.233354e-03 1.127596e+01
 1.086927e-03 7.180903e+00 2.332316e+00 2.718778e+00 9.702600e+00 4.722890e+01 1.236899e-03 1.127839e+01
 1.089423e-03 7.174395e+00 2.336218e+00 2.724195e+00 9.700800e+00 4.654825e+01 1.240457e-03 1.128082e+01
 1.091926e-03 7.167902e+00 2.340104e+00 2.729595e+00 9.699000e+00 4.588282e+01 1.244028e-03 1.128327e+01
 1.094434e-03 7.161324e+00 2.343975e+00 2.734978e+00 9.697100e+00 4.522429e+01 1.247613e-03 1.128558e+01
 1.096947e-03 7.154864e+00 2.347829e+00 2.740343e+00 9.695300e+00 4.458051e+01 1.251210e-03 1.128805e+01
 1.099467e-03 7.148318e+00 2.351668e+00 2.745691e+00 9.693400e+00 4.394724e+01 1.254821e-03 1.129038e+01
 1.101992e-03 7.141686e+00 2.355490e+00 2.751021e+00 9.691400e+00 4.332050e+01 1.258446e-03 1.129259e+01
 1.104523e-03 7.135173e+00 2.359297e+00 2.756333e+00 9.689500e+00 4.270402e+01 1.262083e-03 1.129495e+01
 1.107060e-03 7.128575e+00 2.363087e+00 2.761628e+00 9.687500e+00 4.209765e+01 1.265735e-03 1.129717e+01
 1.109603e-03 7.121992e+00 2.366862e+00 2.766904e+00 9.685500e+00 4.150488e+01 1.269400e-03 1.129941e+01
 1.112151e-03 7.115324e+00 2.370620e+00 2.772163e+00 9.683400e+00 4.091451e+01 1.273079e-03 1.130152e+01
 1.114706e-03 7.108776e+00 2.374362e+00 2.777403e+00 9.681400e+00 4.034099e+01 1.276771e-03 1.130378e+01
 1.117266e-03 7.102142e+00 2.378088e+00 2.782625e+00 9.679300e+00 3.977328e+01 1.280477e-03 1.130591e+01
 1.119832e-03 7.095421e+00 2.381798e+00 2.787829e+00 9.677100e+00 3.921833e+01 1.284197e-03 1.130790e+01
 1.122404e-03 7.088821e+00 2.385491e+00 2.793014e+00 9.675000e+00 3.866552e+01 1.287931e-03 1.131005e+01
 1.124982e-03 7.082135e+00 2.389168e+00 2.798181e+00 9.672800e+00 3.812517e+01 1.291679e-03 1.131207e+01
 1.127566e-03 7.075466e+00 2.392828e+00 2.803329e+00 9.670600e+00 3.759698e+01 1.295442e-03 1.131410e+01
 1.130156e-03 7.068815e+00 2.396472e+00 2.808458e+00 9.668400e+00 3.707075e+01 1.299218e-03 1.131613e+01
 1.132751e-03 7.062078e+00 2.400099e+00 2.813568e+00 9.666100e+00 3.655639e+01 1.303008e-03 1.131804e+01
 1.135353e-03 7.055461e+00 2.403710e+00 2.818660e+00 9.663900e+00 3.604719e+01 1.306813e-03 1.132009e+01
 1.137961e-03 7.048759e+00 2.407305e+00 2.823732e+00 9.661600e+00 3.554948e+01 1.310633e-03 1.132202e+01
 1.140574e-03 7.041971e+00 2.410882e+00 2.828786e+00 9.659200e+00 3.505987e+01 1.314466e-03 1.132381e+01
 1.143194e-03 7.035304e+00 2.414443e+00 2.833820e+00 9.656900e+00 3.457513e+01 1.318314e-03 1.132575e+01
 1.145820e-03 7.028551e+00 2.417987e+00 2.838834e+00 9.654500e+00 3.409828e+01 1.322177e-03 1.132756e+01
 1.148452e-03 7.021817e+00 2.421515e+00 2.843830e+00 9.652100e+00 3.363224e+01 1.326054e-03 1.132939e+01
 1.151089e-03 7.014997e+00 2.425026e+00 2.848805e+00 9.649600e+00 3.317078e+01 1.329947e-03 1.133107e+01
 1.153733e-03 7.008298e+00 2.428519e+00 2.853761e+00 9.647200e+00 3.271978e+01 1.333854e-03 1.133291e+01
 1.156383e-03 7.001513e+00 2.431996e+00 2.858698e+00 9.644700e+00 3.227028e+01 1.337775e-03 1.133462e+01
 1.159039e-03 6.994747e+00 2.435456e+00 2.863614e+00 9.642200e+00 3.183099e+01 1.341712e-03 1.133634e+01
 1.161701e-03 6.987896e+00 2.438899e+00 2.868511e+00 9.639600e+00 3.140168e+01 1.345664e-03 1.133792e+01
 1.164369e-03 6.981166e+00 2.442326e+00 2.873388e+00 9.637100e+00 3.097373e+01 1.349631e-03 1.133965e+01
 1.167044e-03 6.974350e+00 2.445735e+00 2.878245e+00 9.634500e+00 3.055552e+01 1.353613e-03 1.134125e+01
 1.169724e-03 6.967553e+00 2.449127e+00 2.883081e+00 9.631900e+00 3.014137e+01 1.357610e-03 1.134286e+01
 1.172411e-03 6.960672e+00 2.452502e+00 2.887898e+00 9.629200e+00 2.973666e+01 1.361623e-03 1.134434e+01
 1.175104e-03 6.953911e+00 2.455860e+00 2.892694e+00 9.626600e+00 2.933852e+01 1.365651e-03 1.134596e+01
 1.177803e-03 6.947066e+00 2.459200e+00 2.897469e+00 9.623900e+00 2.894421e+01 1.369695e-03 1.134746e+01
 1.180508e-03 6.940239e+00 2.462524e+00 2.902224e+00 9.621200e+00 2.855372e+01 1.373754e-03 1.134896e+01
 1.183219e-03 6.933431e+00 2.465830e+00 2.906959e+00 9.618500e+00 2.817473e+01 1.377829e-03 1.135047e+01
 1.185937e-03 6.926538e+00 2.469119e+00 2.911672e+00 9.615700e+00 2.779429e+01 1.381919e-03 1.135184e+01
 1.188661e-03 6.919663e+00 2.472391e+00 2.916365e+00 9.612900e+00 2.742756e+01 1.386026e-03 1.135323e+01
 1.191391e-03 6.912808e+00 2.475645e+00 2.921037e+00 9.610100e+00 2.706184e+01 1.390148e-03 1.135462e+01
 1.194127e-03 6.905971e+00 2.478882e+00 2.925689e+00 9.607300e+00 2.670451e+01 1.394286e-03 1.135602e+01
 1.196870e-03 6.899049e+00 2.482102e+00 2.930319e+00 9.604400e+00 2.635057e+01 1.398441e-03 1.135728e+01
 1.199619e-03 6.892146e+00 2.485304e+00 2.934928e+00 9.601500e+00 2.600002e+01 1.402611e-03 1.135856e+01
 1.202374e-03 6.885262e+00 2.488489e+00 2.939516e+00 9.598600e+00 2.565988e+01 1.406798e-03 1.135984e+01
 1.205136e-03 6.878397e+00 2.491657e+00 2.944083e+00 9.595700e+00 2.532294e+01 1.411001e-03 1.136113e+01
 1.207904e-03 6.871447e+00 2.494807e+00 2.948628e+00 9.592700e+00 2.498919e+01 1.415220e-03 1.136228e+01
 1.210678e-03 6.864620e+00 2.497939e+00 2.953152e+00 9.589800e+00 2.466313e+01 1.419456e-03 1.136358e+01
 1.213459e-03 6.857708e+00 2.501054e+00 2.957654e+00 9.586800e+00 2.434238e+01 1.423708e-03 1.136475e+01
 1.216246e-03 6.850712e+00 2.504151e+00 2.962135e+00 9.583700e+00 2.402463e+01 1.427977e-03 1.136579e+01
 1.219039e-03 6.843839e+00 2.507231e+00 2.966594e+00 9.580700e+00 2.370987e+01 1.432263e-03 1.136697e+01
 1.221839e-03 6.836881e+00 2.510293e+00 2.971032e+00 9.577600e+00 2.340455e+01 1.436566e-03 1.136802e+01
 1.224645e-03 6.829943e+00 2.513338e+00 2.975447e+00 9.574500e+00 2.309782e+01 1.440885e-03 1.136907e+01
 1.227458e-03 6.823023e+00 2.516365e+00 2.979841e+00 9.571400e+00 2.280240e+01 1.445222e-03 1.137013e+01
 1.230278e-03 6.816124e+00 2.519374e+00 2.984213e+00 9.568300e+00 2.250762e+01 1.449575e-03 1.137120e+01
 1.233103e-03 6.809139e+00 2.522365e+00 2.988563e+00 9.565100e+00 2.221765e+01 1.453946e-03 1.137214e+01
 1.235935e-03 6.802175e+00 2.525339e+00 2.992891e+00 9.561900e+00 2.193241e+01 1.458334e-03 1.137308e+01
 1.238774e-03 6.795229e+00 2.528295e+00 2.997196e+00 9.558700e+00 2.164981e+01 1.462739e-03 1.137402e+01
 1.241619e-03 6.788304e+00 2.531234e+00 3.001479e+00 9.555500e+00 2.137184e+01 1.467162e-03 1.137498e+01
 1.244471e-03 6.781294e+00 2.534154e+00 3.005740e+00 9.552200e+00 2.110035e+01 1.471602e-03 1.137579e+01
 1.247329e-03 6.774303e+00 2.537057e+00 3.009979e+00 9.548900e+00 2.083136e+01 1.476060e-03 1.137662e+01
 1.250194e-03 6.767333e+00 2.539942e+00 3.014195e+00 9.545600e+00 2.056867e+01 1.480536e-03 1.137745e+01
 1.253066e-03 6.760382e+00 2.542809e+00 3.018389e+00 9.542300e+00 2.030648e+01 1.485029e-03 1.137828e+01
 1.255944e-03 6.753450e+00 2.545658e+00 3.022560e+00 9.539000e+00 2.005045e+01 1.489541e-03 1.137913e+01
 1.258828e-03 6.746435e+00 2.548490e+00 3.026708e+00 9.535600e+00 1.979675e+01 1.494070e-03 1.137983e+01
 1.261720e-03 6.739439e+00 2.551304e+00 3.030834e+00 9.532200e+00 1.954902e+01 1.498617e-03 1.138054e+01
 1.264618e-03 6.732463e+00 2.554099e+00 3.034937e+00 9.528800e+00 1.930174e+01 1.503183e-03 1.138126e+01
 1.267522e-03 6.725507e+00 2.556877e+00 3.039017e+00 9.525400e+00 1.906029e+01 1.507767e-03 1.138199e+01
 1.270433e-03 6.718467e+00 2.559637e+00 3.043074e+00 9.521900e+00 1.882103e+01 1.512369e-03 1.138257e+01
 1.273351e-03 6.711447e+00 2.562379e+00 3.047108e+00 9.518400e+00 1.858742e+01 1.516990e-03 1.138316e+01
 1.276276e-03 6.704447e+00 2.565103e+00 3.051119e+00 9.514900e+00 1.835421e+01 1.521629e-03 1.138376e+01
 1.279207e-03 6.697466e+00 2.567809e+00 3.055107e+00 9.511400e+00 1.812651e+01 1.526287e-03 1.138436e+01
 1.282146e-03 6.690506e+00 2.570497e+00 3.059072e+00 9.507900e+00 1.790089e+01 1.530964e-03 1.138497e+01
 1.285090e-03 6.683462e+00 2.573167e+00 3.063014e+00 9.504300e+00 1.768061e+01 1.535659e-03 1.138544e+01
 1.288042e-03 6.676438e+00 2.575820e+00 3.066932e+00 9.500700e+00 1.746068e+01 1.540374e-03 1.138592e+01
 1.291000e-03 6.669434e+00 2.578454e+00 3.070827e+00 9.497100e+00 1.724598e+01 1.545107e-03 1.138640e+01
 1.293966e-03 6.662450e+00 2.581070e+00 3.074699e+00 9.493500e+00 1.703320e+01 1.549860e-03 1.138688e+01
 1.296938e-03 6.655382e+00 2.583668e+00 3.078547e+00 9.489800e+00 1.682551e+01 1.554632e-03 1.138723e+01
 1.299916e-03 6.648438e+00 2.586248e+00 3.082371e+00 9.486200e+00 1.661810e+01 1.559423e-03 1.138773e+01
 1.302902e-03 6.641411e+00 2.588811e+00 3.086173e+00 9.482500e+00 1.641567e+01 1.564234e-03 1.138809e+01
 1.305895e-03 6.634404e+00 2.591355e+00 3.089950e+00 9.478800e+00 1.621503e+01 1.569065e-03 1.138845e+01
 1.308894e-03 6.627417e+00 2.593881e+00 3.093704e+00 9.475100e+00 1.601921e+01 1.573915e-03 1.138882e+01
 1.311900e-03 6.620346e+00 2.596389e+00 3.097434e+00 9.471300e+00 1.582661e+01 1.578785e-03 1.138904e+01
 1.314913e-03 6.613295e+00 2.598879e+00 3.101140e+00 9.467500e+00 1.563276e+01 1.583674e-03 1.138927e+01
 1.317933e-03 6.606265e+00 2.601351e+00 3.104823e+00 9.463700e+00 1.544358e+01 1.588584e-03 1.138951e+01
 1.320960e-03 6.599255e+00 2.603805e+00 3.108482e+00 9.459900e+00 1.525896e+01 1.593514e-03 1.138975e+01
 1.323994e-03 6.592266e+00 2.606241e+00 3.112116e+00 9.456100e+00 1.507454e+01 1.598464e-03 1.139000e+01
 1.327035e-03 6.585297e+00 2.608659e+00 3.115727e+00 9.452300e+00 1.489459e+01 1.603434e-03 1.139025e+01
 1.330083e-03 6.578244e+00 2.611059e+00 3.119314e+00 9.448400e+00 1.471622e+01 1.608425e-03 1.139036e+01
 1.333138e-03 6.571211e+00 2.613440e+00 3.122877e+00 9.444500e+00 1.454218e+01 1.613436e-03 1.139048e+01
 1.336200e-03 6.564199e+00 2.615804e+00 3.126415e+00 9.440600e+00 1.436829e+01 1.618468e-03 1.139060e+01
 1.339269e-03 6.557208e+00 2.618150e+00 3.129930e+00 9.436700e+00 1.419729e+01 1.623521e-03 1.139072e+01
 1.342345e-03 6.550132e+00 2.620477e+00 3.133420e+00 9.432700e+00 1.402913e+01 1.628594e-03 1.139070e+01
 1.345428e-03 6.543077e+00 2.622787e+00 3.136886e+00 9.428700e+00 1.386245e+01 1.633689e-03 1.139069e+01
 1.348519e-03 6.536147e+00 2.625079e+00 3.140328e+00 9.424800e+00 1.369854e+01 1.638804e-03 1.139083e+01
 1.351616e-03 6.529133e+00 2.627352e+00 3.143745e+00 9.420800e+00 1.353865e+01 1.643941e-03 1.139082e+01
 1.354720e-03 6.522036e+00 2.629608e+00 3.147138e+00 9.416700e+00 1.337887e+01 1.649099e-03 1.139067e+01
 1.357832e-03 6.515063e+00 2.631845e+00 3.150507e+00 9.412700e+00 1.322302e+01 1.654279e-03 1.139067e+01
 1.360951e-03 6.508006e+00 2.634064e+00 3.153851e+00 9.408600e+00 1.306727e+01 1.659480e-03 1.139053e+01
 1.364076e-03 6.500970e+00 2.636266e+00 3.157171e+00 9.404500e+00 1.291537e+01 1.664702e-03 1.139039e+01
 1.367209e-03 6.493955e+00 2.638449e+00 3.160466e+00 9.400400e+00 1.276599e+01 1.669947e-03 1.139026e+01
 1.370350e-03 6.486960e+00 2.640614e+00 3.163737e+00 9.396300e+00 1.261791e+01 1.675213e-03 1.139013e+01
 1.373497e-03 6.479986e+00 2.642762e+00 3.166983e+00 9.392200e+00 1.247111e+01 1.680502e-03 1.139000e+01
 1.376652e-03 6.472928e+00 2.644891e+00 3.170204e+00 9.388000e+00 1.232678e+01 1.685812e-03 1.138973e+01
 1.379814e-03 6.465995e+00 2.647002e+00 3.173401e+00 9.383900e+00 1.218487e+01 1.691145e-03 1.138961e+01
 1.382983e-03 6.458978e+00 2.649096e+00 3.176573e+00 9.379700e+00 1.204535e+01 1.696500e-03 1.138935e+01
 1.386159e-03 6.451982e+00 2.651171e+00 3.179720e+00 9.375500e+00 1.190702e+01 1.701878e-03 1.138909e+01
 1.389343e-03 6.444902e+00 2.653228e+00 3.182843e+00 9.371200e+00 1.177103e+01 1.707278e-03 1.138868e+01
 1.392534e-03 6.437947e+00 2.655268e+00 3.185941e+00 9.367000e+00 1.163732e+01 1.712701e-03 1.138843e+01
 1.395732e-03 6.430909e+00 2.657289e+00 3.189014e+00 9.362700e+00 1.150365e+01 1.718147e-03 1.138803e+01
 1.398938e-03 6.423891e+00 2.659293e+00 3.192062e+00 9.358400e+00 1.137334e+01 1.723616e-03 1.138764e+01
 1.402151e-03 6.416998e+00 2.661279e+00 3.195086e+00 9.354200e+00 1.124415e+01 1.729108e-03 1.138740e+01
 1.405372e-03 6.409917e+00 2.663246e+00 3.198084e+00 9.349800e+00 1.111821e+01 1.734623e-03 1.138685e+01
 1.408600e-03 6.402961e+00 2.665196e+00 3.201058e+00 9.345500e+00 1.099229e+01 1.740162e-03 1.138647e+01
 1.411835e-03 6.396025e+00 2.667128e+00 3.204006e+00 9.341200e+00 1.086850e+01 1.745724e-03 1.138609e+01
 1.415078e-03 6.389006e+00 2.669042e+00 3.206930e+00 9.336800e+00 1.074681e+01 1.751310e-03 1.138556e+01
 1.418328e-03 6.382008e+00 2.670938e+00 3.209829e+00 9.332400e+00 1.062719e+01 1.756919e-03 1.138503e+01
 1.421585e-03 6.375030e+00 2.672817e+00 3.212702e+00 9.328000e+00 1.050757e+01 1.762553e-03 1.138450e+01
 1.424850e-03 6.368073e+00 2.674677e+00 3.215551e+00 9.323600e+00 1.039100e+01 1.768210e-03 1.138398e+01
 1.428123e-03 6.361136e+00 2.676520e+00 3.218374e+00 9.319200e+00 1.027641e+01 1.773891e-03 1.138346e+01
 1.431403e-03 6.354116e+00 2.678345e+00 3.221173e+00 9.314700e+00 1.016279e+01 1.779597e-03 1.138280e+01
 1.434691e-03 6.347116e+00 2.680152e+00 3.223946e+00 9.310200e+00 1.005014e+01 1.785328e-03 1.138213e+01
 1.437986e-03 6.340241e+00 2.681941e+00 3.226695e+00 9.305800e+00 9.939414e+00 1.791082e-03 1.138162e+01
 1.441289e-03 6.333283e+00 2.683713e+00 3.229418e+00 9.301300e+00 9.830588e+00 1.796862e-03 1.138096e+01
 1.444599e-03 6.326345e+00 2.685467e+00 3.232116e+00 9.296800e+00 9.721740e+00 1.802666e-03 1.138030e+01
 1.447917e-03 6.319323e+00 2.687203e+00 3.234788e+00 9.292200e+00 9.615698e+00 1.808495e-03 1.137949e+01
 1.451243e-03 6.312426e+00 2.688922e+00 3.237436e+00 9.287700e+00 9.510557e+00 1.814350e-03 1.137884e+01
 1.454576e-03 6.305446e+00 2.690623e+00 3.240059e+00 9.283100e+00 9.408138e+00 1.820229e-03 1.137804e+01
 1.457917e-03 6.298486e+00 2.692306e+00 3.242656e+00 9.278500e+00 9.304768e+00 1.826134e-03 1.137724e+01
 1.461265e-03 6.291651e+00 2.693971e+00 3.245228e+00 9.274000e+00 9.204973e+00 1.832065e-03 1.137659e+01
 1.464622e-03 6.284628e+00 2.695619e+00 3.247775e+00 9.269300e+00 9.104246e+00 1.838021e-03 1.137564e+01
 1.467986e-03 6.277729e+00 2.697250e+00 3.250296e+00 9.264700e+00 9.006139e+00 1.844003e-03 1.137485e+01
 1.471357e-03 6.270852e+00 2.698863e+00 3.252793e+00 9.260100e+00 8.910610e+00 1.850010e-03 1.137406e+01
 1.474737e-03 6.263890e+00 2.700458e+00 3.255264e+00 9.255400e+00 8.815006e+00 1.856044e-03 1.137311e+01
 1.478124e-03 6.257054e+00 2.702036e+00 3.257710e+00 9.250800e+00 8.721068e+00 1.862105e-03 1.137233e+01
 1.481519e-03 6.250133e+00 2.703596e+00 3.260130e+00 9.246100e+00 8.627078e+00 1.868191e-03 1.137139e+01
 1.484922e-03 6.243233e+00 2.705139e+00 3.262525e+00 9.241400e+00 8.535563e+00 1.874304e-03 1.137045e+01
 1.488332e-03 6.236353e+00 2.706664e+00 3.264895e+00 9.236700e+00 8.444820e+00 1.880444e-03 1.136951e+01
 1.491751e-03 6.229389e+00 2.708172e+00 3.267240e+00 9.231900e+00 8.356483e+00 1.886610e-03 1.136842e+01
 1.495177e-03 6.222551e+00 2.709663e+00 3.269560e+00 9.227200e+00 8.268069e+00 1.892804e-03 1.136749e+01
 1.498611e-03 6.215628e+00 2.711136e+00 3.271854e+00 9.222400e+00 8.181202e+00 1.899025e-03 1.136640e+01
 1.502053e-03 6.208830e+00 2.712592e+00 3.274123e+00 9.217700e+00 8.094276e+00 1.905273e-03 1.136547e+01
 1.505503e-03 6.201948e+00 2.714030e+00 3.276366e+00 9.212900e+00 8.009667e+00 1.911548e-03 1.136439e+01
 1.508961e-03 6.195087e+00 2.715452e+00 3.278585e+00 9.208100e+00 7.927327e+00 1.917851e-03 1.136330e+01
 1.512427e-03 6.188246e+00 2.716856e+00 3.280778e+00 9.203300e+00 7.844122e+00 1.924182e-03 1.136222e+01
 1.515900e-03 6.181425e+00 2.718242e+00 3.282945e+00 9.198500e+00 7.762393e+00 1.930540e-03 1.136114e+01
 1.519382e-03 6.174520e+00 2.719612e+00 3.285088e+00 9.193600e+00 7.682108e+00 1.936927e-03 1.135991e+01
 1.522872e-03 6.167740e+00 2.720964e+00 3.287205e+00 9.188800e+00 7.603245e+00 1.943341e-03 1.135883e+01
 1.526369e-03 6.160875e+00 2.722300e+00 3.289297e+00 9.183900e+00 7.525042e+00 1.949785e-03 1.135760e+01
 1.529875e-03 6.154031e+00 2.723618e+00 3.291363e+00 9.179000e+00 7.447497e+00 1.956256e-03 1.135636e+01
 1.533389e-03 6.147207e+00 2.724919e+00 3.293404e+00 9.174100e+00 7.371327e+00 1.962757e-03 1.135513e+01
 1.536911e-03 6.140404e+00 2.726203e+00 3.295421e+00 9.169200e+00 7.296524e+00 1.969286e-03 1.135390e+01
 1.540441e-03 6.133620e+00 2.727470e+00 3.297411e+00 9.164300e+00 7.221628e+00 1.975844e-03 1.135267e+01
 1.543979e-03 6.126857e+00 2.728720e+00 3.299377e+00 9.159400e+00 7.148070e+00 1.982431e-03 1.135144e+01
 1.547525e-03 6.120009e+00 2.729953e+00 3.301317e+00 9.154400e+00 7.075837e+00 1.989048e-03 1.135006e+01
 1.551080e-03 6.113287e+00 2.731169e+00 3.303232e+00 9.149500e+00 7.004204e+00 1.995694e-03 1.134883e+01
 1.554642e-03 6.106479e+00 2.732369e+00 3.305122e+00 9.144500e+00 6.933864e+00 2.002370e-03 1.134744e+01
 1.558213e-03 6.099692e+00 2.733551e+00 3.306987e+00 9.139500e+00 6.864790e+00 2.009076e-03 1.134606e+01
 1.561792e-03 6.092924e+00 2.734717e+00 3.308826e+00 9.134500e+00 6.795617e+00 2.015812e-03 1.134468e+01
 1.565379e-03 6.086177e+00 2.735865e+00 3.310640e+00 9.129500e+00 6.727694e+00 2.022578e-03 1.134329e+01
 1.568974e-03 6.079450e+00 2.736997e+00 3.312430e+00 9.124500e+00 6.661005e+00 2.029374e-03 1.134191e+01
 1.572578e-03 6.072638e+00 2.738113e+00 3.314194e+00 9.119400e+00 6.594869e+00 2.036201e-03 1.134037e+01
 1.576190e-03 6.065951e+00 2.739211e+00 3.315932e+00 9.114400e+00 6.529290e+00 2.043058e-03 1.133899e+01
 1.579810e-03 6.059179e+00 2.740293e+00 3.317646e+00 9.109300e+00 6.464260e+00 2.049946e-03 1.133744e+01
 1.583439e-03 6.052532e+00 2.741359e+00 3.319335e+00 9.104300e+00 6.400417e+00 2.056866e-03 1.133606e+01
 1.587075e-03 6.045800e+00 2.742408e+00 3.320998e+00 9.099200e+00 6.337748e+00 2.063816e-03 1.133452e+01
 1.590721e-03 6.039087e+00 2.743440e+00 3.322637e+00 9.094100e+00 6.276223e+00 2.070798e-03 1.133298e+01
 1.594374e-03 6.032395e+00 2.744456e+00 3.324250e+00 9.089000e+00 6.213972e+00 2.077812e-03 1.133144e+01
 1.598036e-03 6.025722e+00 2.745455e+00 3.325839e+00 9.083900e+00 6.153476e+00 2.084857e-03 1.132989e+01
 1.601707e-03 6.019069e+00 2.746438e+00 3.327402e+00 9.078800e+00 6.094712e+00 2.091934e-03 1.132835e+01
 1.605385e-03 6.012331e+00 2.747404e+00 3.328940e+00 9.073600e+00 6.035221e+00 2.099044e-03 1.132665e+01
 1.609073e-03 6.005718e+00 2.748355e+00 3.330454e+00 9.068500e+00 5.976831e+00 2.106185e-03 1.132510e+01
 1.612768e-03 5.999019e+00 2.749289e+00 3.331942e+00 9.063300e+00 5.919523e+00 2.113360e-03 1.132340e+01
 1.616473e-03 5.992445e+00 2.750206e+00 3.333406e+00 9.058200e+00 5.862107e+00 2.120566e-03 1.132186e+01
 1.621728e-03 5.985786e+00 2.751107e+00 3.334844e+00 9.053000e+00 5.806409e+00 2.130816e-03 1.132015e+01
 1.629608e-03 5.979158e+00 2.751983e+00 3.336243e+00 9.047800e+00 5.751320e+00 2.146218e-03 1.131841e+01
 1.637527e-03 5.972672e+00 2.752830e+00 3.337597e+00 9.042700e+00 5.696936e+00 2.161729e-03 1.131680e+01
 1.645484e-03 5.966119e+00 2.753647e+00 3.338903e+00 9.037500e+00 5.644335e+00 2.177351e-03 1.131500e+01
 1.653480e-03 5.959711e+00 2.754431e+00 3.340159e+00 9.032400e+00 5.592311e+00 2.193084e-03 1.131334e+01
 1.661515e-03 5.953344e+00 2.755184e+00 3.341364e+00 9.027300e+00 5.541929e+00 2.208929e-03 1.131166e+01
 1.669589e-03 5.947020e+00 2.755903e+00 3.342516e+00 9.022200e+00 5.492022e+00 2.224888e-03 1.130996e+01
 1.677702e-03 5.940738e+00 2.756588e+00 3.343615e+00 9.017100e+00 5.443650e+00 2.240960e-03 1.130824e+01
 1.685854e-03 5.934499e+00 2.757239e+00 3.344661e+00 9.012000e+00 5.395672e+00 2.257147e-03 1.130650e+01
 1.694047e-03 5.928304e+00 2.757856e+00 3.345652e+00 9.006900e+00 5.349134e+00 2.273449e-03 1.130474e+01
 1.702278e-03 5.922152e+00 2.758439e+00 3.346588e+00 9.001800e+00 5.303991e+00 2.289867e-03 1.130297e+01
 1.710550e-03 5.916045e+00 2.758987e+00 3.347469e+00 8.996700e+00 5.258598e+00 2.306402e-03 1.130118e+01
 1.718862e-03 5.909981e+00 2.759501e+00 3.348295e+00 8.991600e+00 5.214534e+00 2.323055e-03 1.129939e+01
 1.727215e-03 5.903962e+00 2.759979e+00 3.349065e+00 8.986500e+00 5.171754e+00 2.339827e-03 1.129757e+01
 1.735608e-03 5.897988e+00 2.760423e+00 3.349781e+00 8.981400e+00 5.129697e+00 2.356718e-03 1.129575e+01
 1.744042e-03 5.892057e+00 2.760833e+00 3.350440e+00 8.976300e+00 5.088336e+00 2.373730e-03 1.129391e+01
 1.752517e-03 5.886171e+00 2.761208e+00 3.351045e+00 8.971200e+00 5.047649e+00 2.390863e-03 1.129207e+01
 1.761033e-03 5.880224e+00 2.761548e+00 3.351593e+00 8.966000e+00 5.007615e+00 2.408118e-03 1.129005e+01
 1.769590e-03 5.874426e+00 2.761854e+00 3.352087e+00 8.960900e+00 4.968711e+00 2.425496e-03 1.128818e+01
 1.778189e-03 5.868672e+00 2.762125e+00 3.352526e+00 8.955800e+00 4.930910e+00 2.442997e-03 1.128631e+01
 1.786830e-03 5.862962e+00 2.762363e+00 3.352910e+00 8.950700e+00 4.893184e+00 2.460624e-03 1.128442e+01
 1.795513e-03 5.857190e+00 2.762566e+00 3.353239e+00 8.945500e+00 4.856515e+00 2.478375e-03 1.128237e+01
 1.804238e-03 5.851567e+00 2.762736e+00 3.353513e+00 8.940400e+00 4.819899e+00 2.496254e-03 1.128047e+01
 1.813005e-03 5.845882e+00 2.762872e+00 3.353734e+00 8.935200e+00 4.784781e+00 2.514259e-03 1.127839e+01
 1.821815e-03 5.840345e+00 2.762975e+00 3.353900e+00 8.930100e+00 4.750166e+00 2.532393e-03 1.127648e+01
 1.830668e-03 5.834745e+00 2.763045e+00 3.354013e+00 8.924900e+00 4.716040e+00 2.550656e-03 1.127439e+01
 1.839564e-03 5.829188e+00 2.763081e+00 3.354073e+00 8.919700e+00 4.683337e+00 2.569049e-03 1.127230e+01
 1.848503e-03 5.823673e+00 2.763085e+00 3.354079e+00 8.914500e+00 4.650611e+00 2.587573e-03 1.127020e+01
 1.857485e-03 5.818200e+00 2.763057e+00 3.354033e+00 8.909300e+00 4.618795e+00 2.606229e-03 1.126809e+01
 1.866511e-03 5.812769e+00 2.762996e+00 3.353934e+00 8.904100e+00 4.586941e+00 2.625017e-03 1.126597e+01
 1.875581e-03 5.807379e+00 2.762903e+00 3.353784e+00 8.898900e+00 4.555969e+00 2.643940e-03 1.126385e+01
 1.884695e-03 5.802030e+00 2.762779e+00 3.353582e+00 8.893700e+00 4.525861e+00 2.662997e-03 1.126173e+01
 1.893854e-03 5.796722e+00 2.762623e+00 3.353328e+00 8.888500e+00 4.496145e+00 2.682190e-03 1.125959e+01
 1.903056e-03 5.791454e+00 2.762436e+00 3.353024e+00 8.883300e+00 4.467263e+00 2.701519e-03 1.125745e+01
 1.912304e-03 5.786120e+00 2.762218e+00 3.352670e+00 8.878000e+00 4.438294e+00 2.720986e-03 1.125515e+01
 1.921596e-03 5.780932e+00 2.761969e+00 3.352265e+00 8.872800e+00 4.410590e+00 2.740591e-03 1.125300e+01
 1.930934e-03 5.775678e+00 2.761690e+00 3.351811e+00 8.867500e+00 4.382780e+00 2.760336e-03 1.125068e+01
 1.940317e-03 5.770463e+00 2.761381e+00 3.351307e+00 8.862200e+00 4.355759e+00 2.780222e-03 1.124835e+01
 1.949746e-03 5.765392e+00 2.761042e+00 3.350755e+00 8.857000e+00 4.329511e+00 2.800249e-03 1.124618e+01
 1.959220e-03 5.760254e+00 2.760674e+00 3.350155e+00 8.851700e+00 4.303582e+00 2.820418e-03 1.124385e+01
 1.968741e-03 5.755154e+00 2.760276e+00 3.349506e+00 8.846400e+00 4.277965e+00 2.840731e-03 1.124151e+01
 1.978307e-03 5.750092e+00 2.759849e+00 3.348810e+00 8.841100e+00 4.252654e+00 2.861188e-03 1.123916e+01
 1.987921e-03 5.744961e+00 2.759394e+00 3.348067e+00 8.835700e+00 4.228077e+00 2.881791e-03 1.123664e+01
 1.997580e-03 5.739973e+00 2.758910e+00 3.347277e+00 8.830400e+00 4.204222e+00 2.902541e-03 1.123429e+01
 2.007287e-03 5.735022e+00 2.758398e+00 3.346441e+00 8.825100e+00 4.180221e+00 2.923438e-03 1.123192e+01
 2.017041e-03 5.730107e+00 2.757859e+00 3.345560e+00 8.819800e+00 4.157353e+00 2.944484e-03 1.122955e+01
 2.026843e-03 5.725122e+00 2.757291e+00 3.344633e+00 8.814400e+00 4.134330e+00 2.965679e-03 1.122702e+01
 2.036692e-03 5.720279e+00 2.756697e+00 3.343661e+00 8.809100e+00 4.111995e+00 2.987025e-03 1.122464e+01
 2.046589e-03 5.715365e+00 2.756075e+00 3.342645e+00 8.803700e+00 4.089920e+00 3.008523e-03 1.122209e+01
 2.056534e-03 5.710485e+00 2.755427e+00 3.341584e+00 8.798300e+00 4.068521e+00 3.030174e-03 1.121953e+01
 2.066527e-03 5.705641e+00 2.754753e+00 3.340481e+00 8.792900e+00 4.046952e+00 3.051979e-03 1.121697e+01
 2.076569e-03 5.700830e+00 2.754052e+00 3.339334e+00 8.787500e+00 4.026459e+00 3.073938e-03 1.121441e+01
 2.086660e-03 5.696053e+00 2.753325e+00 3.338144e+00 8.782100e+00 4.005794e+00 3.096054e-03 1.121184e+01
 2.096800e-03 5.691310e+00 2.752573e+00 3.336913e+00 8.776700e+00 3.985775e+00 3.118327e-03 1.120926e+01
 2.106989e-03 5.686599e+00 2.751796e+00 3.335639e+00 8.771300e+00 3.966399e+00 3.140759e-03 1.120668e+01
 2.117227e-03 5.681922e+00 2.750994e+00 3.334325e+00 8.765900e+00 3.947244e+00 3.163350e-03 1.120409e+01
 2.127515e-03 5.677277e+00 2.750167e+00 3.332969e+00 8.760500e+00 3.927505e+00 3.186101e-03 1.120149e+01
 2.137854e-03 5.672664e+00 2.749315e+00 3.331574e+00 8.755100e+00 3.909602e+00 3.209015e-03 1.119889e+01
 2.148242e-03 5.667976e+00 2.748440e+00 3.330138e+00 8.749600e+00 3.891110e+00 3.232091e-03 1.119612e+01
 2.158681e-03 5.663426e+00 2.747540e+00 3.328663e+00 8.744200e+00 3.872832e+00 3.255331e-03 1.119351e+01
 2.169171e-03 5.658801e+00 2.746617e+00 3.327148e+00 8.738700e+00 3.855165e+00 3.278736e-03 1.119073e+01
 2.179711e-03 5.654206e+00 2.745671e+00 3.325595e+00 8.733200e+00 3.838103e+00 3.302308e-03 1.118794e+01
 2.190303e-03 5.649748e+00 2.744702e+00 3.324004e+00 8.727800e+00 3.820848e+00 3.326047e-03 1.118531e+01
 2.200947e-03 5.645213e+00 2.743710e+00 3.322376e+00 8.722300e+00 3.804585e+00 3.349954e-03 1.118251e+01
 2.211642e-03 5.640708e+00 2.742695e+00 3.320710e+00 8.716800e+00 3.788124e+00 3.374032e-03 1.117970e+01
 2.222389e-03 5.636232e+00 2.741658e+00 3.319007e+00 8.711300e+00 3.772253e+00 3.398281e-03 1.117689e+01
 2.233188e-03 5.631892e+00 2.740600e+00 3.317267e+00 8.705900e+00 3.756573e+00 3.422702e-03 1.117423e+01
 2.244040e-03 5.627473e+00 2.739519e+00 3.315492e+00 8.700400e+00 3.741086e+00 3.447296e-03 1.117140e+01
 2.254945e-03 5.623083e+00 2.738417e+00 3.313681e+00 8.694900e+00 3.725789e+00 3.472065e-03 1.116857e+01
 2.265902e-03 5.618615e+00 2.737295e+00 3.311835e+00 8.689300e+00 3.710682e+00 3.497010e-03 1.116557e+01
 2.276913e-03 5.614280e+00 2.736151e+00 3.309954e+00 8.683800e+00 3.696146e+00 3.522132e-03 1.116272e+01
 2.287977e-03 5.609972e+00 2.734986e+00 3.308039e+00 8.678300e+00 3.681412e+00 3.547433e-03 1.115986e+01
 2.299095e-03 5.605691e+00 2.733801e+00 3.306091e+00 8.672800e+00 3.667623e+00 3.572913e-03 1.115700e+01
 2.310267e-03 5.601437e+00 2.732596e+00 3.304108e+00 8.667300e+00 3.653636e+00 3.598575e-03 1.115413e+01
 2.321493e-03 5.597103e+00 2.731372e+00 3.302093e+00 8.661700e+00 3.640207e+00 3.624418e-03 1.115109e+01
 2.332774e-03 5.592901e+00 2.730127e+00 3.300045e+00 8.656200e+00 3.626579e+00 3.650445e-03 1.114821e+01
 2.344110e-03 5.588724e+00 2.728863e+00 3.297966e+00 8.650700e+00 3.613506e+00 3.676657e-03 1.114532e+01
 2.355501e-03 5.584466e+00 2.727581e+00 3.295854e+00 8.645100e+00 3.600982e+00 3.703055e-03 1.114225e+01
 2.366947e-03 5.580340e+00 2.726279e+00 3.293711e+00 8.639600e+00 3.587887e+00 3.729640e-03 1.113935e+01
 2.378448e-03 5.576132e+00 2.724959e+00 3.291537e+00 8.634000e+00 3.575711e+00 3.756414e-03 1.113627e+01
 2.390006e-03 5.572054e+00 2.723620e+00 3.289332e+00 8.628500e+00 3.563707e+00 3.783378e-03 1.113335e+01
 2.401620e-03 5.567894e+00 2.722263e+00 3.287098e+00 8.622900e+00 3.551874e+00 3.810534e-03 1.113025e+01
 2.413290e-03 5.563864e+00 2.720888e+00 3.284833e+00 8.617400e+00 3.540214e+00 3.837882e-03 1.112732e+01
 2.425017e-03 5.559751e+00 2.719496e+00 3.282540e+00 8.611800e+00 3.528724e+00 3.865425e-03 1.112421e+01
 2.436801e-03 5.555767e+00 2.718086e+00 3.280217e+00 8.606300e+00 3.517402e+00 3.893163e-03 1.112125e+01
 2.448642e-03 5.551699e+00 2.716659e+00 3.277866e+00 8.600700e+00 3.506981e+00 3.921097e-03 1.111812e+01
 2.460541e-03 5.547654e+00 2.715215e+00 3.275486e+00 8.595100e+00 3.495995e+00 3.949230e-03 1.111499e+01
 2.472497e-03 5.543738e+00 2.713755e+00 3.273079e+00 8.589600e+00 3.485179e+00 3.977563e-03 1.111201e+01
 2.484512e-03 5.539737e+00 2.712278e+00 3.270645e+00 8.584000e+00 3.474893e+00 4.006097e-03 1.110885e+01
 2.496585e-03 5.535757e+00 2.710785e+00 3.268184e+00 8.578400e+00 3.465135e+00 4.034833e-03 1.110569e+01
 2.508717e-03 5.531905e+00 2.709275e+00 3.265695e+00 8.572900e+00 3.454821e+00 4.063773e-03 1.110269e+01
 2.520907e-03 5.527967e+00 2.707750e+00 3.263181e+00 8.567300e+00 3.445033e+00 4.092918e-03 1.109951e+01
 2.533157e-03 5.524050e+00 2.706210e+00 3.260641e+00 8.561700e+00 3.435770e+00 4.122270e-03 1.109632e+01
 2.545467e-03 5.520153e+00 2.704654e+00 3.258076e+00 8.556100e+00 3.426313e+00 4.151831e-03 1.109312e+01
 2.557836e-03 5.516383e+00 2.703082e+00 3.255485e+00 8.550600e+00 3.417376e+00 4.181601e-03 1.109008e+01
 2.570265e-03 5.512526e+00 2.701496e+00 3.252869e+00 8.545000e+00 3.408249e+00 4.211582e-03 1.108686e+01
 2.582755e-03 5.508689e+00 2.699896e+00 3.250230e+00 8.539400e+00 3.399642e+00 4.241776e-03 1.108363e+01
 2.595306e-03 5.504871e+00 2.698280e+00 3.247566e+00 8.533800e+00 3.390844e+00 4.272184e-03 1.108040e+01
 2.607917e-03 5.501178e+00 2.696651e+00 3.244878e+00 8.528300e+00 3.382563e+00 4.302808e-03 1.107732e+01
 2.620590e-03 5.497397e+00 2.695007e+00 3.242167e+00 8.522700e+00 3.374098e+00 4.333648e-03 1.107406e+01
 2.633324e-03 5.493634e+00 2.693350e+00 3.239434e+00 8.517100e+00 3.366144e+00 4.364708e-03 1.107080e+01
 2.646120e-03 5.489997e+00 2.691679e+00 3.236677e+00 8.511600e+00 3.358006e+00 4.395988e-03 1.106768e+01
 2.658978e-03 5.486270e+00 2.689995e+00 3.233899e+00 8.506000e+00 3.350383e+00 4.427490e-03 1.106440e+01
 2.671899e-03 5.482561e+00 2.688297e+00 3.231099e+00 8.500400e+00 3.342574e+00 4.459215e-03 1.106110e+01
 2.684883e-03 5.478976e+00 2.686586e+00 3.228277e+00 8.494900e+00 3.335627e+00 4.491164e-03 1.105796e+01
 2.697929e-03 5.475301e+00 2.684863e+00 3.225433e+00 8.489300e+00 3.328496e+00 4.523341e-03 1.105464e+01
 2.711040e-03 5.471643e+00 2.683126e+00 3.222569e+00 8.483700e+00 3.321181e+00 4.555746e-03 1.105132e+01
 2.724213e-03 5.468108e+00 2.681378e+00 3.219685e+00 8.478200e+00 3.314380e+00 4.588380e-03 1.104814e+01
 2.737451e-03 5.464482e+00 2.679617e+00 3.216780e+00 8.472600e+00 3.307397e+00 4.621246e-03 1.104480e+01
 2.750753e-03 5.460979e+00 2.677844e+00 3.213855e+00 8.467100e+00 3.301270e+00 4.654344e-03 1.104160e+01
 2.764120e-03 5.457386e+00 2.676059e+00 3.210911e+00 8.461500e+00 3.294961e+00 4.687677e-03 1.103823e+01
 2.777552e-03 5.453914e+00 2.674263e+00 3.207948e+00 8.456000e+00 3.288476e+00 4.721247e-03 1.103502e+01
 2.791049e-03 5.450351e+00 2.672455e+00 3.204966e+00 8.450400e+00 3.282498e+00 4.755054e-03 1.103162e+01
 2.804611e-03 5.446909e+00 2.670636e+00 3.201965e+00 8.444900e+00 3.276345e+00 4.789101e-03 1.102838e+01
 2.818240e-03 5.443376e+00 2.668806e+00 3.198946e+00 8.439300e+00 3.270701e+00 4.823390e-03 1.102497e+01
 2.831935e-03 5.439963e+00 2.666964e+00 3.195909e+00 8.433800e+00 3.264883e+00 4.857921e-03 1.102171e+01
 2.845696e-03 5.436565e+00 2.665113e+00 3.192855e+00 8.428300e+00 3.259572e+00 4.892697e-03 1.101844e+01
 2.859524e-03 5.433180e+00 2.663250e+00 3.189783e+00 8.422800e+00 3.254089e+00 4.927719e-03 1.101515e+01
 2.873419e-03 5.429703e+00 2.661377e+00 3.186694e+00 8.417200e+00 3.249113e+00 4.962990e-03 1.101169e+01
 2.887382e-03 5.426346e+00 2.659494e+00 3.183589e+00 8.411700e+00 3.243966e+00 4.998510e-03 1.100838e+01
 2.901413e-03 5.423002e+00 2.657601e+00 3.180467e+00 8.406200e+00 3.238649e+00 5.034282e-03 1.100506e+01
 2.915512e-03 5.419671e+00 2.655698e+00 3.177329e+00 8.400700e+00 3.234178e+00 5.070308e-03 1.100173e+01
 2.929679e-03 5.416353e+00 2.653786e+00 3.174175e+00 8.395200e+00 3.229540e+00 5.106588e-03 1.099839e+01
 2.943915e-03 5.413048e+00 2.651864e+00 3.171006e+00 8.389700e+00 3.224732e+00 5.143126e-03 1.099503e+01
 2.958221e-03 5.409755e+00 2.649932e+00 3.167822e+00 8.384200e+00 3.220773e+00 5.179922e-03 1.099166e+01
 2.972596e-03 5.406474e+00 2.647992e+00 3.164622e+00 8.378700e+00 3.216308e+00 5.216980e-03 1.098828e+01
 2.987041e-03 5.403205e+00 2.646042e+00 3.161409e+00 8.373200e+00 3.212353e+00 5.254299e-03 1.098489e+01
 3.001556e-03 5.399947e+00 2.644084e+00 3.158180e+00 8.367700e+00 3.208234e+00 5.291883e-03 1.098149e+01
 3.016141e-03 5.396807e+00 2.642117e+00 3.154938e+00 8.362300e+00 3.204286e+00 5.329733e-03 1.097823e+01
 3.030797e-03 5.393573e+00 2.640142e+00 3.151682e+00 8.356800e+00 3.200515e+00 5.367851e-03 1.097480e+01
 3.045525e-03 5.390349e+00 2.638158e+00 3.148413e+00 8.351300e+00 3.196917e+00 5.406239e-03 1.097136e+01
 3.060324e-03 5.387242e+00 2.636166e+00 3.145130e+00 8.345900e+00 3.193491e+00 5.444899e-03 1.096807e+01
 3.075195e-03 5.384146e+00 2.634166e+00 3.141835e+00 8.340500e+00 3.190242e+00 5.483833e-03 1.096477e+01
 3.090139e-03 5.380954e+00 2.632158e+00 3.138527e+00 8.335000e+00 3.187168e+00 5.523042e-03 1.096129e+01
 3.105155e-03 5.377879e+00 2.630142e+00 3.135206e+00 8.329600e+00 3.183936e+00 5.562529e-03 1.095796e+01
 3.120244e-03 5.374813e+00 2.628119e+00 3.131874e+00 8.324200e+00 3.181216e+00 5.602295e-03 1.095461e+01
 3.135406e-03 5.371651e+00 2.626089e+00 3.128530e+00 8.318700e+00 3.178005e+00 5.642343e-03 1.095109e+01
 3.150642e-03 5.368605e+00 2.624051e+00 3.125174e+00 8.313300e+00 3.175306e+00 5.682675e-03 1.094772e+01
 3.165952e-03 5.365568e+00 2.622006e+00 3.121806e+00 8.307900e+00 3.173121e+00 5.723292e-03 1.094434e+01
 3.181336e-03 5.362540e+00 2.619955e+00 3.118428e+00 8.302500e+00 3.170446e+00 5.764196e-03 1.094095e+01
 3.196795e-03 5.359522e+00 2.617896e+00 3.115039e+00 8.297100e+00 3.167622e+00 5.805390e-03 1.093754e+01
 3.212329e-03 5.356618e+00 2.615831e+00 3.111639e+00 8.291800e+00 3.165644e+00 5.846876e-03 1.093428e+01
 3.227939e-03 5.353616e+00 2.613759e+00 3.108230e+00 8.286400e+00 3.163513e+00 5.888655e-03 1.093084e+01
 3.243625e-03 5.350623e+00 2.611681e+00 3.104810e+00 8.281000e+00 3.161234e+00 5.930730e-03 1.092739e+01
 3.259386e-03 5.347745e+00 2.609597e+00 3.101380e+00 8.275700e+00 3.159801e+00 5.973102e-03 1.092409e+01
 3.275225e-03 5.344768e+00 2.607507e+00 3.097941e+00 8.270300e+00 3.157889e+00 6.015775e-03 1.092062e+01
 3.291140e-03 5.341905e+00 2.605411e+00 3.094492e+00 8.265000e+00 3.156162e+00 6.058749e-03 1.091729e+01
 3.307133e-03 5.339050e+00 2.603309e+00 3.091035e+00 8.259700e+00 3.154619e+00 6.102028e-03 1.091395e+01
 3.323203e-03 5.336202e+00 2.601201e+00 3.087569e+00 8.254400e+00 3.153263e+00 6.145612e-03 1.091059e+01
 3.339352e-03 5.333361e+00 2.599088e+00 3.084094e+00 8.249100e+00 3.151430e+00 6.189505e-03 1.090722e+01
 3.355579e-03 5.330528e+00 2.596969e+00 3.080610e+00 8.243800e+00 3.150448e+00 6.233709e-03 1.090384e+01
 3.371885e-03 5.327701e+00 2.594846e+00 3.077119e+00 8.238500e+00 3.149322e+00 6.278225e-03 1.090044e+01
 3.388270e-03 5.324881e+00 2.592717e+00 3.073620e+00 8.233200e+00 3.148056e+00 6.323056e-03 1.089703e+01
 3.404734e-03 5.322067e+00 2.590583e+00 3.070113e+00 8.227900e+00 3.147308e+00 6.368205e-03 1.089361e+01
 3.421279e-03 5.319367e+00 2.588444e+00 3.066599e+00 8.222700e+00 3.146422e+00 6.413673e-03 1.089033e+01
 3.437904e-03 5.316566e+00 2.586301e+00 3.063078e+00 8.217400e+00 3.145395e+00 6.459462e-03 1.088687e+01
 3.454610e-03 5.313877e+00 2.584153e+00 3.059549e+00 8.212200e+00 3.145225e+00 6.505575e-03 1.088357e+01
 3.471397e-03 5.311088e+00 2.582001e+00 3.056014e+00 8.206900e+00 3.144583e+00 6.552014e-03 1.088008e+01
 3.488266e-03 5.308410e+00 2.579844e+00 3.052473e+00 8.201700e+00 3.144136e+00 6.598782e-03 1.087675e+01
 3.505216e-03 5.305739e+00 2.577683e+00 3.048925e+00 8.196500e+00 3.143884e+00 6.645881e-03 1.087340e+01
 3.522249e-03 5.303072e+00 2.575518e+00 3.045371e+00 8.191300e+00 3.143165e+00 6.693312e-03 1.087004e+01
 3.539365e-03 5.300411e+00 2.573349e+00 3.041811e+00 8.186100e+00 3.143304e+00 6.741079e-03 1.086666e+01
 3.556564e-03 5.297861e+00 2.571176e+00 3.038246e+00 8.181000e+00 3.143308e+00 6.789184e-03 1.086343e+01
 3.573846e-03 5.295209e+00 2.569000e+00 3.034675e+00 8.175800e+00 3.143181e+00 6.837629e-03 1.086002e+01
 3.591213e-03 5.292562e+00 2.566820e+00 3.031099e+00 8.170600e+00 3.143584e+00 6.886417e-03 1.085660e+01
 3.608663e-03 5.290026e+00 2.564636e+00 3.027518e+00 8.165500e+00 3.143854e+00 6.935549e-03 1.085332e+01
 3.626199e-03 5.287494e+00 2.562449e+00 3.023932e+00 8.160400e+00 3.143995e+00 6.985029e-03 1.085003e+01
 3.643820e-03 5.284966e+00 2.560259e+00 3.020342e+00 8.155300e+00 3.144335e+00 7.034858e-03 1.084673e+01
 3.661526e-03 5.282443e+00 2.558066e+00 3.016747e+00 8.150200e+00 3.145543e+00 7.085040e-03 1.084341e+01
 3.679319e-03 5.279923e+00 2.555870e+00 3.013148e+00 8.145100e+00 3.145627e+00 7.135577e-03 1.084007e+01
 3.697198e-03 5.277407e+00 2.553671e+00 3.009544e+00 8.140000e+00 3.146577e+00 7.186471e-03 1.083672e+01
 3.715164e-03 5.274894e+00 2.551469e+00 3.005938e+00 8.134900e+00 3.147401e+00 7.237724e-03 1.083336e+01
 3.733217e-03 5.272492e+00 2.549264e+00 3.002327e+00 8.129900e+00 3.148763e+00 7.289340e-03 1.083014e+01
 3.751358e-03 5.269986e+00 2.547057e+00 2.998713e+00 8.124800e+00 3.149335e+00 7.341320e-03 1.082674e+01
 3.769587e-03 5.267589e+00 2.544848e+00 2.995096e+00 8.119800e+00 3.150447e+00 7.393668e-03 1.082349e+01
 3.787904e-03 5.265196e+00 2.542636e+00 2.991475e+00 8.114800e+00 3.152099e+00 7.446386e-03 1.082023e+01
 3.806311e-03 5.262805e+00 2.540422e+00 2.987852e+00 8.109800e+00 3.153296e+00 7.499477e-03 1.081695e+01
 3.824807e-03 5.260417e+00 2.538206e+00 2.984226e+00 8.104800e+00 3.154702e+00 7.552943e-03 1.081365e+01
 3.843393e-03 5.258031e+00 2.535987e+00 2.980598e+00 8.099800e+00 3.156321e+00 7.606786e-03 1.081034e+01
 3.862069e-03 5.255648e+00 2.533767e+00 2.976967e+00 8.094800e+00 3.157485e+00 7.661010e-03 1.080702e+01
 3.880836e-03 5.253373e+00 2.531546e+00 2.973335e+00 8.089900e+00 3.159528e+00 7.715617e-03 1.080384e+01
 3.899695e-03 5.250994e+00 2.529322e+00 2.969700e+00 8.084900e+00 3.161451e+00 7.770610e-03 1.080048e+01
 3.918644e-03 5.248724e+00 2.527097e+00 2.966063e+00 8.080000e+00 3.162924e+00 7.825991e-03 1.079727e+01
 3.937686e-03 5.246455e+00 2.524870e+00 2.962425e+00 8.075100e+00 3.164944e+00 7.881764e-03 1.079405e+01
 3.956821e-03 5.244188e+00 2.522642e+00 2.958786e+00 8.070200e+00 3.166847e+00 7.937931e-03 1.079080e+01
 3.976048e-03 5.241922e+00 2.520413e+00 2.955145e+00 8.065300e+00 3.168967e+00 7.994494e-03 1.078755e+01
 3.995369e-03 5.239658e+00 2.518182e+00 2.951503e+00 8.060400e+00 3.171305e+00 8.051457e-03 1.078427e+01
 4.014784e-03 5.237501e+00 2.515951e+00 2.947860e+00 8.055600e+00 3.173863e+00 8.108823e-03 1.078115e+01
 4.034293e-03 5.235345e+00 2.513718e+00 2.944216e+00 8.050800e+00 3.176308e+00 8.166593e-03 1.077800e+01
 4.053897e-03 5.233085e+00 2.511485e+00 2.940572e+00 8.045900e+00 3.178638e+00 8.224772e-03 1.077468e+01
 4.073596e-03 5.230931e+00 2.509250e+00 2.936928e+00 8.041100e+00 3.181524e+00 8.283361e-03 1.077151e+01
 4.093391e-03 5.228778e+00 2.507015e+00 2.933283e+00 8.036300e+00 3.183963e+00 8.342365e-03 1.076832e+01
 4.113282e-03 5.226626e+00 2.504780e+00 2.929638e+00 8.031500e+00 3.186625e+00 8.401785e-03 1.076511e+01
 4.133270e-03 5.224580e+00 2.502544e+00 2.925993e+00 8.026800e+00 3.189513e+00 8.461625e-03 1.076205e+01
 4.153355e-03 5.222429e+00 2.500307e+00 2.922349e+00 8.022000e+00 3.192627e+00 8.521887e-03 1.075881e+01
 4.173537e-03 5.220384e+00 2.498070e+00 2.918704e+00 8.017300e+00 3.195291e+00 8.582575e-03 1.075572e+01
 4.193818e-03 5.218233e+00 2.495833e+00 2.915061e+00 8.012500e+00 3.198523e+00 8.643691e-03 1.075245e+01
 4.214197e-03 5.216188e+00 2.493596e+00 2.911417e+00 8.007800e+00 3.201645e+00 8.705239e-03 1.074932e+01
 4.234675e-03 5.214143e+00 2.491359e+00 2.907775e+00 8.003100e+00 3.205335e+00 8.767221e-03 1.074618e+01
 4.255252e-03 5.212204e+00 2.489122e+00 2.904134e+00 7.998500e+00 3.208578e+00 8.829641e-03 1.074318e+01
 4.275930e-03 5.210159e+00 2.486885e+00 2.900494e+00 7.993800e+00 3.212054e+00 8.892502e-03 1.074001e+01
 4.296708e-03 5.208219e+00 2.484648e+00 2.896855e+00 7.989200e+00 3.215763e+00 8.955806e-03 1.073698e+01
 4.317587e-03 5.206173e+00 2.482411e+00 2.893218e+00 7.984500e+00 3.219026e+00 9.019558e-03 1.073378e+01
 4.338568e-03 5.204232e+00 2.480175e+00 2.889582e+00 7.979900e+00 3.222863e+00 9.083759e-03 1.073072e+01
 4.359650e-03 5.202290e+00 2.477939e+00 2.885948e+00 7.975300e+00 3.226596e+00 9.148414e-03 1.072764e+01
 4.380835e-03 5.200347e+00 2.475704e+00 2.882316e+00 7.970700e+00 3.230223e+00 9.213525e-03 1.072455e+01
 4.402123e-03 5.198404e+00 2.473469e+00 2.878686e+00 7.966100e+00 3.234088e+00 9.279095e-03 1.072144e+01
 4.423514e-03 5.196565e+00 2.471235e+00 2.875058e+00 7.961600e+00 3.238190e+00 9.345128e-03 1.071847e+01
 4.445010e-03 5.194725e+00 2.469002e+00 2.871432e+00 7.957100e+00 3.242532e+00 9.411628e-03 1.071549e+01
 4.466609e-03 5.192777e+00 2.466770e+00 2.867809e+00 7.952500e+00 3.246775e+00 9.478597e-03 1.071233e+01
 4.488314e-03 5.190934e+00 2.464539e+00 2.864188e+00 7.948000e+00 3.250914e+00 9.546038e-03 1.070932e+01
 4.510124e-03 5.189196e+00 2.462308e+00 2.860570e+00 7.943600e+00 3.255639e+00 9.613955e-03 1.070645e+01
 4.532040e-03 5.187350e+00 2.460079e+00 2.856954e+00 7.939100e+00 3.259919e+00 9.682352e-03 1.070340e+01
 4.554063e-03 5.185502e+00 2.457851e+00 2.853342e+00 7.934600e+00 3.264446e+00 9.751231e-03 1.070034e+01
 4.576192e-03 5.183758e+00 2.455625e+00 2.849733e+00 7.930200e+00 3.269216e+00 9.820596e-03 1.069742e+01
 4.598430e-03 5.182013e+00 2.453400e+00 2.846127e+00 7.925800e+00 3.273543e+00 9.890451e-03 1.069449e+01
 4.620775e-03 5.180265e+00 2.451176e+00 2.842524e+00 7.921400e+00 3.278808e+00 9.960798e-03 1.069154e+01
 4.643229e-03 5.178515e+00 2.448953e+00 2.838925e+00 7.917000e+00 3.283283e+00 1.003164e-02 1.068857e+01
 4.665792e-03 5.176763e+00 2.446733e+00 2.835329e+00 7.912600e+00 3.288702e+00 1.010299e-02 1.068558e+01
 4.688464e-03 5.175114e+00 2.444514e+00 2.831738e+00 7.908300e+00 3.293675e+00 1.017483e-02 1.068274e+01
 4.711247e-03 5.173357e+00 2.442296e+00 2.828149e+00 7.903900e+00 3.298902e+00 1.024719e-02 1.067973e+01
 4.734140e-03 5.171703e+00 2.440081e+00 2.824565e+00 7.899600e+00 3.303684e+00 1.032005e-02 1.067685e+01
 4.757145e-03 5.170047e+00 2.437867e+00 2.820985e+00 7.895300e+00 3.309066e+00 1.039343e-02 1.067396e+01
 4.780261e-03 5.168388e+00 2.435655e+00 2.817410e+00 7.891000e+00 3.314353e+00 1.046732e-02 1.067106e+01
 4.803490e-03 5.166832e+00 2.433445e+00 2.813838e+00 7.886800e+00 3.320248e+00 1.054174e-02 1.066830e+01
 4.826832e-03 5.165167e+00 2.431238e+00 2.810271e+00 7.882500e+00 3.325697e+00 1.061668e-02 1.066536e+01
 4.850287e-03 5.163605e+00 2.429032e+00 2.806708e+00 7.878300e+00 3.331403e+00 1.069215e-02 1.066256e+01
 4.873856e-03 5.162040e+00 2.426829e+00 2.803151e+00 7.874100e+00 3.336666e+00 1.076816e-02 1.065975e+01
