# rho, p, epsilon
0 2.56e-11 6.553600000000001e-20 2.5600000065536002e-11
1 2.570015417781497e-11 6.604979247634602e-20 2.5700154243864762e-11
2 2.5800700186072635e-11 6.656761300916085e-20 2.5800700252640247e-11
3 2.5901639557720523e-11 6.708949317780727e-20 2.5901639624810018e-11
4 2.600297383170343e-11 6.761546480922533e-20 2.6002973899318896e-11
5 2.6104704552986935e-11 6.814555997987367e-20 2.610470462113249e-11
6 2.6206833272580934e-11 6.86798110176855e-20 2.620683334126074e-11
7 2.63093615475633e-11 6.921825050404023e-20 2.630936161678155e-11
8 2.641229094110373e-11 6.976091127575101e-20 2.641229101086464e-11
9 2.6515623022487137e-11 7.030782642706499e-20 2.6515623092794965e-11
10 2.6619359367138237e-11 7.085902931168502e-20 2.6619359437997265e-11
11 2.672350155664512e-11 7.141455354480141e-20 2.6723501628059674e-11
12 2.6828051178783482e-11 7.197443300514257e-20 2.6828051250757914e-11
13 2.6933009827540833e-11 7.25387018370411e-20 2.6933009900079535e-11
14 2.7038379103140798e-11 7.31073944525161e-20 2.7038379176248193e-11
15 2.7144160612067506e-11 7.36805455333717e-20 2.714416068574805e-11
16 2.7250355967090097e-11 7.42581900333123e-20 2.7250356041348292e-11
17 2.73569667872873e-11 7.484036318007405e-20 2.7356966862127665e-11
18 2.746399469807212e-11 7.542710047757336e-20 2.746399477349922e-11
19 2.7571441331216626e-11 7.601843770807204e-20 2.7571441407235064e-11
20 2.7679308324876817e-11 7.66144109343595e-20 2.767930840149123e-11
21 2.7787597323617607e-11 7.721505650195204e-20 2.7787597400832665e-11
22 2.7896309978437903e-11 7.782041104130941e-20 2.7896310056258316e-11
23 2.8005447946795877e-11 7.843051147006934e-20 2.800544802522639e-11
24 2.8115012892633788e-11 7.904539499529641e-20 2.8115012971679183e-11
25 2.822500648640403e-11 7.966509911575495e-20 2.822500656606913e-11
26 2.8335430405094154e-11 8.028966162419342e-20 2.8335430485383817e-11
27 2.844628633225254e-11 8.091912060964976e-20 2.844628641317166e-11
28 2.855757595801407e-11 8.155351445977431e-20 2.8557576039567583e-11
29 2.866930097912589e-11 8.219288186317088e-20 2.8669301061318773e-11
30 2.878146309897329e-11 8.283726181175611e-20 2.878146318181055e-11
31 2.8894064027605663e-11 8.348669360313757e-20 2.8894064111092356e-11
32 2.9007105481762582e-11 8.414121684301009e-20 2.9007105565903798e-11
33 2.912058918489997e-11 8.48008714475713e-20 2.912058926970084e-11
34 2.923451686721639e-11 8.546569764595595e-20 2.9234516952682085e-11
35 2.93488902656794e-11 8.61357359826891e-20 2.934889035181514e-11
36 2.946371112405206e-11 8.681102732015891e-20 2.946371121086309e-11
37 2.95789811929195e-11 8.749161284110853e-20 2.957898128041111e-11
38 2.969470222971573e-11 8.817753405114842e-20 2.969470231789326e-11
39 2.9810875998749975e-11 8.886883278128472e-20 2.981087608761881e-11
40 2.992750427123427e-11 8.956555119047453e-20 2.992750436079982e-11
41 3.0044588825309995e-11 9.026773176819421e-20 3.004458891557773e-11
42 3.016213144607511e-11 9.09754173370313e-20 3.0162131537050526e-11
43 3.0280133925611354e-11 9.168865105529597e-20 3.028013401730001e-11
44 3.0398598063011586e-11 9.240747641965318e-20 3.039859815541906e-11
45 3.05175256644072e-11 9.31319372677752e-20 3.0517525757539134e-11
46 3.063691854299568e-11 9.386207778101524e-20 3.0636918636857755e-11
47 3.075677851906822e-11 9.459794248710164e-20 3.075677861366617e-11
48 3.08771074200375e-11 9.533957626285348e-20 3.0877107515377076e-11
49 3.099790708046552e-11 9.608702433691746e-20 3.099790717655255e-11
50 3.1119179342091615e-11 9.684033229252615e-20 3.111917943893195e-11
51 3.124092605386048e-11 9.759954607027785e-20 3.1240926151460026e-11
52 3.136314907195039e-11 9.836471197093827e-20 3.13631491703151e-11
53 3.148585025980164e-11 9.913587665826508e-20 3.1485850358937515e-11
54 3.16090314881444e-11 9.991308716185045e-20 3.160903158805749e-11
55 3.173269463502806e-11 1.0069639087999388e-19 3.1732694735724455e-11
56 3.185684158584931e-11 1.014858355825898e-19 3.1856841687335144e-11
57 3.198147423338101e-11 1.0228146941404135e-19 3.198147433566248e-11
58 3.2106594477801085e-11 1.030833408961967e-19 3.210659458088442e-11
59 3.2232204226721476e-11 1.0389149893130818e-19 3.2232204330612976e-11
60 3.23583053952172e-11 1.0470599280501426e-19 3.2358305499923194e-11
61 3.248489990585559e-11 1.0552687218934564e-19 3.248490001138246e-11
62 3.261198968872557e-11 1.063541871457543e-19 3.261198979507976e-11
63 3.273957668146712e-11 1.0718798812816656e-19 3.273957678865511e-11
64 3.286766282930077e-11 1.0802832598605998e-19 3.28676629373291e-11
65 3.299625008505731e-11 1.0887525196756446e-19 3.299625019393256e-11
66 3.3125340409207514e-11 1.097288177225876e-19 3.312534051893633e-11
67 3.325493576989205e-11 1.1058907530596456e-19 3.3254935880481127e-11
68 3.3385038142951646e-11 1.1145607718063365e-19 3.3385038254407726e-11
69 3.351564951195664e-11 1.1232987622083195e-19 3.3515649624286514e-11
70 3.364677186823804e-11 1.1321052571532547e-19 3.364677198144856e-11
71 3.3778407210917346e-11 1.1409807937065531e-19 3.377840732501543e-11
72 3.391055754693718e-11 1.149925913144138e-19 3.391055766192977e-11
73 3.4043224891091856e-11 1.158941160985456e-19 3.404322500698597e-11
74 3.417641126605812e-11 1.1680270870267445e-19 3.417641138286083e-11
75 3.431011870242599e-11 1.1771842453745615e-19 3.431011882014441e-11
76 3.444434923872968e-11 1.1864131944795778e-19 3.4444349357371e-11
77 3.457910492147873e-11 1.1957144971706344e-19 3.457910504105018e-11
78 3.4714387805189164e-11 1.2050887206890661e-19 3.471438792569804e-11
79 3.485019995241486e-11 1.2145364367232966e-19 3.48502000738685e-11
80 3.4986543433778937e-11 1.2240582214436999e-19 3.498654355618476e-11
81 3.512342032800538e-11 1.2336546555377415e-19 3.5123420451370844e-11
82 3.526083272195069e-11 1.2433263242453885e-19 3.526083284628332e-11
83 3.539878271063588e-11 1.2530738173948139e-19 3.539878283594326e-11
84 3.553727239727781e-11 1.2628977294383232e-19 3.5537272523567584e-11
85 3.567630389332215e-11 1.2727986594886732e-19 3.567630402060202e-11
86 3.5815879318474945e-11 1.2827772113555613e-19 3.5815879446752667e-11
87 3.595600080073514e-11 1.292833993582466e-19 3.595600093001854e-11
88 3.609667047642698e-11 1.302969619483755e-19 3.609667060672394e-11
89 3.6237890490232576e-11 1.3131847071820886e-19 3.6237890621551047e-11
90 3.6379662995224655e-11 1.3234798796461182e-19 3.637966312757264e-11
91 3.6521990152899314e-11 1.3338557647284743e-19 3.652199028628489e-11
92 3.6664874133209045e-11 1.3443129952040618e-19 3.6664874267640344e-11
93 3.680831711459576e-11 1.3548522088086431e-19 3.6808317250080976e-11
94 3.695232128402404e-11 1.365474048277736e-19 3.695232142057144e-11
95 3.7096888837014465e-11 1.3761791613858086e-19 3.709688897463238e-11
96 3.72420219776771e-11 1.3869682009857842e-19 3.724202211637392e-11
97 3.7387722918745076e-11 1.397841825048856e-19 3.738772305852926e-11
98 3.753399388160835e-11 1.408800696704613e-19 3.753399402248842e-11
99 3.76808370963477e-11 1.419845484281493e-19 3.768083723833225e-11
100 3.782825480176815e-11 1.4309768613474953e-19 3.7828254944865835e-11
101 3.7976249245433975e-11 1.4421955067513245e-19 3.797624938965353e-11
102 3.8124822683702405e-11 1.4535021046637494e-19 3.812482282905262e-11
103 3.827397738175813e-11 1.464897344619333e-19 3.827397752824786e-11
104 3.842371561364788e-11 1.4763819215584878e-19 3.8423715761286074e-11
105 3.857403966231507e-11 1.4879565358698562e-19 3.8574039811110724e-11
106 3.8724951819634604e-11 1.4996218934330215e-19 3.8724951969596794e-11
107 3.8876454386447836e-11 1.5113787056615592e-19 3.887645453758571e-11
108 3.902854967259763e-11 1.5232276895464207e-19 3.90285498249204e-11
109 3.9181239996963594e-11 1.5351695676996597e-19 3.918124015048055e-11
110 3.933452768749741e-11 1.5472050683985005e-19 3.933452784221792e-11
111 3.948841508125836e-11 1.5593349256297526e-19 3.948841523719185e-11
112 3.964290452444893e-11 1.5715598791345734e-19 3.9642904681604917e-11
113 3.9797998372450745e-11 1.5838806744535923e-19 3.979799853083881e-11
114 3.9953698989859856e-11 1.5962980629723284e-19 3.995369914948966e-11
115 4.0110008750523726e-11 1.60881280196709e-19 4.0110008911405004e-11
116 4.0266930037576804e-11 1.621425654651105e-19 4.026693019971937e-11
117 4.042446524347701e-11 1.6341373902210806e-19 4.0424465406890744e-11
118 4.058261677004221e-11 1.646948783904111e-19 4.0582616934737087e-11
119 4.074138702848683e-11 1.6598606170049553e-19 4.0741387194472895e-11
120 4.090077843945865e-11 1.6728736769536853e-19 4.090077860674601e-11
121 4.106079343307564e-11 1.6859887573537076e-19 4.1060793601674515e-11
122 4.12214344489631e-11 1.6992066580301616e-19 4.122143461888376e-11
123 4.138270393629077e-11 1.7125281850786956e-19 4.138270410754359e-11
124 4.154460435381023e-11 1.7259541509146278e-19 4.1544604526405646e-11
125 4.1707138169892377e-11 1.7394853743224937e-19 4.170713834384091e-11
126 4.1870307862565024e-11 1.7531226805059745e-19 4.187030803787729e-11
127 4.2034115919550715e-11 1.7668669011382269e-19 4.2034116096237405e-11
128 4.219856483830464e-11 1.7807188744126008e-19 4.219856501637653e-11
129 4.236365712605289e-11 1.794679445093772e-19 4.2363657305520834e-11
130 4.252939529983e-11 1.808749464569202e-19 4.2529395480704943e-11
131 4.269578188651832e-11 1.822929790901146e-19 4.26957820688113e-11
132 4.286281942288591e-11 1.8372212888789254e-19 4.2862819606608036e-11
133 4.303051045562534e-11 1.8516248300716818e-19 4.303051064078782e-11
134 4.3198857541392544e-11 1.8661412928815276e-19 4.3198857728006675e-11
135 4.3367863246845786e-11 1.8807715625971176e-19 4.336786343492294e-11
136 4.353753014868479e-11 1.8955165314476373e-19 4.353753033823645e-11
137 4.3707860833690055e-11 1.910377098657217e-19 4.3707861024727766e-11
138 4.387885789876225e-11 1.9253541704997703e-19 4.387885809129767e-11
139 4.405052395096182e-11 1.9404486603542612e-19 4.405052414500669e-11
140 4.4222861607548774e-11 1.9556614887604115e-19 4.4222861803114924e-11
141 4.4395873496022524e-11 1.9709935834748353e-19 4.439587369312188e-11
142 4.456956225416199e-11 1.9864458795276214e-19 4.456956245280658e-11
143 4.4743930530065976e-11 2.0020193192793699e-19 4.4743930730267905e-11
144 4.4918980982192835e-11 2.0177148524786018e-19 4.491898118396432e-11
145 4.5094716279402073e-11 2.0335334363197703e-19 4.509471648275542e-11
146 4.527113910099433e-11 2.0494760355015775e-19 4.5271139305941933e-11
147 4.544825213675237e-11 2.0655436222858163e-19 4.544825234330673e-11
148 4.562605808698215e-11 2.0817371765566696e-19 4.562605829515587e-11
149 4.580455966255397e-11 2.0980576858804665e-19 4.580455987235974e-11
150 4.5983759584943754e-11 2.1145061455659066e-19 4.598375979639437e-11
151 4.616366058627461e-11 2.131083558724764e-19 4.616366079938297e-11
152 4.6344265409358455e-11 2.1477909363330586e-19 4.634426562413755e-11
153 4.6525576807737815e-11 2.164629297292711e-19 4.6525577024200745e-11
154 4.670759754572785e-11 2.181599668493682e-19 4.670759776388782e-11
155 4.689033039845846e-11 2.1987030848765977e-19 4.689033061832877e-11
156 4.707377815191661e-11 2.2159405894958614e-19 4.707377837351067e-11
157 4.72579436029888e-11 2.23331323358327e-19 4.725794382632012e-11
158 4.744282955950373e-11 2.250822076612121e-19 4.744282978458594e-11
159 4.762843884027527e-11 2.268468186361842e-19 4.7628439067122086e-11
160 4.7814774275144684e-11 2.2862526389830375e-19 4.781477450376995e-11
161 4.800183870502492e-11 2.304176519063229e-19 4.800183893544258e-11
162 4.818963498194317e-11 2.322240919692921e-19 4.8189635214167264e-11
163 4.8378165969084525e-11 2.3404469425322882e-19 4.837816620312922e-11
164 4.8567434540835634e-11 2.358795697878354e-19 4.85674347767152e-11
165 4.875744358282854e-11 2.377288304732708e-19 4.875744382055737e-11
166 4.8948195991984654e-11 2.3959258908697426e-19 4.894819623157724e-11
167 4.913969467655894e-11 2.414709592905435e-19 4.91396949180299e-11
168 4.933194255618426e-11 2.433640556366663e-19 4.933194279954831e-11
169 4.952494256191584e-11 2.452719935761063e-19 4.9524942807187835e-11
170 4.9718697636276033e-11 2.47194889464744e-19 4.971869788347092e-11
171 4.991321073329911e-11 2.491328605706726e-19 4.9913210982431974e-11
172 5.0108484818576357e-11 2.510860250813497e-19 5.010848506966238e-11
173 5.030452286930144e-11 2.5305450211080713e-19 5.030452312235594e-11
174 5.050132787431503e-11 2.550384117069068e-19 5.050132812935344e-11
175 5.0698902834151544e-11 2.5703787485867397e-19 5.069890309118942e-11
176 5.089725076108412e-11 2.590530135036678e-19 5.089725102013713e-11
177 5.1096374679170734e-11 2.6108395053542003e-19 5.109637494025469e-11
178 5.129627762430029e-11 2.6313080981092903e-19 5.12962778874311e-11
179 5.149696264423891e-11 2.651937161582138e-19 5.149696290943263e-11
180 5.169843279867643e-11 2.6727279538392624e-19 5.169843306594922e-11
181 5.190069115927301e-11 2.6936817428102393e-19 5.190069142864118e-11
182 5.210374080970598e-11 2.7147998063650206e-19 5.210374108118596e-11
183 5.2307584845716876e-11 2.73608343239187e-19 5.230758511932522e-11
184 5.25122263751586e-11 2.7575339188759024e-19 5.251222665091199e-11
185 5.271766851804282e-11 2.7791525739782428e-19 5.271766879595808e-11
186 5.292391440658755e-11 2.8009407161158055e-19 5.292391468668162e-11
187 5.31309671852649e-11 2.8228996740416956e-19 5.313096746755487e-11
188 5.3338830010848994e-11 2.8450307869262454e-19 5.333883029535207e-11
189 5.354750605246435e-11 2.867335404438706e-19 5.354750633919789e-11
190 5.37569984916333e-11 2.8898148868294646e-19 5.375699878061478e-11
191 5.396731052232582e-11 2.9124706050131394e-19 5.3967310813572884e-11
192 5.4178445351007354e-11 2.93530394065209e-19 5.4178445644537745e-11
193 5.439040619668789e-11 2.958316286240705e-19 5.439040649251952e-11
194 5.4603196290971095e-11 2.9815090451903196e-19 5.4603196589122e-11
195 5.481681887810352e-11 3.0048836319148064e-19 5.4816819178591884e-11
196 5.5031277215024104e-11 3.0284414719168313e-19 5.503127751786825e-11
197 5.5246574571413824e-11 3.0521840018747884e-19 5.5246574876632225e-11
198 5.5462714229745536e-11 3.0761126697304183e-19 5.54627145373568e-11
199 5.567969948533402e-11 3.100228934777106e-19 5.5679699795356915e-11
200 5.5897533646386234e-11 3.124534267748881e-19 5.589753395883966e-11
201 5.6116220034051735e-11 3.149030150910109e-19 5.611622034895474e-11
202 5.633576198247333e-11 3.173718078145887e-19 5.633576229984514e-11
203 5.655616283883789e-11 3.1985995550531484e-19 5.655616315869785e-11
204 5.677742596342764e-11 3.223676099032507e-19 5.677742628579525e-11
205 5.699955472967045e-11 3.2489492393806964e-19 5.699955505456537e-11
206 5.722255252419263e-11 3.274420517383984e-19 5.722255285163468e-11
207 5.7446422746869694e-11 3.300091486412068e-19 5.744642307687884e-11
208 5.767116881087838e-11 3.325963712012831e-19 5.767116914347475e-11
209 5.7896794142748697e-11 3.35203877200782e-19 5.7896794477952576e-11
210 5.812330218241619e-11 3.378318256588467e-19 5.8123302520248017e-11
211 5.835069638327437e-11 3.404803768413069e-19 5.835069672375474e-11
212 5.857898021222734e-11 3.431496922704522e-19 5.857898055537702e-11
213 5.88081571497427e-11 3.4583993473488332e-19 5.880815749558264e-11
214 5.90382306899046e-11 3.485512682994393e-19 5.903823103845586e-11
215 5.926920434046694e-11 3.512838583152026e-19 5.92692046917508e-11
216 5.950108162290699e-11 3.5403787142958396e-19 5.950108197694487e-11
217 5.973386607247894e-11 3.5681347559648506e-19 5.973386642929241e-11
218 5.996756123826788e-11 3.596108400865409e-19 5.996756159787872e-11
219 6.020217068324414e-11 3.6243013549744595e-19 6.020217104567428e-11
220 6.04376979843166e-11 3.652715337643468e-19 6.043769834958814e-11
221 6.067414673238875e-11 3.6813520817034406e-19 6.067414710052396e-11
222 6.09115205324124e-11 3.7102133335704966e-19 6.091152090343373e-11
223 6.114982300344293e-11 3.739300853352398e-19 6.114982337737302e-11
224 6.138905777869446e-11 3.768616414955887e-19 6.13890581555561e-11
225 6.162922850559521e-11 3.798161806194869e-19 6.162922888541139e-11
226 6.187033884584313e-11 3.8279388288994454e-19 6.187033922863701e-11
227 6.211239247546178e-11 3.8579492990258006e-19 6.211239286125671e-11
228 6.235539308485626e-11 3.88819504676694e-19 6.235539347367576e-11
229 6.259934437886959e-11 3.918677916664311e-19 6.259934477073738e-11
230 6.284425007683912e-11 3.9493997677202934e-19 6.28442504717791e-11
231 6.309011391265328e-11 3.9803624735115674e-19 6.309011431068953e-11
232 6.333693963480846e-11 4.0115679223033712e-19 6.333694003596525e-11
233 6.358473100646623e-11 4.043018017164667e-19 6.358473141076803e-11
234 6.383349180551089e-11 4.0747146760842256e-19 6.383349221298236e-11
235 6.408322582460612e-11 4.1066598320874646e-19 6.40832262352721e-11
236 6.433393687125427e-11 4.138855433354529e-19 6.433393728513981e-11
237 6.458562876785344e-11 4.171303443338978e-19 6.458562918498378e-11
238 6.4838305351756e-11 4.2040058408875505e-19 6.483830577215659e-11
239 6.509197047532705e-11 4.236964620360849e-19 6.509197089902352e-11
240 6.534662800600327e-11 4.270181791754971e-19 6.534662843302144e-11
241 6.56022818263517e-11 4.303659380824075e-19 6.560228225671765e-11
242 6.585893583412914e-11 4.33739942920394e-19 6.585893626786909e-11
243 6.611659394234141e-11 4.371403994536457e-19 6.61165943794818e-11
244 6.637526007930311e-11 4.40567515059513e-19 6.637526051987063e-11
245 6.663493818869746e-11 4.440214987411532e-19 6.663493863271896e-11
246 6.689563222963646e-11 4.475025611402776e-19 6.689563267713903e-11
247 6.715734617672123e-11 4.510109145499973e-19 6.715734662773214e-11
248 6.742008402010259e-11 4.545467729277693e-19 6.742008447464936e-11
249 6.768384976554223e-11 4.58110351908449e-19 6.768385022365257e-11
250 6.79486474344726e-11 4.617018688174261e-19 6.794864789617448e-11
251 6.821448106405999e-11 4.653215426839e-19 6.821448152938154e-11
252 6.848135470726482e-11 4.689695942542222e-19 6.848135517623442e-11
253 6.874927243290386e-11 4.726462460053635e-19 6.874927290555011e-11
254 6.901823832571218e-11 4.763517221584805e-19 6.90182388020639e-11
255 6.928825648640544e-11 4.800862486925906e-19 6.928825696649168e-11
256 6.955933103174242e-11 4.838500533583524e-19 6.955933151559248e-11
257 6.983146609458779e-11 4.876433656919564e-19 6.983146658223116e-11
258 7.010466582397511e-11 4.914664170291224e-19 7.010466631544153e-11
259 7.037893438517009e-11 4.953194405192076e-19 7.037893488048952e-11
260 7.065427595973408e-11 4.992026711394258e-19 7.065427645893676e-11
261 7.093069474558789e-11 5.031163457091769e-19 7.093069524870423e-11
262 7.120819495707565e-11 5.070607029044894e-19 7.120819546413636e-11
263 7.148678082502924e-11 5.110359832725768e-19 7.148678133606522e-11
264 7.176645659683296e-11 5.150424292465109e-19 7.17664571118754e-11
265 7.204722653648715e-11 5.190802851599899e-19 7.204722705556744e-11
266 7.232909492467499e-11 5.231497972622646e-19 7.232909544782479e-11
267 7.261206605882655e-11 5.272512137331391e-19 7.261206658607777e-11
268 7.289614425318459e-11 5.3138478469810975e-19 7.289614478456938e-11
269 7.318133383887042e-11 5.355507622436201e-19 7.318133437442118e-11
270 7.346763916394981e-11 5.397494004324333e-19 7.346763970369921e-11
271 7.375506459349943e-11 5.439809553191274e-19 7.375506513748039e-11
272 7.404361450967326e-11 5.4824568496570965e-19 7.404361505791894e-11
273 7.433329331176946e-11 5.525438494573551e-19 7.433329386431332e-11
274 7.462410541629747e-11 5.568757109182678e-19 7.462410597317318e-11
275 7.491605525704532e-11 5.612415335276667e-19 7.491605581828685e-11
276 7.52091472851472e-11 5.656415835358964e-19 7.520914785078878e-11
277 7.550338596915136e-11 5.700761292806642e-19 7.550338653922749e-11
278 7.579877579508825e-11 5.745454412034056e-19 7.579877636963369e-11
279 7.60953212665392e-11 5.790497918657813e-19 7.6095321845589e-11
280 7.639302690470381e-11 5.8358945596628e-19 7.639302748829326e-11
281 7.669189724847081e-11 5.881647103570005e-19 7.669189783663552e-11
282 7.699193685448599e-11 5.927758340605158e-19 7.699193744726183e-11
283 7.729315029722196e-11 5.974231082868944e-19 7.729315089464507e-11
284 7.759554216904794e-11 6.021068164508496e-19 7.759554277115476e-11
285 7.789911708029972e-11 6.068272441890244e-19 7.789911768712696e-11
286 7.820387965935e-11 6.115846793774098e-19 7.820388027093469e-11
287 7.850983455267893e-11 6.163794121489019e-19 7.850983516905834e-11
288 7.881698642494497e-11 6.212117349109961e-19 7.881698704615671e-11
289 7.912533995905598e-11 6.260819423636181e-19 7.912534058513792e-11
290 7.943489985624063e-11 6.309903315170977e-19 7.943490048723095e-11
291 7.974567083612007e-11 6.359372017102812e-19 7.974567147205728e-11
292 8.005765763677994e-11 6.409228546287869e-19 8.005765827770279e-11
293 8.037086501484251e-11 6.4594759432340355e-19 8.03708656607901e-11
294 8.06852977455396e-11 6.510117272286379e-19 8.068529839655134e-11
295 8.100096062278407e-11 6.561155621813815e-19 8.100096127889963e-11
296 8.131785845924482e-11 6.612594104397775e-19 8.131785912050424e-11
297 8.163599608641894e-11 6.664435857021808e-19 8.163599675286252e-11
298 8.195537835470562e-11 6.716684041262951e-19 8.195537902637403e-11
299 8.227601013348015e-11 6.769341843484529e-19 8.227601081041434e-11
300 8.259789631116814e-11 6.822412475030483e-19 8.259789699340939e-11
301 8.292104179532004e-11 6.875899172421213e-19 8.292104248290996e-11
302 8.324545151268601e-11 6.929805197550959e-19 8.324545220566654e-11
303 8.357113040929095e-11 6.984133837886714e-19 8.357113110770433e-11
304 8.389808345051e-11 7.038888406668741e-19 8.389808415439884e-11
305 8.422631562114419e-11 7.094072243112599e-19 8.422631633055141e-11
306 8.455583192549644e-11 7.149688712612803e-19 8.455583264046531e-11
307 8.488663738744786e-11 7.205741206948061e-19 8.488663810802198e-11
308 8.521873705053438e-11 7.26223314448812e-19 8.521873777675769e-11
309 8.555213597802359e-11 7.319167970402239e-19 8.555213670994038e-11
310 8.588683925299234e-11 7.376549156869347e-19 8.588683999064726e-11
311 8.622285197840278e-11 7.434380203289558e-19 8.622285272184081e-11
312 8.656017927718233e-11 7.492664636497946e-19 8.65601800264488e-11
313 8.689882629230031e-11 7.551406010979383e-19 8.689882704744091e-11
314 8.723879818684674e-11 7.610607909085375e-19 8.723879894790754e-11
315 8.758010014411109e-11 7.670273941252527e-19 8.758010091113848e-11
316 8.792273736766123e-11 7.730407746222733e-19 8.792273814070201e-11
317 8.826671508142283e-11 7.791012991265077e-19 8.826671586052413e-11
318 8.861203852975899e-11 7.852093372399492e-19 8.861203931496833e-11
319 8.895871297755016e-11 7.913652614622152e-19 8.895871376891541e-11
320 8.930674371027445e-11 7.975694472132646e-19 8.93067445078439e-11
321 8.96561360340882e-11 8.038222728562929e-19 8.965613683791047e-11
322 9.00068952759069e-11 8.101241197208072e-19 9.000689608603102e-11
323 9.035902678348635e-11 8.164753721258805e-19 9.035902759996172e-11
324 9.071253592550462e-11 8.228764174035968e-19 9.071253674838104e-11
325 9.106742809164241e-11 8.293276459226463e-19 9.106742892097006e-11
326 9.14237086926674e-11 8.3582945111217085e-19 9.142370952849684e-11
327 9.178138316051532e-11 8.423822294857326e-19 9.178138400289755e-11
328 9.214045694837312e-11 8.489863806655e-19 9.21404577973595e-11
329 9.250093553076206e-11 8.5564230740662e-19 9.250093638640437e-11
330 9.28628244036213e-11 8.623504156217802e-19 9.286282526597172e-11
331 9.322612908439153e-11 8.691111144059632e-19 9.322612995350264e-11
332 9.359085511209923e-11 8.75924816061395e-19 9.359085598802404e-11
333 9.3957008047441e-11 8.827919361226893e-19 9.395700893023294e-11
334 9.432459347286847e-11 8.897128933821902e-19 9.432459436258137e-11
335 9.46936169926733e-11 8.966881099155106e-19 9.469361788936142e-11
336 9.506408423307269e-11 9.03718011107274e-19 9.50640851367907e-11
337 9.543600084229509e-11 9.108030256770549e-19 9.543600175309812e-11
338 9.580937249066643e-11 9.179435857055268e-19 9.580937340861002e-11
339 9.618420487069643e-11 9.251401266608103e-19 9.618420579583656e-11
340 9.65605036971659e-11 9.32393087425039e-19 9.656050462955899e-11
341 9.693827470721225e-11 9.397029103210945e-19 9.693827564691515e-11
342 9.731752366041926e-11 9.470700411396262e-19 9.73175246074893e-11
343 9.769825633890346e-11 9.54494929166209e-19 9.769825729339838e-11
344 9.808047854740253e-11 9.619780272087487e-19 9.808047950938056e-11
345 9.84641961133639e-11 9.695197916250986e-19 9.846419708288369e-11
346 9.884941488703355e-11 9.77120682350889e-19 9.884941586415423e-11
347 9.923614074154522e-11 9.847811629275771e-19 9.923614172632638e-11
348 9.962437957300996e-11 9.925017005307164e-19 9.962438056551166e-11
349 1.0001413730060599e-10 1.0002827659984467e-18 1.0001413830088875e-10
350 1.0040541986666899e-10 1.0081248338602088e-18 1.0040542087479382e-10
351 1.0079823323678267e-10 1.0160283823656839e-18 1.0079823425281105e-10
352 1.0119258339986973e-10 1.0239938935139592e-18 1.0119258442386362e-10
353 1.0158847636828316e-10 1.0320218530829227e-18 1.0158847740030501e-10
354 1.0198591817789835e-10 1.0401127506588975e-18 1.0198591921801108e-10
355 1.0238491488820339e-10 1.0482670796664652e-18 1.0238491593647047e-10
356 1.0278547258239405e-10 1.0564853373986079e-18 1.0278547363887939e-10
357 1.0318759736746473e-10 1.0647680250470016e-18 1.0318759843223276e-10
358 1.0359129537430214e-10 1.0731156477325912e-18 1.0359129644741779e-10
359 1.0399657275777862e-10 1.0815287145363942e-18 1.0399657383930733e-10
360 1.0440343569684609e-10 1.0900077385305476e-18 1.0440343678685383e-10
361 1.0481189039463018e-10 1.0985532368095972e-18 1.0481189149318343e-10
362 1.0522194307852487e-10 1.1071657305220327e-18 1.052219441856906e-10
363 1.0563360000028737e-10 1.115845744902071e-18 1.0563360111613311e-10
364 1.060468674361335e-10 1.1245938093016873e-18 1.0604686856072732e-10
365 1.0646175168683335e-10 1.1334104572228965e-18 1.0646175282024381e-10
366 1.068782590778073e-10 1.1422962263502898e-18 1.0687826022010352e-10
367 1.0729639595922255e-10 1.1512516585838268e-18 1.0729639711047421e-10
368 1.0771616870608983e-10 1.1602773000718806e-18 1.0771616986636713e-10
369 1.0813758371836068e-10 1.1693737012445465e-18 1.0813758488773438e-10
370 1.0856064742102545e-10 1.17854141684722e-18 1.0856064859956686e-10
371 1.0898536626420945e-10 1.1877810059743884e-18 1.0898536745199046e-10
372 1.0941174672327398e-10 1.1970930321037855e-18 1.0941174792036701e-10
373 1.0983979529891329e-10 1.2064780631307175e-18 1.0983979650539136e-10
374 1.1026951851725407e-10 1.2159366714027038e-18 1.1026951973319074e-10
375 1.1070092292995504e-10 1.2254694337543846e-18 1.1070092415542448e-10
376 1.111340151143068e-10 1.2350769315426972e-18 1.1113401634938373e-10
377 1.1156880167333206e-10 1.2447597506823303e-18 1.1156880291809182e-10
378 1.1200528923588638e-10 1.2545184816814566e-18 1.1200529049040486e-10
379 1.1244348445675923e-10 1.2643537196777455e-18 1.1244348572111295e-10
380 1.128833940167754e-10 1.2742660644746565e-18 1.1288339529104146e-10
381 1.1332502462289689e-10 1.2842561205780186e-18 1.1332502590715302e-10
382 1.1376838300832517e-10 1.2943244972328971e-18 1.1376838430264967e-10
383 1.1421347593260386e-10 1.3044718084607482e-18 1.1421347723707567e-10
384 1.1466031018172215e-10 1.3146986730968736e-18 1.1466031149642083e-10
385 1.1510889256821655e-10 1.3250057148281219e-18 1.1510889389322226e-10
386 1.1555922993127742e-10 1.3353935622309842e-18 1.1555923126667097e-10
387 1.1601132913685143e-10 1.3458628488098874e-18 1.1601133048271428e-10
388 1.1646519707774673e-10 1.3564142130358386e-18 1.1646519843416094e-10
389 1.1692084067373803e-10 1.3670482983853632e-18 1.1692084204078634e-10
390 1.17378266871672e-10 1.3777657533797454e-18 1.1737826824943776e-10
391 1.1783748264557338e-10 1.3885672316245806e-18 1.178374840341406e-10
392 1.182984949967511e-10 1.3994533918496346e-18 1.182984963962045e-10
393 1.1876131095390518e-10 1.4104248979490159e-18 1.1876131236433007e-10
394 1.1922593757323382e-10 1.4214824190216649e-18 1.1922593899471625e-10
395 1.1969238193854094e-10 1.4326266294121561e-18 1.1969238337116756e-10
396 1.2016065116134431e-10 1.4438582087518276e-18 1.2016065260520252e-10
397 1.2063075238098388e-10 1.4551778420002246e-18 1.2063075383616172e-10
398 1.2110269276473055e-10 1.466586219486872e-18 1.2110269423131676e-10
399 1.2157647950789567e-10 1.4780840369533775e-18 1.2157648098597971e-10
400 1.2205211983394103e-10 1.4896719955958701e-18 1.2205212132361302e-10
401 1.2252962099458708e-10 1.5013508021077153e-18 1.2252962249593788e-10
402 1.230089902699265e-10 1.5131211687226873e-18 1.2300899178304767e-10
403 1.2349023496853316e-10 1.524983813258353e-18 1.2349023649351698e-10
404 1.2397336242757408e-10 1.5369394591598636e-18 1.2397336396451353e-10
405 1.2445838001292126e-10 1.5489888355440718e-18 1.244583815619101e-10
406 1.2494529511926396e-10 1.5611326772439967e-18 1.2494529668039663e-10
407 1.254341151702216e-10 1.5733717248536415e-18 1.254341167435933e-10
408 1.2592484761845668e-10 1.5857067247731534e-18 1.2592484920416342e-10
409 1.2641749994578864e-10 1.5981384292543472e-18 1.2641750154392707e-10
410 1.269120796633078e-10 1.6106675964465787e-18 1.269120812739754e-10
411 1.2740859431148996e-10 1.6232949904429833e-18 1.2740859593478494e-10
412 1.2790705146031124e-10 1.6360213813270706e-18 1.2790705309633263e-10
413 1.2840745870936362e-10 1.6488475452196922e-18 1.2840746035821117e-10
414 1.2890982368797126e-10 1.6617742643263836e-18 1.2890982534974553e-10
415 1.2941415405530476e-10 1.6748023269850153e-18 1.2941415573010709e-10
416 1.2992045750050106e-10 1.6879325277139503e-18 1.299204591884336e-10
417 1.3042874174277854e-10 1.701165667260442e-18 1.304287434439442e-10
418 1.309390145315553e-10 1.7145025526494854e-18 1.3093901624605787e-10
419 1.314512836465673e-10 1.7279439972330291e-18 1.314512853745113e-10
420 1.3196555689798684e-10 1.74149082073958e-18 1.3196555863947766e-10
421 1.3248184212654187e-10 1.755143849324196e-18 1.3248184388168572e-10
422 1.3300014720363532e-10 1.7689039156188664e-18 1.3300014897253924e-10
423 1.3352048003146527e-10 1.7827718587832915e-18 1.3352048181423713e-10
424 1.3404284854314525e-10 1.7967485245560575e-18 1.3404285033989377e-10
425 1.3456726070282538e-10 1.8108347653062173e-18 1.3456726251366015e-10
426 1.3509372450581368e-10 1.8250314400852685e-18 1.3509372633084512e-10
427 1.3562224797869798e-10 1.839339414679545e-18 1.356222498180374e-10
428 1.361528391794683e-10 1.8537595616630158e-18 1.3615284103322787e-10
429 1.3668550619763976e-10 1.868292760450502e-18 1.366855080659325e-10
430 1.372202571543764e-10 1.8829398973513193e-18 1.372202590373163e-10
431 1.377571002026128e-10 1.8977018656232707e-18 1.377571021003147e-10
432 1.3829604352718167e-10 1.9125795655272127e-18 1.3829604543976123e-10
433 1.388370953449365e-10 1.927573904381899e-18 1.3883709727251042e-10
434 1.393802639048774e-10 1.942685796619327e-18 1.393802658475632e-10
435 1.3992555748827672e-10 1.9579161638405033e-18 1.3992555944619288e-10
436 1.4047298440880545e-10 1.97326593487165e-18 1.4047298638207138e-10
437 1.4102255301265994e-10 1.9887360458208484e-18 1.4102255500139597e-10
438 1.4157427167868913e-10 2.0043274401351276e-18 1.4157427368301656e-10
439 1.4212814881852225e-10 2.020041068658001e-18 1.4212815083856332e-10
440 1.426841928766972e-10 2.035877889687453e-18 1.426841949125751e-10
441 1.4324241233078915e-10 2.0518388690343818e-18 1.4324241438262803e-10
442 1.4380281569153988e-10 2.0679249800814988e-18 1.4380281775946487e-10
443 1.4436541150298755e-10 2.0841372038426933e-18 1.4436541358712478e-10
444 1.449302083425974e-10 2.100476529022869e-18 1.4493021044307393e-10
445 1.4549721482139042e-10 2.1169439520781833e-18 1.4549721693833436e-10
446 1.4606643958407793e-10 2.1335404772769087e-18 1.460664417176184e-10
447 1.4663789130919117e-10 2.1502671167606164e-18 1.466378934594583e-10
448 1.4721157870921416e-10 2.1671248906059153e-18 1.4721158087633906e-10
449 1.4778751053071653e-10 2.184114826886665e-18 1.4778751271483136e-10
450 1.4836569555448688e-10 2.2012379617366687e-18 1.4836569775572484e-10
451 1.4894614259566664e-10 2.218495339412866e-18 1.4894614481416196e-10
452 1.4952886050388445e-10 2.2358880123590136e-18 1.4952886273977246e-10
453 1.5011385816339115e-10 2.253417041269872e-18 1.5011386041680819e-10
454 1.5070114449319517e-10 2.271083495155889e-18 1.5070114676427865e-10
455 1.5129072844719856e-10 2.2888884514083973e-18 1.51290730736087e-10
456 1.5188261901433343e-10 2.3068329958653158e-18 1.5188262132116642e-10
457 1.5247682521869908e-10 2.3249182228773707e-18 1.524768275436173e-10
458 1.5307335611969952e-10 2.3431452353748348e-18 1.5307335846284476e-10
459 1.5367222081218162e-10 2.3615151449347907e-18 1.5367222317369676e-10
460 1.5427342842657445e-10 2.3800290718489387e-18 1.5427343080660352e-10
461 1.5487698812902583e-10 2.398688145191841e-18 1.5487699052771398e-10
462 1.5548290912154603e-10 2.4174935028898942e-18 1.5548291153903953e-10
463 1.560912006421454e-10 2.4364462917906492e-18 1.560912030785917e-10
464 1.5670187196497591e-10 2.4555476677327703e-18 1.5670187442052357e-10
465 1.5731493240047257e-10 2.4747987956165254e-18 1.5731493487527136e-10
466 1.5793039129549532e-10 2.4942008494748265e-18 1.5793039378969618e-10
467 1.5854825803347158e-10 2.5137550125448286e-18 1.585482605472266e-10
468 1.591685420345393e-10 2.53346247734009e-18 1.5916854456800176e-10
469 1.5979125275569054e-10 2.553324445723298e-18 1.5979125530901499e-10
470 1.6041639969091576e-10 2.5733421289795637e-18 1.604164022642579e-10
471 1.6104399237134844e-10 2.5935167478902932e-18 1.610439949648652e-10
472 1.6167404036541048e-10 2.6138495328076377e-18 1.6167404297926e-10
473 1.6230655327895803e-10 2.6343417237295243e-18 1.6230655591329974e-10
474 1.6294154075542866e-10 2.654994570375302e-18 1.6294154341042324e-10
475 1.6357901247598567e-10 2.6758093322618672e-18 1.63579015151795e-10
476 1.6421897815966976e-10 2.6967872787806097e-18 1.6421898085645705e-10
477 1.6486144756354443e-10 2.7179296892747306e-18 1.6486145028147411e-10
478 1.655064304828455e-10 2.7392378531172972e-18 1.6550643322208337e-10
479 1.6615393675113047e-10 2.760713069789866e-18 1.6615393951184354e-10
480 1.6680397624042832e-10 2.782356648961737e-18 1.6680397902278496e-10
481 1.6745655886139017e-10 2.8041699105698233e-18 1.6745656166556008e-10
482 1.6811169456344024e-10 2.826154184899142e-18 1.681116973895944e-10
483 1.6876939333492766e-10 2.8483108126639524e-18 1.6876939618323846e-10
484 1.6942966520327866e-10 2.8706411450895098e-18 1.694296680739198e-10
485 1.7009252023514957e-10 2.893146543994477e-18 1.7009252312829612e-10
486 1.7075796853658015e-10 2.91582838187397e-18 1.7075797145240853e-10
487 1.7142602025314774e-10 2.9386880419832622e-18 1.7142602319183578e-10
488 1.7209668557012203e-10 2.9617269184221448e-18 1.7209668853184896e-10
489 1.7276997471262017e-10 2.9849464162199414e-18 1.7276997769756658e-10
490 1.7344589794576348e-10 3.00834795142122e-18 1.7344590095411142e-10
491 1.7412446557483112e-10 3.031932951172055e-18 1.7412446860676408e-10
492 1.748056879454215e-10 3.0557028538072077e-18 1.7480569100112433e-10
493 1.7548957544360698e-10 3.079659108937743e-18 1.754895785232661e-10
494 1.7617613849609324e-10 3.1038031775394623e-18 1.7617614159989642e-10
495 1.7686538757037788e-10 3.128136532041998e-18 1.7686539069851442e-10
496 1.775573331749104e-10 3.1526606564186138e-18 1.7755733632757106e-10
497 1.7825198585925207e-10 3.1773770462766998e-18 1.7825198903662912e-10
498 1.78949356214237e-10 3.2022872089489877e-18 1.789493594165242e-10
499 1.7964945487213346e-10 3.2273926635854716e-18 1.7964945809952612e-10
500 1.8035229250680615e-10 3.2526949412460563e-18 1.803522957595011e-10
501 1.8105787983387878e-10 3.2781955849939288e-18 1.8105788311207436e-10
502 1.8176622761089745e-10 3.303896149989658e-18 1.817662309147936e-10
503 1.8247734663749484e-10 3.329798203586045e-18 1.8247734996729305e-10
504 1.8319124775555537e-10 3.355903325423727e-18 1.831912511114587e-10
505 1.8390794184937765e-10 3.382213107527407e-18 1.8390794523159076e-10
506 1.8462743984584495e-10 3.4087291544031093e-18 1.846274432545741e-10
507 1.853497527145886e-10 3.435453083135915e-18 1.853497561500417e-10
508 1.8607489146815628e-10 3.462386523488614e-18 1.860748949305428e-10
509 1.8680286716217964e-10 3.489531118001093e-18 1.8680287065171077e-10
510 1.8753369089554298e-10 3.5168885220905054e-18 1.875336944124315e-10
511 1.8826737381055251e-10 3.544460404152231e-18 1.882673773550129e-10
512 1.890039270931062e-10 3.57224844566162e-18 1.8900393066535464e-10
513 1.897433619728642e-10 3.6002543412765366e-18 1.8974336557311856e-10
514 1.9048568972342026e-10 3.628479798940714e-18 1.9048569335190008e-10
515 1.9123092166247345e-10 3.656926539987905e-18 1.9123092531939998e-10
516 1.919790691520007e-10 3.6855962992468666e-18 1.91979072837597e-10
517 1.9273014359843025e-10 3.714490825147154e-18 1.9273014731292109e-10
518 1.9348415645281527e-10 3.7436118798257495e-18 1.9348416019642715e-10
519 1.942411192110086e-10 3.772961239234525e-18 1.9424112298396984e-10
520 1.95001043413838e-10 3.802540693248553e-18 1.950010472163787e-10
521 1.9576394064728287e-10 3.832352045775289e-18 1.9576394447963492e-10
522 1.9652982254264778e-10 3.862397114864463e-18 1.965298264050449e-10
523 1.9729870077674447e-10 3.892677732819135e-18 1.972987046694222e-10
524 1.9807058707206677e-10 3.9231957463073184e-18 1.980705909952625e-10
525 1.988454931969701e-10 3.953953016474629e-18 1.9884549715092313e-10
526 1.9962343096585094e-10 3.984951419057786e-18 1.9962343495080235e-10
527 2.004044122393268e-10 4.016192844499005e-18 2.0040441625551968e-10
528 2.0118844892441728e-10 4.0476791980612865e-18 2.011884529720965e-10
529 2.0197555297472544e-10 4.079412399944612e-18 2.0197555705413783e-10
530 2.0276573639062003e-10 4.1113943854030406e-18 2.027657405020144e-10
531 2.035590112194186e-10 4.1436271048627385e-18 2.035590153630457e-10
532 2.0435538955557108e-10 4.17611252404092e-18 2.0435539373168357e-10
533 2.0515488354084413e-10 4.2088526240657316e-18 2.0515488774969674e-10
534 2.0595750536450637e-10 4.2418494015970675e-18 2.0595750960635576e-10
535 2.0676326726351498e-10 4.2751048689483724e-18 2.0676327153861984e-10
536 2.075721815226989e-10 4.308621054209226e-18 2.0757218583131996e-10
537 2.0838426047495122e-10 4.3424000013692315e-18 2.083842648173512e-10
538 2.0919951650141385e-10 4.376443770442533e-18 2.0919952087785764e-10
539 2.1001796203166705e-10 4.4107544375934745e-18 2.100179664424215e-10
540 2.1083960954391904e-10 4.4453340952632236e-18 2.1083961398925313e-10
541 2.1166447156519617e-10 4.480184852297374e-18 2.1166447604538104e-10
542 2.1249256067153393e-10 4.515308834074553e-18 2.1249256518684276e-10
543 2.1332388948816863e-10 4.550708182636038e-18 2.1332389403887682e-10
544 2.1415847068973007e-10 4.586385056816397e-18 2.1415847527611513e-10
545 2.1499631700043457e-10 4.622341632375136e-18 2.1499632162277621e-10
546 2.1583744119427907e-10 4.658580102129388e-18 2.158374458528592e-10
547 2.1668185609523584e-10 4.695102676087649e-18 2.1668186079033851e-10
548 2.1752957457744811e-10 4.7319115815845564e-18 2.175295793093597e-10
549 2.1838060956542617e-10 4.769009063416711e-18 2.1838061433443525e-10
550 2.1923497403424457e-10 4.8063973839795895e-18 2.19234978840642e-10
551 2.2009268100974075e-10 4.84407882340555e-18 2.2009268585381958e-10
552 2.2095374356871016e-10 4.882055679702733e-18 2.2095374845076583e-10
553 2.2181817483911084e-10 4.9203302688954345e-18 2.2181817975944112e-10
554 2.2268598800026014e-10 4.9589049251652e-18 2.2268599295916506e-10
555 2.2355719628303648e-10 4.9977820009932106e-18 2.235572012808185e-10
556 2.2443181297008103e-10 5.0369638673037435e-18 2.244318180070449e-10
557 2.2530985139600038e-10 5.0764529136087775e-18 2.253098564724533e-10
558 2.2619132494756963e-10 5.116251548153703e-18 2.2619133006382115e-10
559 2.2707624706393666e-10 5.1563621980642e-18 2.2707625222029886e-10
560 2.2796463123682693e-10 5.196787309494249e-18 2.2796463643361422e-10
561 2.2885649101074923e-10 5.237529347775315e-18 2.288564962482786e-10
562 2.2975183998320212e-10 5.278590797566691e-18 2.2975184526179293e-10
563 2.3065069180488131e-10 5.319974163007035e-18 2.3065069712485548e-10
564 2.3155306017988777e-10 5.361681967867073e-18 2.3155306554156977e-10
565 2.3245895886593756e-10 5.403716755703565e-18 2.3245896426965433e-10
566 2.3336840167456785e-10 5.446081090014244e-18 2.3336840712064895e-10
567 2.342814024713531e-10 5.4887775543944144e-18 2.3428140796013065e-10
568 2.351979751761129e-10 5.5318087526943414e-18 2.3519798070792166e-10
569 2.361181337631247e-10 5.575177309178085e-18 2.3611813933830203e-10
570 2.3704189226133735e-10 5.618885868683546e-18 2.370418978802232e-10
571 2.379692647545847e-10 5.662937096783763e-18 2.379692704175218e-10
572 2.3890026538180037e-10 5.707333679949465e-18 2.3890027108913407e-10
573 2.398349083372334e-10 5.752078325712916e-18 2.3983491408931174e-10
574 2.4077320787066455e-10 5.797173762833024e-18 2.4077321366783833e-10
575 2.4171517828762364e-10 5.842622741461768e-18 2.417151841302464e-10
576 2.4266083394960756e-10 5.8884280333119016e-18 2.426608398380356e-10
577 2.436101892742994e-10 5.9345924318259994e-18 2.4361019520889184e-10
578 2.4456325873578805e-10 5.981118752346801e-18 2.445632647169068e-10
579 2.455200568647891e-10 6.028009832288926e-18 2.4552006289279893e-10
580 2.4648059824886603e-10 6.07526853131189e-18 2.4648060432413457e-10
581 2.4744489753265417e-10 6.122897731494572e-18 2.474449036555519e-10
582 2.4841296941807934e-10 6.170900337510762e-18 2.484129755889797e-10
583 2.493848286645886e-10 6.21927927680662e-18 2.493848348838679e-10
584 2.503604900893707e-10 6.2680374997789875e-18 2.503604963574082e-10
585 2.5133996856758343e-10 6.317177979955383e-18 2.513399748847614e-10
586 2.5232327903258027e-10 6.366703714175337e-18 2.52323285399284e-10
587 2.5331043647613803e-10 6.416617722773156e-18 2.5331044289275573e-10
588 2.5430145594868534e-10 6.466923049762114e-18 2.543014624156084e-10
589 2.5529635255953237e-10 6.517622763020105e-18 2.5529635907715513e-10
590 2.562951414771008e-10 6.568719954476712e-18 2.5629514804582074e-10
591 2.5729783792915564e-10 6.620217740301804e-18 2.572978445493734e-10
592 2.5830445720303676e-10 6.672119261095545e-18 2.5830446387515603e-10
593 2.593150146458924e-10 6.7244276820799406e-18 2.593150213703201e-10
594 2.603295256649141e-10 6.777146193291917e-18 2.603295324420603e-10
595 2.6134800572756737e-10 6.830278009777658e-18 2.613480125578454e-10
596 2.6237047036183374e-10 6.883826371788988e-18 2.623704772456601e-10
597 2.6339693515644347e-10 6.9377945449807685e-18 2.63396942094238e-10
598 2.644274157611141e-10 6.99218582061011e-18 2.6442742275329995e-10
599 2.654619278867893e-10 7.047003515737091e-18 2.654619349337928e-10
600 2.66500487305878e-10 7.102250973427044e-18 2.6650049440812895e-10
601 2.6754310985249523e-10 7.157931562954432e-18 2.6754311701042676e-10
602 2.685898114227034e-10 7.214048680008337e-18 2.6858981863675204e-10
603 2.696406079747546e-10 7.27060574689953e-18 2.6964061524536034e-10
604 2.70695515529334e-10 7.327606212769192e-18 2.706955228569403e-10
605 2.7175455016980397e-10 7.38505355379925e-18 2.7175455755485754e-10
606 2.7281772804244954e-10 7.442951273424396e-18 2.728177354854008e-10
607 2.738850653567242e-10 7.501302902545708e-18 2.738850728580271e-10
608 2.749565783854974e-10 7.560111999746018e-18 2.7495658594560944e-10
609 2.7603228346530247e-10 7.61938215150691e-18 2.760322910846846e-10
610 2.771121969965856e-10 7.679116972427446e-18 2.7711220467570254e-10
611 2.7819633544395723e-10 7.739320105444678e-18 2.781963431832773e-10
612 2.7928471533643845e-10 7.799995222055545e-18 2.792847231364337e-10
613 2.8037735326771973e-10 7.86114602254117e-18 2.8037736112886573e-10
614 2.8147426589640946e-10 7.922776236192261e-18 2.814742738191857e-10
615 2.825754699462891e-10 7.984889621536613e-18 2.8257547793117874e-10
616 2.8368098220656805e-10 8.047489966568317e-18 2.83680990254058e-10
617 2.847908195321397e-10 8.110581088978776e-18 2.847908276427208e-10
618 2.8590499884383834e-10 8.17416683638952e-18 2.8590500701800515e-10
619 2.870235371286972e-10 8.238251086586861e-18 2.8702354536694826e-10
620 2.8814645144020736e-10 8.302837747758378e-18 2.881464597430451e-10
621 2.892737588985779e-10 8.367930758731259e-18 2.892737672665087e-10
622 2.904054766909969e-10 8.433534089212513e-18 2.90405485124531e-10
623 2.915416220718931e-10 8.499651740031055e-18 2.915416305715448e-10
624 2.926822123632007e-10 8.566287743381773e-18 2.9268222092948846e-10
625 2.9382726495461847e-10 8.633446163071157e-18 2.9382727358806465e-10
626 2.9497679730388184e-10 8.70113109476554e-18 2.9497680600501295e-10
627 2.961308269370246e-10 8.769346666240601e-18 2.961308357063713e-10
628 2.972893714486471e-10 8.838097037633166e-18 2.972893802867441e-10
629 2.984524485021846e-10 8.907386401694917e-18 2.984524574095711e-10
630 2.9962007583017647e-10 8.977218984048071e-18 2.996200848073955e-10
631 3.007922712345367e-10 9.04759904344311e-18 3.007922802821357e-10
632 3.0196905258682513e-10 9.118530872018476e-18 3.01969061705356e-10
633 3.0315043782852007e-10 9.19001879556234e-18 3.0315044701853886e-10
634 3.0433644497129176e-10 9.26206717377641e-18 3.043364542333589e-10
635 3.05527092097277e-10 9.334680400541797e-18 3.0552710143195736e-10
636 3.067223973593548e-10 9.407862904186995e-18 3.0672240676721773e-10
637 3.079223789814233e-10 9.481619147757928e-18 3.0792238846304244e-10
638 3.0912705525867743e-10 9.55595362929014e-18 3.0912706481463105e-10
639 3.1033644455788785e-10 9.6308708820831e-18 3.1033645418875876e-10
640 3.115505653176811e-10 9.706375474976668e-18 3.115505750240566e-10
641 3.127694360488219e-10 9.782472012629811e-18 3.1276944583129393e-10
642 3.139930753344904e-10 9.859165135801096e-18 3.1399308519365555e-10
643 3.1522150183057286e-10 9.936459521632185e-18 3.152215117670324e-10
644 3.164547342659413e-10 1.0014359883932751e-17 3.164547442803012e-10
645 3.1769279144274013e-10 1.0092870973468038e-17 3.176928015356111e-10
646 3.18935692236673e-10 1.0171997578248578e-17 3.1893570240867055e-10
647 3.2018345559729033e-10 1.0251744523822199e-17 3.2018346584903483e-10
648 3.2143610054827834e-10 1.0332116673568291e-17 3.21436110880395e-10
649 3.2269364618774916e-10 1.0413118928994424e-17 3.2269365660086807e-10
650 3.23956111688532e-10 1.0494756230035261e-17 3.239561221832882e-10
651 3.2522351629846515e-10 1.0577033555353803e-17 3.252235268754987e-10
652 3.2649587934069007e-10 1.0659955922645044e-17 3.26495890000646e-10
653 3.277732202139452e-10 1.0743528388941942e-17 3.277732309574736e-10
654 3.2905555839286254e-10 1.0827756050923857e-17 3.290555692206186e-10
655 3.303429134282652e-10 1.0912644045227431e-17 3.3034292434090923e-10
656 3.316353049474605e-10 1.0998197548759514e-17 3.316353159456581e-10
657 3.329327526545473e-10 1.1084421779013397e-17 3.3293276373896907e-10
658 3.342352763307106e-10 1.1171321994386648e-17 3.342352875020326e-10
659 3.3554289583452513e-10 1.1258903494501898e-17 3.355429070934286e-10
660 3.368556311022576e-10 1.1347171620530025e-17 3.368556424494292e-10
661 3.3817350214817085e-10 1.1436131755515892e-17 3.381735135843026e-10
662 3.3949652906482906e-10 1.1525789324706632e-17 3.394965405906184e-10
663 3.408247320234038e-10 1.1616149795882504e-17 3.4082474363955364e-10
664 3.42158131273982e-10 1.1707218679690348e-17 3.4215814298120067e-10
665 3.434967471458743e-10 1.179900152997967e-17 3.4349675894487586e-10
666 3.4484060004792514e-10 1.1891503944141308e-17 3.4484061193942907e-10
667 3.46189710468824e-10 1.1984731563448819e-17 3.461897224535556e-10
668 3.4754409897741765e-10 1.2078690073402508e-17 3.4754411105610774e-10
669 3.489037862230238e-10 1.2173385204076151e-17 3.4890379839640903e-10
670 3.5026879293574594e-10 1.2268822730466446e-17 3.5026880520456866e-10
671 3.516391399267894e-10 1.2365008472845215e-17 3.5163915229179785e-10
672 3.530148480887799e-10 1.2461948297114435e-17 3.530148605507282e-10
673 3.5439593839607673e-10 1.255964811516358e-17 3.5439595095572483e-10
674 3.5578243190510066e-10 1.2658113885230759e-17 3.5578244456321454e-10
675 3.571743497546497e-10 1.2757351612265684e-17 3.571743625120013e-10
676 3.585717131662225e-10 1.2857367348295973e-17 3.5857172602358986e-10
677 3.599745434443419e-10 1.295816719279624e-17 3.599745564025091e-10
678 3.613828619768801e-10 1.3059757293060079e-17 3.613828750366374e-10
679 3.627966902353842e-10 1.3162143844574932e-17 3.6279670339752806e-10
680 3.64216049775404e-10 1.3265333091399957e-17 3.642160630407371e-10
681 3.6564096223682043e-10 1.3369331326546794e-17 3.6564097560615174e-10
682 3.6707144934417564e-10 1.3474144892363371e-17 3.6707146281832056e-10
683 3.6850753290700395e-10 1.3579780180920662e-17 3.6850754648678413e-10
684 3.6994923482016463e-10 1.3686243634402533e-17 3.6994924850640827e-10
685 3.713965770641771e-10 1.3793541745498723e-17 3.713965908577188e-10
686 3.7284958170554995e-10 1.3901681057800358e-17 3.728495956072311e-10
687 3.743082708971267e-10 1.401066816619968e-17 3.743082849077949e-10
688 3.7577266687841707e-10 1.412050971729178e-17 3.757726809989268e-10
689 3.7724279197593803e-10 1.4231212409780086e-17 3.7724280620715044e-10
690 3.7871866860355377e-10 1.434278299488484e-17 3.7871868294633677e-10
691 3.8020031926281774e-10 1.4455228276754853e-17 3.80200333718046e-10
692 3.816877665433156e-10 1.456855511288246e-17 3.8168778111187073e-10
693 3.8318103312300965e-10 1.46827704145217e-17 3.8318104780578006e-10
694 3.8468014176858444e-10 1.4797881147109822e-17 3.846801565664656e-10
695 3.861851153357941e-10 1.4913894330692062e-17 3.8618513024968845e-10
696 3.876959767698107e-10 1.503081704034976e-17 3.8769599180062774e-10
697 3.89212749105574e-10 1.5148656406631847e-17 3.892127642542304e-10
698 3.907354554681428e-10 1.5267419615989702e-17 3.907354707355624e-10
699 3.9226411907304744e-10 1.5387113911215393e-17 3.9226413446016137e-10
700 3.937987632266437e-10 1.5507746591883417e-17 3.9379877873439026e-10
701 3.953394113264681e-10 1.562932501479583e-17 3.953394269557931e-10
702 3.968860868615965e-10 1.5751856594431073e-17 3.9688610261345306e-10
703 3.984388134129954e-10 1.5875348803395574e-17 3.984388292883442e-10
704 3.9999761465389144e-10 1.5999809172880304e-17 3.9999763065370063e-10
705 4.0156251435012575e-10 1.6125245293119495e-17 4.0156253047537104e-10
706 4.0313353636051784e-10 1.6251664813853695e-17 4.0313355261218264e-10
707 4.047107046372295e-10 1.637907544479628e-17 4.047107210163049e-10
708 4.0629404322612976e-10 1.6507484956103618e-17 4.062940597336147e-10
709 4.078835762671618e-10 1.663690117884896e-17 4.0788359290406296e-10
710 4.0947932799471084e-10 1.6767332005499998e-17 4.0947934476204283e-10
711 4.1108132273797354e-10 1.6898785390400194e-17 4.110813396367589e-10
712 4.1268958492132903e-10 1.7031269350253885e-17 4.126896019525984e-10
713 4.1430413906471127e-10 1.716479196461516e-17 4.1430415622950323e-10
714 4.1592500978398285e-10 1.7299361376380623e-17 4.159250270833442e-10
715 4.1755222179131213e-10 1.743498579228611e-17 4.1755223922629793e-10
716 4.1918579989554305e-10 1.7571673483406625e-17 4.191858174672165e-10
717 4.208257690025835e-10 1.7709432785661577e-17 4.208257867120163e-10
718 4.224721541157786e-10 1.7848272100322617e-17 4.224721719640507e-10
719 4.2412498033629316e-10 1.7988199894526106e-17 4.2412499832449306e-10
720 4.257842728634947e-10 1.812922470178949e-17 4.257842909927194e-10
721 4.2745005699533753e-10 1.8271355122531732e-17 4.274500752666927e-10
722 4.291223581287484e-10 1.8414599824597777e-17 4.291223765433482e-10
723 4.3080120176001377e-10 1.8558967543787208e-17 4.308012203189813e-10
724 4.324866134851685e-10 1.8704467084386956e-17 4.324866321896356e-10
725 4.341786190003863e-10 1.885110731970826e-17 4.341786378514936e-10
726 4.358772441023711e-10 1.8998897192627798e-17 4.358772631012683e-10
727 4.375825146887506e-10 1.914784571613306e-17 4.375825338365963e-10
728 4.3929445675847114e-10 1.9297961973872027e-17 4.392944760564331e-10
729 4.4101309641219407e-10 1.9449255120707116e-17 4.4101311586144913e-10
730 4.4273845985269343e-10 1.9601734383273502e-17 4.427384794544278e-10
731 4.444705733852559e-10 1.9755409060541816e-17 4.4447059314066495e-10
732 4.4620946341808335e-10 1.9910288524385387e-17 4.462094833283719e-10
733 4.479551564626882e-10 2.0066382220151147e-17 4.4795517652907044e-10
734 4.497076791343087e-10 2.0223699667236633e-17 4.4970769935800836e-10
735 4.514670581523072e-10 2.038225045966987e-17 4.5146707853455764e-10
736 4.5323332034057967e-10 2.054204426669465e-17 4.5323334088262393e-10
737 4.550064926279643e-10 2.070309083336017e-17 4.550065133310551e-10
738 4.567866020486523e-10 2.0865399981115385e-17 4.5678662291405227e-10
739 4.5857367574260014e-10 2.1028981608407937e-17 4.5857369677158173e-10
740 4.603677409559429e-10 2.1193845691287815e-17 4.603677621497886e-10
741 4.6216882504141027e-10 2.136000228401577e-17 4.6216884640141254e-10
742 4.6397695545874306e-10 2.1527461519676445e-17 4.639769769862046e-10
743 4.657921597751122e-10 2.169623361079637e-17 4.657921814713459e-10
744 4.676144656655388e-10 2.1866328849966734e-17 4.676144875318676e-10
745 4.694439009133183e-10 2.2037757610471345e-17 4.694439229510759e-10
746 4.71280493410436e-10 2.2210530346918397e-17 4.712805156209663e-10
747 4.73124271158004e-10 2.2384657595879244e-17 4.731242935426615e-10
748 4.749752622666807e-10 2.256014997653021e-17 4.749752848268306e-10
749 4.768334949571008e-10 2.273701819130035e-17 4.76833517694119e-10
750 4.786989975603061e-10 2.291527302652419e-17 4.786990204755791e-10
751 4.805717985181767e-10 2.3094925353099503e-17 4.80571821613102e-10
752 4.824519263838656e-10 2.327598612715029e-17 4.824519496598518e-10
753 4.843394098222332e-10 2.3458466390694913e-17 4.843394332806996e-10
754 4.862342776102847e-10 2.3642377272319543e-17 4.862343012526621e-10
755 4.881365586376089e-10 2.3827729987856783e-17 4.881365824653389e-10
756 4.900462819068185e-10 2.40145358410697e-17 4.900463059213543e-10
757 4.919634765339922e-10 2.4202806224341187e-17 4.919635007367984e-10
758 4.938881717491189e-10 2.4392552619368713e-17 4.938881961416714e-10
759 4.958203968965429e-10 2.4583786597864535e-17 4.958204214803295e-10
760 4.977601814354121e-10 2.4776519822261438e-17 4.977602062119319e-10
761 4.997075549401262e-10 2.497076404642392e-17 4.997075799108902e-10
762 5.0166254710079e-10 2.516653111636524e-17 5.016625722673212e-10
763 5.036251877236583e-10 2.536383297096901e-17 5.036252130874914e-10
764 5.05595506731602e-10 2.5562681642718545e-17 5.055955322942837e-10
765 5.075735341645564e-10 2.576308925842981e-17 5.075735599276457e-10
766 5.095593001799812e-10 2.5965068039991218e-17 5.095593261450492e-10
767 5.115528350533204e-10 2.6168630305108967e-17 5.115528612219508e-10
768 5.135541691784637e-10 2.637378846805821e-17 5.135541955522522e-10
769 5.155633330682099e-10 2.65805550404402e-17 5.15563359648765e-10
770 5.175803573547325e-10 2.6788942631945256e-17 5.175803841436751e-10
771 5.19605272790046e-10 2.6998963951121813e-17 5.1960529978901e-10
772 5.216381102464756e-10 2.7210631806151418e-17 5.216381374571074e-10
773 5.236789007171269e-10 2.7423959105629845e-17 5.23678928141086e-10
774 5.257276753163596e-10 2.7638958859354358e-17 5.257277029553184e-10
775 5.277844652802629e-10 2.78556441791173e-17 5.277844931359071e-10
776 5.29849301967124e-10 2.807402827950485e-17 5.298493300411522e-10
777 5.319222168579184e-10 2.8294124478704237e-17 5.319222451520429e-10
778 5.340032415567819e-10 2.851594619931508e-17 5.340032700727281e-10
779 5.360924077914941e-10 2.873950696916816e-17 5.36092436531001e-10
780 5.381897474139624e-10 2.8964820422150465e-17 5.381897763787828e-10
781 5.402952924007076e-10 2.9191900299036606e-17 5.402953215926079e-10
782 5.424090748533512e-10 2.942076044832684e-17 5.424091042741117e-10
783 5.445311269991051e-10 2.965141482709155e-17 5.4453115665052e-10
784 5.466614811912628e-10 2.988387750182254e-17 5.466615110751404e-10
785 5.488001699096929e-10 3.011816264929078e-17 5.488002000278556e-10
786 5.509472257613337e-10 3.0354284557411e-17 5.509472561156183e-10
787 5.531026814806912e-10 3.059225762611309e-17 5.531027120729488e-10
788 5.552665699303371e-10 3.08320963682202e-17 5.552666007624335e-10
789 5.574389241014111e-10 3.107381541033388e-17 5.574389551752265e-10
790 5.59619777114123e-10 3.131742949372607e-17 5.596198084315525e-10
791 5.618091622182575e-10 3.156295347523804e-17 5.61809193781211e-10
792 5.640071127936845e-10 3.181040232818679e-17 5.640071446040869e-10
793 5.662136623508576e-10 3.2059791143277095e-17 5.662136944106487e-10
794 5.684288445313394e-10 3.231113512952336e-17 5.684288768424745e-10
795 5.706526931083056e-10 3.2564449615176196e-17 5.706527256727552e-10
796 5.728852419870612e-10 3.2819750048657364e-17 5.728852748068113e-10
797 5.751265252055584e-10 3.307705199950198e-17 5.751265582826104e-10
798 5.773765769349149e-10 3.333637115930797e-17 5.773766102712861e-10
799 5.796354314799353e-10 3.359772334269307e-17 5.796354650776587e-10
800 5.819031232796338e-10 3.3861124488259266e-17 5.819031571407582e-10
801 5.841796869077595e-10 3.4126590659564794e-17 5.841797210343502e-10
802 5.864651570733234e-10 3.439413804610379e-17 5.864651914674614e-10
803 5.887595686211276e-10 3.4663782964293634e-17 5.887596032849106e-10
804 5.910629565322967e-10 3.493554185846997e-17 5.910629914678386e-10
805 5.933753559248132e-10 3.520943130188988e-17 5.933753911342445e-10
806 5.956968020540437e-10 3.5485467997741446e-17 5.956968375395117e-10
807 5.980273303132903e-10 3.576366878016412e-17 5.980273660769591e-10
808 6.003669762343211e-10 3.604405061527419e-17 6.003670122783717e-10
809 6.027157754879145e-10 3.632663060219982e-17 6.027158118145451e-10
810 6.050737638844023e-10 3.661142597412374e-17 6.050738004958282e-10
811 6.074409773742161e-10 3.689845409933429e-17 6.074410142726702e-10
812 6.098174520484356e-10 3.718773248228461e-17 6.098174892361681e-10
813 6.122032241393384e-10 3.7479278764660106e-17 6.122032616186172e-10
814 6.14598330020953e-10 3.777311072645443e-17 6.145983677940638e-10
815 6.170028062096125e-10 3.806924628705367e-17 6.170028442788588e-10
816 6.194166893645123e-10 3.8367703506329275e-17 6.194167277322158e-10
817 6.218400162882684e-10 3.86685005857394e-17 6.218400549567691e-10
818 6.242728239274786e-10 3.897165586943887e-17 6.242728628991344e-10
819 6.26715149373286e-10 3.9277187845398016e-17 6.267151886504738e-10
820 6.291670298619442e-10 3.958511514653006e-17 6.291670694470593e-10
821 6.316285027753852e-10 3.989545655182748e-17 6.316285426708417e-10
822 6.340996056417922e-10 4.020823098750763e-17 6.340996458500232e-10
823 6.365803761361606e-10 4.052345752816557e-17 6.365804166596181e-10
824 6.390708520808889e-10 4.084115539793933e-17 6.390708929220442e-10
825 6.415710714463441e-10 4.1161343971681e-17 6.415711126076881e-10
826 6.440810723514441e-10 4.148404277613862e-17 6.440811138354869e-10
827 6.46600893064238e-10 4.1809271491147017e-17 6.466009348735095e-10
828 6.491305720024902e-10 4.213704995082801e-17 6.491306141395401e-10
829 6.516701477342657e-10 4.246739814479997e-17 6.516701902016638e-10
830 6.542196589785183e-10 4.280033621939687e-17 6.542197017788544e-10
831 6.567791446056809e-10 4.3135884478897e-17 6.567791877415654e-10
832 6.593486436382583e-10 4.34740633867611e-17 6.593486871123217e-10
833 6.619281952514219e-10 4.381489356688045e-17 6.619282390663155e-10
834 6.645178387736068e-10 4.415839580483453e-17 6.645178829320026e-10
835 6.671176136871147e-10 4.4504591049159053e-17 6.671176581917058e-10
836 6.697275596287045e-10 4.485350041262199e-17 6.697276044822049e-10
837 6.723477163902131e-10 4.520514517351345e-17 6.723477615953582e-10
838 6.749781239191511e-10 4.5559546776941695e-17 6.749781694786978e-10
839 6.77618822319315e-10 4.591672683614153e-17 6.776188682360418e-10
840 6.802698518513978e-10 4.627670713379228e-17 6.80269898128105e-10
841 6.829312529336036e-10 4.6639509623346165e-17 6.829312995731132e-10
842 6.856030661422634e-10 4.7005156430367285e-17 6.856031131474198e-10
843 6.882853322124541e-10 4.737366985388083e-17 6.882853795861239e-10
844 6.909780920386191e-10 4.7745072367733035e-17 6.909781397836915e-10
845 6.936813866751919e-10 4.811938662196171e-17 6.936814347945785e-10
846 6.963952573372224e-10 4.8496635444177625e-17 6.963953058338579e-10
847 6.99119745401005e-10 4.8876841840956603e-17 6.991197942778469e-10
848 7.018548924047092e-10 4.92600289992426e-17 7.018549416647382e-10
849 7.046007400490135e-10 4.9646220287761747e-17 7.046007896952337e-10
850 7.073573301977403e-10 5.00354392584475e-17 7.073573802331796e-10
851 7.101247048784952e-10 5.0427709647876996e-17 7.101247553062049e-10
852 7.1290290628331e-10 5.082305537871899e-17 7.129029571063654e-10
853 7.156919767692743e-10 5.1221500561191153e-17 7.156920279907749e-10
854 7.184919588591992e-10 5.162306949453293e-17 7.184920104822688e-10
855 7.213028952422535e-10 5.202778666848574e-17 7.213029472700402e-10
856 7.241248287746177e-10 5.2435676764786946e-17 7.241248812102945e-10
857 7.269578024801376e-10 5.284676465867507e-17 7.269578553269022e-10
858 7.298018595509795e-10 5.326107542040676e-17 7.298019128120549e-10
859 7.326570433482898e-10 5.367863431678578e-17 7.326570970269241e-10
860 7.355233974028552e-10 5.409946681270385e-17 7.35523451502322e-10
861 7.384009654157667e-10 5.452359857269363e-17 7.384010199393653e-10
862 7.412897912590861e-10 5.495105546249394e-17 7.412898462101415e-10
863 7.441899189765143e-10 5.538186355062709e-17 7.441899743583778e-10
864 7.471013927840635e-10 5.581604910998876e-17 7.471014486001126e-10
865 7.50024257070734e-10 5.625363861945063e-17 7.500243133243725e-10
866 7.529585563991786e-10 5.669465876547351e-17 7.529586130938375e-10
867 7.559043355064006e-10 5.713913644373731e-17 7.559043926455371e-10
868 7.588616393044238e-10 5.758709876077974e-17 7.588616968915226e-10
869 7.618305128809797e-10 5.803857303564966e-17 7.618305709195527e-10
870 7.648110015001957e-10 5.849358680157324e-17 7.648110599937825e-10
871 7.678031506032846e-10 5.895216780763302e-17 7.678032095554524e-10
872 7.708070058092375e-10 5.941434402046019e-17 7.708070652235815e-10
873 7.738226129155195e-10 5.98801436259402e-17 7.738226727956632e-10
874 7.76850017898768e-10 6.034959503093163e-17 7.768500782483631e-10
875 7.798892669154936e-10 6.08227268649986e-17 7.798893277382204e-10
876 7.829404063027833e-10 6.129956798215674e-17 7.829404676023513e-10
877 7.86003482579008e-10 6.178014746263289e-17 7.860035443591554e-10
878 7.890785424445307e-10 6.22644946146385e-17 7.890786047090253e-10
879 7.921656327824191e-10 6.275263897615704e-17 7.921656955350581e-10
880 7.952648006591604e-10 6.32446103167454e-17 7.952648639037707e-10
881 7.983760933253784e-10 6.374043863934934e-17 7.98376157065817e-10
882 8.014995582165577e-10 6.424015418213372e-17 8.014996224567119e-10
883 8.046352429537538e-10 6.474378742032464e-17 8.046353076975412e-10
884 8.077831953443381e-10 6.52513690680709e-17 8.077832605957072e-10
885 8.109434633827146e-10 6.576293008031521e-17 8.109435291456446e-10
886 8.141160952510543e-10 6.627850165468238e-17 8.141161615295559e-10
887 8.173011393200301e-10 6.679811523338193e-17 8.173012061181454e-10
888 8.20498644149554e-10 6.732180250512563e-17 8.204987114713564e-10
889 8.237086584895177e-10 6.78495954070601e-17 8.237087263391131e-10
890 8.269312312805359e-10 6.838152612671431e-17 8.269312996620619e-10
891 8.301664116546922e-10 6.891762710396279e-17 8.301664805723193e-10
892 8.334142489362881e-10 6.945793103300372e-17 8.334143183942191e-10
893 8.366747926425956e-10 7.000247086435304e-17 8.366748626450665e-10
894 8.399480924846114e-10 7.055127980685372e-17 8.399481630358911e-10
895 8.432341983678155e-10 7.110439132970123e-17 8.432342694722067e-10
896 8.465331603929349e-10 7.166183916448504e-17 8.46533232054774e-10
897 8.498450288566942e-10 7.222365730724354e-17 8.498451010803515e-10
898 8.531698542526027e-10 7.278988002054072e-17 8.531699270424827e-10
899 8.565076872717106e-10 7.336054183555344e-17 8.565077606322524e-10
900 8.598585788033854e-10 7.393567755417777e-17 8.59858652739063e-10
901 8.632225799360876e-10 7.451532225115153e-17 8.632226544514099e-10
902 8.665997419581498e-10 7.509951127619318e-17 8.665998170576611e-10
903 8.699901163585583e-10 7.568828025615778e-17 8.699901920468386e-10
904 8.733937548277386e-10 7.62816650972096e-17 8.733938311094038e-10
905 8.768107092583432e-10 7.687970198701188e-17 8.768107861380452e-10
906 8.802410317460426e-10 7.748242739693376e-17 8.8024110922847e-10
907 8.836847745903199e-10 7.808987808427445e-17 8.836848526801979e-10
908 8.871419902952682e-10 7.870209109450497e-17 8.871420689973593e-10
909 8.906127315703906e-10 7.931910376352725e-17 8.906128108894943e-10
910 8.940970513314043e-10 7.994095371995118e-17 8.94097131272358e-10
911 8.975950027010473e-10 8.05676788873893e-17 8.975950832687262e-10
912 9.01106639009888e-10 8.119931748676966e-17 9.011067202092055e-10
913 9.046320137971425e-10 8.183590803866733e-17 9.046320956330506e-10
914 9.081711808114756e-10 8.2477489365651e-17 9.081712632889649e-10
915 9.117241940118427e-10 8.312410059465442e-17 9.117242771359433e-10
916 9.152911075682976e-10 8.377578115936009e-17 9.152911913440787e-10
917 9.188719758628222e-10 8.44325708026047e-17 9.18872060295393e-10
918 9.224668534901555e-10 8.509450957880279e-17 9.22466938584665e-10
919 9.260757952586258e-10 8.576163785638962e-17 9.260758810202637e-10
920 9.29698856190987e-10 8.643399632028296e-17 9.296989426249834e-10
921 9.333360915252565e-10 8.71116259743642e-17 9.333361786368824e-10
922 9.369875567155582e-10 8.779456814397913e-17 9.369876445101263e-10
923 9.406533074329675e-10 8.848286447845808e-17 9.40653395915832e-10
924 9.443333995663601e-10 8.917655695365587e-17 9.44333488742917e-10
925 9.480278892232648e-10 8.987568787451187e-17 9.480279790989528e-10
926 9.517368327307213e-10 9.058029987763051e-17 9.517369233110212e-10
927 9.554602866361253e-10 9.129043593387866e-17 9.554603779265611e-10
928 9.591983077081124e-10 9.200613935101065e-17 9.591983997142518e-10
929 9.629509529374089e-10 9.272745377630639e-17 9.629510456648626e-10
930 9.667182795377042e-10 9.345442319923388e-17 9.667183729921275e-10
931 9.705003449465235e-10 9.41870919541321e-17 9.705004391336154e-10
932 9.74297206826103e-10 9.492550472291462e-17 9.742973017516077e-10
933 9.781089230642695e-10 9.566970653779452e-17 9.781090187339761e-10
934 9.819355517753226e-10 9.641974278403072e-17 9.819356481950653e-10
935 9.857771513009208e-10 9.717565920269586e-17 9.8577724847658e-10
936 9.896337802109717e-10 9.793750189346578e-17 9.896338781484736e-10
937 9.935054973045232e-10 9.870531731743081e-17 9.935055960098406e-10
938 9.973923616106623e-10 9.947915229992941e-17 9.973924610898146e-10
939 1.001294432389413e-09 1.0025905403340367e-16 1.001294532648467e-09
940 1.005211769132641e-09 1.010450700802774e-16 1.0052118701777112e-09
941 1.0091444315649608e-09 1.0183724837585678e-16 1.0091445334022092e-09
942 1.0130924796446448e-09 1.0263563723125352e-16 1.013092582280282e-09
943 1.017055973564544e-09 1.0344028533633225e-16 1.0170560770048294e-09
944 1.0210349737529866e-09 1.0425124176267621e-16 1.0210350780042285e-09
945 1.025029540874726e-09 1.0506855596658517e-16 1.0250296459432821e-09
946 1.0290397358318486e-09 1.0589227779208808e-16 1.0290398417241264e-09
947 1.0330656197647055e-09 1.067224574739835e-16 1.033065726487163e-09
948 1.037107254052847e-09 1.0755914564090364e-16 1.0371073616119926e-09
949 1.0411647003159553e-09 1.0840239331840129e-16 1.0411648087183487e-09
950 1.0452380204147867e-09 1.0925225193206219e-16 1.0452381296670387e-09
951 1.0493272764521132e-09 1.1010877331064095e-16 1.0493273865608865e-09
952 1.05343253077367e-09 1.1097200968922191e-16 1.0534326417456796e-09
953 1.0575538459691056e-09 1.1184201371240468e-16 1.0575539578111192e-09
954 1.061691284872936e-09 1.127188384375146e-16 1.0616913975917746e-09
955 1.065844910565504e-09 1.1360253733783872e-16 1.0658450241680412e-09
956 1.070014786373943e-09 1.144931643058875e-16 1.0700149008671074e-09
957 1.0742009758731272e-09 1.1539077365667787e-16 1.0742010912639007e-09
958 1.0784035428866655e-09 1.1629542013105122e-16 1.0784036591820856e-09
959 1.0826225514878582e-09 1.1720715889900801e-16 1.0826226686950172e-09
960 1.0868580660006777e-09 1.1812604556307334e-16 1.0868581841267233e-09
961 1.0911101510007494e-09 1.1905213616168783e-16 1.0911102700528857e-09
962 1.0953788713163359e-09 1.19985487172625e-16 1.095378991301823e-09
963 1.099664292029326e-09 1.2092615551643585e-16 1.0996644129554815e-09
964 1.1039664784762263e-09 1.2187419855992003e-16 1.103966600350425e-09
965 1.1082854962491575e-09 1.2282967411962413e-16 1.1082856190788316e-09
966 1.1126214111968552e-09 1.2379264046536813e-16 1.1126215349894954e-09
967 1.1169742894256724e-09 1.2476315632379856e-16 1.1169744141888287e-09
968 1.1213441973005886e-09 1.2574128088197012e-16 1.1213443230418694e-09
969 1.1257312014462213e-09 1.267270737909553e-16 1.125731328173295e-09
970 1.1301353687478413e-09 1.2772059516948193e-16 1.1301354964684365e-09
971 1.134556766352393e-09 1.2872190560759985e-16 1.1345568950742986e-09
972 1.1389954616695182e-09 1.297310661703759e-16 1.1389955914005844e-09
973 1.1434515223725876e-09 1.3074813840161883e-16 1.1434516531207261e-09
974 1.1479250163997153e-09 1.3177318432762867e-16 1.1479251481728996e-09
975 1.1524160119548214e-09 1.328062664609855e-16 1.1524161447610878e-09
976 1.156924577508654e-09 1.3384744780435773e-16 1.1569247113561017e-09
977 1.1614507817998366e-09 1.3489679185434515e-16 1.1614509166966285e-09
978 1.165994693835918e-09 1.359543626053516e-16 1.1659948297902806e-09
979 1.1705563828944226e-09 1.370202245534874e-16 1.1705565199146471e-09
980 1.175135918523908e-09 1.3809444270050288e-16 1.1751360566183506e-09
981 1.1797333705450239e-09 1.3917708255775227e-16 1.1797335097221063e-09
982 1.1843488090515779e-09 1.402682101501891e-16 1.1843489493197881e-09
983 1.1889823044116039e-09 1.4136789202039279e-16 1.188982445779496e-09
984 1.1936339272684342e-09 1.4247619523262657e-16 1.1936340697446294e-09
985 1.1983037485417776e-09 1.4359318737692757e-16 1.198303892134965e-09
986 1.2029918394288046e-09 1.447189365732299e-16 1.2029919841477412e-09
987 1.2076982714052138e-09 1.4585351147551416e-16 1.2076984172587254e-09
988 1.212423116226351e-09 1.469969812760016e-16 1.2124232632233323e-09
989 1.2171664459282838e-09 1.4814941570936898e-16 1.2171665940776995e-09
990 1.2219283328289043e-09 1.4931088505700256e-16 1.2219284821397895e-09
991 1.2267088495290315e-09 1.50481460151284e-16 1.2267090000104916e-09
992 1.2315080689135195e-09 1.5166121237991058e-16 1.2315082205747319e-09
993 1.236326064152367e-09 1.528502136902483e-16 1.2363262170025807e-09
994 1.2411629087018346e-09 1.5404853659371984e-16 1.241163062750371e-09
995 1.2460186763055623e-09 1.5525625417022657e-16 1.2460188315618164e-09
996 1.250893440995697e-09 1.5647344007260553e-16 1.250893597469137e-09
997 1.2557872770940183e-09 1.5770016853112088e-16 1.2557874347941868e-09
998 1.2607002592130734e-09 1.5893651435799106e-16 1.2607004181495879e-09
999 1.2656324622573144e-09 1.6018255295195121e-16 1.2656326224398672e-09
1000 1.2705839614242394e-09 1.614383603028513e-16 1.2705841228625997e-09
1001 1.27555483220554e-09 1.6270401299629035e-16 1.275554994909553e-09
1002 1.2805451503882519e-09 1.6397958821828707e-16 1.28054531436784e-09
1003 1.285554992055915e-09 1.652651637599884e-16 1.2855551573210788e-09
1004 1.290584433589714e-09 1.665608180224083e-16 1.2905846001505321e-09
1005 1.2956335516696726e-09 1.6786663002121703e-16 1.2956337195363026e-09
1006 1.3007024232758026e-09 1.6918267939155452e-16 1.300702592458482e-09
1007 1.3057911256892828e-09 1.7050904639288843e-16 1.3057912961983293e-09
1008 1.3108997364936366e-09 1.7184581191390858e-16 1.3108999083394485e-09
1009 1.3160283335759155e-09 1.7319305747746013e-16 1.316028506768973e-09
1010 1.3211769951278868e-09 1.7455086524551525e-16 1.321177169678752e-09
1011 1.3263457996472246e-09 1.7591931802418356e-16 1.3263459755665427e-09
1012 1.3315348259387077e-09 1.7729849926876247e-16 1.3315350032372069e-09
1013 1.3367441531154206e-09 1.7868849308882632e-16 1.3367443318039138e-09
1014 1.34197386059996e-09 1.8008938425335607e-16 1.3419740406893443e-09
1015 1.3472240281256447e-09 1.8150125819590877e-16 1.3472242096269028e-09
1016 1.3524947357377385e-09 1.829242010198295e-16 1.3524949186619396e-09
1017 1.3577860637946465e-09 1.84358299503496e-16 1.357786248152946e-09
1018 1.3630980929691755e-09 1.8580364110562028e-16 1.3630982787728165e-09
1019 1.3684309042497395e-09 1.87260313970576e-16 1.3684310915100535e-09
1020 1.3737845789416025e-09 1.887284069337756e-16 1.3737847676700094e-09
1021 1.3791591986681157e-09 1.9020800952708792e-16 1.3791593888761252e-09
1022 1.384554845371964e-09 1.9169921198429834e-16 1.384555037071176e-09
1023 1.3899716013164141e-09 1.9320210524661165e-16 1.3899717945185194e-09
1024 1.395409549086569e-09 1.9471678096819815e-16 1.39540974380335e-09
1025 1.4008687715906268e-09 1.9624333152178317e-16 1.4008689678339584e-09
1026 1.406349352061146e-09 1.9778185000428048e-16 1.4063495498429958e-09
1027 1.4118513740563123e-09 1.9933243024246972e-16 1.4118515733887425e-09
1028 1.4173749214612148e-09 2.0089516679871848e-16 1.4173751223563817e-09
1029 1.4229200784891236e-09 2.0247015497674937e-16 1.4229202809592786e-09
1030 1.4284869296827738e-09 2.040574908274518e-16 1.4284871337402646e-09
1031 1.4340755599156554e-09 2.0565727115474006e-16 1.4340757655729265e-09
1032 1.439686054393306e-09 2.0726959352145653e-16 1.4396862616628995e-09
1033 1.4453184986546164e-09 2.0889455625532345e-16 1.4453187075491728e-09
1034 1.4509729785731118e-09 2.105322584549328e-16 1.4509731891053702e-09
1035 1.4566495803582949e-09 2.1218279999579965e-16 1.456649792541095e-09
1036 1.462348390556938e-09 2.1384628153644663e-16 1.4623486044032195e-09
1037 1.468069496054408e-09 2.1552280452454432e-16 1.4680697115772124e-09
1038 1.473812984075991e-09 2.1721247120309771e-16 1.4738132012884621e-09
1039 1.479578942188222e-09 2.189153846166818e-16 1.4795791611036065e-09
1040 1.4853674583002204e-09 2.2063164861772572e-16 1.4853676789318691e-09
1041 1.4911786206650301e-09 2.223613678728462e-16 1.4911788430263983e-09
1042 1.4970125178809647e-09 2.2410464786923057e-16 1.4970127419856125e-09
1043 1.5028692388929587e-09 2.2586159492107007e-16 1.5028694647545536e-09
1044 1.508748872993923e-09 2.276323161760433e-16 1.5087491006262393e-09
1045 1.5146515098261077e-09 2.2941691962185075e-16 1.5146517392430272e-09
1046 1.520577239382473e-09 2.3121551409280223e-16 1.520577470597987e-09
1047 1.526526152008038e-09 2.3302820927644676e-16 1.5265263850362473e-09
1048 1.5324983384012947e-09 2.3485511572027293e-16 1.5324985732564106e-09
1049 1.5384938896155658e-09 2.366963448384433e-16 1.5384941263119107e-09
1050 1.5445128970604002e-09 2.3855200891859105e-16 1.5445131356124092e-09
1051 1.5505554525029649e-09 2.404222211286674e-16 1.550555692925186e-09
1052 1.5566216480694457e-09 2.4230709552384374e-16 1.5566218903765412e-09
1053 1.562711576246451e-09 2.4420674705346674e-16 1.562711820453198e-09
1054 1.5688253298824218e-09 2.4612129156806897e-16 1.5688255760037135e-09
1055 1.574963002189048e-09 2.480508458264339e-16 1.5749632502398937e-09
1056 1.5811246867426883e-09 2.4999552750271643e-16 1.5811249367382158e-09
1057 1.5873104774857984e-09 2.5195545519361934e-16 1.5873107294412537e-09
1058 1.5935204687283623e-09 2.53930748425626e-16 1.5935207226591108e-09
1059 1.5997547551493298e-09 2.5592152766228924e-16 1.5997550110708574e-09
1060 1.6060134317980612e-09 2.5792791431157855e-16 1.6060136897259756e-09
1061 1.6122965940957755e-09 2.599500307332838e-16 1.6122968540458063e-09
1062 1.6186043378370057e-09 2.619880002464772e-16 1.618604599825006e-09
1063 1.6249367591910656e-09 2.640419471370363e-16 1.6249370232330126e-09
1064 1.6312939547034897e-09 2.661119966652151e-16 1.6312942208154864e-09
1065 1.6376760212975448e-09 2.6819827507329564e-16 1.6376762894958199e-09
1066 1.6440830562756815e-09 2.7030090959327856e-16 1.6440833265765911e-09
1067 1.650515157321024e-09 2.7242002845464445e-16 1.6505154297410525e-09
1068 1.6569724224988592e-09 2.745557608921738e-16 1.65697269705462e-09
1069 1.6634549502581329e-09 2.7670823715382874e-16 1.6634552269663701e-09
1070 1.6699628394329492e-09 2.7887758850869583e-16 1.6699631183105377e-09
1071 1.6764961892440784e-09 2.810639472549917e-16 1.6764964703080257e-09
1072 1.68305509930047e-09 2.832674467281315e-16 1.6830553825679167e-09
1073 1.6896396696007701e-09 2.8548822130885997e-16 1.6896399550889915e-09
1074 1.6962500005348471e-09 2.877264064314469e-16 1.6962502882612536e-09
1075 1.7028861928853223e-09 2.899821385919467e-16 1.7028864828674608e-09
1076 1.7095483478291123e-09 2.9225555535652475e-16 1.7095486400846676e-09
1077 1.7162365669389448e-09 2.9454679536983753e-16 1.7162368614857402e-09
1078 1.722950952184949e-09 2.968559983635022e-16 1.7229512490409475e-09
1079 1.7296916059361816e-09 2.991833051646087e-16 1.7296919051194868e-09
1080 1.736458630962195e-09 3.0152885770431004e-16 1.7364589324910528e-09
1081 1.7432521304346043e-09 3.0389279902647867e-16 1.7432524343274035e-09
1082 1.7500722079286598e-09 3.062752732964294e-16 1.750072514203933e-09
1083 1.7569189674248268e-09 3.0867642580971195e-16 1.7569192761012526e-09
1084 1.7637925133103702e-09 3.110964030009712e-16 1.7637928244067732e-09
1085 1.7706929503809462e-09 3.13535352452878e-16 1.7706932639162987e-09
1086 1.7776203838422007e-09 3.1599342290512934e-16 1.7776206998356238e-09
1087 1.7845749193113725e-09 3.1847076426351915e-16 1.7845752377821368e-09
1088 1.7915566628189035e-09 3.209675276090806e-16 1.7915569837864312e-09
1089 1.7985657208100562e-09 3.234838652072997e-16 1.7985660442939215e-09
1090 1.8056022001465354e-09 3.2601993051740093e-16 1.805602526166466e-09
1091 1.8126662081081184e-09 3.2857587820170643e-16 1.8126665366839965e-09
1092 1.81975785239429e-09 3.311518641350679e-16 1.8197581835461542e-09
1093 1.8268772411258926e-09 3.337480454143753e-16 1.826877574873938e-09
1094 1.8340244828467439e-09 3.363645803681266e-16 1.834024819211324e-09
1095 1.8411996865253371e-09 3.390016285661e-16 1.8412000255269658e-09
1096 1.8484029615564728e-09 3.4165935082907396e-16 1.8484033032158236e-09
1097 1.8556344177629332e-09 3.44337909238638e-16 1.8556347621008425e-09
1098 1.862894165397158e-09 3.470374671470774e-16 1.8628945124346254e-09
1099 1.870182315142924e-09 3.4975818918733464e-16 1.870182664901113e-09
1100 1.8774989781170323e-09 3.525002412830501e-16 1.8774993306172735e-09
1101 1.8848442658710052e-09 3.5526379065868085e-16 1.884844621134796e-09
1102 1.8922182903927833e-09 3.580490058496988e-16 1.8922186484417893e-09
1103 1.8996211641084348e-09 3.608560567128685e-16 1.8996215249644914e-09
1104 1.90705299988387e-09 3.636851144366068e-16 1.9070533635689845e-09
1105 1.914513911026561e-09 3.6653635155142183e-16 1.9145142775629124e-09
1106 1.922004011287277e-09 3.6940994194043836e-16 1.9220043806972192e-09
1107 1.9295234148617887e-09 3.723060608499898e-16 1.9295237871678497e-09
1108 1.9370722363926545e-09 3.7522488490032394e-16 1.9370726116175393e-09
1109 1.944650590970938e-09 3.781665920963618e-16 1.94465096913753e-09
1110 1.9522585941379704e-09 3.8113136183855644e-16 1.952258975269332e-09
1111 1.9598963618871126e-09 3.8411937493383403e-16 1.9598967460064874e-09
1112 1.9675640106655227e-09 3.8713081360661974e-16 1.967564397796336e-09
1113 1.9752616573759316e-09 3.901658615099512e-16 1.9752620475417932e-09
1114 1.9829894193784266e-09 3.9322470373667895e-16 1.9829898126031305e-09
1115 1.990747414492238e-09 3.9630752683075297e-16 1.9907478107997645e-09
1116 1.998535760997538e-09 3.9941451879860087e-16 1.998536160412057e-09
1117 2.006354577637244e-09 4.025458691205924e-16 2.0063549801831134e-09
1118 2.014203983618826e-09 4.0570176876259485e-16 2.014204389320595e-09
1119 2.022084098616128e-09 4.0888241018761983e-16 2.022084507498538e-09
1120 2.029995042771189e-09 4.120879873675602e-16 2.0299954548591766e-09
1121 2.037936936696078e-09 4.153186957950194e-16 2.0379373520147734e-09
1122 2.04590990147473e-09 4.185747324952339e-16 2.0459103200494623e-09
1123 2.0539140586648026e-09 4.218562960380922e-16 2.0539144805210987e-09
1124 2.061949530299495e-09 4.251635865502308e-16 2.0619499554630816e-09
1125 2.070016438889458e-09 4.284968057272593e-16 2.0700168673862637e-09
1126 2.078114907424629e-09 4.3185615684604746e-16 2.078115339280786e-09
1127 2.086245059376117e-09 4.3524184477712585e-16 2.086245494617962e-09
1128 2.0944070186980818e-09 4.386540759971787e-16 2.094407457352158e-09
1129 2.1026009098296267e-09 4.420930586016374e-16 2.102601351922685e-09
1130 2.1108268576966944e-09 4.455590023173701e-16 2.1108273032556967e-09
1131 2.119084987713972e-09 4.490521185154724e-16 2.11908543676609e-09
1132 2.127375425786803e-09 4.525726202241582e-16 2.1273758783594233e-09
1133 2.1356982983131073e-09 4.561207221417502e-16 2.1356987544338295e-09
1134 2.144053732185307e-09 4.596966406497744e-16 2.1440541918819477e-09
1135 2.1524418547922633e-09 4.633005938261559e-16 2.152442318092857e-09
1136 2.1608627940212245e-09 4.669328014585212e-16 2.160863260954026e-09
1137 2.1693166782597437e-09 4.705934850575888e-16 2.1693171488532287e-09
1138 2.177803636397687e-09 4.742828678706988e-16 2.177804110680555e-09
1139 2.1863237978291637e-09 4.780011748954138e-16 2.1863242758303384e-09
1140 2.1948772924545082e-09 4.817486328932434e-16 2.1948777742031412e-09
1141 2.2034642506822605e-09 4.855254704034736e-16 2.203464736207731e-09
1142 2.212084803431155e-09 4.893319177571052e-16 2.2120852927630726e-09
1143 2.220739082132115e-09 4.931682070908989e-16 2.220739575300322e-09
1144 2.2294272187302573e-09 4.970345723615331e-16 2.22942771576483e-09
1145 2.238149345686905e-09 5.00931249359872e-16 2.238149846618154e-09
1146 2.2469055959816053e-09 5.048584757253453e-16 2.246906100840081e-09
1147 2.255696103114157e-09 5.088164909604394e-16 2.255696611930648e-09
1148 2.2645210011066476e-09 5.128055364453054e-16 2.264521513912184e-09
1149 2.2733804245054957e-09 5.168258554524788e-16 2.2733809413313512e-09
1150 2.2822745083835007e-09 5.20877693161715e-16 2.282275029261194e-09
1151 2.291203388341905e-09 5.249612966749426e-16 2.291203913303202e-09
1152 2.3001672005124593e-09 5.290769150313324e-16 2.3001677295893743e-09
1153 2.3091660815595085e-09 5.332247992224895e-16 2.309166614784308e-09
1154 2.3182001686820373e-09 5.374052022077426e-16 2.3182007060872394e-09
1155 2.327269599615819e-09 5.416183789295975e-16 2.327270141234198e-09
1156 2.3363745126354763e-09 5.458645863292659e-16 2.3363750585000627e-09
1157 2.345515046556601e-09 5.501440833623414e-16 2.3455155967006845e-09
1158 2.3546913407378687e-09 5.544571310145902e-16 2.3546918951949997e-09
1159 2.363903535083164e-09 5.58803992317868e-16 2.3639040938871565e-09
1160 2.373151770043714e-09 5.631849323661613e-16 2.3731523332286465e-09
1161 2.38243618662023e-09 5.676002183317543e-16 2.382436754220448e-09
1162 2.3917569263650547e-09 5.720501194815213e-16 2.391757498415174e-09
1163 2.4011141313843233e-09 5.765349071933494e-16 2.4011147079192304e-09
1164 2.4105079443401295e-09 5.810548549726876e-16 2.4105085253949847e-09
1165 2.4199385084526987e-09 5.856102384692272e-16 2.419939094062937e-09
1166 2.4294059675025732e-09 5.902013354937114e-16 2.4294065577039085e-09
1167 2.438910465832815e-09 5.948284260348839e-16 2.438911060661241e-09
1168 2.4484521483511644e-09 5.994917922765432e-16 2.4484527478429568e-09
1169 2.4580311605323104e-09 6.041917186147817e-16 2.458031764724029e-09
1170 2.467647648420069e-09 6.089284916753095e-16 2.4676482573485606e-09
1171 2.477301758629619e-09 6.137024003309403e-16 2.4773023723320196e-09
1172 2.4869936383497383e-09 6.185137357192068e-16 2.486994256863474e-09
1173 2.4967234353450474e-09 6.233627912601175e-16 2.4967240587078388e-09
1174 2.506491297958261e-09 6.282498626740489e-16 2.5064919262081236e-09
1175 2.5162973751124532e-09 6.331752479997822e-16 2.516298008287701e-09
1176 2.526141816313324e-09 6.381392476126778e-16 2.5261424544525715e-09
1177 2.53602477165148e-09 6.431421642429942e-16 2.5360254147936444e-09
1178 2.5459463918047254e-09 6.481843029943501e-16 2.5459470399890286e-09
1179 2.555906828040355e-09 6.532659713623308e-16 2.5559074813063263e-09
1180 2.5659062322174634e-09 6.583874792532419e-16 2.5659068906049427e-09
1181 2.575944756789259e-09 6.635491390030075e-16 2.5759454203383978e-09
1182 2.5860225548053893e-09 6.687512653962192e-16 2.5860232235566545e-09
1183 2.5961397799142734e-09 6.739941756853332e-16 2.5961404539084493e-09
1184 2.6062965863654444e-09 6.792781896100167e-16 2.6062972656436335e-09
1185 2.616493129011913e-09 6.846036294166551e-16 2.6164938136155425e-09
1186 2.6267295633124843e-09 6.899708198779794e-16 2.626730253283304e-09
1187 2.6370060453341936e-09 6.953800883129083e-16 2.6370067407142818e-09
1188 2.647322731754642e-09 7.00831764606486e-16 2.6473234325864065e-09
1189 2.6576797798643954e-09 7.063261812300062e-16 2.6576804861905766e-09
1190 2.668077347569384e-09 7.118636732612881e-16 2.6680780594330572e-09
1191 2.678515593393309e-09 7.174445784051111e-16 2.6785163108378875e-09
1192 2.6889946764800595e-09 7.230692370138099e-16 2.6889953995492965e-09
1193 2.699514756596138e-09 7.287379921080306e-16 2.6995154853341304e-09
1194 2.7100759941330984e-09 7.344511893976501e-16 2.7100767285842877e-09
1195 2.7206785501099895e-09 7.402091773028594e-16 2.720679290319167e-09
1196 2.7313225861758214e-09 7.460123069754177e-16 2.7313233321881282e-09
1197 2.7420082646119863e-09 7.518609323200438e-16 2.7420090164729187e-09
1198 2.752735748334798e-09 7.57755410016034e-16 2.752736506090208e-09
1199 2.7635052008979337e-09 7.636960995389928e-16 2.7635059645940332e-09
1200 2.7743167864949354e-09 7.696833631827584e-16 2.7743175561782985e-09
1201 2.7851706699617165e-09 7.757175660814998e-16 2.7851714456792827e-09
1202 2.796067016779072e-09 7.817990762319819e-16 2.796067798578148e-09
1203 2.8070059930752043e-09 7.879282645160114e-16 2.807006781003469e-09
1204 2.817987765628253e-09 7.941055047230515e-16 2.8179885597337578e-09
1205 2.8290125018688416e-09 8.003311735730203e-16 2.8290133022000152e-09
1206 2.8400803698826253e-09 8.06605650739263e-16 2.840081176488276e-09
1207 2.8511915384128577e-09 8.129293188717078e-16 2.8511923513421765e-09
1208 2.8623461768629615e-09 8.193025636202013e-16 2.862346996165525e-09
1209 2.873544455299112e-09 8.25725773658027e-16 2.8735452810248854e-09
1210 2.8847865444528293e-09 8.321993407056096e-16 2.88478737665217e-09
1211 2.8960726157235825e-09 8.387236595544033e-16 2.896073454447242e-09
1212 2.9074028411814012e-09 8.452991280909684e-16 2.907403686480529e-09
1213 2.9187773935695005e-09 8.519261473212366e-16 2.918778245495648e-09
1214 2.930196446306914e-09 8.586051213949669e-16 2.9301973049120355e-09
1215 2.94166017349115e-09 8.653364576303984e-16 2.941661038827608e-09
1216 2.953168749900797e-09 8.721205665390636e-16 2.9531696220213635e-09
1217 2.964722350998262e-09 8.789578618508661e-16 2.9647232299561236e-09
1218 2.976321152932395e-09 8.85848760539282e-16 2.9763220387811555e-09
1219 2.9879653325411903e-09 8.927936828467984e-16 2.987966225334873e-09
1220 2.9996550673544797e-09 8.997930523105409e-16 2.9996559671475318e-09
1221 3.0113905355966403e-09 9.06847295788102e-16 3.0113914424439362e-09
1222 3.023171916189311e-09 9.139568434835752e-16 3.0231728301461545e-09
1223 3.034999388754122e-09 9.211221289737895e-16 3.0350003098762508e-09
1224 3.0468731336154314e-09 9.283435892347518e-16 3.0468740619590207e-09
1225 3.0587933318030756e-09 9.35621664668296e-16 3.0587942674247404e-09
1226 3.070760165055141e-09 9.429567991289477e-16 3.07076110801194e-09
1227 3.082773815820687e-09 9.50349439950964e-16 3.082774766170127e-09
1228 3.0948344672625992e-09 9.578000379756576e-16 3.0948354250626372e-09
1229 3.1069423032603344e-09 9.65309047578863e-16 3.106943268569382e-09
1230 3.1190975084127368e-09 9.728769266986543e-16 3.1190984812896635e-09
1231 3.1313002680408503e-09 9.8050413686327e-16 3.1313012485449874e-09
1232 3.143550768190746e-09 9.88191143219263e-16 3.1435517563818896e-09
1233 3.1558491956363586e-09 9.959384145598652e-16 3.155850191574773e-09
1234 3.168195737882331e-09 1.003746423353577e-15 3.1681967416287544e-09
1235 3.180590583166878e-09 1.0116156457729822e-15 3.1805915947825237e-09
1236 3.1930339204646528e-09 1.019546561723787e-15 3.1930349400112147e-09
1237 3.2055259394896274e-09 1.0275396548740858e-15 3.2055269670292823e-09
1238 3.2180668306979886e-09 1.0355954126838598e-15 3.2180678662934013e-09
1239 3.230656785291039e-09 1.043714326434703e-15 3.2306578290053655e-09
1240 3.243295995218113e-09 1.0518968912597848e-15 3.243297047115004e-09
1241 3.255984653179502e-09 1.0601436061740442e-15 3.255985713323108e-09
1242 3.268722952629395e-09 1.068454974104623e-15 3.2687240210843692e-09
1243 3.2815110877788255e-09 1.076831501921537e-15 3.2815121646103274e-09
1244 3.294349253598634e-09 1.0852737004685876e-15 3.2943503388723346e-09
1245 3.3072376458224537e-09 1.0937820845945245e-15 3.307238739604538e-09
1246 3.32017646094964e-09 1.1023571731844076e-15 3.3201775633068132e-09
1247 3.3331658962483483e-09 1.1109994891913056e-15 3.3331670072478374e-09
1248 3.346206149758487e-09 1.119709559668152e-15 3.346207269468047e-09
1249 3.359297420294751e-09 1.128487915799897e-15 3.359298548782667e-09
1250 3.3724399074496527e-09 1.1373350929359022e-15 3.3724410447847457e-09
1251 3.3856338115965635e-09 1.1462516306225875e-15 3.385634957848194e-09
1252 3.398879333892771e-09 1.1552380726363366e-15 3.3988804891308438e-09
1253 3.4121766762825455e-09 1.16429496701666e-15 3.4121778405775127e-09
1254 3.4255260415002174e-09 1.1734228660996148e-15 3.4255272149230833e-09
1255 3.438927633073269e-09 1.1826223265514916e-15 3.4389288156955956e-09
1256 3.4523816553254526e-09 1.1918939094027712e-15 3.452382847219362e-09
1257 3.465888313379847e-09 1.2012381800823002e-15 3.4658895146180274e-09
1258 3.479447813162073e-09 1.210655708451833e-15 3.479449023817781e-09
1259 3.4930603614033713e-09 1.220147068840745e-15 3.49306158155044e-09
1260 3.506726165643774e-09 1.2297128400810686e-15 3.506727395356614e-09
1261 3.520445434235266e-09 1.239353605542793e-15 3.5204466735888716e-09
1262 3.534218376344961e-09 1.2490699531694414e-15 3.5342196254149143e-09
1263 3.5480452019582927e-09 1.2588624755139262e-15 3.5480464608207682e-09
1264 3.561926121882214e-09 1.2687317697746868e-15 3.5619273906139836e-09
1265 3.575861347748412e-09 1.2786784378321089e-15 3.57586262642685e-09
1266 3.5898510920165357e-09 1.2887030862852314e-15 3.589852380719622e-09
1267 3.6038955679774336e-09 1.2988063264887389e-15 3.6038968667837603e-09
1268 3.617994989756406e-09 1.3089887745902455e-15 3.6179962987451804e-09
1269 3.6321495723164693e-09 1.319251051567871e-15 3.632150891567521e-09
1270 3.646359531461635e-09 1.3295937832681116e-15 3.6463608610554183e-09
1271 3.6606250838401984e-09 1.340017600444006e-15 3.660626423857799e-09
1272 3.6749464469480407e-09 1.3505231387936028e-15 3.6749477974711796e-09
1273 3.689323839131948e-09 1.3611110389987296e-15 3.689325200242987e-09
1274 3.703757479592937e-09 1.3717819467640626e-15 3.7037588513748843e-09
1275 3.718247588389615e-09 1.3825365128565188e-15 3.7182489709261278e-09
1276 3.7327943864414725e-09 1.393375393144897e-15 3.7327957798168655e-09
1277 3.747398095532343e-09 1.4042992486399432e-15 3.747399499831591e-09
1278 3.762058938313722e-09 1.4153087455346169e-15 3.762060353622467e-09
1279 3.7767771383081815e-09 1.4264045552447337e-15 3.776778564712737e-09
1280 3.7915529199127725e-09 1.437587354449907e-15 3.791554357500127e-09
1281 3.806386508402448e-09 1.4488578251348181e-15 3.806387957260273e-09
1282 3.8212781299335e-09 1.4602166546308067e-15 3.821279590150155e-09
1283 3.836228011547004e-09 1.4716645356577882e-15 3.83622948321154e-09
1284 3.851236381172283e-09 1.4832021663664985e-15 3.85123786437445e-09
1285 3.866303467630381e-09 1.494830250381071e-15 3.8663049624606315e-09
1286 3.881429500637567e-09 1.5065494968419595e-15 3.881431007187064e-09
1287 3.896614710808779e-09 1.5183606204491381e-15 3.8966162291693995e-09
1288 3.911859329661226e-09 1.5302643415057581e-15 3.911860859925568e-09
1289 3.9271635896178645e-09 1.542261385962027e-15 3.92716513187925e-09
1290 3.942527724010948e-09 1.5543524854594948e-15 3.942529278363433e-09
1291 3.9579519670855936e-09 1.5665383773756719e-15 3.957953533623971e-09
1292 3.973436554003347e-09 1.5788198048689993e-15 3.973438132823152e-09
1293 3.9889817208457705e-09 1.5911975169241684e-15 3.988983312043287e-09
1294 4.004587704618041e-09 1.6036722683977991e-15 4.004589308290309e-09
1295 4.020254743252567e-09 1.6162448200644763e-15 4.020256359497387e-09
1296 4.035983075612609e-09 1.6289159386631415e-15 4.035984704528547e-09
1297 4.051772941495929e-09 1.6416863969438573e-15 4.051774583182326e-09
1298 4.067624581638442e-09 1.6545569737149313e-15 4.0676262361954164e-09
1299 4.0835382377178895e-09 1.6675284538904125e-15 4.0835399052463435e-09
1300 4.099514152357519e-09 1.6806016285379584e-15 4.099515832959147e-09
1301 4.115552569129787e-09 1.6937772949270795e-15 4.115554262907083e-09
1302 4.131653732560075e-09 1.7070562565777603e-15 4.131655439616332e-09
1303 4.147817888130411e-09 1.720439323309462e-15 4.147819608569734e-09
1304 4.164045282283215e-09 1.7339273112905102e-15 4.164047016210527e-09
1305 4.180336162425079e-09 1.7475210430878837e-15 4.180337909946122e-09
1306 4.19669077693046e-09 1.7612213477173186e-15 4.196692538151807e-09
1307 4.213109375145577e-09 1.7750290606939556e-15 4.213111150174638e-09
1308 4.2295922073921446e-09 1.7889450240832353e-15 4.229593996337168e-09
1309 4.2461395249712015e-09 1.802970086552266e-15 4.246141327941288e-09
1310 4.262751580166944e-09 1.8171051034215774e-15 4.262753397272047e-09
1311 4.279428626250575e-09 1.8313509367172886e-15 4.279430457601512e-09
1312 4.296170917484163e-09 1.8457084552236713e-15 4.296172763192618e-09
1313 4.312978709124518e-09 1.860178534536139e-15 4.312980569303052e-09
1314 4.329852257427085e-09 1.8747620571146424e-15 4.329854132189142e-09
1315 4.34679181964985e-09 1.8894599123374853e-15 4.346793709109762e-09
1316 4.363797654057279e-09 1.904272996555581e-15 4.3637995583302754e-09
1317 4.380870019924188e-09 1.9192022131470558e-15 4.380871939126402e-09
1318 4.398009177539799e-09 1.93424847257243e-15 4.398011111788272e-09
1319 4.4152153882116375e-09 1.9494126924300842e-15 4.41521733762433e-09
1320 4.432488914269536e-09 1.9646957975122334e-15 4.432490878965334e-09
1321 4.449830019069635e-09 1.9800987198613263e-15 4.449831999168355e-09
1322 4.467238966998391e-09 1.9956223988268848e-15 4.4672409626207895e-09
1323 4.484716023476617e-09 2.011267781122792e-15 4.4847180347443985e-09
1324 4.502261454963523e-09 2.027035820885026e-15 4.502263481999344e-09
1325 4.5198755289607795e-09 2.0429274797298486e-15 4.519877571888259e-09
1326 4.5375585140165975e-09 2.0589437268124513e-15 4.537560572960324e-09
1327 4.555310679729821e-09 2.0750855388860558e-15 4.555312754815359e-09
1328 4.573132296754038e-09 2.091353900361486e-15 4.573134388107938e-09
1329 4.5910236368017085e-09 2.1077498033671984e-15 4.591025744551512e-09
1330 4.608984972648303e-09 2.1242742478097878e-15 4.608987096922551e-09
1331 4.627016578136468e-09 2.1409282414349705e-15 4.627018719064709e-09
1332 4.6451187281801924e-09 2.157712799889037e-15 4.645120885892992e-09
1333 4.6632916987690085e-09 2.1746289467807945e-15 4.663293873397955e-09
1334 4.68153576697219e-09 2.191677713743989e-15 4.681537958649903e-09
1335 4.6998512109430035e-09 2.2088601405002417e-15 4.699853419803144e-09
1336 4.718238309922869e-09 2.226177274922381e-15 4.718240536100144e-09
1337 4.736697344245731e-09 2.2436301730984564e-15 4.7366995878759044e-09
1338 4.7552285953422604e-09 2.2612198993960727e-15 4.75523085656216e-09
1339 4.773832345744159e-09 2.2789475265273177e-15 4.773834624691685e-09
1340 4.7925088790884705e-09 2.296814135614183e-15 4.792511175902606e-09
1341 4.811258480121905e-09 2.3148208162544946e-15 4.811260794942722e-09
1342 4.830081434705177e-09 2.332968666588362e-15 4.830083767673843e-09
1343 4.8489780298173685e-09 2.351258793365153e-15 4.848980381076162e-09
1344 4.8679485535603015e-09 2.369692312010983e-15 4.867950923252614e-09
1345 4.886993295162929e-09 2.388270346696742e-15 4.886995683433275e-09
1346 4.906112544985768e-09 2.4069940304066733e-15 4.9061149519797985e-09
1347 4.925306594525245e-09 2.425864505007387e-15 4.92530902038975e-09
1348 4.94457573641826e-09 2.4448829213176185e-15 4.944578181301183e-09
1349 4.963920264446568e-09 2.4640504391783286e-15 4.963922728497007e-09
1350 4.983340473541278e-09 2.483368227523461e-15 4.983342956909506e-09
1351 5.00283665978735e-09 2.5028374644512253e-15 5.0028391626248145e-09
1352 5.0224091204281094e-09 2.5224593372959454e-15 5.022411642887447e-09
1353 5.042058153869779e-09 2.5422350427004726e-15 5.042060696104822e-09
1354 5.061784059686027e-09 2.5621657866891555e-15 5.061786621851814e-09
1355 5.0815871386225355e-09 2.5822527847413968e-15 5.08158972087532e-09
1356 5.101467692601587e-09 2.6024972618657764e-15 5.101470295098849e-09
1357 5.121426024726665e-09 2.6229004526747575e-15 5.1214286476271184e-09
1358 5.141462439287077e-09 2.643463601459982e-15 5.141465082750678e-09
1359 5.1615772417625924e-09 2.664187962268153e-15 5.161579905950555e-09
1360 5.181770738828102e-09 2.6850747989775136e-15 5.181773423902901e-09
1361 5.202043238358292e-09 2.7061253853749224e-15 5.202045944483677e-09
1362 5.222395049432336e-09 2.7273410052335372e-15 5.2223977767733414e-09
1363 5.242826482338615e-09 2.7487229523911093e-15 5.242829231061567e-09
1364 5.2633378485794355e-09 2.77027253082888e-15 5.263340618851966e-09
1365 5.283929460875814e-09 2.791991054751137e-15 5.2839322528668685e-09
1366 5.304601633172148e-09 2.8138798486652622e-15 5.304604447051997e-09
1367 5.325354680641139e-09 2.835940247462649e-15 5.325357516581387e-09
1368 5.346188919688504e-09 2.8581735965000137e-15 5.346191777862101e-09
1369 5.367104667957831e-09 2.8805812516814737e-15 5.367107548539083e-09
1370 5.3881022443354104e-09 2.9031645795412285e-15 5.38810514749999e-09
1371 5.409181968955108e-09 2.9259249573269065e-15 5.4091848948800656e-09
1372 5.430344163203237e-09 2.9488637730835465e-15 5.43034711206701e-09
1373 5.451589149723463e-09 2.971982425738259e-15 5.451592121705889e-09
1374 5.4729172524217215e-09 2.9952823251855326e-15 5.472920247704047e-09
1375 5.494328796471155e-09 3.018764892373217e-15 5.4943318152360475e-09
1376 5.5158241083170965e-09 3.042431559389209e-15 5.515827150748656e-09
1377 5.537403515681953e-09 3.0662837695486855e-15 5.537406581965722e-09
1378 5.559067347570339e-09 3.0903229774822727e-15 5.559070437893316e-09
1379 5.580815934274003e-09 3.1145506492246617e-15 5.580819048824652e-09
1380 5.602649607376883e-09 3.138968262304035e-15 5.602652746345145e-09
1381 5.624568699760166e-09 3.1635773058321766e-15 5.624571863337472e-09
1382 5.646573545607359e-09 3.1883792805952864e-15 5.6465767339866394e-09
1383 5.668664480409386e-09 3.2133756991455017e-15 5.668667693785085e-09
1384 5.690841840969705e-09 3.2385680858931464e-15 5.690845079537791e-09
1385 5.713105965409439e-09 3.263957977199691e-15 5.713109229367416e-09
1386 5.735457193172533e-09 3.289546921471455e-15 5.735460482719454e-09
1387 5.7578958650309306e-09 3.3153364792540293e-15 5.7578991803674094e-09
1388 5.7804223230897675e-09 3.34132822332745e-15 5.780425664417991e-09
1389 5.803036910792588e-09 3.3675237388021183e-15 5.803040278316327e-09
1390 5.825739972926579e-09 3.3939246232154575e-15 5.825743366851202e-09
1391 5.848531855627833e-09 3.4205324866293547e-15 5.84853527616032e-09
1392 5.871412906386618e-09 3.4473489517283348e-15 5.87141635373557e-09
1393 5.8943834740526804e-09 3.4743756539185347e-15 5.894386948428334e-09
1394 5.91744390884056e-09 3.5016142414274242e-15 5.917447410454802e-09
1395 5.940594562334958e-09 3.529066375404367e-15 5.940598091401333e-09
1396 5.963835787495996e-09 3.5567337300217984e-15 5.963839344229726e-09
1397 5.9871679386647444e-09 3.584617992577504e-15 5.987171523282737e-09
1398 6.0105913715685314e-09 3.612720863597408e-15 6.010594984289396e-09
1399 6.034106443326384e-09 3.641044056939299e-15 6.034110084370441e-09
1400 6.057713512454477e-09 3.669589299897356e-15 6.057717182043777e-09
1401 6.0814129388716e-09 3.698358333307492e-15 6.081416637229933e-09
1402 6.10520508390464e-09 3.7273529116535065e-15 6.105208811257552e-09
1403 6.129090310294096e-09 3.756574803174098e-15 6.129094066868899e-09
1404 6.1530689821996045e-09 3.786025789970687e-15 6.1530727682253935e-09
1405 6.177141465205496e-09 3.8157076681161105e-15 6.177145280913164e-09
1406 6.201308126326365e-09 3.845622247764141e-15 6.201311971948613e-09
1407 6.225569334012692e-09 3.8757713532599235e-15 6.2255732097840455e-09
1408 6.249925458156362e-09 3.906156823251101e-15 6.2499293643131854e-09
1409 6.274376870096453e-09 3.936780510800136e-15 6.274380806876964e-09
1410 6.298923942624796e-09 3.96764428349719e-15 6.2989279102690784e-09
1411 6.323567049991688e-09 3.998750023574058e-15 6.323571048741712e-09
1412 6.348306567911594e-09 4.0300996280189484e-15 6.348310598011223e-09
1413 6.373142873568874e-09 4.0616950086921726e-15 6.373146935263882e-09
1414 6.3980763456235395e-09 4.093538092442747e-15 6.398080439161632e-09
1415 6.423107364217021e-09 4.1256308212258936e-15 6.423111489847843e-09
1416 6.448236310977969e-09 4.157975152221476e-15 6.448240468953121e-09
1417 6.473463569028065e-09 4.190573057953357e-15 6.473467759601123e-09
1418 6.498789522987869e-09 4.223426526409689e-15 6.498793746414395e-09
1419 6.524214558982681e-09 4.2565375611641575e-15 6.5242188155202414e-09
1420 6.54973906464843e-09 4.289908181498169e-15 6.549743354556611e-09
1421 6.575363429137581e-09 4.323540422523993e-15 6.575367752678004e-09
1422 6.60108804312507e-09 4.357436335308877e-15 6.601092400561405e-09
1423 6.626913298814258e-09 4.391597987000127e-15 6.626917690412245e-09
1424 6.652839589942916e-09 4.426027460951183e-15 6.652844015970377e-09
1425 6.678867311789249e-09 4.460726856848695e-15 6.6788717725161055e-09
1426 6.704996861177817e-09 4.495698290840437e-15 6.705001356876107e-09
1427 6.7312286364857474e-09 4.530943895664578e-15 6.731233167429644e-09
1428 6.757563037648702e-09 4.566465820779595e-15 6.7575676041145224e-09
1429 6.784000466166996e-09 4.602266232495402e-15 6.784005068433228e-09
1430 6.810541325111728e-09 4.638347314105461e-15 6.8105459634590414e-09
1431 6.837186019130917e-09 4.674711266019928e-15 6.837190693842184e-09
1432 6.863934954455677e-09 4.7113603058998466e-15 6.863939665815984e-09
1433 6.890788538906409e-09 4.748296668792393e-15 6.890793287203078e-09
1434 6.917747181899018e-09 4.785522607267181e-15 6.917751967421625e-09
1435 6.944811294451156e-09 4.823040391553634e-15 6.944816117491548e-09
1436 6.971981289188487e-09 4.860852309679436e-15 6.971986150040797e-09
1437 6.999257580351009e-09 4.8989606676101066e-15 6.9992624793116765e-09
1438 7.0266405837992535e-09 4.937367789389472e-15 7.026645521167043e-09
1439 7.054130717020796e-09 4.9760760172816336e-15 7.054135693096814e-09
1440 7.081728399136513e-09 5.01508771191366e-15 7.0817334142242255e-09
1441 7.109434050906991e-09 5.0544052524195785e-15 7.109439105312243e-09
1442 7.1372480947389495e-09 5.0940310365854766e-15 7.137253188769986e-09
1443 7.165170954691677e-09 5.1339674809957244e-15 7.1651760886591584e-09
1444 7.193203056483499e-09 5.174217021180355e-15 7.193208230700519e-09
1445 7.221344827498266e-09 5.214782111763596e-15 7.221350042280378e-09
1446 7.24959669679187e-09 5.2556652266135595e-15 7.249601952457097e-09
1447 7.277959095098788e-09 5.296868858993117e-15 7.277964391967647e-09
1448 7.306432454838647e-09 5.33839552171195e-15 7.30643779323417e-09
1449 7.335017210122818e-09 5.3802477472797925e-15 7.335022590370565e-09
1450 7.3637137967610324e-09 5.422428088060878e-15 7.363719219189121e-09
1451 7.39252265226803e-09 5.4649391164295944e-15 7.392528117207146e-09
1452 7.421444215870226e-09 5.507783424927364e-15 7.421449723653651e-09
1453 7.450478928512411e-09 5.550963626420745e-15 7.450484479476038e-09
1454 7.47962723286447e-09 5.594482354260781e-15 7.479632827346825e-09
1455 7.508889573328133e-09 5.638342262443595e-15 7.508895211670394e-09
1456 7.538266396043784e-09 5.682546025772294e-15 7.53827207858981e-09
1457 7.567758148897133e-09 5.727096340019898e-15 7.567763875993473e-09
1458 7.59736528152624e-09 5.771995922094029e-15 7.597371053522162e-09
1459 7.627088245328233e-09 5.817247510202411e-15 7.627094062575743e-09
1460 7.656927493466236e-09 5.862853864019914e-15 7.6569333563201e-09
1461 7.686883480876265e-09 5.90881776485684e-15 7.68688938969403e-09
1462 7.716956664274172e-09 5.955142015828555e-15 7.716962619416187e-09
1463 7.747147502162605e-09 6.001829442026428e-15 7.747153503992047e-09
1464 7.777456454838002e-09 6.04888289069013e-15 7.777462503720893e-09
1465 7.807883984397604e-09 6.096305231381261e-15 7.807890080702835e-09
1466 7.838430554746503e-09 6.144099356158357e-15 7.838436698845859e-09
1467 7.869096631604743e-09 6.1922681797533124e-15 7.869102823872923e-09
1468 7.899882682514302e-09 6.240814639748937e-15 7.899888923328942e-09
1469 7.9307891768464e-09 6.2897416967584e-15 7.930795466588097e-09
1470 7.961816585808535e-09 6.339052334605588e-15 7.96182292486087e-09
1471 7.9929653824517e-09 6.388749560507126e-15 7.99297177120126e-09
1472 8.024236041677588e-09 6.4388364052557615e-15 8.024242480513993e-09
1473 8.05562904024584e-09 6.489315923405211e-15 8.055635529561763e-09
1474 8.087144856781308e-09 6.540191193456436e-15 8.087151396972501e-09
1475 8.118783971781358e-09 6.591465318045387e-15 8.118790563246675e-09
1476 8.150546867623189e-09 6.643141424132217e-15 8.150553510764612e-09
1477 8.182434028571195e-09 6.695222663191983e-15 8.182440723793859e-09
1478 8.21444594078434e-09 6.7477122114068314e-15 8.214452688496552e-09
1479 8.24658309232358e-09 6.800613269859715e-15 8.246589892936851e-09
1480 8.278845973159294e-09 6.853929064729586e-15 8.278852827088359e-09
1481 8.31123507517876e-09 6.9076628474881685e-15 8.311241982841607e-09
1482 8.34375089219365e-09 6.961817895098234e-15 8.343757854011545e-09
1483 8.37639391994757e-09 7.016397510213461e-15 8.376400936345079e-09
1484 8.409164656123601e-09 7.071405021379837e-15 8.409171727528623e-09
1485 8.442063600351903e-09 7.126843783238653e-15 8.442070727195687e-09
1486 8.475091254217355e-09 7.18271717673115e-15 8.475098436934532e-09
1487 8.508248121267072e-09 7.239028609304467e-15 8.508255360295681e-09
1488 8.541534707018284e-09 7.295781515119791e-15 8.541542002799799e-09
1489 8.574951518965908e-09 7.352979355261573e-15 8.574958871945264e-09
1490 8.608499066590323e-09 7.410625617948646e-15 8.608506477215941e-09
1491 8.64217786136513e-09 7.468723818746956e-15 8.642185330088948e-09
1492 8.675988416764955e-09 7.527277500783967e-15 8.675995944042456e-09
1493 8.709931248273276e-09 7.586290234964726e-15 8.70993883456351e-09
1494 8.744006873390287e-09 7.645765620189659e-15 8.744014519155907e-09
1495 8.778215811640779e-09 7.705707283574019e-15 8.778223517348063e-09
1496 8.812558584582069e-09 7.766118880669111e-15 8.81256635070095e-09
1497 8.84703571581198e-09 7.827004095685279e-15 8.847043542816077e-09
1498 8.88164773097669e-09 7.888366641716338e-15 8.881655619343332e-09
1499 8.916395157778952e-09 7.950210260966393e-15 8.916403107989213e-09
1500 8.951278525986001e-09 8.012538724977811e-15 8.951286538524727e-09
1501 8.986298367437667e-09 8.075355834861288e-15 8.986306442793503e-09
1502 9.021455216054484e-09 8.138665421527665e-15 9.021463354719906e-09
1503 9.05674960784582e-09 8.202471345921542e-15 9.056757810317166e-09
1504 9.092182080918071e-09 8.266777499256767e-15 9.09219034769557e-09
1505 9.12775317548284e-09 8.331587803253706e-15 9.127761507070643e-09
1506 9.16346343386519e-09 8.396906210378444e-15 9.1634718307714e-09
1507 9.199313400511911e-09 8.462736704083802e-15 9.199321863248615e-09
1508 9.235303621999812e-09 8.529083299052285e-15 9.235312151083111e-09
1509 9.27143464704406e-09 8.595950041440901e-15 9.271443242994102e-09
1510 9.307707026506547e-09 8.663341009127934e-15 9.307715689847556e-09
1511 9.344121313404285e-09 8.731260311961622e-15 9.344130044664597e-09
1512 9.380678062917842e-09 8.799712092010804e-15 9.380686862629935e-09
1513 9.417377832399803e-09 8.868700523817522e-15 9.417386701100327e-09
1514 9.454221181383266e-09 8.938229814651598e-15 9.45423011961308e-09
1515 9.491208671590377e-09 9.008304204767236e-15 9.491217679894581e-09
1516 9.52834086694093e-09 9.078927967661663e-15 9.528349945868897e-09
1517 9.565618333560812e-09 9.150105410335473e-15 9.565627483666222e-09
1518 9.603041639790863e-09 9.221840873555719e-15 9.603050861631737e-09
1519 9.64061135619539e-09 9.294138732120353e-15 9.640620650334122e-09
1520 9.678328055570904e-09 9.36700339512509e-15 9.678337422574299e-09
1521 9.716192312954849e-09 9.44043930623229e-15 9.716201753394155e-09
1522 9.754204705634374e-09 9.514450943941976e-15 9.754214220085318e-09
1523 9.792365813155133e-09 9.589042821864939e-15 9.792375402197954e-09
1524 9.83067621733012e-09 9.664219488998004e-15 9.830685881549609e-09
1525 9.869136502248543e-09 9.73998553000146e-15 9.869146242234073e-09
1526 9.90774725428472e-09 9.81634556547864e-15 9.907757070630284e-09
1527 9.94650906210707e-09 9.893304252257808e-15 9.946518955411324e-09
1528 9.98542251668692e-09 9.970866283675813e-15 9.985432487553204e-09
1529 1.0024488211307744e-08 1.0049036389864793e-14 1.0024498260344134e-08
1530 1.0063706741574113e-08 1.0127819338040425e-14 1.0063716869393451e-08
1531 1.0103078705420738e-08 1.0207219932792596e-14 1.0103088912640671e-08
1532 1.014260470312156e-08 1.0287243016378357e-14 1.0142614990364577e-08
1533 1.0182285337299024e-08 1.036789346901747e-14 1.0182295705192494e-08
1534 1.0222121212933178e-08 1.0449176209189848e-14 1.0222131662109387e-08
1535 1.0262112937370912e-08 1.0531096193935547e-14 1.0262123468467108e-08
1536 1.0302261120335227e-08 1.0613658419157084e-14 1.0302271733993646e-08
1537 1.0342566373934523e-08 1.069686791992411e-14 1.0342577070802443e-08
1538 1.0383029312671941e-08 1.0780729770780476e-14 1.0383040093401712e-08
1539 1.0423650553454716e-08 1.0865249086053681e-14 1.0423661418703802e-08
1540 1.0464430715603604e-08 1.0950431020166817e-14 1.0464441666034624e-08
1541 1.0505370420862303e-08 1.1036280767952862e-14 1.050538145714307e-08
1542 1.0546470293406968e-08 1.1122803564971566e-14 1.0546481416210533e-08
1543 1.0587730959855635e-08 1.1210004687828554e-14 1.0587742169860324e-08
1544 1.0629153049277906e-08 1.1297889454497382e-14 1.062916434716736e-08
1545 1.0670737193204454e-08 1.1386463224643688e-14 1.0670748579667678e-08
1546 1.071248402563669e-08 1.1475731399952128e-14 1.071249550136809e-08
1547 1.0754394183056351e-08 1.156569942445563e-14 1.0754405748755776e-08
1548 1.0796468304435327e-08 1.1656372784867662e-14 1.0796479960808112e-08
1549 1.083870703124532e-08 1.1747757010916673e-14 1.0838718779002331e-08
1550 1.088111100746764e-08 1.1839857675683344e-14 1.0881122847325315e-08
1551 1.0923680879603031e-08 1.1932680395940485e-14 1.0923692812283427e-08
1552 1.0966417296681524e-08 1.2026230832495571e-14 1.0966429322912357e-08
1553 1.1009320910272333e-08 1.2120514690535965e-14 1.1009333030787024e-08
1554 1.1052392374493785e-08 1.2215537719976835e-14 1.1052404590031504e-08
1555 1.1095632346023298e-08 1.2311305715811846e-14 1.1095644657329014e-08
1556 1.1139041484107393e-08 1.2407824518466544e-14 1.1139053891931912e-08
1557 1.1182620450571764e-08 1.2505100014154585e-14 1.1182632955671779e-08
1558 1.1226369909831278e-08 1.2603138135236513e-14 1.1226382512969413e-08
1559 1.1270290528900244e-08 1.2701944860581855e-14 1.1270303230845105e-08
1560 1.1314382977402492e-08 1.2801526215933527e-14 1.1314395778928707e-08
1561 1.135864792758162e-08 1.2901888274275424e-14 1.1358660829469895e-08
1562 1.1403086054311164e-08 1.3003037156202574e-14 1.140309905734832e-08
1563 1.1447698035105015e-08 1.310497903029472e-14 1.1447711140084046e-08
1564 1.1492484550127657e-08 1.3207720113492287e-14 1.149249775784777e-08
1565 1.153744628220457e-08 1.3311266671475605e-14 1.153745959347124e-08
1566 1.1582583916832626e-08 1.341562501904698e-14 1.1582597332457645e-08
1567 1.1627898142190553e-08 1.3520801520515852e-14 1.1627911662992073e-08
1568 1.1673389649149419e-08 1.362680259008688e-14 1.167340327595201e-08
1569 1.171905913128317e-08 1.3733634692251143e-14 1.1719072864917861e-08
1570 1.1764907284879198e-08 1.3841304342180362e-14 1.176492112618354e-08
1571 1.1810934808948967e-08 1.3949818106124238e-14 1.1810948758767074e-08
1572 1.1857142405238684e-08 1.405918260181094e-14 1.1857156464421286e-08
1573 1.190353077823991e-08 1.4169404498850484e-14 1.190354494764441e-08
1574 1.1950100635200436e-08 1.4280490519141786e-14 1.1950114915690956e-08
1575 1.1996852686134978e-08 1.4392447437282403e-14 1.1996867078582415e-08
1576 1.2043787643836051e-08 1.4505282080981794e-14 1.2043802149118132e-08
1577 1.2090906223884728e-08 1.4619001331477445e-14 1.2090920842886059e-08
1578 1.213820914466171e-08 1.4733612123954914e-14 1.2138223878273831e-08
1579 1.218569712735817e-08 1.4849121447970516e-14 1.2185711976479619e-08
1580 1.2233370895986781e-08 1.4965536347877644e-14 1.2233385861523131e-08
1581 1.228123117739275e-08 1.5082863923256373e-14 1.2281246260256673e-08
1582 1.2329278701264898e-08 1.5201111329346427e-14 1.2329293902376227e-08
1583 1.237751420014679e-08 1.5320285777483543e-14 1.2377529520432568e-08
1584 1.2425938409447903e-08 1.544039453553927e-14 1.242595384984244e-08
1585 1.247455206745483e-08 1.556144492836416e-14 1.2474567628899759e-08
1586 1.252335591534255e-08 1.5683444338234524e-14 1.2523371598786887e-08
1587 1.257235069718574e-08 1.5806400205302678e-14 1.2572366503585946e-08
1588 1.2621537159970027e-08 1.5930320028050427e-14 1.2621553090290056e-08
1589 1.2670916053603523e-08 1.605521136374675e-14 1.2670932108814888e-08
1590 1.2720488130928165e-08 1.618108182890843e-14 1.2720504312009994e-08
1591 1.2770254147731231e-08 1.630793909976467e-14 1.277027045567033e-08
1592 1.2820214862756773e-08 1.6435790912724965e-14 1.2820231298547685e-08
1593 1.287037103771733e-08 1.6564645064851306e-14 1.2870387602362396e-08
1594 1.2920723437305448e-08 1.6694509414333434e-14 1.2920740131814862e-08
1595 1.2971272829205352e-08 1.6825391880968102e-14 1.2971289654597233e-08
1596 1.3022019984104663e-08 1.6957300446642122e-14 1.302203694140511e-08
1597 1.3072965675706137e-08 1.709024315581908e-14 1.3072982765949292e-08
1598 1.312411068073947e-08 1.7224228116029982e-14 1.3124127904967585e-08
1599 1.317545577897313e-08 1.7359263498367646e-14 1.3175473138236628e-08
1600 1.3227001753226262e-08 1.749535753798506e-14 1.3227019248583801e-08
1601 1.3278749389380605e-08 1.7632518534597578e-14 1.327876702189914e-08
1602 1.3330699476392509e-08 1.7770754852989153e-14 1.3330717247147362e-08
1603 1.3382852806304859e-08 1.7910074923522184e-14 1.3382870716379782e-08
1604 1.3435210174259306e-08 1.8050487242652078e-14 1.3435228224746548e-08
1605 1.3487772378508286e-08 1.8192000373445108e-14 1.348779057050866e-08
1606 1.3540540220427243e-08 1.8334622946100785e-14 1.3540558555050188e-08
1607 1.3593514504526736e-08 1.8478363658477876e-14 1.3593532982890394e-08
1608 1.3646696038464873e-08 1.8623231276625287e-14 1.3646714661696149e-08
1609 1.3700085633059517e-08 1.876923463531638e-14 1.3700104402294153e-08
1610 1.3753684102300664e-08 1.8916382638587804e-14 1.3753703018683303e-08
1611 1.3807492263362866e-08 1.906468426028254e-14 1.3807511328047127e-08
1612 1.3861510936617681e-08 1.9214148544597158e-14 1.3861530150766226e-08
1613 1.3915740945646186e-08 1.936478460663338e-14 1.3915760310430792e-08
1614 1.3970183117251534e-08 1.9516601632953978e-14 1.3970202633853168e-08
1615 1.4024838281471554e-08 1.9669608882142998e-14 1.4024857951080437e-08
1616 1.4079707271591409e-08 1.98238156853704e-14 1.4079727095407095e-08
1617 1.4134790924156332e-08 1.997923144696122e-14 1.413481090338778e-08
1618 1.4190090078984261e-08 2.0135865644968757e-14 1.4190110214849906e-08
1619 1.4245605579178816e-08 2.029372783175306e-14 1.4245625872906647e-08
1620 1.4301338271142043e-08 2.0452827634563208e-14 1.4301358723969678e-08
1621 1.4357289004587369e-08 2.0613174756124534e-14 1.4357309617762124e-08
1622 1.4413458632552444e-08 2.0774778975230058e-14 1.441347940733142e-08
1623 1.4469848011412324e-08 2.093765014733732e-14 1.4469868949062472e-08
1624 1.452645800089241e-08 2.110179820516911e-14 1.4526479102690614e-08
1625 1.4583289464081575e-08 2.1267233159319267e-14 1.4583310731314734e-08
1626 1.464034326744534e-08 2.143396509886321e-14 1.4640364701410438e-08
1627 1.4697620280839071e-08 2.1602004191973198e-14 1.4697641882843264e-08
1628 1.4755121377521244e-08 2.177136068653844e-14 1.475514314888193e-08
1629 1.4812847434166764e-08 2.1942044910790087e-14 1.4812869376211673e-08
1630 1.4870799330880323e-08 2.211406727393107e-14 1.4870821444947597e-08
1631 1.4928977951209827e-08 2.228743826677092e-14 1.4929000238648093e-08
1632 1.498738418215989e-08 2.2462168462365643e-14 1.4987406644328352e-08
1633 1.5046018914205234e-08 2.2638268516662167e-14 1.504604155247375e-08
1634 1.5104883041304464e-08 2.281574916914872e-14 1.5104905857053633e-08
1635 1.5163977460913556e-08 2.299462124350943e-14 1.5164000455534798e-08
1636 1.5223303073999605e-08 2.3174895648284582e-14 1.5223326248895253e-08
1637 1.528286078505445e-08 2.3356583377535514e-14 1.528288414163783e-08
1638 1.5342651502108646e-08 2.3539695511515666e-14 1.5342675041804156e-08
1639 1.5402676136745163e-08 2.3724243217345892e-14 1.540269986098838e-08
1640 1.5462935604113348e-08 2.3910237749695622e-14 1.5462959514351097e-08
1641 1.5523430822942855e-08 2.4097690451469225e-14 1.5523454920633306e-08
1642 1.558416271555766e-08 2.4286612754497743e-14 1.5584187002170412e-08
1643 1.5645132207890116e-08 2.4477016180236066e-14 1.5645156684906297e-08
1644 1.5706340229495088e-08 2.466891234046558e-14 1.570636489840743e-08
1645 1.5767787713564104e-08 2.486231293800231e-14 1.5767812575877043e-08
1646 1.5829475596939596e-08 2.5057229767410616e-14 1.582950065416936e-08
1647 1.5891404820129172e-08 2.525367471572247e-14 1.5891430073803888e-08
1648 1.5953576327320003e-08 2.545165976316252e-14 1.5953601778979766e-08
1649 1.6015991066393073e-08 2.565119698387827e-14 1.6016016717590055e-08
1650 1.607864998893784e-08 2.5852298546677084e-14 1.6078675841236387e-08
1651 1.6141554050266634e-08 2.605497671576792e-14 1.614158010524335e-08
1652 1.620470420942913e-08 2.6259243851509017e-14 1.6204730468672983e-08
1653 1.6268101429227166e-08 2.6465112411162296e-14 1.6268127894339576e-08
1654 1.6331746676229285e-08 2.6672594949652626e-14 1.6331773348824236e-08
1655 1.6395640920785523e-08 2.6881704120333673e-14 1.6395667802489645e-08
1656 1.6459785137042173e-08 2.7092452675759442e-14 1.6459812229494848e-08
1657 1.6524180302956667e-08 2.730485346846211e-14 1.6524207607810136e-08
1658 1.6588827400312468e-08 2.7518919451735768e-14 1.658885491923192e-08
1659 1.665372741473404e-08 2.773466368042641e-14 1.665375514939772e-08
1660 1.6718881335701885e-08 2.7952099311728087e-14 1.67189092878012e-08
1661 1.6784290156567618e-08 2.8171239605985263e-14 1.6784318327807225e-08
1662 1.6849954874569122e-08 2.8392097927501572e-14 1.6849983266667048e-08
1663 1.691587649084577e-08 2.861468774535486e-14 1.6915905105533516e-08
1664 1.6982056010453572e-08 2.883902263421823e-14 1.6982084849476207e-08
1665 1.704849444238069e-08 2.9065116275188534e-14 1.7048523507496967e-08
1666 1.711519279956273e-08 2.929298245662039e-14 1.7115222092545185e-08
1667 1.7182152098898055e-08 2.9522635074966685e-14 1.718218162153313e-08
1668 1.724937336126354e-08 2.9754088135626825e-14 1.7249403115351677e-08
1669 1.7316857611529958e-08 2.998735575380031e-14 1.731688759888571e-08
1670 1.738460587857766e-08 3.02224521553477e-14 1.7384636101029818e-08
1671 1.745261919531226e-08 3.04593916776582e-14 1.7452649654703937e-08
1672 1.7520898598680375e-08 3.0698188770523994e-14 1.7520929296869145e-08
1673 1.7589445129685445e-08 3.0938857997021503e-14 1.758947606854344e-08
1674 1.7658259833403596e-08 3.118141403439948e-14 1.7658291014817632e-08
1675 1.772734375899958e-08 3.142587167497413e-14 1.7727375184871255e-08
1676 1.7796697959742758e-08 3.16722458270312e-14 1.7796729631988583e-08
1677 1.7866323493023183e-08 3.192055151573521e-14 1.78663554135747e-08
1678 1.793622142036773e-08 3.2170803884045825e-14 1.7936253591171615e-08
1679 1.800639280745616e-08 3.2423018193640887e-14 1.8006425230474352e-08
1680 1.8076838724137547e-08 3.267720982584788e-14 1.8076871401347374e-08
1681 1.8147560244446542e-08 3.2933394282581663e-14 1.8147593177840825e-08
1682 1.8218558446619576e-08 3.319158718728935e-14 1.8218591638206763e-08
1683 1.8289834413111554e-08 3.3451804285903963e-14 1.828986786491584e-08
1684 1.8361389230612204e-08 3.3714061447804185e-14 1.836142294467365e-08
1685 1.8433223990062675e-08 3.3978374666782206e-14 1.843325796843734e-08
1686 1.850533978667218e-08 3.424476006201924e-14 1.850537403143224e-08
1687 1.8577737719934692e-08 3.4513233879068426e-14 1.8577772233168572e-08
1688 1.8650418893645696e-08 3.478381249084563e-14 1.8650453677458186e-08
1689 1.8723384415919026e-08 3.5056512398627945e-14 1.8723419472431425e-08
1690 1.879663539920377e-08 3.5331350233060033e-14 1.8796670730554006e-08
1691 1.8870172960301212e-08 3.56083427551683e-14 1.887020856864397e-08
1692 1.8943998220381866e-08 3.588750685738313e-14 1.8944034107888722e-08
1693 1.901811230500261e-08 3.6168859564569167e-14 1.9018148473862173e-08
1694 1.9092516344123694e-08 3.6452418035063036e-14 1.9092552796541727e-08
1695 1.9167211472126196e-08 3.6738199561720606e-14 1.9167248210325757e-08
1696 1.924219882782916e-08 3.7026221572970993e-14 1.9242235854050734e-08
1697 1.9317479554507046e-08 3.7316501633879775e-14 1.931751687100868e-08
1698 1.939305479990699e-08 3.760905744721955e-14 1.9393092408964438e-08
1699 1.946892571626655e-08 3.79039068545505e-14 1.9468963620173402e-08
1700 1.9545093460331113e-08 3.820106783730781e-14 1.954513166139895e-08
1701 1.962155919337157e-08 3.850055851789844e-14 1.9621597693930087e-08
1702 1.969832408120201e-08 3.8802397160806304e-14 1.9698362883599173e-08
1703 1.9775389294197523e-08 3.91066021737062e-14 1.9775428400799696e-08
1704 1.9852756007312003e-08 3.941319210858628e-14 1.985279542050411e-08
1705 1.9930425400096106e-08 3.97221856628796e-14 1.993046512228177e-08
1706 2.0008398656715193e-08 4.003360168060424e-14 2.0008438690316877e-08
1707 2.0086676965967413e-08 4.034745915351259e-14 2.0086717313426568e-08
1708 2.016526152130186e-08 4.066377722224974e-14 2.0165302185079084e-08
1709 2.0244153520836597e-08 4.098257517752008e-14 2.0244194503411776e-08
1710 2.0323354167377178e-08 4.130387246126473e-14 2.032339547124964e-08
1711 2.0402864668434813e-08 4.1627688667846564e-14 2.040290629612348e-08
1712 2.048268623624488e-08 4.195404354524554e-14 2.0482728190288425e-08
1713 2.0562820087785213e-08 4.228295699626231e-14 2.056286237074221e-08
1714 2.0643267444794925e-08 4.2614449079732994e-14 2.0643310059244003e-08
1715 2.072402953379287e-08 4.2948540011751914e-14 2.0724072482332884e-08
1716 2.080510758609637e-08 4.328525016690447e-14 2.0805150871346537e-08
1717 2.0886502837839997e-08 4.3624600079509827e-14 2.0886546462440077e-08
1718 2.0968216529994423e-08 4.396661044487314e-14 2.096826049660487e-08
1719 2.105024990838533e-08 4.431130212054766e-14 2.1050294219687452e-08
1720 2.1132604223712417e-08 4.465869612760679e-14 2.1132648882408545e-08
1721 2.121528073156845e-08 4.500881365192596e-14 2.1215325740382105e-08
1722 2.1298280692458427e-08 4.536167604547474e-14 2.1298326054134472e-08
1723 2.1381605371818823e-08 4.5717304827619155e-14 2.138165108912365e-08
1724 2.1465256040036716e-08 4.607572168643327e-14 2.1465302115758402e-08
1725 2.1549233972469413e-08 4.643694848002298e-14 2.154928040941789e-08
1726 2.163354044946373e-08 4.680100723785833e-14 2.1633587250470966e-08
1727 2.1718176756375583e-08 4.716792016211726e-14 2.1718223924295744e-08
1728 2.1803144183589425e-08 4.7537709629038936e-14 2.1803191721299054e-08
1729 2.1888444026538174e-08 4.791039819028946e-14 2.1888491936936364e-08
1730 2.1974077585722793e-08 4.828600857433648e-14 2.1974125871731368e-08
1731 2.206004616673216e-08 4.8664563687835424e-14 2.206009483129585e-08
1732 2.214635108026297e-08 4.9046086617026484e-14 2.214640012634959e-08
1733 2.223299364213972e-08 4.9430600629142525e-14 2.223304307274035e-08
1734 2.231997517333477e-08 4.9818129173828055e-14 2.2320024991463945e-08
1735 2.240729699998849e-08 5.0208695884569325e-14 2.2407347208684376e-08
1736 2.249496045342947e-08 5.060232458013558e-14 2.249501105575405e-08
1737 2.2582966870194815e-08 5.099903926603166e-14 2.258301786923408e-08
1738 2.267131759205058e-08 5.139886413596221e-14 2.2671368990914715e-08
1739 2.2760013966012037e-08 5.180182357330629e-14 2.276006576783561e-08
1740 2.2849057344364477e-08 5.2207942152605625e-14 2.284910955230663e-08
1741 2.2938449084683668e-08 5.26172446410625e-14 2.293850170192831e-08
1742 2.302819054985662e-08 5.302975600005058e-14 2.302824357961262e-08
1743 2.3118283108102193e-08 5.344550138663632e-14 2.311833655360358e-08
1744 2.3208728132992232e-08 5.386450615511451e-14 2.3208781997498387e-08
1745 2.3299527003472324e-08 5.4286795858553596e-14 2.329958129026818e-08
1746 2.3390681103882862e-08 5.471239625035428e-14 2.3390735816279112e-08
1747 2.348219182398016e-08 5.5141333285820076e-14 2.3482246965313446e-08
1748 2.357406055895764e-08 5.557363312374022e-14 2.3574116132590763e-08
1749 2.3666288709467095e-08 5.600932212798497e-14 2.3666344718789223e-08
1750 2.375887768164005e-08 5.644842686911338e-14 2.3758934130066922e-08
1751 2.3851828887109208e-08 5.689097412599373e-14 2.3851885778083334e-08
1752 2.3945143743029953e-08 5.733699088743665e-14 2.3945201080020842e-08
1753 2.4038823672102026e-08 5.778650435384127e-14 2.403888145860638e-08
1754 2.4132870102591e-08 5.823954193885305e-14 2.4132928342132938e-08
1755 2.4227284468350365e-08 5.869613127103708e-14 2.4227343164481635e-08
1756 2.432206820884319e-08 5.915630019556206e-14 2.4322127365143385e-08
1757 2.4417222769164164e-08 5.962007677589889e-14 2.4417282389240938e-08
1758 2.4512749600061425e-08 6.008748929553115e-14 2.451280968755072e-08
1759 2.460865015795899e-08 6.05585662596815e-14 2.460871071652525e-08
1760 2.470492590497875e-08 6.103333639704902e-14 2.4704986938315148e-08
1761 2.4801578308962822e-08 6.151182866156152e-14 2.4801639820791483e-08
1762 2.4898608843495907e-08 6.199407223414126e-14 2.4898670837568142e-08
1763 2.499601898792779e-08 6.248009652448466e-14 2.4996081468024313e-08
1764 2.509381022739586e-08 6.296993117285571e-14 2.5093873197327034e-08
1765 2.5191984052847772e-08 6.346360605189365e-14 2.5192047516453822e-08
1766 2.5290541961064183e-08 6.396115126843481e-14 2.529060592221545e-08
1767 2.538948545468155e-08 6.446259716534861e-14 2.5389549917278716e-08
1768 2.548881604221512e-08 6.496797432338829e-14 2.5488881010189445e-08
1769 2.5588535238081697e-08 6.547731356305487e-14 2.558860071539526e-08
1770 2.5688644562623052e-08 6.599064594647829e-14 2.5688710553268997e-08
1771 2.5789145542128903e-08 6.650800277931071e-14 2.5789212050131683e-08
1772 2.5890039708860276e-08 6.702941561263619e-14 2.589010673827589e-08
1773 2.599132860107266e-08 6.755491624489378e-14 2.5991396155988907e-08
1774 2.6093013763039785e-08 6.808453672381837e-14 2.6093081847576508e-08
1775 2.619509674507694e-08 6.861830934839404e-14 2.6195165363386287e-08
1776 2.6297579103564677e-08 6.915626667082416e-14 2.6297648259831352e-08
1777 2.6400462400972523e-08 6.969844149851639e-14 2.6400532099414023e-08
1778 2.6503748205882822e-08 7.02448668960837e-14 2.650381845074972e-08
1779 2.6607438093014635e-08 7.079557618736064e-14 2.6607508888590823e-08
1780 2.6711533643247753e-08 7.135060295743566e-14 2.671160499385071e-08
1781 2.6816036443646802e-08 7.190998105469934e-14 2.6816108353627856e-08
1782 2.6920948087485434e-08 7.247374459290856e-14 2.6921020561230028e-08
1783 2.7026270174270676e-08 7.304192795326728e-14 2.702634321619863e-08
1784 2.7132004309767105e-08 7.361456578652207e-14 2.7132077924332892e-08
1785 2.723815210602164e-08 7.41916930150771e-14 2.7238226297714655e-08
1786 2.7344715181387926e-08 7.477334483512274e-14 2.7344789954732763e-08
1787 2.7451695160551094e-08 7.535955671878244e-14 2.7451770520107812e-08
1788 2.755909367455232e-08 7.595036441627496e-14 2.7559169624916735e-08
1789 2.7666912360814026e-08 7.65458039580964e-14 2.7666988906617985e-08
1790 2.7775152863164628e-08 7.714591165721622e-14 2.7775230009076285e-08
1791 2.7883816831863634e-08 7.775072411129217e-14 2.7883894582587745e-08
1792 2.7992905923626825e-08 7.836027820490217e-14 2.799298428390503e-08
1793 2.8102421801651507e-08 7.89746111117938e-14 2.810250077626262e-08
1794 2.8212366135641863e-08 7.959376029715119e-14 2.8212445729402164e-08
1795 2.8322740601834414e-08 8.021776351987996e-14 2.8322820819597934e-08
1796 2.8433546883023575e-08 8.084665883490996e-14 2.843362772968241e-08
1797 2.8544786668587318e-08 8.148048459551603e-14 2.8544868149071915e-08
1798 2.8656461654512973e-08 8.211927945565723e-14 2.865654377379243e-08
1799 2.8768573543422862e-08 8.276308237233299e-14 2.8768656306505235e-08
1800 2.88811240446006e-08 8.34119326079607e-14 2.8881207456533208e-08
1801 2.8994114874016943e-08 8.406586973276905e-14 2.8994198939886676e-08
1802 2.910754775435603e-08 8.472493362721169e-14 2.910763247928966e-08
1803 2.9221424415041446e-08 8.538916448439803e-14 2.922150980420593e-08
1804 2.9335746592262927e-08 8.60586028125466e-14 2.933583265086574e-08
1805 2.9450516029002598e-08 8.673328943745389e-14 2.945060276229203e-08
1806 2.95657344750616e-08 8.74132655049846e-14 2.9565821888327104e-08
1807 2.9681403687086785e-08 8.80985724835809e-14 2.968149178565927e-08
1808 2.9797525428597468e-08 8.878925216679127e-14 2.9797614217849634e-08
1809 2.991410147001235e-08 8.948534667581951e-14 2.9914190955359025e-08
1810 3.003113358867648e-08 9.018689846209328e-14 3.0031223775574946e-08
1811 3.014862356888838e-08 9.089395030985319e-14 3.014871446283869e-08
1812 3.026657320192722e-08 9.160654533876187e-14 3.0266664808472554e-08
1813 3.0384984286080195e-08 9.232472700653405e-14 3.03850766108072e-08
1814 3.0503858626669737e-08 9.304853911158537e-14 3.050395167520885e-08
1815 3.062319803608135e-08 9.37780257957057e-14 3.062329181410715e-08
1816 3.0743004333791035e-08 9.451323154674943e-14 3.074309884702258e-08
1817 3.086327934639313e-08 9.525420120134966e-14 3.0863374600594326e-08
1818 3.0984024907627926e-08 9.600097994765078e-14 3.0984120908607875e-08
1819 3.110524285841e-08 9.675361332806663e-14 3.110533961202333e-08
1820 3.1226935046856024e-08 9.751214724205652e-14 3.122703255900327e-08
1821 3.1349103328312996e-08 9.82766279489245e-14 3.1349201604940945e-08
1822 3.147174956538654e-08 9.904710207064079e-14 3.147184861248861e-08
1823 3.159487562796932e-08 9.982361659468495e-14 3.1594975451585916e-08
1824 3.1718483393269495e-08 1.0060621887691127e-13 3.171858399948837e-08
1825 3.184257474583941e-08 1.0139495664443697e-13 3.184267614079605e-08
1826 3.196715157760426e-08 1.0218987799855267e-13 3.196725376748226e-08
1827 3.209221578789101e-08 1.0299103141765609e-13 3.209231877892243e-08
1828 3.221776928345732e-08 1.037984657602086e-13 3.221787308192308e-08
1829 3.2343813978520444e-08 1.0461223026771345e-13 3.234391859075071e-08
1830 3.247035179478678e-08 1.0543237456772131e-13 3.247045722716135e-08
1831 3.259738466148087e-08 1.0625894867685483e-13 3.259749092042955e-08
1832 3.2724914515375e-08 1.0709200300386016e-13 3.2725021607378005e-08
1833 3.2852943300818426e-08 1.0793158835267903e-13 3.285305123240678e-08
1834 3.298147296976742e-08 1.087777559255499e-13 3.2981581747523344e-08
1835 3.3110505481814796e-08 1.0963055732612877e-13 3.311061511237212e-08
1836 3.3240042804219805e-08 1.1049004456263648e-13 3.3240153294264365e-08
1837 3.3370086911938165e-08 1.1135627005103069e-13 3.3370198268208215e-08
1838 3.350063978765216e-08 1.122292866182023e-13 3.350075201693878e-08
1839 3.363170342180087e-08 1.1310914750519722e-13 3.3631816530948376e-08
1840 3.376327981261049e-08 1.139959063704631e-13 3.376339380851686e-08
1841 3.389537096612486e-08 1.14889617293122e-13 3.389548585574215e-08
1842 3.402797889623598e-08 1.1579033477626812e-13 3.4028094686570757e-08
1843 3.4161105624714824e-08 1.1669811375029227e-13 3.416122232282858e-08
1844 3.4294753181241884e-08 1.1761300957623005e-13 3.429487079425146e-08
1845 3.442892360343851e-08 1.1853507804914054e-13 3.442904213851656e-08
1846 3.456361893689772e-08 1.1946437540150746e-13 3.456373840127312e-08
1847 3.469884123521552e-08 1.204009583066693e-13 3.4698961636173825e-08
1848 3.483459256002194e-08 1.2134488388227357e-13 3.4834713904905817e-08
1849 3.497087498101285e-08 1.2229620969376304e-13 3.497099727722254e-08
1850 3.5107690575981305e-08 1.2325499375788466e-13 3.5107813830975064e-08
1851 3.524504143084923e-08 1.2422129454622787e-13 3.5245165652143774e-08
1852 3.5382929639699234e-08 1.2519517098879066e-13 3.538305483487022e-08
1853 3.552135730480658e-08 1.261766824775736e-13 3.552148348148906e-08
1854 3.5660326536671176e-08 1.2716588887020144e-13 3.566045370256005e-08
1855 3.5799839454049796e-08 1.2816285049357402e-13 3.5799967616900285e-08
1856 3.593989818398836e-08 1.2916762814754498e-13 3.594002735161651e-08
1857 3.6080504861854374e-08 1.3018028310862972e-13 3.6080635042137484e-08
1858 3.6221661631369564e-08 1.31200877133743e-13 3.6221792832246695e-08
1859 3.636337064464226e-08 1.3222947246396303e-13 3.636350287411472e-08
1860 3.650563406220062e-08 1.332661318283302e-13 3.650576732833245e-08
1861 3.664845405302534e-08 1.3431091844767092e-13 3.6648588363943787e-08
1862 3.679183279458281e-08 1.3536389603845392e-13 3.679196815847885e-08
1863 3.6935772472858056e-08 1.364251288166739e-13 3.6935908897986874e-08
1864 3.708027528238848e-08 1.37494681501771e-13 3.708041277706998e-08
1865 3.722534342629704e-08 1.3857261932057565e-13 3.7225481998916366e-08
1866 3.7370979116325934e-08 1.396590080112869e-13 3.7371118775333946e-08
1867 3.751718457287027e-08 1.407539138274815e-13 3.75173253267841e-08
1868 3.7663962025011957e-08 1.4185740354215427e-13 3.76641038824155e-08
1869 3.781131371055368e-08 1.429695444517905e-13 3.781145668009813e-08
1870 3.7959241876053034e-08 1.4409040438046983e-13 3.7959385966457416e-08
1871 3.810774877685673e-08 1.4522005168400254e-13 3.8107893996908415e-08
1872 3.825683667713502e-08 1.4635855525409834e-13 3.825698303569028e-08
1873 3.840650784991631e-08 1.4750598452256833e-13 3.840665535590084e-08
1874 3.855676457712145e-08 1.4866240946555674e-13 3.855691323953091e-08
1875 3.870760914959902e-08 1.4982790060781216e-13 3.8707758977499626e-08
1876 3.885904386715997e-08 1.5100252902698627e-13 3.8859194869688994e-08
1877 3.901107103861278e-08 1.521863663579693e-13 3.9011223224979137e-08
1878 3.916369298179843e-08 1.5337948479725677e-13 3.9163846361283226e-08
1879 3.931691202362612e-08 1.545819571073556e-13 3.931706660558322e-08
1880 3.9470730500108485e-08 1.557938566212194e-13 3.947088629396511e-08
1881 3.962515075639729e-08 1.570152572467213e-13 3.962530777165454e-08
1882 3.978017514681917e-08 1.5824623347116094e-13 3.978033339305264e-08
1883 3.9935806034911514e-08 1.594868603658075e-13 3.993596552177188e-08
1884 4.009204579345853e-08 1.6073721359047758e-13 4.009220653067212e-08
1885 4.024889680452739e-08 1.6199736939814951e-13 4.024905880189679e-08
1886 4.040636145950457e-08 1.6326740463961363e-13 4.040652472690921e-08
1887 4.0564442159132305e-08 1.6454739676815905e-13 4.0564606706529074e-08
1888 4.072314131354526e-08 1.658374238442977e-13 4.0723307150969106e-08
1889 4.088246134230697e-08 1.671375645405224e-13 4.088262847987152e-08
1890 4.1042404674447206e-08 1.684478981461086e-13 4.104257312234535e-08
1891 4.120297374849866e-08 1.6976850457194696e-13 4.120314351700323e-08
1892 4.136417101253435e-08 1.710994643554187e-13 4.136434211199871e-08
1893 4.152599892420455e-08 1.7244085866530373e-13 4.1526171365063215e-08
1894 4.1688459950774776e-08 1.7379276930673526e-13 4.1688633743544085e-08
1895 4.1851556569163095e-08 1.7515527872618586e-13 4.185173172444182e-08
1896 4.201529126597794e-08 1.7652847001649622e-13 4.201546779444796e-08
1897 4.217966653755604e-08 1.7791242692194245e-13 4.217984444998296e-08
1898 4.234468489000046e-08 1.7930723384334333e-13 4.2344864197234304e-08
1899 4.251034883921885e-08 1.8071297584320754e-13 4.2510529552194696e-08
1900 4.267666091096175e-08 1.8212973865092108e-13 4.26768430407004e-08
1901 4.284362364086114e-08 1.8355760866797559e-13 4.284380719846981e-08
1902 4.301123957446908e-08 1.8499667297323753e-13 4.301142457114206e-08
1903 4.317951126729652e-08 1.8644701932825872e-13 4.317969771431585e-08
1904 4.334844128485235e-08 1.8790873618262918e-13 4.334862919358854e-08
1905 4.351803220268218e-08 1.8938191267936833e-13 4.3518221584594864e-08
1906 4.368828660640811e-08 1.9086663866036585e-13 4.368847747304677e-08
1907 4.38592070917679e-08 1.9236300467185836e-13 4.385939945477257e-08
1908 4.403079626465427e-08 1.9387110196994927e-13 4.403099013575624e-08
1909 4.42030567411552e-08 1.953910225261786e-13 4.420325213217773e-08
1910 4.437599114759339e-08 1.9692285903312865e-13 4.437618807045242e-08
1911 4.454960212056645e-08 1.9846670491007788e-13 4.4549800587271356e-08
1912 4.4723892306987077e-08 2.0002265430869779e-13 4.472409232964139e-08
1913 4.489886436412341e-08 2.0159080211879513e-13 4.489906595492553e-08
1914 4.5074520959639556e-08 2.031712439740986e-13 4.507472413088353e-08
1915 4.525086477163624e-08 2.0476407625809095e-13 4.52510695357125e-08
1916 4.5427898488691644e-08 2.0636939610988725e-13 4.5428104858087755e-08
1917 4.56056248099024e-08 2.0798730143015854e-13 4.560583279720383e-08
1918 4.5784046444924765e-08 2.096178908871028e-13 4.578425606281565e-08
1919 4.5963166114015974e-08 2.1126126392246265e-13 4.5963377375279897e-08
1920 4.614298654807538e-08 2.1291752075758655e-13 4.614319946559614e-08
1921 4.632351048868665e-08 2.1458676239954617e-13 4.632372507544905e-08
1922 4.650474068815925e-08 2.162690906472934e-13 4.65049569572499e-08
1923 4.668667990957017e-08 2.179646080978663e-13 4.6686897874178265e-08
1924 4.686933092680659e-08 2.1967341815265086e-13 4.686955060022474e-08
1925 4.705269652460779e-08 2.2139562502368382e-13 4.7052917920232814e-08
1926 4.723677949860771e-08 2.231313337400086e-13 4.723700262994145e-08
1927 4.742158265537759e-08 2.2488065015408084e-13 4.742180753602774e-08
1928 4.76071088124687e-08 2.266436809482235e-13 4.760733545614965e-08
1929 4.7793360798455395e-08 2.284205336411333e-13 4.7793589218989035e-08
1930 4.7980341452978135e-08 2.302113165944372e-13 4.798057166429473e-08
1931 4.816805362678685e-08 2.3201613901930137e-13 4.8168285642925866e-08
1932 4.835650018178438e-08 2.3383511098309126e-13 4.835673401689536e-08
1933 4.854568399107011e-08 2.356683434160841e-13 4.854591965941353e-08
1934 4.8735607938983864e-08 2.375159481182347e-13 4.873584545493198e-08
1935 4.89262749211495e-08 2.3937803776599023e-13 4.8926514299187266e-08
1936 4.9117687844519635e-08 2.412547259191672e-13 4.911792909924555e-08
1937 4.930984962741969e-08 2.431461270278742e-13 4.931009277354672e-08
1938 4.9502763199592055e-08 2.4505235643948853e-13 4.9503008251948494e-08
1939 4.969643150224139e-08 2.46973530405697e-13 4.96966784757718e-08
1940 4.989085748807902e-08 2.4890976608958103e-13 4.98911063978451e-08
1941 5.0086044121368125e-08 2.508611815727635e-13 5.0086294982549706e-08
1942 5.028199437796885e-08 2.528278958626091e-13 5.02822472058647e-08
1943 5.0478711245383726e-08 2.5481002889948296e-13 5.0478966055412625e-08
1944 5.067619772280323e-08 2.568077015640647e-13 5.067645453050479e-08
1945 5.087445682115146e-08 2.5882103568472043e-13 5.0874715642187144e-08
1946 5.107349156313209e-08 2.608501540449325e-13 5.1073752413286134e-08
1947 5.127330498327443e-08 2.6289518039078746e-13 5.1273567878454816e-08
1948 5.1473900127979686e-08 2.649562394385227e-13 5.147416508421913e-08
1949 5.167528005556753e-08 2.670334568821336e-13 5.1675547089024424e-08
1950 5.187744783632231e-08 2.691269594010343e-13 5.187771696328171e-08
1951 5.208040655254045e-08 2.7123687466778977e-13 5.2080677789415114e-08
1952 5.228415929857707e-08 2.733633313558983e-13 5.228443266190843e-08
1953 5.2488709180893366e-08 2.7550645914763997e-13 5.2488984687352515e-08
1954 5.269405931810352e-08 2.7766638874198125e-13 5.269433698449226e-08
1955 5.290021284102291e-08 2.798432518625525e-13 5.2900492684274774e-08
1956 5.310717289271541e-08 2.820371812656766e-13 5.310745492989667e-08
1957 5.331494262854142e-08 2.842483107484663e-13 5.331522687685217e-08
1958 5.352352521620596e-08 2.8647677515698354e-13 5.352381169298112e-08
1959 5.3732923835806995e-08 2.8872271039446356e-13 5.373321255851739e-08
1960 5.394314167988387e-08 2.909862534296024e-13 5.394343266613729e-08
1961 5.415418195346604e-08 2.9326754230491074e-13 5.4154475221008345e-08
1962 5.436604787412191e-08 2.9556671614513156e-13 5.436634344083806e-08
1963 5.457874267200786e-08 2.978839151657252e-13 5.457904055592303e-08
1964 5.479226958991767e-08 3.002192806814217e-13 5.479256980919835e-08
1965 5.500663188333145e-08 3.025729551148336e-13 5.500693445628656e-08
1966 5.5221832820465986e-08 3.049450820051494e-13 5.522213776554799e-08
1967 5.543787568232411e-08 3.0733580601688227e-13 5.5438183018130123e-08
1968 5.565476376274493e-08 3.097452729486946e-13 5.5655073508017875e-08
1969 5.587250036845362e-08 3.1217362974228496e-13 5.5872812542083364e-08
1970 5.609108881911251e-08 3.1462102449135684e-13 5.6091403440137e-08
1971 5.631053244737122e-08 3.170876064506447e-13 5.6310849534977673e-08
1972 5.6530834598917626e-08 3.1957352604501824e-13 5.6531154172443674e-08
1973 5.675199863252884e-08 3.220789348786555e-13 5.6752320711463716e-08
1974 5.697402792012242e-08 3.246039857442889e-13 5.6974352524108165e-08
1975 5.719692584680778e-08 3.271488326325228e-13 5.719725299564041e-08
1976 5.742069581093783e-08 3.297136307412253e-13 5.742102552456857e-08
1977 5.764534122416073e-08 3.3229853648499246e-13 5.764567352269722e-08
1978 5.787086551147197e-08 3.3490370750468757e-13 5.787120041517947e-08
1979 5.809727211126663e-08 3.37529302677056e-13 5.809760964056931e-08
1980 5.832456447539143e-08 3.4017548212440926e-13 5.832490465087356e-08
1981 5.8552746069197966e-08 3.4284240722439777e-13 5.855308891160519e-08
1982 5.878182037159514e-08 3.455302406198477e-13 5.878216590183576e-08
1983 5.9011790875102393e-08 3.482391462286818e-13 5.9012139114248625e-08
1984 5.924266108590252e-08 3.5096928925391084e-13 5.9243012055191774e-08
1985 5.947443452389579e-08 3.5372083619371673e-13 5.947478824473198e-08
1986 5.970711472275319e-08 3.564939548516011e-13 5.970747121670804e-08
1987 5.994070522997035e-08 3.592888143466195e-13 5.99410645187847e-08
1988 6.017520960692175e-08 3.6210558512369674e-13 6.017557171250687e-08
1989 6.041063142891484e-08 3.649444389640193e-13 6.04109963733538e-08
1990 6.064697428524468e-08 3.67805548995513e-13 6.064734209079368e-08
1991 6.088424177924869e-08 3.706890897034012e-13 6.088461246833839e-08
1992 6.112243752836146e-08 3.7359523694084496e-13 6.11228111235984e-08
1993 6.136156516416998e-08 3.765241679396679e-13 6.136194168833792e-08
1994 6.160162833246914e-08 3.794760613211664e-13 6.160200780853047e-08
1995 6.18426306933168e-08 3.8245109710699683e-13 6.18430131444139e-08
1996 6.208457592109032e-08 3.8544945673016277e-13 6.208496137054705e-08
1997 6.232746770454213e-08 3.8847132304607415e-13 6.232785617586517e-08
1998 6.257130974685614e-08 3.9151688034370146e-13 6.257170126373648e-08
1999 6.281610576570382e-08 3.945863143568088e-13 6.281650035201817e-08
2000 6.30618594933015e-08 3.9767981227529003e-13 6.306225717311377e-08
2001 6.330857467646684e-08 4.007975627565779e-13 6.330897547402959e-08
2002 6.355625507667611e-08 4.039397559371518e-13 6.355665901643205e-08
2003 6.380490447012147e-08 4.0710658344413274e-13 6.380531157670492e-08
2004 6.405452664776858e-08 4.1029823840696953e-13 6.405493694600699e-08
2005 6.430512541541437e-08 4.135149154692172e-13 6.430553893032985e-08
2006 6.455670459374513e-08 4.167568108004074e-13 6.455712135055593e-08
2007 6.48092680183947e-08 4.200241221080118e-13 6.480968804251681e-08
2008 6.506281954000292e-08 4.2331704864949853e-13 6.506324285705157e-08
2009 6.531736302427457e-08 4.2663579124448707e-13 6.531778966006581e-08
2010 6.55729023520377e-08 4.2998055228698705e-13 6.557333233258998e-08
2011 6.582944141930363e-08 4.333515357577529e-13 6.582987477083939e-08
2012 6.608698413732578e-08 4.3674894723671494e-13 6.608742088627302e-08
2013 6.634553443265963e-08 4.4017299391552255e-13 6.634597460565355e-08
2014 6.660509624722197e-08 4.4362388461017017e-13 6.660553987110658e-08
2015 6.686567353835187e-08 4.471018297737449e-13 6.686612064018165e-08
2016 6.712727027887046e-08 4.506070415092526e-13 6.712772088591197e-08
2017 6.738989045714161e-08 4.541397335825546e-13 6.73903445968752e-08
2018 6.765353807713279e-08 4.577001214354056e-13 6.765399577725423e-08
2019 6.791821715847603e-08 4.612884221985907e-13 6.791867844689822e-08
2020 6.81839317365293e-08 4.649048547051688e-13 6.8184396641384e-08
2021 6.845068586243798e-08 4.685496395038167e-13 6.845115441207748e-08
2022 6.871848360319663e-08 4.722229988722805e-13 6.87189558261955e-08
2023 6.898732904171098e-08 4.7592515683093e-13 6.898780496686782e-08
2024 6.92572262768604e-08 4.796563391564243e-13 6.925770593319956e-08
2025 6.952817942355971e-08 4.834167733954712e-13 6.952866284033311e-08
2026 6.980019261282284e-08 4.872066888787168e-13 6.980067981951173e-08
2027 7.007326999182527e-08 4.91026316734724e-13 7.0073761018142e-08
2028 7.034741572396742e-08 4.948758899040699e-13 7.034791059985733e-08
2029 7.062263398893773e-08 4.987556431535462e-13 7.062313274458088e-08
2030 7.089892898277708e-08 5.026658130904867e-13 7.089943164859017e-08
2031 7.117630491794232e-08 5.0660663817719e-13 7.117681152458049e-08
2032 7.145476602337052e-08 5.105783587454626e-13 7.145527660172926e-08
2033 7.173431654454355e-08 5.145812170112775e-13 7.173483112576057e-08
2034 7.201496074355276e-08 5.186154570895445e-13 7.201547935900985e-08
2035 7.229670289916391e-08 5.226813250089975e-13 7.229722558048892e-08
2036 7.257954730688254e-08 5.267790687272001e-13 7.258007408595127e-08
2037 7.286349827901933e-08 5.309089381456652e-13 7.286402918795747e-08
2038 7.314856014475586e-08 5.350711851250965e-13 7.314909521594098e-08
2039 7.343473725021089e-08 5.392660635007511e-13 7.34352765162744e-08
2040 7.372203395850586e-08 5.434938290979092e-13 7.372257745233497e-08
2041 7.401045464983239e-08 5.477547397474897e-13 7.401100240457214e-08
2042 7.430000372151849e-08 5.520490553017661e-13 7.43005557705738e-08
2043 7.459068558809581e-08 5.563770376502165e-13 7.459124196513346e-08
2044 7.488250468136646e-08 5.607389507354868e-13 7.488306542031718e-08
2045 7.517546545047137e-08 5.651350605695014e-13 7.517603058553193e-08
2046 7.54695723619576e-08 5.695656352496754e-13 7.547014192759284e-08
2047 7.576482989984654e-08 5.740309449752681e-13 7.576540393079152e-08
2048 7.606124256570232e-08 5.785312620638607e-13 7.606182109696438e-08
2049 7.63588148787004e-08 5.830668609679638e-13 7.635939794556137e-08
2050 7.665755137569648e-08 5.876380182917546e-13 7.665813901371477e-08
2051 7.695745661129568e-08 5.922450128079456e-13 7.695804885630848e-08
2052 7.725853515792197e-08 5.968881254747865e-13 7.725913204604744e-08
2053 7.756079160588793e-08 6.015676394531976e-13 7.756139317352739e-08
2054 7.78642305634648e-08 6.062838401240405e-13 7.786483684730491e-08
2055 7.816885665695217e-08 6.110370151055136e-13 7.816946769396728e-08
2056 7.847467453074948e-08 6.158274542707062e-13 7.847529035820375e-08
2057 7.878168884742613e-08 6.206554497652667e-13 7.87823095028759e-08
2058 7.908990428779295e-08 6.255212960252251e-13 7.909052980908898e-08
2059 7.939932555097289e-08 6.304252897949377e-13 7.939995597626269e-08
2060 7.970995735447361e-08 6.353677301452001e-13 7.971059272220375e-08
2061 8.002180443425881e-08 6.403489184914763e-13 8.00224447831773e-08
2062 8.033487154482058e-08 6.453691586122825e-13 8.033551691397919e-08
2063 8.064916345925185e-08 6.504287566677124e-13 8.064981388800852e-08
2064 8.09646849693192e-08 6.555280212181103e-13 8.096534049734042e-08
2065 8.128144088553591e-08 6.606672632428868e-13 8.128210155279915e-08
2066 8.159943603723531e-08 6.658467961594856e-13 8.160010188403148e-08
2067 8.191867527264439e-08 6.710669358424959e-13 8.191934633958023e-08
2068 8.223916345895769e-08 6.763280006429162e-13 8.223983978695834e-08
2069 8.256090548241179e-08 6.816303114075734e-13 8.25615871127232e-08
2070 8.288390624835897e-08 6.869741914986759e-13 8.288459322255047e-08
2071 8.320817068134316e-08 6.923599668135535e-13 8.320886304130998e-08
2072 8.353370372517421e-08 6.977879658045184e-13 8.353440151314002e-08
2073 8.386051034300375e-08 7.032585194989039e-13 8.386121360152324e-08
2074 8.418859551740004e-08 7.087719615192391e-13 8.418930428936156e-08
2075 8.451796425042503e-08 7.143286281036123e-13 8.451867857905314e-08
2076 8.484862156370995e-08 7.199288581261665e-13 8.484934149256808e-08
2077 8.5180572498532e-08 7.255729931177667e-13 8.518129807152511e-08
2078 8.551382211589124e-08 7.312613772868291e-13 8.551455337726853e-08
2079 8.584837549658773e-08 7.369943575403125e-13 8.584911249094527e-08
2080 8.618423774129903e-08 7.427722835048751e-13 8.618498051358253e-08
2081 8.65214139706579e-08 7.485955075481956e-13 8.652216256616544e-08
2082 8.685990932533045e-08 7.544643848004628e-13 8.686066378971525e-08
2083 8.719972896609447e-08 7.603792731760336e-13 8.720048934536765e-08
2084 8.754087807391827e-08 7.663405333952625e-13 8.754164441445167e-08
2085 8.788336185003903e-08 7.723485290064896e-13 8.788413419856805e-08
2086 8.822718551604308e-08 7.784036264082281e-13 8.822796391966949e-08
2087 8.857235431394486e-08 7.845061948714986e-13 8.857313882013972e-08
2088 8.891887350626718e-08 7.906566065623542e-13 8.891966416287375e-08
2089 8.926674837612073e-08 7.968552365645653e-13 8.92675452313573e-08
2090 8.961598422728572e-08 8.031024629025122e-13 8.961678732974863e-08
2091 8.996658638429199e-08 8.093986665642272e-13 8.996739578295855e-08
2092 9.031856019250041e-08 8.15744231524632e-13 9.031937593673194e-08
2093 9.067191101818436e-08 8.221395447689541e-13 9.067273315772912e-08
2094 9.102664424861155e-08 8.285849963163286e-13 9.102747283360786e-08
2095 9.13827652921261e-08 8.350809792435807e-13 9.138360037310535e-08
2096 9.174027957823112e-08 8.416278897092011e-13 9.174112120612084e-08
2097 9.209919255767138e-08 8.482261269775032e-13 9.210004078379836e-08
2098 9.245950970251645e-08 8.548760934429733e-13 9.246036457860989e-08
2099 9.282123650624429e-08 8.615781946548138e-13 9.282209808443895e-08
2100 9.318437848382434e-08 8.683328393416624e-13 9.318524681666368e-08
2101 9.35489411718026e-08 8.751404394365385e-13 9.354981631224204e-08
2102 9.391493012838542e-08 8.820014101019516e-13 9.391581212979553e-08
2103 9.428235093352452e-08 8.889161697552272e-13 9.428323984969428e-08
2104 9.465120918900136e-08 8.958851400940094e-13 9.465210507414145e-08
2105 9.502151051851364e-08 9.029087461219998e-13 9.502241342725976e-08
2106 9.539326056776034e-08 9.09987416174862e-13 9.539417055517652e-08
2107 9.576646500452794e-08 9.171215819463475e-13 9.576738212610989e-08
2108 9.614112951877683e-08 9.243116785146222e-13 9.614205383045534e-08
2109 9.651725982272812e-08 9.315581443688008e-13 9.651819138087249e-08
2110 9.689486165095064e-08 9.388614214356865e-13 9.689580051237207e-08
2111 9.727394076044843e-08 9.46221955106723e-13 9.727488698240353e-08
2112 9.76545029307485e-08 9.536401942651567e-13 9.765545657094277e-08
2113 9.803655396398897e-08 9.61116591313412e-13 9.803751508058028e-08
2114 9.842009968500766e-08 9.686516022006846e-13 9.842106833660986e-08
2115 9.880514594143018e-08 9.762456864507316e-13 9.880612218711663e-08
2116 9.919169860376022e-08 9.838993071899208e-13 9.919268250306742e-08
2117 9.957976356546831e-08 9.91612931175457e-13 9.958075517839949e-08
2118 9.996934674308203e-08 9.993870288238566e-13 9.997034613011085e-08
2119 1.003604540762754e-07 1.0072220742396183e-12 1.0036146129834963e-07
2120 1.0075309152796068e-07 1.0151185452441622e-12 1.0075410664650592e-07
2121 1.011472650843785e-07 1.0230769234049536e-12 1.0114828816130193e-07
2122 1.0154298075518929e-07 1.031097694064874e-12 1.0154401185288334e-07
2123 1.0194024457356485e-07 1.0391813463718218e-12 1.0194128375491123e-07
2124 1.0233906259628045e-07 1.0473283733085409e-12 1.0234010992465376e-07
2125 1.027394409038071e-07 1.0555392717226871e-12 1.0274049644307882e-07
2126 1.0314138560040427e-07 1.0638145423571283e-12 1.0314244941494663e-07
2127 1.0354490281421296e-07 1.0721546898804807e-12 1.0354597496890285e-07
2128 1.039499986973491e-07 1.0805602229178882e-12 1.0395107925757204e-07
2129 1.0435667942599764e-07 1.089031654082044e-12 1.0435776845765172e-07
2130 1.0476495120050578e-07 1.0975695000044356e-12 1.0476604877000577e-07
2131 1.0517482024547879e-07 1.1061742813668776e-12 1.0517592641976017e-07
2132 1.055862928098741e-07 1.1148465229332473e-12 1.0558740765639704e-07
2133 1.05999375167097e-07 1.123586753581498e-12 1.0600049875385058e-07
2134 1.0641407361509536e-07 1.1323955063358934e-12 1.064152060106017e-07
2135 1.0683039447645702e-07 1.141273318399542e-12 1.0683153574977543e-07
2136 1.0724834409850529e-07 1.1502207311871393e-12 1.0724949431923648e-07
2137 1.076679288533959e-07 1.159238290357992e-12 1.0766908809168626e-07
2138 1.0808915513821423e-07 1.1683265458492943e-12 1.0809032346476007e-07
2139 1.085120293750728e-07 1.1774860519096664e-12 1.0851320686112472e-07
2140 1.0893655801120917e-07 1.1867173671329541e-12 1.089377447285763e-07
2141 1.0936274751908427e-07 1.1960210544922971e-12 1.0936394354013877e-07
2142 1.0979060439648102e-07 1.2053976813744598e-12 1.097918097941624e-07
2143 1.1022013516660348e-07 1.2148478196144342e-12 1.102213500144231e-07
2144 1.1065134637817647e-07 1.2243720455303186e-12 1.10652570750222e-07
2145 1.1108424460554454e-07 1.2339709399584454e-12 1.1108547857648451e-07
2146 1.1151883644877354e-07 1.24364508828883e-12 1.1152008009386182e-07
2147 1.1195512853375032e-07 1.2533950805008556e-12 1.1195638192883082e-07
2148 1.1239312751228429e-07 1.2632215111992595e-12 1.1239439073379549e-07
2149 1.1283284006220784e-07 1.2731249796503773e-12 1.1283411318718747e-07
2150 1.1327427288747952e-07 1.2831060898187179e-12 1.1327555599356934e-07
2151 1.1371743271828541e-07 1.2931654504037769e-12 1.1371872588373582e-07
2152 1.1416232631114189e-07 1.3033036748771639e-12 1.1416362961481677e-07
2153 1.1460896044899866e-07 1.3135213815200137e-12 1.1461027397038016e-07
2154 1.1505734194134219e-07 1.323819193460694e-12 1.1505866576053565e-07
2155 1.1550747762429953e-07 1.3341977387128057e-12 1.1550881182203824e-07
2156 1.1595937436074247e-07 1.3446576502134818e-12 1.1596071901839269e-07
2157 1.1641303904039228e-07 1.3551995658619898e-12 1.1641439423995815e-07
2158 1.1686847857992467e-07 1.365824128558631e-12 1.1686984440405322e-07
2159 1.1732569992307527e-07 1.3765319862439504e-12 1.1732707645506152e-07
2160 1.1778471004074575e-07 1.3873237919382553e-12 1.1778609736453769e-07
2161 1.1824551593110912e-07 1.398200203781418e-12 1.182469141313129e-07
2162 1.1870812461971786e-07 1.4091618850730465e-12 1.1870953378160293e-07
2163 1.1917254315961034e-07 1.4202095043129189e-12 1.1917396336911465e-07
2164 1.1963877863141763e-07 1.4313437352417353e-12 1.1964020997515287e-07
2165 1.2010683814347282e-07 1.4425652568822379e-12 1.2010828070872971e-07
2166 1.205767288319186e-07 1.453874753580603e-12 1.2057818270667218e-07
2167 1.210484578608161e-07 1.4652729150481773e-12 1.2104992313373115e-07
2168 1.2152203242225424e-07 1.4767604364035411e-12 1.2152350918269065e-07
2169 1.219974597364594e-07 1.488338018214903e-12 1.219989480744776e-07
2170 1.2247474705190533e-07 1.5000063665428193e-12 1.2247624705827188e-07
2171 1.2295390164542395e-07 1.5117661929832587e-12 1.2295541341161693e-07
2172 1.23434930822316e-07 1.5236182147109937e-12 1.2343645444053072e-07
2173 1.2391784191646261e-07 1.5355631545233418e-12 1.2391937747961714e-07
2174 1.2440264229043704e-07 1.5476017408842435e-12 1.2440418989217793e-07
2175 1.2488933933561718e-07 1.5597347079686934e-12 1.2489089907032516e-07
2176 1.2537794047229725e-07 1.5719627957074913e-12 1.2537951243509296e-07
2177 1.2586845314980246e-07 1.5842867498324017e-12 1.258700374365523e-07
2178 1.263608848466018e-07 1.5967073219216163e-12 1.2636248155392374e-07
2179 1.2685524307042135e-07 1.6092252694455685e-12 1.268568522956908e-07
2180 1.2735153535836013e-07 1.621841355813165e-12 1.2735315719971595e-07
2181 1.2784976927700413e-07 1.6345563504183189e-12 1.2785140383335456e-07
2182 1.2834995242254195e-07 1.6473710286868786e-12 1.2835159979357065e-07
2183 1.288520924208805e-07 1.660286172123913e-12 1.2885375270705262e-07
2184 1.2935619692776128e-07 1.673302568361376e-12 1.2935787023032964e-07
2185 1.298622736288772e-07 1.686421011206137e-12 1.298639600498884e-07
2186 1.3037033023998966e-07 1.6996423006883964e-12 1.3037202988229035e-07
2187 1.3088037450704626e-07 1.7129672431104682e-12 1.3088208747428937e-07
2188 1.3139241420629877e-07 1.7263966510959585e-12 1.3139414060294987e-07
2189 1.319064571444219e-07 1.7399313436393212e-12 1.3190819707576555e-07
2190 1.3242251115863238e-07 1.7535721461558118e-12 1.3242426473077852e-07
2191 1.3294058411680748e-07 1.7673198905317968e-12 1.32942351436698e-07
2192 1.334606839176066e-07 1.7811754151755295e-12 1.3346246509302177e-07
2193 1.3398281849059075e-07 1.7951395650682586e-12 1.3398461363015582e-07
2194 1.3450699579634285e-07 1.8092131918157395e-12 1.3450880500953466e-07
2195 1.3503322382659053e-07 1.8233971537002096e-12 1.3503504722374423e-07
2196 1.3556151060432696e-07 1.837692315732705e-12 1.355633482966427e-07
2197 1.3609186418393353e-07 1.852099549705821e-12 1.3609371628348324e-07
2198 1.3662429265130245e-07 1.8666197342468734e-12 1.366261592710367e-07
2199 1.3715880412396022e-07 1.881253754871489e-12 1.371606853777151e-07
2200 1.376954067511913e-07 1.896002504037602e-12 1.3769730275369535e-07
2201 1.3823410871416237e-07 1.910866881199886e-12 1.3823601958104357e-07
2202 1.3877491822604706e-07 1.925847792864605e-12 1.3877684407383993e-07
2203 1.393178435321512e-07 1.940946152644896e-12 1.3931978447830383e-07
2204 1.3986289291003843e-07 1.9561628813164877e-12 1.3986484907291974e-07
2205 1.4041007466965684e-07 1.9714989068738608e-12 1.4041204616856372e-07
2206 1.4095939715346442e-07 1.9869551645868114e-12 1.4096138410862901e-07
2207 1.4151086873655796e-07 2.002532597057534e-12 1.4151287126915503e-07
2208 1.4206449782679968e-07 2.018232154278077e-12 1.4206651605895396e-07
2209 1.426202928649459e-07 2.034054793688294e-12 1.4262232691973957e-07
2210 1.431782623247746e-07 2.050001480234197e-12 1.4318031232625484e-07
2211 1.4373841471321639e-07 2.066073186426858e-12 1.4374048078640281e-07
2212 1.44300758570483e-07 2.0822708924016824e-12 1.443028408413754e-07
2213 1.4486530247019781e-07 2.0985955859781903e-12 1.448674010657838e-07
2214 1.4543205501952653e-07 2.1150482627202592e-12 1.4543417006778925e-07
2215 1.4600102485930849e-07 2.1316299259968417e-12 1.460031564892345e-07
2216 1.465722206641883e-07 2.14834158704315e-12 1.4657436900577532e-07
2217 1.4714565114274812e-07 2.1651842650223333e-12 1.4714781632701315e-07
2218 1.4772132503764055e-07 2.182158987087625e-12 1.4772350719662763e-07
2219 1.4829925112572175e-07 2.199266788444988e-12 1.4830145039251016e-07
2220 1.4887943821818565e-07 2.2165087124162555e-12 1.4888165472689806e-07
2221 1.494618951606971e-07 2.233885810502721e-12 1.4946412904650763e-07
2222 1.5004663083352844e-07 2.2513991424493166e-12 1.500488822326709e-07
2223 1.5063365415169382e-07 2.2690497763092106e-12 1.5063592320147013e-07
2224 1.5122297406508566e-07 2.286838788508957e-12 1.5122526090387417e-07
2225 1.5181459955860983e-07 2.3047672639141054e-12 1.5181690432587373e-07
2226 1.5240853965232455e-07 2.3228362958954184e-12 1.5241086248862043e-07
2227 1.530048034015767e-07 2.3410469863955134e-12 1.530071444485631e-07
2228 1.5360339989714002e-07 2.3594004459960715e-12 1.5360575929758603e-07
2229 1.54204338265354e-07 2.3778977939855723e-12 1.54206716163148e-07
2230 1.5480762766826274e-07 2.3965401584275466e-12 1.5481002420842117e-07
2231 1.554132773037548e-07 2.4153286762293786e-12 1.5541569263243102e-07
2232 1.5602129640570332e-07 2.434264493211633e-12 1.5602373067019652e-07
2233 1.5663169424410703e-07 2.453348764177943e-12 1.566341475928712e-07
2234 1.5724448012523122e-07 2.472582652985424e-12 1.5724695270788422e-07
2235 1.578596633917503e-07 2.4919673326156714e-12 1.5786215535908294e-07
2236 1.5847725342288876e-07 2.511503985246251e-12 1.58479764926874e-07
2237 1.5909725963456609e-07 2.5311938023228532e-12 1.590997908283684e-07
2238 1.5971969147953915e-07 2.5510379846319173e-12 1.5972224251752377e-07
2239 1.6034455844754686e-07 2.5710377423738772e-12 1.6034712948528923e-07
2240 1.6097187006545365e-07 2.5911942952369293e-12 1.6097446125974887e-07
2241 1.616016358973966e-07 2.611508872471474e-12 1.6160424740626907e-07
2242 1.6223386554492992e-07 2.6319827129650397e-12 1.622364975276429e-07
2243 1.6286856864717179e-07 2.652617065317851e-12 1.628712212642371e-07
2244 1.6350575488095123e-07 2.673413187918971e-12 1.6350842829413915e-07
2245 1.6414543396095565e-07 2.6943723490230453e-12 1.6414812833330467e-07
2246 1.6478761563987893e-07 2.715495826827647e-12 1.6479033113570576e-07
2247 1.6543230970857022e-07 2.7367849095512295e-12 1.654350464934798e-07
2248 1.6607952599618305e-07 2.758240895511684e-12 1.6608228423707856e-07
2249 1.6672927437032534e-07 2.7798650932055226e-12 1.6673205423541854e-07
2250 1.6738156473721014e-07 2.801658821387687e-12 1.6738436639603151e-07
2251 1.6803640704180518e-07 2.8236234091519235e-12 1.6803923066521433e-07
2252 1.686938112679868e-07 2.8457601960119146e-12 1.686966570281828e-07
2253 1.6935378743869045e-07 2.8680705319829148e-12 1.6935665550922244e-07
2254 1.7001634561606457e-07 2.8905557776641122e-12 1.7001923617184222e-07
2255 1.706814959016223e-07 2.913217304321551e-12 1.7068440911892662e-07
2256 1.7134924843639773e-07 2.9360564939718356e-12 1.7135218449289172e-07
2257 1.720196134010991e-07 2.9590747394663595e-12 1.7202257247583859e-07
2258 1.726926010162644e-07 2.982273444576268e-12 1.7269558328970895e-07
2259 1.7336822154241703e-07 3.0056540240780593e-12 1.733712271964411e-07
2260 1.740464852802225e-07 3.02921790383987e-12 1.7404951449812632e-07
2261 1.7472740257064517e-07 3.0529665209084303e-12 1.7473045553716607e-07
2262 1.7541098379510623e-07 3.076901323596702e-12 1.7541406069642982e-07
2263 1.7609723937564173e-07 3.1010237715722066e-12 1.7610034039941332e-07
2264 1.7678617977506158e-07 3.1253353359460397e-12 1.7678930511039754e-07
2265 1.7747781549710944e-07 3.1498374993626016e-12 1.774809653346088e-07
2266 1.7817215708662135e-07 3.1745317560899674e-12 1.7817533161837744e-07
2267 1.7886921512968874e-07 3.199419612111087e-12 1.7887241454930085e-07
2268 1.7956900025381833e-07 3.2245025852155805e-12 1.7957222475640355e-07
2269 1.8027152312809497e-07 3.249782205092328e-12 1.8027477291030007e-07
2270 1.8097679446334268e-07 3.2752600134226977e-12 1.8098006972335611e-07
2271 1.8168482501229032e-07 3.3009375639746555e-12 1.8168812594985429e-07
2272 1.8239562556973398e-07 3.3268164226974597e-12 1.8239895238615668e-07
2273 1.831092069727019e-07 3.3528981678171777e-12 1.831125598708697e-07
2274 1.838255801006197e-07 3.3791843899329355e-12 1.8382895928500965e-07
2275 1.8454475587547645e-07 3.40567669211392e-12 1.8454816155216857e-07
2276 1.852667452619908e-07 3.432376689997139e-12 1.8527017763868079e-07
2277 1.8599155926777849e-07 3.4592860118859557e-12 1.8599501855379038e-07
2278 1.8671920894352e-07 3.4864062988493887e-12 1.8672269534981887e-07
2279 1.874497053831292e-07 3.5137392048221934e-12 1.87453219122334e-07
2280 1.8818305972392255e-07 3.54128639670574e-12 1.8818660101031924e-07
2281 1.8891928314678776e-07 3.5690495544696165e-12 1.8892285219634223e-07
2282 1.896583868763563e-07 3.5970303712541634e-12 1.8966198390672755e-07
2283 1.9040038218117306e-07 3.6252305534736765e-12 1.9040400741172653e-07
2284 1.91145280373869e-07 3.653651820920499e-12 1.9114893402568994e-07
2285 1.9189309281133194e-07 3.682295906869846e-12 1.9189677510723884e-07
2286 1.9264383089488214e-07 3.711164558185595e-12 1.9264754205944032e-07
2287 1.9339750607044453e-07 3.740259535426763e-12 1.9340124632997997e-07
2288 1.9415412982872367e-07 3.7695826129548884e-12 1.9415789941133663e-07
2289 1.949137137053788e-07 3.799135579042237e-12 1.9491751284095784e-07
2290 1.9567626928119983e-07 3.828920235980863e-12 1.9568009820143582e-07
2291 1.9644180818228398e-07 3.858938400192525e-12 1.9644566712068416e-07
2292 1.9721034208021275e-07 3.889191902339453e-12 1.9721423127211508e-07
2293 1.979818826922302e-07 3.919682587436001e-12 1.9798580237481764e-07
2294 1.987564417814214e-07 3.950412314961155e-12 1.9876039219373635e-07
2295 1.9953403115689218e-07 3.981382958971962e-12 1.9953801253985114e-07
2296 2.0031466267394764e-07 4.0125964082177426e-12 2.0031867527035584e-07
2297 2.0109834823427522e-07 4.044054566255382e-12 2.0110239228884148e-07
2298 2.0188509978612469e-07 4.075759351565352e-12 2.0188917554547626e-07
2299 2.02674929324491e-07 4.107712697668742e-12 2.0267903703718868e-07
2300 2.034678488912955e-07 4.139916553245106e-12 2.0347198880784875e-07
2301 2.0426387057557216e-07 4.172372882251409e-12 2.042680429484544e-07
2302 2.0506300651365005e-07 4.205083664041728e-12 2.050672115973141e-07
2303 2.058652688893389e-07 4.238050893487981e-12 2.058695069402324e-07
2304 2.0667066993411482e-07 4.2712765811015835e-12 2.066749412106959e-07
2305 2.074792219273068e-07 4.304762753156063e-12 2.0748352669005996e-07
2306 2.0829093719628388e-07 4.338511451810627e-12 2.082952757077357e-07
2307 2.0910582811664314e-07 4.372524735234711e-12 2.0911020064137839e-07
2308 2.0992390711239841e-07 4.4068046777334874e-12 2.099283139170761e-07
2309 2.107451866561696e-07 4.441353369874376e-12 2.1074962800953945e-07
2310 2.1156967926937335e-07 4.4761729186145506e-12 2.1157415544229196e-07
2311 2.123973975224122e-07 4.5112654474293596e-12 2.1240190878785963e-07
2312 2.1322835403486885e-07 4.5466330964419365e-12 2.1323290066796525e-07
2313 2.140625614756968e-07 4.5822780225536475e-12 2.1406714375371935e-07
2314 2.1490003256341438e-07 4.618202399575656e-12 2.1490465076581395e-07
2315 2.1574078006629692e-07 4.65440841836143e-12 2.157454344747153e-07
2316 2.1658481680257404e-07 4.690898286940456e-12 2.1658950770086097e-07
2317 2.174321556406233e-07 4.727674230652823e-12 2.1743688331485394e-07
2318 2.1828280949916694e-07 4.76473849228496e-12 2.1828757423765923e-07
2319 2.1913679134746866e-07 4.802093332206401e-12 2.1914159344080087e-07
2320 2.1999411420553156e-07 4.839741028507647e-12 2.1999895394656006e-07
2321 2.2085479114429644e-07 4.87768387713908e-12 2.2085966882817357e-07
2322 2.2171883528584129e-07 4.915924192051002e-12 2.2172375121003334e-07
2323 2.225862598035811e-07 4.954464305334731e-12 2.2259121426788644e-07
2324 2.2345707792246902e-07 4.993306567364839e-12 2.2346207122903637e-07
2325 2.2433130291919815e-07 5.032453346942504e-12 2.243363353725451e-07
2326 2.2520894812240233e-07 5.071907031439891e-12 2.2521402002943377e-07
2327 2.26090026912862e-07 5.111670026945866e-12 2.2609513858288894e-07
2328 2.2697455272370635e-07 5.151744758412655e-12 2.2697970446846475e-07
2329 2.2786253904061918e-07 5.1921336698037694e-12 2.2786773117428898e-07
2330 2.2875399940204256e-07 5.232839224242969e-12 2.287592322412668e-07
2331 2.2964894739938595e-07 5.273863904164594e-12 2.2965422126329011e-07
2332 2.3054739667723173e-07 5.315210211464884e-12 2.305527118874432e-07
2333 2.3144936093354358e-07 5.356880667654573e-12 2.3145471781421122e-07
2334 2.323548539198753e-07 5.398877814012659e-12 2.3236025279768932e-07
2335 2.3326388944158063e-07 5.441204211741395e-12 2.3326933064579237e-07
2336 2.3417648135802348e-07 5.483862442122472e-12 2.341819652204656e-07
2337 2.3509264358278943e-07 5.5268551066744466e-12 2.350981704378961e-07
2338 2.3601239008389784e-07 5.5701848273113954e-12 2.3601796026872512e-07
2339 2.369357348840147e-07 5.6138542465028104e-12 2.369413487382612e-07
2340 2.3786269206066705e-07 5.657866027434772e-12 2.3786834992669448e-07
2341 2.387932757464555e-07 5.702222854172275e-12 2.387989779693097e-07
2342 2.397275001292728e-07 5.74692743182305e-12 2.3973324705670464e-07
2343 2.4066537945251805e-07 5.7919824867024504e-12 2.4067117143500474e-07
2344 2.4160692801531497e-07 5.837390766499759e-12 2.416127654060815e-07
2345 2.4255216017272776e-07 5.883155040445658e-12 2.425580433277682e-07
2346 2.435010903359831e-07 5.929278099481261e-12 2.4350701961408256e-07
2347 2.444537329726879e-07 5.975762756428219e-12 2.444597087354443e-07
2348 2.454101026070501e-07 6.022611846160287e-12 2.454161252188963e-07
2349 2.4637021382010046e-07 6.069828225776202e-12 2.4637628364832625e-07
2350 2.4733408124991465e-07 6.1174147747739376e-12 2.4734019866468943e-07
2351 2.483017195918365e-07 6.1653743952263e-12 2.483078849662317e-07
2352 2.4927314359870197e-07 6.2137100119579085e-12 2.4927935730871393e-07
2353 2.5024836808106425e-07 6.262424572723581e-12 2.50254630505637e-07
2354 2.5122740790741933e-07 6.311521048388086e-12 2.512337194284677e-07
2355 2.522102780044334e-07 6.361002433107358e-12 2.522166390068665e-07
2356 2.531969933571682e-07 6.410871744510987e-12 2.532034042289127e-07
2357 2.541875690093128e-07 6.461132023886416e-12 2.541940301413367e-07
2358 2.551820200634107e-07 6.5117863363642935e-12 2.5518853184974707e-07
2359 2.5618036168109066e-07 6.562837771105442e-12 2.5618692451886176e-07
2360 2.571826090832979e-07 6.614289441489241e-12 2.5718922337273937e-07
2361 2.581887775505265e-07 6.666144485303525e-12 2.5819544369501177e-07
2362 2.591988824230506e-07 6.718406064935841e-12 2.5920560082911553e-07
2363 2.6021293910116124e-07 6.771077367566466e-12 2.602197101785288e-07
2364 2.6123096304539897e-07 6.824161605362661e-12 2.612377872070043e-07
2365 2.622529697767903e-07 6.877662015674608e-12 2.6225984743880594e-07
2366 2.6327897487708403e-07 6.9315818612328244e-12 2.6328590645894526e-07
2367 2.6430899398898933e-07 6.98592443034716e-12 2.643159799134197e-07
2368 2.653430428164136e-07 7.04069303710731e-12 2.653500835094507e-07
2369 2.663811371247029e-07 7.095891021584977e-12 2.663882330157245e-07
2370 2.6742329274088e-07 7.15152175003744e-12 2.6743044426263006e-07
2371 2.6846952555388887e-07 7.207588615113019e-12 2.6847673314250396e-07
2372 2.6951985151483487e-07 7.264095036057864e-12 2.6952711560987094e-07
2373 2.7057428663722834e-07 7.321044458924499e-12 2.7058160768168723e-07
2374 2.71632846997229e-07 7.378440356782001e-12 2.716402254375858e-07
2375 2.726955487338907e-07 7.436286229927775e-12 2.727029850201206e-07
2376 2.737624080494083e-07 7.494585606101075e-12 2.737699026350144e-07
2377 2.748334412093625e-07 7.553342040698011e-12 2.748409945514032e-07
2378 2.7590866454297084e-07 7.612559116988562e-12 2.7591627710208784e-07
2379 2.769880944433349e-07 7.672240446334981e-12 2.769957666837812e-07
2380 2.7807174736769037e-07 7.732389668412062e-12 2.7807947975735876e-07
2381 2.791596398376581e-07 7.793010451429099e-12 2.7916743284810956e-07
2382 2.8025178843949624e-07 7.854106492353616e-12 2.802596425459886e-07
2383 2.8134820982435266e-07 7.915681517136798e-12 2.813561255058698e-07
2384 2.824489207085198e-07 7.977739280940771e-12 2.824568984478008e-07
2385 2.8355393787368697e-07 8.040283568367472e-12 2.8356197815725533e-07
2386 2.8466327816719974e-07 8.103318193689653e-12 2.8467138148539345e-07
2387 2.8577695850231466e-07 8.166847001083367e-12 2.8578512534931577e-07
2388 2.868949958584574e-07 8.23087386486243e-12 2.869032267323223e-07
2389 2.880174072814818e-07 8.295402689714696e-12 2.880257026841715e-07
2390 2.891442098839298e-07 8.360437410940203e-12 2.891525703213407e-07
2391 2.902754208452927e-07 8.425981994691178e-12 2.902838468272874e-07
2392 2.9141105741227106e-07 8.492040438213794e-12 2.9141954945270926e-07
2393 2.9255113689904093e-07 8.558616770092138e-12 2.92559695515811e-07
2394 2.9369567668751555e-07 8.625715050493766e-12 2.9370430240256604e-07
2395 2.948446942276109e-07 8.693339371417334e-12 2.948533875669823e-07
2396 2.959982070375118e-07 8.761493856942172e-12 2.960069685313688e-07
2397 2.971562327039391e-07 8.83018266347976e-12 2.971650628866026e-07
2398 2.983187888824176e-07 8.899409980027243e-12 2.983276882923976e-07
2399 2.994858932975458e-07 8.9691800284229e-12 2.994948624775742e-07
2400 3.0065756374326415e-07 9.039497063603495e-12 3.006666032403278e-07
2401 3.018338180831294e-07 9.110365373863964e-12 3.0184292844850325e-07
2402 3.030146742505848e-07 9.181789281118804e-12 3.0302385603986596e-07
2403 3.042001502492344e-07 9.25377314116568e-12 3.042094040223756e-07
2404 3.05390264153117e-07 9.326321343951059e-12 3.0539959047446097e-07
2405 3.0658503410698194e-07 9.399438313837927e-12 3.0659443354529576e-07
2406 3.077844783265666e-07 9.473128509875673e-12 3.0779395145507646e-07
2407 3.089886150988712e-07 9.547396426071838e-12 3.089981624952973e-07
2408 3.1019746278244167e-07 9.622246591666428e-12 3.1020708502903336e-07
2409 3.11411039807647e-07 9.69768357140799e-12 3.114207374912184e-07
2410 3.1262936467696073e-07 9.77371196583201e-12 3.126391383889266e-07
2411 3.1385245596524305e-07 9.850336411541484e-12 3.1386230630165456e-07
2412 3.1508033232002427e-07 9.927561581489693e-12 3.1509025988160575e-07
2413 3.1631301246178873e-07 1.0005392185265172e-11 3.16323017853974e-07
2414 3.1755051518426116e-07 1.0083832969378968e-11 3.1756059901723055e-07
2415 3.187928593546905e-07 1.0162888717553948e-11 3.1880302224340807e-07
2416 3.200400639141414e-07 1.0242564251016773e-11 3.2005030647839246e-07
2417 3.2129214787778055e-07 1.032286442879176e-11 3.2130247074220935e-07
2418 3.225491303351671e-07 1.040379414799726e-11 3.225595341293151e-07
2419 3.238110304505438e-07 1.0485358344144298e-11 3.238215158088879e-07
2420 3.2507786746312907e-07 1.0567561991437571e-11 3.250884350251205e-07
2421 3.263496606874111e-07 1.0650410103078837e-11 3.263603110975142e-07
2422 3.2762642951343976e-07 1.073390773157249e-11 3.276371634211713e-07
2423 3.289081934071258e-07 1.0818059969033928e-11 3.2891901146709486e-07
2424 3.3019497191053554e-07 1.0902871947499935e-11 3.3020587478248306e-07
2425 3.3148678464218893e-07 1.0988348839241693e-11 3.3149777299102817e-07
2426 3.327836512973591e-07 1.107449585708023e-11 3.327947257932162e-07
2427 3.340855916483724e-07 1.1161318254704306e-11 3.3409675296662715e-07
2428 3.3539262554491e-07 1.124882132699082e-11 3.3540387436623695e-07
2429 3.3670477291431086e-07 1.1337010410327765e-11 3.367161099247212e-07
2430 3.380220537618733e-07 1.1425890882939475e-11 3.3803347965275624e-07
2431 3.3934448817116386e-07 1.1515468165214917e-11 3.393560036393291e-07
2432 3.406720963043207e-07 1.1605747720038037e-11 3.4068370205204074e-07
2433 3.4200489840236177e-07 1.1696735053120978e-11 3.4201659513741487e-07
2434 3.4334291478549345e-07 1.1788435713339862e-11 3.433547032212068e-07
2435 3.446861658534203e-07 1.1880855293073155e-11 3.4469804670871333e-07
2436 3.4603467208565667e-07 1.1973999428542795e-11 3.460466460850852e-07
2437 3.4738845404183643e-07 1.206787380015771e-11 3.4740052191563657e-07
2438 3.4874753236203034e-07 1.2162484132860539e-11 3.487596948461632e-07
2439 3.50111927767058e-07 1.2257836196476564e-11 3.501241856032545e-07
2440 3.5148166105880464e-07 1.2353935806065643e-11 3.514940149946107e-07
2441 3.52856753120538e-07 1.2450788822276831e-11 3.5286920390936026e-07
2442 3.5423722491722695e-07 1.2548401151705804e-11 3.542497733183787e-07
2443 3.55623097495861e-07 1.2646778747255064e-11 3.5563574427460823e-07
2444 3.570143919857719e-07 1.274592760849704e-11 3.570271379133804e-07
2445 3.58411129598953e-07 1.284585378203975e-11 3.5842397545273506e-07
2446 3.598133316303869e-07 1.294656336189588e-11 3.598262781937488e-07
2447 3.612210194583672e-07 1.304806248985421e-11 3.6123406752085707e-07
2448 3.626342145448253e-07 1.3150357355854237e-11 3.6264736490218115e-07
2449 3.640529384356575e-07 1.3253454198363665e-11 3.6406619188985587e-07
2450 3.6547721276105345e-07 1.3357359304758833e-11 3.654905701203582e-07
2451 3.6690705923582686e-07 1.3462079011708256e-11 3.669205213148386e-07
2452 3.6834249965974336e-07 1.3567619705558804e-11 3.683560672794489e-07
2453 3.697835559178575e-07 1.3673987822725523e-11 3.6979722990568023e-07
2454 3.712302499808433e-07 1.3781189850083943e-11 3.712440311706934e-07
2455 3.726826039053303e-07 1.3889232325365732e-11 3.7269649313765564e-07
2456 3.741406398342393e-07 1.3998121837557397e-11 3.7415463795607683e-07
2457 3.756043799971203e-07 1.4107865027302114e-11 3.756184878621476e-07
2458 3.770738467104915e-07 1.4218468587304724e-11 3.770880651790788e-07
2459 3.7854906237818004e-07 1.4329939262739925e-11 3.785633923174428e-07
2460 3.800300494916606e-07 1.4442283851663401e-11 3.800444917755123e-07
2461 3.8151683063040314e-07 1.4555509205426772e-11 3.8153138613960855e-07
2462 3.830094284622137e-07 1.4669622229095158e-11 3.8302409808444277e-07
2463 3.8450786574358103e-07 1.4784629881868372e-11 3.845226503734629e-07
2464 3.8601216532002347e-07 1.4900539177505314e-11 3.8602706585920096e-07
2465 3.875223501264372e-07 1.50173571847517e-11 3.87537367483622e-07
2466 3.8903844318744687e-07 1.513509102777123e-11 3.8905357827847464e-07
2467 3.905604676177533e-07 1.525374788657981e-11 3.9057572136563986e-07
2468 3.9208844662249053e-07 1.5373334997483762e-11 3.92103819957488e-07
2469 3.93622403497577e-07 1.549385965352093e-11 3.936378973572305e-07
2470 3.951623616300708e-07 1.5615329204905483e-11 3.951779769592757e-07
2471 3.967083444985266e-07 1.573775105947617e-11 3.967240822495861e-07
2472 3.982603756733539e-07 1.5861132683148097e-11 3.98276236806037e-07
2473 3.998184788171755e-07 1.5985481600368018e-11 3.9983446429877583e-07
2474 4.013826776851902e-07 1.6110805394573326e-11 4.0139878849058473e-07
2475 4.029529961255308e-07 1.6237111708654203e-11 4.029692332372394e-07
2476 4.0452945807963314e-07 1.6364408245420168e-11 4.045458224878786e-07
2477 4.0611208758259755e-07 1.6492702768069538e-11 4.061285802853656e-07
2478 4.077009087635563e-07 1.6622003100662965e-11 4.0771753076665697e-07
2479 4.092959458460414e-07 1.6752317128600565e-11 4.0931269816317e-07
2480 4.1089722314835384e-07 1.688365279910281e-11 4.1091410680115297e-07
2481 4.125047650839354e-07 1.7016018121695272e-11 4.125217811020571e-07
2482 4.1411859616173723e-07 1.71494211686968e-11 4.1413574558290594e-07
2483 4.157387409865988e-07 1.728387007571223e-11 4.1575602485667455e-07
2484 4.173652242596196e-07 1.7419373042128257e-11 4.173826436326617e-07
2485 4.189980707785364e-07 1.755593833161354e-11 4.1901562671686804e-07
2486 4.2063730543810164e-07 1.769357427262268e-11 4.206549990123743e-07
2487 4.222829532304628e-07 1.7832289258904124e-11 4.223007855197217e-07
2488 4.239350392455434e-07 1.797209175001204e-11 4.2395301133729334e-07
2489 4.255935886714264e-07 1.8112990271822325e-11 4.256117016616982e-07
2490 4.272586267947348e-07 1.825499341705225e-11 4.272768817881519e-07
2491 4.289301790010226e-07 1.839810984578493e-11 4.289485771108684e-07
2492 4.306082707751579e-07 1.854234828599717e-11 4.306268131234439e-07
2493 4.322929277017126e-07 1.8687717534091812e-11 4.323116154192467e-07
2494 4.3398417546535236e-07 1.8834226455434176e-11 4.340030096918078e-07
2495 4.3568203985122844e-07 1.898188398489274e-11 4.357010217352133e-07
2496 4.3738654674537136e-07 1.913069912738409e-11 4.3740567744449874e-07
2497 4.390977221350823e-07 1.928068095842179e-11 4.391170028160407e-07
2498 4.408155921093343e-07 1.94318386246703e-11 4.4083502394795895e-07
2499 4.4254018285916703e-07 1.95841813445025e-11 4.4255976704051154e-07
2500 4.442715206780863e-07 1.9737718408561926e-11 4.442912583964949e-07
2501 4.460096319624655e-07 1.9892459180329393e-11 4.460295244216458e-07
2502 4.477545432119477e-07 2.004841309669399e-11 4.477745916250443e-07
2503 4.4950628102984993e-07 2.020558966852864e-11 4.4952648661951846e-07
2504 4.512648721235695e-07 2.0363998481270152e-11 4.5128523612205077e-07
2505 4.5303034330498745e-07 2.052364919550348e-11 4.5305086695418295e-07
2506 4.548027214908832e-07 2.068455154755139e-11 4.5482340604243075e-07
2507 4.5658203370334095e-07 2.0846715350067877e-11 4.56602880418691e-07
2508 4.583683070701625e-07 2.1010150492636677e-11 4.5838931722065513e-07
2509 4.601615688252812e-07 2.11748669423744e-11 4.601827436922236e-07
2510 4.6196184630917683e-07 2.1340874744538353e-11 4.619831871839214e-07
2511 4.637691669692928e-07 2.150818402313918e-11 4.6379067515331594e-07
2512 4.6558355836045504e-07 2.1676804981558322e-11 4.6560523516543657e-07
2513 4.6740504814528887e-07 2.184674790316998e-11 4.6742689489319207e-07
2514 4.6923366409464606e-07 2.2018023151968715e-11 4.6925568211779805e-07
2515 4.710694340880247e-07 2.2190641173201182e-11 4.710916247291979e-07
2516 4.729123861139948e-07 2.236461249400321e-11 4.729347507264888e-07
2517 4.747625482706256e-07 2.2539947724041813e-11 4.747850882183497e-07
2518 4.7661994876591357e-07 2.271665755616221e-11 4.766426654234697e-07
2519 4.784846159182133e-07 2.289475276704001e-11 4.785075106709803e-07
2520 4.80356578156666e-07 2.3074244217838116e-11 4.803796524008838e-07
2521 4.822358640216378e-07 2.3255142854869552e-11 4.822591191644926e-07
2522 4.84122502165152e-07 2.343745971026476e-11 4.841459396248623e-07
2523 4.860165213513264e-07 2.3621205902644428e-11 4.86040142557229e-07
2524 4.879179504568116e-07 2.380639263779756e-11 4.879417568494494e-07
2525 4.898268184712316e-07 2.3993031209364884e-11 4.898508115024409e-07
2526 4.917431544976259e-07 2.418113299952759e-11 4.917673356306254e-07
2527 4.936669877528939e-07 2.4370709479701593e-11 4.936913584623736e-07
2528 4.955983475682365e-07 2.4561772211236656e-11 4.956229093404477e-07
2529 4.975372633896091e-07 2.4754332846122123e-11 4.975620177224552e-07
2530 4.99483764778167e-07 2.4948403127697123e-11 4.995087131812947e-07
2531 5.014378814107166e-07 2.5143994891366786e-11 5.01463025405608e-07
2532 5.03399643080168e-07 2.534112006532405e-11 5.034249842002333e-07
2533 5.053690796959894e-07 2.553979067127713e-11 5.053946194866607e-07
2534 5.073462212846641e-07 2.5740018825182736e-11 5.073719613034893e-07
2535 5.093310979901439e-07 2.5941816737984555e-11 5.093570398068818e-07
2536 5.113237400743152e-07 2.6145196716358587e-11 5.113498852710316e-07
2537 5.13324177917456e-07 2.6350171163463197e-11 5.133505280886194e-07
2538 5.153324420187002e-07 2.65567525796957e-11 5.153589987712798e-07
2539 5.173485629965029e-07 2.6764953563454653e-11 5.173753279500663e-07
2540 5.193725715891066e-07 2.697478681190817e-11 5.193995463759185e-07
2541 5.214044986550105e-07 2.7186265121768283e-11 5.214316849201323e-07
2542 5.234443751734414e-07 2.739940139007145e-11 5.234717745748314e-07
2543 5.254922322448224e-07 2.761420861496463e-11 5.255198464534374e-07
2544 5.275481010912527e-07 2.7830699896498657e-11 5.275759317911492e-07
2545 5.296120130569804e-07 2.8048888437426715e-11 5.296400619454178e-07
2546 5.316839996088803e-07 2.8268787544009583e-11 5.317122683964243e-07
2547 5.337640923369345e-07 2.8490410626827155e-11 5.337925827475614e-07
2548 5.358523229547136e-07 2.8713771201596264e-11 5.358810367259151e-07
2549 5.379487232998613e-07 2.8938882889995073e-11 5.379776621827513e-07
2550 5.40053325334576e-07 2.916575942049334e-11 5.400824910939966e-07
2551 5.421661611461037e-07 2.939441462919029e-11 5.421955555607329e-07
2552 5.442872629472237e-07 2.9624862460658026e-11 5.443168878096844e-07
2553 5.464166630767402e-07 2.985711696879198e-11 5.46446520193709e-07
2554 5.485543939999759e-07 3.009119231766808e-11 5.485844851922936e-07
2555 5.507004883092666e-07 3.032710278240647e-11 5.50730815412049e-07
2556 5.52854978724458e-07 3.0564862750042096e-11 5.528855435872081e-07
2557 5.550178980934062e-07 3.080448672040227e-11 5.550487025801267e-07
2558 5.571892793924735e-07 3.104598930699039e-11 5.572203253817805e-07
2559 5.59369155727038e-07 3.1289385237877935e-11 5.594004451122759e-07
2560 5.615575603319943e-07 3.153468935660214e-11 5.615890950213509e-07
2561 5.637545265722604e-07 3.1781916623071354e-11 5.637863084888835e-07
2562 5.659600879432877e-07 3.203108211447739e-11 5.659921190254022e-07
2563 5.681742780715701e-07 3.228220102621499e-11 5.682065602725964e-07
2564 5.703971307151595e-07 3.2535288672808676e-11 5.704296660038323e-07
2565 5.726286797641743e-07 3.2790360488846124e-11 5.726614701246631e-07
2566 5.748689592413241e-07 3.3047432029920314e-11 5.74902006673354e-07
2567 5.771180033024235e-07 3.330651897357761e-11 5.771513098213971e-07
2568 5.793758462369139e-07 3.356763712027401e-11 5.794094138740342e-07
2569 5.816425224683863e-07 3.383080239433872e-11 5.816763532707806e-07
2570 5.839180665551062e-07 3.409603084494535e-11 5.839521625859512e-07
2571 5.862025131905405e-07 3.436333864709058e-11 5.862368765291876e-07
2572 5.884958972038874e-07 3.463274210258084e-11 5.8853052994599e-07
2573 5.907982535606031e-07 3.4904257641025863e-11 5.908331578182441e-07
2574 5.931096173629416e-07 3.51779018208415e-11 5.931447952647624e-07
2575 5.954300238504854e-07 3.545369133025896e-11 5.954654775418156e-07
2576 5.977595084006836e-07 3.573164298834269e-11 5.97795240043672e-07
2577 6.00098106529392e-07 3.601177374601615e-11 6.00134118303138e-07
2578 6.024458538914136e-07 3.629410068709544e-11 6.024821479921007e-07
2579 6.048027862810443e-07 3.657864102933146e-11 6.048393649220737e-07
2580 6.071689396326132e-07 3.6865412125459187e-11 6.072058050447387e-07
2581 6.09544350021038e-07 3.715443146425697e-11 6.095815044525022e-07
2582 6.1192905366237e-07 3.7445716671612366e-11 6.119664993790416e-07
2583 6.143230869143477e-07 3.773928551159732e-11 6.143608261998593e-07
2584 6.16726486276951e-07 3.803515588755142e-11 6.167645214328385e-07
2585 6.191392883929575e-07 3.833334584317378e-11 6.191776217388006e-07
2586 6.215615300485013e-07 3.86338735636234e-11 6.21600163922065e-07
2587 6.239932481736357e-07 3.8936757376628444e-11 6.240321849310123e-07
2588 6.264344798428898e-07 3.9242015753603186e-11 6.264737218586434e-07
2589 6.288852622758427e-07 3.954966731077554e-11 6.289248119431534e-07
2590 6.313456328376852e-07 3.9859730810321726e-11 6.313854925684956e-07
2591 6.338156290397912e-07 4.017222516151062e-11 6.338558012649527e-07
2592 6.362952885402889e-07 4.048716942185695e-11 6.363357757097107e-07
2593 6.387846491446355e-07 4.08045827982835e-11 6.388254537274337e-07
2594 6.412837488061949e-07 4.1124484648292685e-11 6.413248732908432e-07
2595 6.437926256268107e-07 4.144689448114629e-11 6.438340725212919e-07
2596 6.463113178573958e-07 4.177183195905637e-11 6.463530896893548e-07
2597 6.48839863898509e-07 4.209931689838356e-11 6.488819632154073e-07
2598 6.513783023009431e-07 4.2429369270845874e-11 6.514207316702139e-07
2599 6.53926671766312e-07 4.276200920473659e-11 6.539694337755167e-07
2600 6.564850111476407e-07 4.30972569861518e-11 6.565281084046269e-07
2601 6.590533594499581e-07 4.343513306022756e-11 6.590967945830183e-07
2602 6.616317558308925e-07 4.377565803238697e-11 6.616755314889248e-07
2603 6.642202396012634e-07 4.4118852669595987e-11 6.64264358453933e-07
2604 6.668188502256896e-07 4.4464737901631063e-11 6.668633149635912e-07
2605 6.69427627323184e-07 4.4813334822354773e-11 6.694724406580063e-07
2606 6.720466106677606e-07 4.516466469100246e-11 6.720917753324517e-07
2607 6.746758401890398e-07 4.5518748933478675e-11 6.747213589379732e-07
2608 6.773153559728576e-07 4.587560914366389e-11 6.773612315820014e-07
2609 6.799651982618785e-07 4.623526708473157e-11 6.800114335289632e-07
2610 6.826254074562024e-07 4.6597744690474634e-11 6.826720052008928e-07
2611 6.8529602411399e-07 4.696306406664424e-11 6.853429871780566e-07
2612 6.879770889520754e-07 4.733124749229719e-11 6.880244201995677e-07
2613 6.906686428465876e-07 4.770231742115472e-11 6.907163451640088e-07
2614 6.933707268335743e-07 4.807629648297192e-11 6.934188031300573e-07
2615 6.960833821096276e-07 4.845320748491778e-11 6.961318353171126e-07
2616 6.988066500325117e-07 4.883307341296613e-11 6.988554831059247e-07
2617 7.015405721217952e-07 4.921591743329757e-11 7.015897880392284e-07
2618 7.042851900594781e-07 4.9601762893711516e-11 7.043347918223718e-07
2619 7.070405456906361e-07 4.999063332505125e-11 7.070905363239611e-07
2620 7.09806681024053e-07 5.038255244263818e-11 7.098570635764957e-07
2621 7.125836382328623e-07 5.077754414771827e-11 7.1263441577701e-07
2622 7.153714596551901e-07 5.117563252891973e-11 7.15422635287719e-07
2623 7.18170187794801e-07 5.157684186372197e-11 7.182217646366647e-07
2624 7.20979865321746e-07 5.19811966199363e-11 7.210318465183659e-07
2625 7.238005350730141e-07 5.2388721457198155e-11 7.238529237944714e-07
2626 7.266322400531801e-07 5.279944122847024e-11 7.266850394944086e-07
2627 7.29475023435069e-07 5.321338098155945e-11 7.295282368160506e-07
2628 7.323289285604079e-07 5.363056596064349e-11 7.323825591263685e-07
2629 7.351939989404885e-07 5.405102160781071e-11 7.352480499620963e-07
2630 7.380702782568308e-07 5.447477356461157e-11 7.381247530303954e-07
2631 7.409578103618487e-07 5.490184767362253e-11 7.410127122095223e-07
2632 7.438566392795202e-07 5.533226998002222e-11 7.439119715495002e-07
2633 7.467668092060524e-07 5.5766066733178866e-11 7.468225752727855e-07
2634 7.496883645105649e-07 5.620326438825257e-11 7.497445677749532e-07
2635 7.526213497357595e-07 5.6643889607807655e-11 7.526779936253674e-07
2636 7.555658095986015e-07 5.7087969263439025e-11 7.55622897567865e-07
2637 7.585217889910011e-07 5.753553043741088e-11 7.585793245214386e-07
2638 7.614893329804977e-07 5.798660042430833e-11 7.61547319580922e-07
2639 7.644684868109473e-07 5.844120673270195e-11 7.6452692801768e-07
2640 7.674592959032138e-07 5.889937708682567e-11 7.675181952803006e-07
2641 7.704618058558552e-07 5.936113942826655e-11 7.705211669952835e-07
2642 7.734760624458281e-07 5.982652191767026e-11 7.735358889677458e-07
2643 7.765021116291797e-07 6.02955529364575e-11 7.765624071821161e-07
2644 7.795399995417495e-07 6.076826108855509e-11 7.796007678028381e-07
2645 7.825897724998731e-07 6.124467520214031e-11 7.826510171750753e-07
2646 7.856514770010881e-07 6.172482433139913e-11 7.857132018254195e-07
2647 7.887251597248452e-07 6.220873775829827e-11 7.887873684626035e-07
2648 7.918108675332123e-07 6.269644499436983e-11 7.918735639782067e-07
2649 7.949086474716e-07 6.318797578251285e-11 7.949718354473825e-07
2650 7.980185467694713e-07 6.368336009880588e-11 7.9808223012957e-07
2651 8.011406128410639e-07 6.418262815433555e-11 8.012047954692182e-07
2652 8.04274893286113e-07 6.468581039703885e-11 8.0433957909651e-07
2653 8.074214358905766e-07 6.519293751356005e-11 8.074866288280902e-07
2654 8.105802886273649e-07 6.570404043112221e-11 8.10645992667796e-07
2655 8.137514996570724e-07 6.621915031941343e-11 8.138177188073919e-07
2656 8.169351173287065e-07 6.673829859248674e-11 8.17001855627299e-07
2657 8.201311901804333e-07 6.72615169106774e-11 8.20198451697344e-07
2658 8.233397669403126e-07 6.778883718253283e-11 8.234075557774953e-07
2659 8.265608965270412e-07 6.832029156675861e-11 8.266292168186078e-07
2660 8.297946280506993e-07 6.885591247417984e-11 8.298634839631735e-07
2661 8.33041010813499e-07 6.939573256971762e-11 8.331104065460687e-07
2662 8.36300094310538e-07 6.993978477438148e-11 8.363700340953124e-07
2663 8.395719282305469e-07 7.048810226727587e-11 8.396424163328142e-07
2664 8.428565624566577e-07 7.104071848762537e-11 8.429276031751453e-07
2665 8.461540470671567e-07 7.159766713681281e-11 8.462256447342936e-07
2666 8.494644323362503e-07 7.215898218043479e-11 8.495365913184308e-07
2667 8.527877687348313e-07 7.27246978503732e-11 8.528604934326817e-07
2668 8.561241069312483e-07 7.329484864688275e-11 8.561974017798953e-07
2669 8.594734977920783e-07 7.386946934069496e-11 8.59547367261419e-07
2670 8.628359923829042e-07 7.444859497513912e-11 8.629104409778794e-07
2671 8.662116419690858e-07 7.503226086827797e-11 8.662866742299541e-07
2672 8.696004980165523e-07 7.562050261506358e-11 8.696761185191673e-07
2673 8.730026121925801e-07 7.621335608950685e-11 8.730788255486696e-07
2674 8.764180363665819e-07 7.681085744686552e-11 8.764948472240287e-07
2675 8.798468226108975e-07 7.74130431258492e-11 8.799242356540232e-07
2676 8.832890232015882e-07 7.801994985084158e-11 8.833670431514391e-07
2677 8.867446906192352e-07 7.863161463414031e-11 8.868233222338693e-07
2678 8.902138775497327e-07 7.924807477821304e-11 8.902931256245108e-07
2679 8.936966368851016e-07 7.98693678779741e-11 8.937765062529795e-07
2680 8.971930217242892e-07 8.04955318230761e-11 8.972735172561123e-07
2681 9.007030853739806e-07 8.112660480022082e-11 9.007842119787808e-07
2682 9.042268813494108e-07 8.176262529548814e-11 9.043086439747063e-07
2683 9.07764463375181e-07 8.240363209668304e-11 9.078468670072777e-07
2684 9.113158853860779e-07 8.304966429570111e-11 9.113989350503736e-07
2685 9.148812015278977e-07 8.370076129091298e-11 9.149649022891887e-07
2686 9.184604661582638e-07 8.435696278956552e-11 9.185448231210533e-07
2687 9.220537338474673e-07 8.50183088102056e-11 9.221387521562775e-07
2688 9.25661059379291e-07 8.568483968511914e-11 9.257467442189762e-07
2689 9.292824977518474e-07 8.635659606279123e-11 9.293688543479101e-07
2690 9.329181041784158e-07 8.703361891038494e-11 9.330051377973262e-07
2691 9.365679340882854e-07 8.771594951623988e-11 9.366556500378016e-07
2692 9.402320431276018e-07 8.840362949239045e-11 9.403204467570942e-07
2693 9.439104871602075e-07 8.909670077710203e-11 9.439995838609846e-07
2694 9.476033222685057e-07 8.979520563743093e-11 9.476931174741431e-07
2695 9.513106047543067e-07 9.049918667180047e-11 9.514011039409785e-07
2696 9.550323911396895e-07 9.12086868125993e-11 9.55123599826502e-07
2697 9.587687381678628e-07 9.192374932879958e-11 9.588606619171916e-07
2698 9.625197028040297e-07 9.264441782859576e-11 9.626123472218584e-07
2699 9.66285342236257e-07 9.337073626206401e-11 9.66378712972519e-07
2700 9.700657138763488e-07 9.410274892384304e-11 9.701598166252727e-07
2701 9.73860875360714e-07 9.484050045583363e-11 9.739557158611698e-07
2702 9.776708845512567e-07 9.558403584992366e-11 9.777664685871066e-07
2703 9.814957995362504e-07 9.633340045073033e-11 9.81592132936701e-07
2704 9.853356786312256e-07 9.70886399583658e-11 9.85432767271184e-07
2705 9.8919058037986e-07 9.784980043122444e-11 9.892884301802913e-07
2706 9.93060563554869e-07 9.861692828879137e-11 9.931591804831578e-07
2707 9.969456871589055e-07 9.939007031447422e-11 9.9704507722922e-07
2708 1.0008460104254503e-06 1.0016927365845406e-10 1.0009461796991087e-06
2709 1.0047615928197287e-06 1.0095458584056384e-10 1.0048625474055692e-06
2710 1.0086924940396071e-06 1.0174605475318429e-10 1.0087942400943604e-06
2711 1.012638774016507e-06 1.0254372866416545e-10 1.0127413177451712e-06
2712 1.016600492916318e-06 1.0334765621977006e-10 1.0167038405725376e-06
2713 1.020577711140314e-06 1.0415788644764021e-10 1.0206818690267616e-06
2714 1.024570489326076e-06 1.0497446875978749e-10 1.0246754637948358e-06
2715 1.0285788883484182e-06 1.0579745295560678e-10 1.0286846858013739e-06
2716 1.0326029693203065e-06 1.066268892249114e-10 1.0327095962095313e-06
2717 1.0366427935938043e-06 1.0746282815099666e-10 1.0367502564219553e-06
2718 1.0406984227609986e-06 1.08305320713723e-10 1.0408067280817123e-06
2719 1.0447699186549412e-06 1.0915441829262525e-10 1.0448790730732338e-06
2720 1.0488573433505924e-06 1.1001017267004625e-10 1.0489673535232625e-06
2721 1.0529607591657658e-06 1.1087263603429458e-10 1.0530716318018002e-06
2722 1.057080228662082e-06 1.1174186098282798e-10 1.057191970523065e-06
2723 1.0612158146459135e-06 1.1261790052545899e-10 1.061328432546439e-06
2724 1.0653675801693538e-06 1.1350080808759045e-10 1.0654810809774413e-06
2725 1.0695355885311725e-06 1.1439063751347214e-10 1.069649979168686e-06
2726 1.0737199032777803e-06 1.152874430694846e-10 1.0738351907208498e-06
2727 1.0779205882041991e-06 1.1619127944744867e-10 1.0780367794836465e-06
2728 1.0821377073550346e-06 1.1710220176796106e-10 1.0822548095568025e-06
2729 1.0863713250254522e-06 1.180202655837557e-10 1.086489345291036e-06
2730 1.0906215057621596e-06 1.1894552688309203e-10 1.0907404512890427e-06
2731 1.0948883143643822e-06 1.1987804209316783e-10 1.0950081924064754e-06
2732 1.0991718158848648e-06 1.2081786808356312e-10 1.0992926337529484e-06
2733 1.1034720756308533e-06 1.2176506216970638e-10 1.103593840693023e-06
2734 1.1077891591650937e-06 1.227196821163705e-10 1.10791187884721e-06
2735 1.1121231323068313e-06 1.2368178614119577e-10 1.1122468140929726e-06
2736 1.1164740611328144e-06 1.2465143291823994e-10 1.1165987125657327e-06
2737 1.1208420119783037e-06 1.256286815815572e-10 1.1209676406598853e-06
2738 1.1252270514380744e-06 1.2661359172880232e-10 1.1253536650298033e-06
2739 1.129629246367446e-06 1.276062234248684e-10 1.1297568525908708e-06
2740 1.1340486638832913e-06 1.2860663720554782e-10 1.1341772705204967e-06
2741 1.1384853713650633e-06 1.296148940812246e-10 1.1386149862591446e-06
2742 1.1429394364558215e-06 1.3063105554059506e-10 1.1430700675113621e-06
2743 1.147410927063263e-06 1.3165518355441763e-10 1.147542582246817e-06
2744 1.151899911360759e-06 1.3268734057929247e-10 1.1520325987013384e-06
2745 1.156406457788396e-06 1.337275895614705e-10 1.1565401853779572e-06
2746 1.1609306350540085e-06 1.3477599394069035e-10 1.1610654110479492e-06
2747 1.1654725121342434e-06 1.358326176540504e-10 1.1656083447518975e-06
2748 1.1700321582755995e-06 1.3689752513990576e-10 1.1701690558007393e-06
2749 1.1746096429954877e-06 1.379707813417987e-10 1.1747476137768296e-06
2750 1.179205036083289e-06 1.390524517124191e-10 1.1793440885350016e-06
2751 1.1838184076014202e-06 1.4014260221759623e-10 1.183958550203638e-06
2752 1.1884498278864036e-06 1.4124129934032224e-10 1.188591069185744e-06
2753 1.1930993675499298e-06 1.4234861008480425e-10 1.1932417161600147e-06
2754 1.197767097479949e-06 1.4346460198055414e-10 1.1979105620819295e-06
2755 1.2024530888417417e-06 1.445893430865046e-10 1.2025976781848285e-06
2756 1.2071574130790066e-06 1.4572290199515996e-10 1.2073031359810017e-06
2757 1.2118801419149496e-06 1.4686534783677985e-10 1.2120270072627863e-06
2758 1.216621347353377e-06 1.4801675028359465e-10 1.2167693641036607e-06
2759 1.2213811016797944e-06 1.4917717955405483e-10 1.2215302788593484e-06
2760 1.2261594774625097e-06 1.5034670641711348e-10 1.2263098241689268e-06
2761 1.2309565475537306e-06 1.5152540219654e-10 1.231108072955927e-06
2762 1.23577238509069e-06 1.5271333877527328e-10 1.2359250984294653e-06
2763 1.2406070634967513e-06 1.5391058859980323e-10 1.240760974085351e-06
2764 1.2454606564825297e-06 1.5511722468458936e-10 1.2456157737072142e-06
2765 1.2503332380470165e-06 1.563333206165137e-10 1.250489571367633e-06
2766 1.2552248824787076e-06 1.575589505593685e-10 1.255382441429267e-06
2767 1.2601356643567353e-06 1.5879418925837908e-10 1.2602944585459937e-06
2768 1.2650656585520087e-06 1.6003911204476275e-10 1.2652256976640534e-06
2769 1.2700149402283445e-06 1.6129379484032056e-10 1.2701762340231849e-06
2770 1.2749835848436281e-06 1.6255831416207092e-10 1.2751461431577902e-06
2771 1.2799716681509546e-06 1.6383274712691373e-10 1.2801355008980816e-06
2772 1.2849792661997858e-06 1.6511717145633398e-10 1.2851443833712422e-06
2773 1.2900064553371095e-06 1.664116654811414e-10 1.2901728670025907e-06
2774 1.2950533122086038e-06 1.6771630814624755e-10 1.29522102851675e-06
2775 1.3001199137598084e-06 1.6903117901548118e-10 1.300288944938824e-06
2776 1.3052063372372868e-06 1.703563582764374e-10 1.3053766935955631e-06
2777 1.31031266018982e-06 1.7169192674537229e-10 1.3104843521165655e-06
2778 1.3154389604695786e-06 1.7303796587212853e-10 1.3156119984354506e-06
2779 1.3205853162333118e-06 1.7439455774510363e-10 1.3207597107910569e-06
2780 1.3257518059435395e-06 1.7576178509625563e-10 1.3259275677286358e-06
2781 1.3309385083697485e-06 1.771397313061491e-10 1.3311156481010547e-06
2782 1.3361455025895928e-06 1.7852848040903955e-10 1.3363240310700018e-06
2783 1.341372867990103e-06 1.7992811709799946e-10 1.341552796107201e-06
2784 1.3466206842688851e-06 1.8133872673008004e-10 1.3468020229956151e-06
2785 1.3518890314353517e-06 1.8276039533152132e-10 1.3520717918306833e-06
2786 1.3571779898119315e-06 1.841932096029955e-10 1.3573621830215344e-06
2787 1.3624876400352966e-06 1.856372569248952e-10 1.3626732772922215e-06
2788 1.3678180630575917e-06 1.8709262536266217e-10 1.3680051556829544e-06
2789 1.3731693401476683e-06 1.8855940367215827e-10 1.3733578995513404e-06
2790 1.3785415528923263e-06 1.9003768130507866e-10 1.3787315905736313e-06
2791 1.3839347831975476e-06 1.9152754841440432e-10 1.384126310745962e-06
2792 1.3893491132897604e-06 1.9302909585990432e-10 1.3895421423856202e-06
2793 1.3947846257170828e-06 1.9454241521367428e-10 1.3949791681322966e-06
2794 1.4002414033505834e-06 1.9606759876572114e-10 1.4004374709493492e-06
2795 1.405719529385545e-06 1.9760473952959179e-10 1.4059171341250746e-06
2796 1.411219087342733e-06 1.9915393124804565e-10 1.411418241273981e-06
2797 1.4167401610696691e-06 2.007152683987712e-10 1.416940876338068e-06
2798 1.4222828347419118e-06 2.0228884620014883e-10 1.422485123588112e-06
2799 1.4278471928643291e-06 2.0387476061705445e-10 1.4280510676249462e-06
2800 1.4334333202724033e-06 2.0547310836671664e-10 1.43363879338077e-06
2801 1.4390413021335136e-06 2.0708398692461182e-10 1.4392483861204382e-06
2802 1.444671223948237e-06 2.0870749453040975e-10 1.4448799314427675e-06
2803 1.4503231715516529e-06 2.103437301939645e-10 1.4505335152818469e-06
2804 1.4559972311146494e-06 2.119927937013526e-10 1.4562092239083507e-06
2805 1.461693489145243e-06 2.1365478562095947e-10 1.461907143930864e-06
2806 1.4674120324898834e-06 2.1532980730960907e-10 1.467627362297193e-06
2807 1.4731529483347965e-06 2.1701796091875036e-10 1.4733699662957151e-06
2808 1.4789163242073014e-06 2.1871934940068358e-10 1.4791350435567021e-06
2809 1.4847022479771482e-06 2.2043407651483973e-10 1.484922682053663e-06
2810 1.490510807857857e-06 2.2216224683410815e-10 1.490732970104691e-06
2811 1.4963420924080636e-06 2.239039657512142e-10 1.4965659963738148e-06
2812 1.502196190532869e-06 2.2565933948514635e-10 1.5024218498723541e-06
2813 1.5080731914851985e-06 2.2742847508763525e-10 1.5083006199602862e-06
2814 1.51397318486715e-06 2.292114804496781e-10 1.5142023963475995e-06
2815 1.519896260631378e-06 2.3100846430812458e-10 1.5201272690956861e-06
2816 1.5258425090824536e-06 2.3281953625230373e-10 1.5260753286187059e-06
2817 1.5318120208782443e-06 2.346448067307091e-10 1.5320466656849753e-06
2818 1.537804887031295e-06 2.3648438705773346e-10 1.538041371418353e-06
2819 1.5438211989102178e-06 2.3833838942045823e-10 1.5440595372996382e-06
2820 1.5498610482410854e-06 2.402069268854956e-10 1.5501012551679709e-06
2821 1.5559245271088193e-06 2.420901134058803e-10 1.5561666172222252e-06
2822 1.5620117279586117e-06 2.439880638280248e-10 1.5622557160224397e-06
2823 1.5681227435973222e-06 2.459008938987193e-10 1.568368644491221e-06
2824 1.5742576671948963e-06 2.478287202721917e-10 1.5745054959151685e-06
2825 1.580416592285786e-06 2.497716605172216e-10 1.5806663639463031e-06
2826 1.5865996127703748e-06 2.517298331243103e-10 1.5868513426034992e-06
2827 1.5928068229164107e-06 2.53703357512907e-10 1.5930605262739235e-06
2828 1.599038317360446e-06 2.5569235403869264e-10 1.5992940097144846e-06
2829 1.6052941911092674e-06 2.576969440009157e-10 1.6055518880532683e-06
2830 1.611574539541363e-06 2.5971724964979557e-10 1.6118342567910127e-06
2831 1.6178794584083652e-06 2.617533941939745e-10 1.6181412118025592e-06
2832 1.6242090438365125e-06 2.638055018080318e-10 1.6244728493383206e-06
2833 1.6305633923281157e-06 2.6587369764005725e-10 1.6308292660257557e-06
2834 1.6369426007630281e-06 2.679581078192827e-10 1.6372105588708476e-06
2835 1.6433467664001282e-06 2.7005885946377576e-10 1.643616825259592e-06
2836 1.6497759868787863e-06 2.7217608068818733e-10 1.6500481629594745e-06
2837 1.6562303602203752e-06 2.743099006115714e-10 1.6565046701209867e-06
2838 1.662709984829751e-06 2.764604493652551e-10 1.6629864452791163e-06
2839 1.6692149594967554e-06 2.7862785810077546e-10 1.6694935873548562e-06
2840 1.675745383397724e-06 2.808122589978785e-10 1.6760261956567218e-06
2841 1.6823013560969967e-06 2.8301378527257943e-10 1.6825843698822692e-06
2842 1.6888829775484365e-06 2.852325711852873e-10 1.689168210119622e-06
2843 1.695490348096956e-06 2.8746875204899375e-10 1.6957778168490052e-06
2844 1.7021235684800349e-06 2.897224642375208e-10 1.7024132909442725e-06
2845 1.7087827398292751e-06 2.919938451938444e-10 1.709074733674469e-06
2846 1.7154679636719301e-06 2.942830334384719e-10 1.7157622467053686e-06
2847 1.7221793419324549e-06 2.965901685778903e-10 1.7224759321010326e-06
2848 1.7289169769340612e-06 2.989153913130813e-10 1.7292158923253743e-06
2849 1.735680971400277e-06 3.012588434481009e-10 1.735982230243725e-06
2850 1.7424714284565162e-06 3.0362066789872924e-10 1.7427750491244148e-06
2851 1.7492884516316368e-06 3.0600100870118094e-10 1.749594452640338e-06
2852 1.7561321448595406e-06 3.0840001102089704e-10 1.7564405448705615e-06
2853 1.7630026124807436e-06 3.108178211613927e-10 1.763313430301905e-06
2854 1.7698999592439702e-06 3.132545865731807e-10 1.7702132138305433e-06
2855 1.7768242903077505e-06 3.157104558627641e-10 1.7771400007636133e-06
2856 1.7837757112420236e-06 3.1818557880169873e-10 1.7840938968208254e-06
2857 1.7907543280297465e-06 3.2068010633572694e-10 1.7910750081360825e-06
2858 1.7977602470685145e-06 3.231941905939846e-10 1.7980834412591084e-06
2859 1.804793575172168e-06 3.2572798489827363e-10 1.8051193031570663e-06
2860 1.8118544195724438e-06 3.2828164377241973e-10 1.8121827012162162e-06
2861 1.8189428879205938e-06 3.30855322951691e-10 1.8192737432435455e-06
2862 1.8260590882890322e-06 3.3344917939229717e-10 1.8263925374684246e-06
2863 1.8332031291729812e-06 3.36063371280961e-10 1.833539192544262e-06
2864 1.8403751194921256e-06 3.386980580445656e-10 1.8407138175501702e-06
2865 1.847575168592278e-06 3.413534003598785e-10 1.847916521992638e-06
2866 1.8548033862470304e-06 3.4402956016334507e-10 1.8551474158071938e-06
2867 1.86205988265945e-06 3.4672670066097246e-10 1.8624066093601109e-06
2868 1.8693447684637446e-06 3.494449863382771e-10 1.869694213450083e-06
2869 1.8766581547269535e-06 3.5218458297031743e-10 1.8770103393099238e-06
2870 1.8840001529506403e-06 3.549456576318036e-10 1.8843550986082722e-06
2871 1.8913708750725932e-06 3.577283787072867e-10 1.8917286034513006e-06
2872 1.8987704334685315e-06 3.605329159014275e-10 1.899130966384433e-06
2873 1.9061989409538229e-06 3.633594402493476e-10 1.9065623003940723e-06
2874 1.9136565107851877e-06 3.662081241270539e-10 1.9140227189093147e-06
2875 1.9211432566624496e-06 3.6907914126196026e-10 1.9215123358037116e-06
2876 1.928659292730252e-06 3.7197266674347566e-10 1.9290312653969958e-06
2877 1.9362047335798045e-06 3.7488887703368417e-10 1.936579622456838e-06
2878 1.9437796942506283e-06 3.778279499781066e-10 1.9441575222006064e-06
2879 1.95138429023231e-06 3.8079006481654557e-10 1.9517650802971265e-06
2880 1.9590186374662632e-06 3.8377540219401745e-10 1.959402412868457e-06
2881 1.966682852347501e-06 3.867841441717702e-10 1.9670696364916727e-06
2882 1.9743770517263917e-06 3.898164742383799e-10 1.97476686820063e-06
2883 1.9821013529104675e-06 3.928725773209506e-10 1.9824942254877887e-06
2884 1.9898558736661953e-06 3.9595263979638576e-10 1.9902518263059917e-06
2885 1.9976407322207763e-06 3.990568495027559e-10 1.998039789070279e-06
2886 2.0054560472639486e-06 4.021853957507541e-10 2.0058582326596996e-06
2887 2.013301937949797e-06 4.053384693352409e-10 2.0137072764191322e-06
2888 2.021178523898574e-06 4.085162625468818e-10 2.0215870401611207e-06
2889 2.029085925198507e-06 4.1171896918386816e-10 2.029497644167691e-06
2890 2.0370242624076522e-06 4.1494678456374396e-10 2.037439209192216e-06
2891 2.04499365655572e-06 4.1819990553531335e-10 2.0454118564612553e-06
2892 2.0529942291459194e-06 4.214785304906448e-10 2.05341570767641e-06
2893 2.061026102156815e-06 4.247828593771714e-10 2.061450885016192e-06
2894 2.069089398044184e-06 4.281130937098843e-10 2.069517511137894e-06
2895 2.077184239742884e-06 4.314694365836224e-10 2.077615709179468e-06
2896 2.0853107506687325e-06 4.348520926854593e-10 2.085745602761418e-06
2897 2.0934690547203686e-06 4.3826126830717934e-10 2.093907315988676e-06
2898 2.1016592762811707e-06 4.416971713578694e-10 2.1021009734525284e-06
2899 2.109881540221135e-06 4.451600113765909e-10 2.1103267002325116e-06
2900 2.1181359718987822e-06 4.486499995451599e-10 2.1185846218983275e-06
2901 2.1264226971630705e-06 4.521673487010268e-10 2.1268748645117716e-06
2902 2.1347418423553126e-06 4.557122733502554e-10 2.135197554628663e-06
2903 2.143093534311108e-06 4.5928498968060756e-10 2.1435528193007883e-06
2904 2.151477900362258e-06 4.6288571557471907e-10 2.151940786077833e-06
2905 2.1598950683387346e-06 4.665146706233987e-10 2.1603615830093578e-06
2906 2.16834516657061e-06 4.701720761390126e-10 2.168815338646749e-06
2907 2.1768283238900194e-06 4.738581551689831e-10 2.1773021820451883e-06
2908 2.1853446696331243e-06 4.775731325093909e-10 2.1858222427656334e-06
2909 2.193894333642084e-06 4.813172347186844e-10 2.194375650876803e-06
2910 2.2024774462670363e-06 4.850906901314966e-10 2.202962536957168e-06
2911 2.2110941383680888e-06 4.888937288725721e-10 2.211583032096961e-06
2912 2.2197445413172954e-06 4.927265828707931e-10 2.220237267900166e-06
2913 2.2284287870006874e-06 4.965894858733356e-10 2.228925376486561e-06
2914 2.2371470078202655e-06 5.004826734599167e-10 2.2376474904937254e-06
2915 2.245899336696023e-06 5.044063830571637e-10 2.24640374307908e-06
2916 2.2546859070679727e-06 5.083608539530927e-10 2.255194267921926e-06
2917 2.263506852898181e-06 5.123463273117027e-10 2.2640191992254926e-06
2918 2.2723623086728145e-06 5.163630461876843e-10 2.2728786717190023e-06
2919 2.2812524094041733e-06 5.204112555412346e-10 2.2817728206597146e-06
2920 2.290177290632776e-06 5.244912022530083e-10 2.290701781835029e-06
2921 2.299137088429408e-06 5.286031351391656e-10 2.2996656915645474e-06
2922 2.3081319393972003e-06 5.327473049665481e-10 2.308664686702167e-06
2923 2.3171619806737132e-06 5.369239644679726e-10 2.3176989046381814e-06
2924 2.3262273499330265e-06 5.411333683576431e-10 2.326768483301384e-06
2925 2.3353281853878377e-06 5.453757733466851e-10 2.3358735611611845e-06
2926 2.344464625791576e-06 5.496514381588035e-10 2.345014277229735e-06
2927 2.3536368104404966e-06 5.539606235460514e-10 2.354190771064043e-06
2928 2.3628448791758346e-06 5.583035923047464e-10 2.3634031827681395e-06
2929 2.3720889723859166e-06 5.626806092914873e-10 2.372651652995208e-06
2930 2.3813692310083073e-06 5.670919414393097e-10 2.3819363229497465e-06
2931 2.390685796531957e-06 5.715378577739638e-10 2.3912573343897308e-06
2932 2.40003881099936e-06 5.760186294303221e-10 2.40061482962879e-06
2933 2.409428417008724e-06 5.805345296689165e-10 2.4100089515383925e-06
2934 2.4188547577161248e-06 5.850858338925933e-10 2.4194398435500173e-06
2935 2.428317976837719e-06 5.896728196633233e-10 2.4289076496573825e-06
2936 2.4378182186519155e-06 5.942957667191198e-10 2.4384125144186347e-06
2937 2.447355628001578e-06 5.989549569910999e-10 2.4479545829585693e-06
2938 2.456930350296237e-06 6.036506746206789e-10 2.4575340009708576e-06
2939 2.4665425315143034e-06 6.083832059768988e-10 2.4671509147202803e-06
2940 2.4761923182052954e-06 6.131528396738915e-10 2.476805471044969e-06
2941 2.485879857492079e-06 6.179598665884839e-10 2.4864978173586675e-06
2942 2.4956052970730883e-06 6.228045798779257e-10 2.4962281016529664e-06
2943 2.5053687852246106e-06 6.276872749977842e-10 2.5059964724996085e-06
2944 2.515170470803024e-06 6.326082497199506e-10 2.515803079052744e-06
2945 2.5250105032470745e-06 6.375678041508044e-10 2.525648071051225e-06
2946 2.534889032580153e-06 6.425662407495143e-10 2.5355315988209026e-06
2947 2.5448062094125814e-06 6.476038643464831e-10 2.5454538132769278e-06
2948 2.554762184943918e-06 6.526809821619422e-10 2.55541486592608e-06
2949 2.5647571109652364e-06 6.577979038246746e-10 2.5654149088690612e-06
2950 2.5747911398614766e-06 6.629549413909162e-10 2.5754540948028677e-06
2951 2.5848644246137433e-06 6.681524093633739e-10 2.5855325770231066e-06
2952 2.5949771188016446e-06 6.733906247104085e-10 2.5956505094263552e-06
2953 2.6051293766056354e-06 6.786699068853667e-10 2.605808046512521e-06
2954 2.6153213528093655e-06 6.83990577846061e-10 2.6160053433872114e-06
2955 2.6255532028020404e-06 6.893529620744053e-10 2.626242555764115e-06
2956 2.635825082580797e-06 6.947573865962065e-10 2.636519839967393e-06
2957 2.6461371487530576e-06 7.002041810010962e-10 2.6468373529340586e-06
2958 2.6564895585389534e-06 7.056936774626484e-10 2.657195252216416e-06
2959 2.6668824697736978e-06 7.112262107586259e-10 2.667593695984456e-06
2960 2.677316040909997e-06 7.168021182913981e-10 2.6780328430282886e-06
2961 2.6877904310204694e-06 7.224217401085201e-10 2.6885128527605778e-06
2962 2.698305799800068e-06 7.280854189234684e-10 2.6990338852189914e-06
2963 2.708862307568521e-06 7.337935001365453e-10 2.7095961010686575e-06
2964 2.719460115272756e-06 7.395463318559311e-10 2.720199661604612e-06
2965 2.7300993844893837e-06 7.453442649189312e-10 2.7308447287543025e-06
2966 2.7407802774271418e-06 7.511876529133601e-10 2.7415314650800552e-06
2967 2.751502956929373e-06 7.570768521991083e-10 2.752260033781572e-06
2968 2.7622675864765074e-06 7.630122219298749e-10 2.7630305986984374e-06
2969 2.773074330188555e-06 7.689941240750703e-10 2.77384332431263e-06
2970 2.7839233528276077e-06 7.750229234418908e-10 2.7846983757510496e-06
2971 2.794814819800358e-06 7.810989876975709e-10 2.7955959187880555e-06
2972 2.8057488971605974e-06 7.872226873917908e-10 2.8065361198479892e-06
2973 2.8167257516117805e-06 7.93394395979295e-10 2.81751914600776e-06
2974 2.8277455505095482e-06 7.996144898426548e-10 2.828545164999391e-06
2975 2.83880846186428e-06 8.05883348315224e-10 2.8396143452125953e-06
2976 2.84991465434366e-06 8.122013537042743e-10 2.850726855697364e-06
2977 2.8610642972752434e-06 8.185688913143081e-10 2.8618828661665576e-06
2978 2.8722575606490494e-06 8.249863494705628e-10 2.8730825469985198e-06
2979 2.883494615120126e-06 8.314541195426764e-10 2.8843260692396685e-06
2980 2.894775632011187e-06 8.379725959685767e-10 2.895613604607156e-06
2981 2.906100783315203e-06 8.445421762785236e-10 2.9069453254914816e-06
2982 2.9174702416980267e-06 8.511632611193543e-10 2.918321404959146e-06
2983 2.928884180501028e-06 8.578362542789178e-10 2.929742016755307e-06
2984 2.9403427737437336e-06 8.645615627106993e-10 2.941207335306444e-06
2985 2.9518461961264837e-06 8.713395965586392e-10 2.9527175357230425e-06
2986 2.9633946230330995e-06 8.781707691821485e-10 2.9642727938022817e-06
2987 2.974988230533533e-06 8.850554971813043e-10 2.9758732860307143e-06
2988 2.9866271953865884e-06 8.919942004222759e-10 2.9875191895870106e-06
2989 2.9983116950425917e-06 8.989873020629179e-10 2.9992106823446548e-06
2990 3.0100419076461037e-06 9.060352285785795e-10 3.010947942874682e-06
2991 3.0218180120386354e-06 9.131384097881131e-10 3.0227311504484235e-06
2992 3.033640187761374e-06 9.202972788800865e-10 3.0345604850402542e-06
2993 3.0455086150579276e-06 9.275122724392057e-10 3.046436127330367e-06
2994 3.0574234748770463e-06 9.347838304729232e-10 3.0583582587075192e-06
2995 3.069384948875422e-06 9.421123964382977e-10 3.07032706127186e-06
2996 3.0813932194204285e-06 9.494984172690194e-10 3.0823427178376978e-06
2997 3.0934484695929123e-06 9.56942343402673e-10 3.094405411936315e-06
2998 3.1055508831899816e-06 9.644446288082075e-10 3.10651532781879e-06
2999 3.117700644727808e-06 9.720057310136189e-10 3.1186726504588216e-06
3000 3.1298979394444417e-06 9.79626111133856e-10 3.130877565555575e-06
3001 3.142142953302641e-06 9.87306233898944e-10 3.1431302595365393e-06
3002 3.1544358729926815e-06 9.9504656768231e-10 3.155430919560364e-06
3003 3.1667768859352415e-06 1.0028475845293704e-09 3.167779733519771e-06
3004 3.179166180284234e-06 1.0107097601863045e-09 3.1801768900444204e-06
3005 3.1916039449296805e-06 1.0186335741290697e-09 3.1926225785038094e-06
3006 3.2040903695005927e-06 1.0266195095926446e-09 3.2051169890101853e-06
3007 3.2166256443678623e-06 1.0346680536004965e-09 3.2176603124214626e-06
3008 3.2292099606471705e-06 1.04277969699429e-09 3.2302527403441646e-06
3009 3.241843510201875e-06 1.0509549344638016e-09 3.242894465136339e-06
3010 3.2545264856459755e-06 1.0591942645771143e-09 3.2555856799105524e-06
3011 3.2672590803470233e-06 1.0674981898110077e-09 3.2683265785368344e-06
3012 3.280041488429076e-06 1.0758672165816029e-09 3.281117355645658e-06
3013 3.2928739047756586e-06 1.0843018552752493e-09 3.293958206630934e-06
3014 3.3057565250327322e-06 1.0928026202796485e-09 3.3068493276530117e-06
3015 3.3186895456116787e-06 1.1013700300152251e-09 3.319790915641694e-06
3016 3.3316731636923016e-06 1.1100046069667468e-09 3.3327831682992678e-06
3017 3.344707577225806e-06 1.1187068777151722e-09 3.3458262841035213e-06
3018 3.357792984937855e-06 1.127477372969787e-09 3.3589204623108247e-06
3019 3.3709295863315746e-06 1.136316627600556e-09 3.372065902959175e-06
3020 3.384117581690602e-06 1.1452251806707449e-09 3.385262806871273e-06
3021 3.3973571720821376e-06 1.1542035754697938e-09 3.398511375657607e-06
3022 3.410648559360012e-06 1.1632523595464526e-09 3.4118118117195586e-06
3023 3.4239919461677625e-06 1.1723720847421701e-09 3.4251643182525045e-06
3024 3.437387535941731e-06 1.1815633072247564e-09 3.4385690992489555e-06
3025 3.450835532914136e-06 1.190826587522279e-09 3.4520263595016584e-06
3026 3.4643361421162295e-06 1.2001624905572762e-09 3.4655363046067874e-06
3027 3.477889569381395e-06 1.2095715856811906e-09 3.4790991409670763e-06
3028 3.4914960213482917e-06 1.219054446709095e-09 3.4927150757950008e-06
3029 3.5051557054640056e-06 1.228611651954687e-09 3.5063843171159603e-06
3030 3.5188688299872125e-06 1.2382437842655574e-09 3.520107073771478e-06
3031 3.53263560399136e-06 1.2479514310587403e-09 3.533883555422419e-06
3032 3.5464562373678264e-06 1.257735184356516e-09 3.547713972552183e-06
3033 3.5603309408291644e-06 1.2675956408225483e-09 3.561598536469987e-06
3034 3.574259925912283e-06 1.2775334017982477e-09 3.575537459314081e-06
3035 3.588243404981683e-06 1.287549073339454e-09 3.589530954055022e-06
3036 3.602281591232692e-06 1.2976432662533933e-09 3.603579234498945e-06
3037 3.6163746986947154e-06 1.3078165961359293e-09 3.617682515290851e-06
3038 3.6305229422345017e-06 1.3180696834091064e-09 3.6318410119179113e-06
3039 3.644726537559422e-06 1.3284031533589894e-09 3.646054940712781e-06
3040 3.658985701220733e-06 1.338817636173778e-09 3.660324518856907e-06
3041 3.67330065061692e-06 1.3493137669822687e-09 3.6746499643839024e-06
3042 3.687671603996984e-06 1.3598921858925687e-09 3.6890314961828766e-06
3043 3.7020987804637737e-06 1.370553538031136e-09 3.7034693340018047e-06
3044 3.7165823999773302e-06 1.381298473582125e-09 3.7179636984509125e-06
3045 3.731122683358237e-06 1.392127647827037e-09 3.732514811006064e-06
3046 3.745719852290995e-06 1.4030417211846874e-09 3.74712289401218e-06
3047 3.7603741293273745e-06 1.414041359251461e-09 3.761788170686626e-06
3048 3.7750857378898495e-06 1.425127232841935e-09 3.7765108651226916e-06
3049 3.789854902274977e-06 1.4363000180297674e-09 3.791291202293006e-06
3050 3.8046818476568237e-06 1.4475603961889341e-09 3.8061294080530126e-06
3051 3.8195668000903976e-06 1.4589090540352798e-09 3.821025709144433e-06
3052 3.834509986515097e-06 1.4703466836684005e-09 3.8359803331987655e-06
3053 3.849511634758167e-06 1.4818739826138497e-09 3.850993508740781e-06
3054 3.864571973538185e-06 1.4934916538656823e-09 3.866065465192051e-06
3055 3.879691232468512e-06 1.5052004059293045e-09 3.881196432874442e-06
3056 3.894869642060845e-06 1.5170009528647177e-09 3.89638664301371e-06
3057 3.910107433728696e-06 1.5288940143300409e-09 3.911636327743026e-06
3058 3.92540483979093e-06 1.5408803156254054e-09 3.926945720106555e-06
3059 3.940762093475307e-06 1.5529605877371882e-09 3.942315054063044e-06
3060 3.9561794289220375e-06 1.5651355673825898e-09 3.95774456448942e-06
3061 3.971657081187361e-06 1.577405997054571e-09 3.973234487184416e-06
3062 3.987195286247095e-06 1.5897726250671056e-09 3.988785058872162e-06
3063 4.002794281000286e-06 1.6022362056008599e-09 4.004396517205887e-06
3064 4.018454303272784e-06 1.6147974987491558e-09 4.0200691007715335e-06
3065 4.034175591820878e-06 1.627457270564333e-09 4.035803049091442e-06
3066 4.049958386334937e-06 1.6402162931044688e-09 4.051598602628041e-06
3067 4.065802927443066e-06 1.6530753444804608e-09 4.0674560027875465e-06
3068 4.081709456714771e-06 1.666035208903479e-09 4.083375491923675e-06
3069 4.097678216664652e-06 1.6790966767328002e-09 4.0993573133413845e-06
3070 4.113709450756068e-06 1.692260544523979e-09 4.115401711300592e-06
3071 4.1298034034048966e-06 1.7055276150774667e-09 4.131508931019974e-06
3072 4.145960319983231e-06 1.7188986974875455e-09 4.147679218680719e-06
3073 4.162180446823126e-06 1.7323746071916752e-09 4.163912821430317e-06
3074 4.178464031220352e-06 1.7459561660202233e-09 4.180209987386372e-06
3075 4.194811321438171e-06 1.7596442022465854e-09 4.196570965640417e-06
3076 4.211222566711127e-06 1.7734395506377053e-09 4.212996006261765e-06
3077 4.227698017248809e-06 1.7873430525049511e-09 4.229485360301314e-06
3078 4.244237924239724e-06 1.8013555557554717e-09 4.2460392797954795e-06
3079 4.260842539855084e-06 1.8154779149438724e-09 4.262658017770028e-06
3080 4.2775121172526665e-06 1.829710991324339e-09 4.279341828243991e-06
3081 4.29424691058067e-06 1.844055652903163e-09 4.2960909662335735e-06
3082 4.31104717498159e-06 1.858512774491675e-09 4.312905687756082e-06
3083 4.32791316659611e-06 1.873083237759597e-09 4.329786249833869e-06
3084 4.344845142567013e-06 1.8877679312888165e-09 4.346732910498301e-06
3085 4.3618433610430695e-06 1.90256775062755e-09 4.363745928793697e-06
3086 4.378908081183024e-06 1.917483598344999e-09 4.380825564781369e-06
3087 4.396039563159512e-06 1.9325163840863672e-09 4.397972079543598e-06
3088 4.413238068163034e-06 1.947667024628339e-09 4.415185735187663e-06
3089 4.4305038584059435e-06 1.9629364439349955e-09 4.432466794849878e-06
3090 4.447837197126435e-06 1.9783255732141542e-09 4.4498155226996496e-06
3091 4.465238348592573e-06 1.993835350974173e-09 4.467232183943547e-06
3092 4.482707578106285e-06 2.0094667230811518e-09 4.484717044829366e-06
3093 4.500245152007459e-06 2.025220642816664e-09 4.502270372650275e-06
3094 4.517851337677966e-06 2.041098070935859e-09 4.519892435748902e-06
3095 4.53552640354575e-06 2.057099975726065e-09 4.537583503521477e-06
3096 4.553270619088917e-06 2.0732273330658368e-09 4.555343846421983e-06
3097 4.571084254839846e-06 2.089481126484475e-09 4.5731737359663306e-06
3098 4.588967582389311e-06 2.1058623472219995e-09 4.591073444736533e-06
3099 4.606920874390634e-06 2.1223719942896163e-09 4.609043246384924e-06
3100 4.624944404563801e-06 2.1390110745306014e-09 4.627083415638332e-06
3101 4.6430384476996955e-06 2.1557806026817596e-09 4.645194228302377e-06
3102 4.6612032796642476e-06 2.172681601435274e-09 4.6633759612656825e-06
3103 4.679439177402649e-06 2.189715101501078e-09 4.68162889250415e-06
3104 4.697746418943578e-06 2.2068821416697213e-09 4.699953301085248e-06
3105 4.716125283403437e-06 2.2241837688757144e-09 4.718349467172312e-06
3106 4.734576050990615e-06 2.241621038261389e-09 4.736817672028876e-06
3107 4.7530990030097275e-06 2.2591950132412064e-09 4.755358198022969e-06
3108 4.771694421865956e-06 2.276906765566668e-09 4.773971328631523e-06
3109 4.790362591069321e-06 2.294757375391638e-09 4.792657348444713e-06
3110 4.809103795239008e-06 2.3127479313382227e-09 4.811416543170346e-06
3111 4.827918320107714e-06 2.3308795305631693e-09 4.830249199638278e-06
3112 4.846806452525998e-06 2.349153278824765e-09 4.849155605804823e-06
3113 4.8657684804666585e-06 2.3675702905502817e-09 4.868136050757209e-06
3114 4.884804693029129e-06 2.38613168890394e-09 4.8871908247180325e-06
3115 4.903915380443851e-06 2.4048386058553763e-09 4.906320219049707e-06
3116 4.923100834076758e-06 2.423692182248727e-09 4.9255245262590065e-06
3117 4.942361346433672e-06 2.442693567872166e-09 4.944804040001544e-06
3118 4.961697211164782e-06 2.461843921528038e-09 4.96415905508631e-06
3119 4.981108723069114e-06 2.4811444111035214e-09 4.9835898674802175e-06
3120 5.000596178099029e-06 2.5005962136418613e-09 5.00309677431267e-06
3121 5.020159873364744e-06 2.520200515414152e-09 5.022680073880158e-06
3122 5.039800107138822e-06 2.539958511991648e-09 5.0423400656508135e-06
3123 5.059517178860781e-06 2.5598714083187356e-09 5.0620770502691e-06
3124 5.079311389141616e-06 2.5799404187863733e-09 5.081891329560402e-06
3125 5.099183039768395e-06 2.6001667673061648e-09 5.101783206535701e-06
3126 5.119132433708859e-06 2.6205516873849987e-09 5.121752985396244e-06
3127 5.139159875116043e-06 2.641096422200274e-09 5.141800971538243e-06
3128 5.15926566933291e-06 2.6618022246757158e-09 5.161927471557586e-06
3129 5.1794501228970175e-06 2.682670357557793e-09 5.1821327932545755e-06
3130 5.199713543545152e-06 2.7037020934926883e-09 5.202417245638645e-06
3131 5.220056240218081e-06 2.724898715103973e-09 5.222781138933185e-06
3132 5.240478523065222e-06 2.7462615150707845e-09 5.243224784580292e-06
3133 5.26098070344938e-06 2.767791796206673e-09 5.2637484952455866e-06
3134 5.281563093951499e-06 2.7894908715390527e-09 5.284352584823038e-06
3135 5.302226008375422e-06 2.811360064389276e-09 5.305037368439812e-06
3136 5.3229697617526815e-06 2.83340070845334e-09 5.325803162461135e-06
3137 5.343794670347307e-06 2.8556141478832286e-09 5.34665028449519e-06
3138 5.364701051660608e-06 2.878001737368843e-09 5.367579053397977e-06
3139 5.385689224436077e-06 2.9005648422206873e-09 5.388589789278297e-06
3140 5.406759508664209e-06 2.923304838453084e-09 5.409682813502662e-06
3141 5.4279122255873885e-06 2.946223112868104e-09 5.4308584487002565e-06
3142 5.449147697704785e-06 2.969321063140136e-09 5.4521170187679255e-06
3143 5.470466248777278e-06 2.9926000979011345e-09 5.473458848875179e-06
3144 5.4918682038323935e-06 3.016061636826524e-09 5.49488426546922e-06
3145 5.513353889169224e-06 3.039707110721741e-09 5.5163935962799455e-06
3146 5.534923632363464e-06 3.0635379616095565e-09 5.5379871703250735e-06
3147 5.556577762272364e-06 3.0875556428179757e-09 5.5596653179151824e-06
3148 5.578316609039754e-06 3.1117616190688777e-09 5.581428370658823e-06
3149 5.600140504101074e-06 3.1361573665673437e-09 5.603276661467642e-06
3150 5.622049780188434e-06 3.1607443730916816e-09 5.625210524561526e-06
3151 5.644044771335678e-06 3.1855241380841606e-09 5.647230295473762e-06
3152 5.666125812883495e-06 3.210498172742465e-09 5.669336311056237e-06
3153 5.688293241484486e-06 3.235668000111808e-09 5.691528909484597e-06
3154 5.71054739510836e-06 3.2610351551778874e-09 5.713808430263538e-06
3155 5.732888613047045e-06 3.2866011849604467e-09 5.736175214232005e-06
3156 5.7553172359198716e-06 3.312367648607635e-09 5.7586296035684795e-06
3157 5.777833605678766e-06 3.3383361174910896e-09 5.781171941796257e-06
3158 5.800438065613465e-06 3.3645081753017677e-09 5.8038025737887665e-06
3159 5.823130960356758e-06 3.390885418146542e-09 5.826521845774905e-06
3160 5.845912635889698e-06 3.417469454645484e-09 5.849330105344344e-06
3161 5.868783439546945e-06 3.4442619060300466e-09 5.8722277014529745e-06
3162 5.891743720022014e-06 3.4712644062418834e-09 5.895214984428256e-06
3163 5.914793827372606e-06 3.4984786020325077e-09 5.9182923059746385e-06
3164 5.937934113025941e-06 3.525906153063717e-09 5.941460019179005e-06
3165 5.961164929784121e-06 3.553548732008813e-09 5.96471847851613e-06
3166 5.984486631829503e-06 3.581408024654603e-09 5.9880680398541574e-06
3167 6.007899574730117e-06 3.6094857300042318e-09 6.011509060460121e-06
3168 6.031404115445032e-06 3.6377835603807272e-09 6.035041899005413e-06
3169 6.0550006123298776e-06 3.666303241531519e-09 6.058666915571409e-06
3170 6.078689425142255e-06 3.6950465127336275e-09 6.082384471654988e-06
3171 6.102470915047236e-06 3.7240151268997446e-09 6.106194930174136e-06
3172 6.126345444622867e-06 3.7532108506851355e-09 6.130098655473552e-06
3173 6.150313377865699e-06 3.782635464595378e-09 6.1540960133302945e-06
3174 6.1743750801963515e-06 3.81229076309497e-09 6.178187370959446e-06
3175 6.198530918465028e-06 3.84217855471669e-09 6.202373097019745e-06
3176 6.222781260957191e-06 3.872300662171996e-09 6.226653561619363e-06
3177 6.2471264773991195e-06 3.902658922462113e-09 6.251029136321581e-06
3178 6.271566938963567e-06 3.933255186990085e-09 6.2755001941505575e-06
3179 6.296103018275413e-06 3.9640913216736765e-09 6.300067109597087e-06
3180 6.320735089417348e-06 3.995169207059174e-09 6.324730258624407e-06
3181 6.345463527935577e-06 4.026490738436061e-09 6.349490018674013e-06
3182 6.370288710845554e-06 4.058057825952631e-09 6.374346768671507e-06
3183 6.395211016637685e-06 4.089872394732401e-09 6.399300889032418e-06
3184 6.4202308252831685e-06 4.121936384991619e-09 6.42435276166816e-06
3185 6.445348518239746e-06 4.154251752157529e-09 6.4495027699919036e-06
3186 6.470564478457521e-06 4.186820466987626e-09 6.47475129892451e-06
3187 6.4958790903848055e-06 4.2196445156898526e-09 6.500098734900496e-06
3188 6.521292739973976e-06 4.2527259000437285e-09 6.52554546587402e-06
3189 6.546805814687374e-06 4.28606663752244e-09 6.551091881324896e-06
3190 6.5724187035031585e-06 4.319668761415814e-09 6.576738372264574e-06
3191 6.598131796921319e-06 4.353534320954415e-09 6.602485331242273e-06
3192 6.623945486969572e-06 4.387665381434456e-09 6.628333152351006e-06
3193 6.649860167209354e-06 4.422064024343762e-09 6.654282231233698e-06
3194 6.675876232741821e-06 4.456732347488713e-09 6.68033296508931e-06
3195 6.701994080213875e-06 4.491672465122182e-09 6.706485752678997e-06
3196 6.7282141078242036e-06 4.526886508072465e-09 6.732740994332276e-06
3197 6.7545367153293744e-06 4.562376623873254e-09 6.759099091953248e-06
3198 6.780962304049869e-06 4.59814497689453e-09 6.7855604490267636e-06
3199 6.807491276876284e-06 4.63419374847467e-09 6.812125470624759e-06
3200 6.834124038275422e-06 4.670525137053396e-09 6.838794563412475e-06
3201 6.860860994296469e-06 4.707141358305873e-09 6.865568135654774e-06
3202 6.887702552577186e-06 4.744044645277828e-09 6.892446597222463e-06
3203 6.914649122350124e-06 4.781237248521734e-09 6.919430359598646e-06
3204 6.9417011144488804e-06 4.818721436234083e-09 6.946519835885114e-06
3205 6.968858941314298e-06 4.856499494393624e-09 6.973715440808691e-06
3206 6.996123017000846e-06 4.894573726900902e-09 7.001017590727747e-06
3207 7.0234937571828734e-06 4.93294645571868e-09 7.028426703638592e-06
3208 7.05097157916096e-06 4.971620021013561e-09 7.055943199181974e-06
3209 7.0785569018682805e-06 5.010596781298707e-09 7.083567498649579e-06
3210 7.1062501458769865e-06 5.0498791135776685e-09 7.111300024990564e-06
3211 7.134051733404628e-06 5.089469413489358e-09 7.139141202818117e-06
3212 7.161962088320596e-06 5.129370095454151e-09 7.16709145841605e-06
3213 7.18998163615253e-06 5.169583592821061e-09 7.195151219745351e-06
3214 7.218110804092897e-06 5.2101123580162605e-09 7.223320916450913e-06
3215 7.2463500210054384e-06 5.2509588626925524e-09 7.251600979868132e-06
3216 7.274699717431731e-06 5.29212559788013e-09 7.2799918430296105e-06
3217 7.303160325597745e-06 5.3336150741384965e-09 7.3084939406718835e-06
3218 7.331732279420438e-06 5.375429821709561e-09 7.337107709242148e-06
3219 7.360416014514383e-06 5.41757239067198e-09 7.365833586905055e-06
3220 7.389211968198353e-06 5.460045351096578e-09 7.39467201354945e-06
3221 7.418120579502072e-06 5.502851293203216e-09 7.423623430795276e-06
3222 7.447142289172858e-06 5.545992827518676e-09 7.452688282000376e-06
3223 7.47627753968235e-06 5.589472585035877e-09 7.481867012267386e-06
3224 7.5055267752332566e-06 5.633293217374333e-09 7.511160068450631e-06
3225 7.534890441766128e-06 5.677457396941855e-09 7.54056789916307e-06
3226 7.564368986966157e-06 5.721967817097541e-09 7.5700909547832545e-06
3227 7.593962860270017e-06 5.766827192316038e-09 7.5997296874623335e-06
3228 7.6236725128726555e-06 5.812038258353007e-09 7.629484551131008e-06
3229 7.653498397734263e-06 5.857603772412093e-09 7.659356001506675e-06
3230 7.683440969587115e-06 5.903526513312978e-09 7.689344496100427e-06
3231 7.71350068494253e-06 5.949809281660888e-09 7.719450494224192e-06
3232 7.74367800209782e-06 5.996454900017367e-09 7.749674456997836e-06
3233 7.77397338114328e-06 6.043466213072427e-09 7.780016847356352e-06
3234 7.804387283969219e-06 6.090846087818045e-09 7.810478130057038e-06
3235 7.834920174272943e-06 6.138597413722916e-09 7.841058771686665e-06
3236 7.865572517565911e-06 6.186723102908814e-09 7.871759240668819e-06
3237 7.896344781180779e-06 6.235226090328092e-09 7.902580007271107e-06
3238 7.92723743427853e-06 6.284109333942686e-09 7.933521543612473e-06
3239 7.95825094785564e-06 6.333375814904518e-09 7.964584323670543e-06
3240 7.989385794751244e-06 6.3830285377372956e-09 7.99576882328898e-06
3241 8.020642449654356e-06 6.4330705305197425e-09 8.027075520184876e-06
3242 8.052021389111121e-06 6.4835048450702985e-09 8.05850489395619e-06
3243 8.08352309153201e-06 6.534334557133121e-09 8.090057426089143e-06
3244 8.115148037199215e-06 6.585562766565827e-09 8.12173359996578e-06
3245 8.146896708273911e-06 6.637192597528429e-09 8.15353390087144e-06
3246 8.178769588803615e-06 6.689227198673886e-09 8.18545881600229e-06
3247 8.21076716472957e-06 6.741669743340128e-09 8.217508834472911e-06
3248 8.242889923894157e-06 6.794523429743582e-09 8.249684447323901e-06
3249 8.275138356048341e-06 6.847791481174245e-09 8.281986147529515e-06
3250 8.30751295285908e-06 6.901477146192138e-09 8.314414430005272e-06
3251 8.340014207916915e-06 6.955583698825601e-09 8.34696979161574e-06
3252 8.372642616743432e-06 7.01011443877083e-09 8.379652731182202e-06
3253 8.405398676798834e-06 7.065072691593159e-09 8.412463749490427e-06
3254 8.43828288748952e-06 7.1204618089298475e-09 8.44540334929845e-06
3255 8.471295750175708e-06 7.176285168694502e-09 8.478472035344403e-06
3256 8.50443776817907e-06 7.2325461752830585e-09 8.511670314354352e-06
3257 8.537709446790428e-06 7.289248259781451e-09 8.544998695050208e-06
3258 8.571111293277386e-06 7.3463948801747135e-09 8.57845768815756e-06
3259 8.604643816892172e-06 7.40398952155807e-09 8.61204780641373e-06
3260 8.638307528879331e-06 7.462035696349335e-09 8.645769564575682e-06
3261 8.672102942483532e-06 7.520536944503154e-09 8.679623479428035e-06
3262 8.706030572957398e-06 7.579496833726892e-09 8.713610069791125e-06
3263 8.740090937569362e-06 7.63891895969821e-09 8.747729856529061e-06
3264 8.774284555611571e-06 7.698806946284376e-09 8.781983362557857e-06
3265 8.808611948407726e-06 7.759164445763137e-09 8.81637111285349e-06
3266 8.84307363932115e-06 7.819995139045663e-09 8.850893634460196e-06
3267 8.877670153762681e-06 7.881302735900871e-09 8.885551456498582e-06
3268 8.91240201919871e-06 7.943090975181724e-09 8.920345110173892e-06
3269 8.94726976515922e-06 8.005363625053232e-09 8.955275128784274e-06
3270 8.982273923245861e-06 8.068124483222259e-09 8.990342047729084e-06
3271 9.017415027140052e-06 8.131377377169123e-09 9.02554640451722e-06
3272 9.052693612611138e-06 8.195126164381049e-09 9.060888738775518e-06
3273 9.088110217524482e-06 8.259374732587288e-09 9.096369592257068e-06
3274 9.123665381849784e-06 8.324126999996416e-09 9.131989508849781e-06
3275 9.15935964766923e-06 8.389386915535141e-09 9.167749034584766e-06
3276 9.195193559185779e-06 8.455158459089163e-09 9.203648717644867e-06
3277 9.231167662731463e-06 8.521445641745907e-09 9.23968910837321e-06
3278 9.26728250677571e-06 8.58825250603911e-09 9.27587075928175e-06
3279 9.303538641933715e-06 8.655583126195383e-09 9.31219422505991e-06
3280 9.339936620974843e-06 8.723441608382696e-09 9.348660062583226e-06
3281 9.37647699883099e-06 8.791832090960663e-09 9.385268830921951e-06
3282 9.413160332605156e-06 8.860758744733122e-09 9.422021091349889e-06
3283 9.449987181579856e-06 8.930225773202358e-09 9.458917407353057e-06
3284 9.48695810722567e-06 9.000237412825486e-09 9.495958344638496e-06
3285 9.52407367320981e-06 9.07079793327282e-09 9.533144471143082e-06
3286 9.561334445404702e-06 9.141911637688243e-09 9.57047635704239e-06
3287 9.598740991896643e-06 9.213582862951695e-09 9.607954574759595e-06
3288 9.636293882994377e-06 9.285815979943485e-09 9.645579698974321e-06
3289 9.67399369123791e-06 9.358615393811087e-09 9.68335230663172e-06
3290 9.711840991407162e-06 9.431985544237646e-09 9.721272976951399e-06
3291 9.749836360530749e-06 9.505930905712748e-09 9.759342291436463e-06
3292 9.78798037789478e-06 9.580455987805323e-09 9.797560833882584e-06
3293 9.826273625051687e-06 9.655565335438644e-09 9.835929190387126e-06
3294 9.864716685829097e-06 9.7312635291675e-09 9.874447949358264e-06
3295 9.903310146338748e-06 9.807555185457599e-09 9.913117701524205e-06
3296 9.942054594985346e-06 9.884444956966924e-09 9.951939039942313e-06
3297 9.98095062247566e-06 9.961937532829725e-09 9.99091256000849e-06
3298 1.0019998821827439e-05 1.0040037638942326e-08 1.003003885946638e-05
3299 1.0059199788378486e-05 1.0118750038251378e-08 1.0069318538416738e-05
3300 1.0098554119795723e-05 1.0198079531044317e-08 1.0108752199326767e-05
3301 1.0138062416084312e-05 1.0278030955242127e-08 1.0148340447039555e-05
3302 1.0177725279596812e-05 1.03586091866944e-08 1.0188083888783506e-05
3303 1.0217543315042295e-05 1.0439819139476548e-08 1.0227983134181772e-05
3304 1.0257517129495677e-05 1.0521665766189723e-08 1.0268038795261866e-05
3305 1.02976473324069e-05 1.0604154058262694e-08 1.0308251486465162e-05
3306 1.0337934535610238e-05 1.0687289046256288e-08 1.0348621824656495e-05
3307 1.0378379353333626e-05 1.0771075800170168e-08 1.0389150429133795e-05
3308 1.0418982402208027e-05 1.0855519429752054e-08 1.0429837921637779e-05
3309 1.0459744301276835e-05 1.0940625084809322e-08 1.0470684926361644e-05
3310 1.050066567200533e-05 1.1026397955523116e-08 1.0511692069960853e-05
3311 1.0541747138290066e-05 1.1112843272764681e-08 1.0552859981562831e-05
3312 1.0582989326468522e-05 1.1199966308414667e-08 1.0594189292776937e-05
3313 1.0624392865328552e-05 1.1287772375684422e-08 1.0635680637704236e-05
3314 1.0665958386118001e-05 1.1376266829440092e-08 1.0677334652947441e-05
3315 1.070768652255433e-05 1.1465455066529164e-08 1.0719151977620859e-05
3316 1.0749577910834274e-05 1.1555342526109615e-08 1.0761133253360383e-05
3317 1.0791633189643564e-05 1.1645934689981653e-08 1.0803279124333545e-05
3318 1.0833853000166579e-05 1.173723708292184e-08 1.0845590237249501e-05
3319 1.087623798609625e-05 1.1829255273020303e-08 1.0888067241369272e-05
3320 1.0918788793643793e-05 1.1921994872020129e-08 1.0930710788515813e-05
3321 1.0961506071548575e-05 1.2015461535659627e-08 1.0973521533084234e-05
3322 1.1004390471088006e-05 1.210966096401725e-08 1.1016500132052023e-05
3323 1.1047442646087474e-05 1.2204598901859221e-08 1.1059647244989333e-05
3324 1.109066325293031e-05 1.2300281138989872e-08 1.11029635340693e-05
3325 1.1134052950567818e-05 1.2396713510604793e-08 1.1146449664078423e-05
3326 1.117761240052923e-05 1.2493901897646482e-08 1.1190106302426876e-05
3327 1.1221342266931929e-05 1.2591852227163301e-08 1.1233934119159091e-05
3328 1.1265243216491483e-05 1.2690570472670738e-08 1.1277933786964153e-05
3329 1.1309315918531837e-05 1.279006265451576e-08 1.1322105981186352e-05
3330 1.1353561044995509e-05 1.289033484024395e-08 1.1366451379835753e-05
3331 1.139797927045384e-05 1.2991393144969545e-08 1.1410970663598809e-05
3332 1.1442571272117302e-05 1.3093243731748416e-08 1.145566451584905e-05
3333 1.1487337729845731e-05 1.3195892811953728e-08 1.1500533622657685e-05
3334 1.1532279326158826e-05 1.3299346645655026e-08 1.154557867280448e-05
3335 1.157739674624647e-05 1.3403611541999835e-08 1.159080035778847e-05
3336 1.1622690677979192e-05 1.3508693859598441e-08 1.163619937183879e-05
3337 1.166816181191866e-05 1.3614600006911698e-08 1.1681776411925573e-05
3338 1.1713810841328208e-05 1.3721336442641826e-08 1.172753217777085e-05
3339 1.1759638462183401e-05 1.382890967612632e-08 1.1773467371859527e-05
3340 1.1805645373182682e-05 1.3937326267734966e-08 1.1819582699450416e-05
3341 1.1851832275757912e-05 1.4046592829269696e-08 1.1865878868587182e-05
3342 1.189819987408522e-05 1.4156716024368153e-08 1.1912356590109587e-05
3343 1.1944748875095644e-05 1.4267702568909866e-08 1.1959016577664555e-05
3344 1.1991479988485923e-05 1.4379559231425834e-08 1.200585954771735e-05
3345 1.2038393926729326e-05 1.4492292833511352e-08 1.2052886219562837e-05
3346 1.2085491405086512e-05 1.4605910250241996e-08 1.2100097315336754e-05
3347 1.2132773141616458e-05 1.4720418410592969e-08 1.214749356002705e-05
3348 1.218023985718731e-05 1.4835824297861432e-08 1.219507568148517e-05
3349 1.2227892275487519e-05 1.4952134950092733e-08 1.2242844410437612e-05
3350 1.2275731123036782e-05 1.506935746050939e-08 1.229080048049729e-05
3351 1.2323757129197134e-05 1.5187498977943718e-08 1.2338944628175077e-05
3352 1.2371971026184077e-05 1.5306566707273828e-08 1.2387277592891351e-05
3353 1.242037354907774e-05 1.5426567909862997e-08 1.2435800116987602e-05
3354 1.246896543583408e-05 1.5547509904002498e-08 1.2484512945738083e-05
3355 1.251774742729617e-05 1.566940006535799e-08 1.2533416827361528e-05
3356 1.2566720267205387e-05 1.5792245827419064e-08 1.2582512513032806e-05
3357 1.26158847022129e-05 1.5916054681952948e-08 1.2631800756894854e-05
3358 1.2665241481890956e-05 1.6040834179461143e-08 1.2681282316070418e-05
3359 1.2714791358744334e-05 1.6166591929639958e-08 1.2730957950673974e-05
3360 1.2764535088221816e-05 1.6293335601844593e-08 1.278082842382366e-05
3361 1.2814473428727708e-05 1.6421072925556847e-08 1.2830894501653265e-05
3362 1.2864607141633422e-05 1.6549811690856564e-08 1.2881156953324279e-05
3363 1.291493699128899e-05 1.667955974889647e-08 1.2931616551037886e-05
3364 1.2965463745034861e-05 1.681032501238134e-08 1.2982274070047243e-05
3365 1.301618817321351e-05 1.694211545605032e-08 1.303313028866956e-05
3366 1.3067111049181195e-05 1.7074939117163327e-08 1.3084185988298358e-05
3367 1.3118233149319762e-05 1.720880409599119e-08 1.3135441953415754e-05
3368 1.3169555253048466e-05 1.7343718556309646e-08 1.3186898971604775e-05
3369 1.3221078142835868e-05 1.7479690725897232e-08 1.3238557833561765e-05
3370 1.3272802604211786e-05 1.7616728897037118e-08 1.3290419333108823e-05
3371 1.3324729425779164e-05 1.7754841427022513e-08 1.3342484267206187e-05
3372 1.3376859399226252e-05 1.7894036738666774e-08 1.339475343596492e-05
3373 1.3429193319338578e-05 1.8034323320816788e-08 1.3447227642659394e-05
3374 1.3481731984011089e-05 1.8175709728870756e-08 1.3499907693739959e-05
3375 1.3534476194260308e-05 1.8318204585299897e-08 1.3552794398845608e-05
3376 1.358742675423656e-05 1.8461816580174345e-08 1.3605888570816733e-05
3377 1.3640584471236247e-05 1.8606554471693146e-08 1.3659191025707941e-05
3378 1.3693950155714057e-05 1.8752427086718107e-08 1.3712702582800776e-05
3379 1.3747524621295476e-05 1.889944332131253e-08 1.3766424064616789e-05
3380 1.380130868478909e-05 1.9047612141283476e-08 1.3820356296930373e-05
3381 1.385530316619906e-05 1.9196942582728566e-08 1.3874500108781788e-05
3382 1.390950888873763e-05 1.9347443752587116e-08 1.3928856332490218e-05
3383 1.3963926678837676e-05 1.949912482919546e-08 1.398342580366687e-05
3384 1.4018557366165296e-05 1.965199506284673e-08 1.4038209361228142e-05
3385 1.4073401783632508e-05 1.9806063776355065e-08 1.4093207847408862e-05
3386 1.4128460767409815e-05 1.9961340365623835e-08 1.4148422107775439e-05
3387 1.4183735156939134e-05 2.0117834300219117e-08 1.4203852991239353e-05
3388 1.4239225794946482e-05 2.0275555123946926e-08 1.4259501350070429e-05
3389 1.4294933527454848e-05 2.043451245543527e-08 1.4315368039910283e-05
3390 1.4350859203797092e-05 2.059471598872077e-08 1.4371453919785811e-05
3391 1.4407003676628901e-05 2.075617549383987e-08 1.4427759852122742e-05
3392 1.4463367801941776e-05 2.0918900817424608e-08 1.44842867027592e-05
3393 1.4519952439076125e-05 2.108290188330327e-08 1.454103534095943e-05
3394 1.4576758450734238e-05 2.1248188693105203e-08 1.4598006639427343e-05
3395 1.4633786702993625e-05 2.14147713268713e-08 1.4655201474320496e-05
3396 1.4691038065320092e-05 2.158265994366839e-08 1.471262072526376e-05
3397 1.4748513410581034e-05 2.1751864782208862e-08 1.4770265275363244e-05
3398 1.4806213615058744e-05 2.1922396161475092e-08 1.482813601122022e-05
3399 1.4864139558463768e-05 2.2094264481348744e-08 1.4886233822945116e-05
3400 1.4922292123948348e-05 2.226748022324509e-08 1.4944559604171593e-05
3401 1.498067219811977e-05 2.244205395075186e-08 1.500311425207052e-05
3402 1.503928067105406e-05 2.2617996310274025e-08 1.5061898667364334e-05
3403 1.5098118436309434e-05 2.279531803168268e-08 1.5120913754341117e-05
3404 1.5157186390939949e-05 2.297402992896952e-08 1.5180160420868918e-05
3405 1.5216485435509183e-05 2.315414290090631e-08 1.5239639578410091e-05
3406 1.5276016474103966e-05 2.3335667931709578e-08 1.5299352142035675e-05
3407 1.533578041434816e-05 2.3518616091710464e-08 1.535929903043987e-05
3408 1.5395778167416532e-05 2.3702998538029955e-08 1.5419481165954563e-05
3409 1.545601064804852e-05 2.388882651525892e-08 1.547989947456378e-05
3410 1.5516478774562356e-05 2.4076111356144412e-08 1.55405548859185e-05
3411 1.557718346886897e-05 2.4264864482280472e-08 1.560144833335125e-05
3412 1.5638125656486042e-05 2.44550974048047e-08 1.5662580753890846e-05
3413 1.569930626655214e-05 2.4646821725100332e-08 1.572395308827724e-05
3414 1.576072623184087e-05 2.4840049135503694e-08 1.5785566280976374e-05
3415 1.5822386488775136e-05 2.50347914200174e-08 1.5847421280195152e-05
3416 1.588428797744129e-05 2.5231060455028593e-08 1.5909519037896318e-05
3417 1.5946431641603648e-05 2.54288682100338e-08 1.597186050981368e-05
3418 1.6008818428718764e-05 2.5628226748368557e-08 1.603444665546713e-05
3419 1.6071449289949895e-05 2.5829148227943098e-08 1.6097278438177837e-05
3420 1.6134325180181517e-05 2.6031644901983935e-08 1.61603568250835e-05
3421 1.619744705803386e-05 2.6235729119780974e-08 1.622368278715364e-05
3422 1.6260815885877546e-05 2.6441413327440753e-08 1.6287257299204988e-05
3423 1.6324432629848292e-05 2.664871006864556e-08 1.635108133991694e-05
3424 1.638829825986149e-05 2.6857631985417914e-08 1.6415155891846908e-05
3425 1.645241374962721e-05 2.7068191818892246e-08 1.64794819414461e-05
3426 1.651678007666491e-05 2.7280402410091494e-08 1.6544060479075e-05
3427 1.658139822231837e-05 2.7494276700710282e-08 1.660889249901908e-05
3428 1.6646269171770654e-05 2.7709827733904205e-08 1.667397899950456e-05
3429 1.6711393914059123e-05 2.792706865508523e-08 1.6739320982714207e-05
3430 1.6776773442090572e-05 2.8146012712723552e-08 1.6804919454803297e-05
3431 1.6842408752656203e-05 2.8366673259155028e-08 1.687077542591536e-05
3432 1.690830084644704e-05 2.858906375139617e-08 1.6936889910198437e-05
3433 1.6974450728069055e-05 2.881319775196441e-08 1.700326392582102e-05
3434 1.7040859406058507e-05 2.903908892970527e-08 1.706989849498821e-05
3435 1.7107527892897327e-05 2.9266751060626006e-08 1.7136794643957952e-05
3436 1.7174457205028552e-05 2.9496198028735714e-08 1.720395340305729e-05
3437 1.7241648362871814e-05 2.9727443826892027e-08 1.7271375806698706e-05
3438 1.7309102390838948e-05 2.9960502557654655e-08 1.73390628933966e-05
3439 1.737682031734946e-05 3.0195388434144895e-08 1.7407015705783605e-05
3440 1.744480317484642e-05 3.043211578091317e-08 1.7475235290627332e-05
3441 1.7513051999812052e-05 3.067069903481209e-08 1.7543722698846864e-05
3442 1.7581567832783594e-05 3.0911152745877077e-08 1.761247898552947e-05
3443 1.7650351718369143e-05 3.1153491578213656e-08 1.7681505209947355e-05
3444 1.771940470526359e-05 3.139773031089174e-08 1.775080243557448e-05
3445 1.7788727846264636e-05 3.164388383884708e-08 1.7820371730103478e-05
3446 1.7858322198288714e-05 3.189196717378914e-08 1.7890214165462504e-05
3447 1.7928188822387303e-05 3.21419954451173e-08 1.7960330817832422e-05
3448 1.7998328783762974e-05 3.2393983900843074e-08 1.803072276766382e-05
3449 1.806874315178566e-05 3.264794790852012e-08 1.810139109969418e-05
3450 1.813943300000896e-05 3.2903902956181404e-08 1.8172336902965142e-05
3451 1.8210399406186503e-05 3.3161864653283775e-08 1.8243561270839787e-05
3452 1.828164345228839e-05 3.34218487316599e-08 1.831506530102005e-05
3453 1.8353166224517717e-05 3.368387104647779e-08 1.8386850095564193e-05
3454 1.8424968813326995e-05 3.394794757720724e-08 1.8458916760904202e-05
3455 1.8497052313434993e-05 3.421409442859508e-08 1.8531266407863586e-05
3456 1.8569417823843274e-05 3.448232783164683e-08 1.860390015167492e-05
3457 1.8642066447853007e-05 3.475266414461668e-08 1.8676819111997623e-05
3458 1.8714999293081765e-05 3.502511985400509e-08 1.8750024412935766e-05
3459 1.878821747148043e-05 3.5299711575564243e-08 1.8823517183055994e-05
3460 1.886172209935017e-05 3.557645605531146e-08 1.8897298555405477e-05
3461 1.8935514297359326e-05 3.585537017054994e-08 1.8971369667529875e-05
3462 1.9009595190560697e-05 3.613647093089884e-08 1.9045731661491598e-05
3463 1.9083965908408565e-05 3.641977547933004e-08 1.9120385683887896e-05
3464 1.915862758477595e-05 3.67053010932138e-08 1.9195332885869164e-05
3465 1.923358135797188e-05 3.699306518537235e-08 1.9270574423157254e-05
3466 1.9308828370758776e-05 3.7283085305141906e-08 1.9346111456063922e-05
3467 1.9384369770369837e-05 3.75753791394428e-08 1.9421945149509278e-05
3468 1.94602067085266e-05 3.786996451385838e-08 1.949807667304046e-05
3469 1.953634034145634e-05 3.816685939372144e-08 1.957450720085006e-05
3470 1.9612771829909912e-05 3.846608188521078e-08 1.965123791179512e-05
3471 1.968950233917931e-05 3.8767650236454754e-08 1.9728269989415764e-05
3472 1.9766533039115478e-05 3.907158283864438e-08 1.980560462195412e-05
3473 1.9843865104146122e-05 3.937789822715482e-08 1.9883243002373275e-05
3474 1.9921499713293637e-05 3.968661508267585e-08 1.9961186328376313e-05
3475 1.999943805019311e-05 3.99977522323512e-08 2.003943580242546e-05
3476 2.007768130311022e-05 4.031132865092617e-08 2.0117992631761144e-05
3477 2.015623066495957e-05 4.062736346190565e-08 2.0196858028421477e-05
3478 2.023508733332275e-05 4.0945875938719874e-08 2.027603320926147e-05
3479 2.0314252510466593e-05 4.1266885505899826e-08 2.0355519395972494e-05
3480 2.039372740336155e-05 4.159041174026198e-08 2.043531781510181e-05
3481 2.0473513223700055e-05 4.19164743721021e-08 2.0515429698072157e-05
3482 2.0553611187915014e-05 4.224509328639853e-08 2.0595856281201413e-05
3483 2.0634022517198402e-05 4.257628852402506e-08 2.0676598805722424e-05
3484 2.071474843751969e-05 4.291008028297245e-08 2.0757658517802663e-05
3485 2.0795790179644813e-05 4.3246488919581166e-08 2.0839036668564393e-05
3486 2.0877148979154747e-05 4.3585534949782214e-08 2.092073451410453e-05
3487 2.0958826076464406e-05 4.392723905034844e-08 2.1002753315514755e-05
3488 2.104082271684154e-05 4.42716220601555e-08 2.1085094338901693e-05
3489 2.112314015042573e-05 4.461870498145275e-08 2.1167758855407182e-05
3490 2.1205779632247478e-05 4.4968508981144196e-08 2.1250748141228623e-05
3491 2.1288742422247188e-05 4.532105539207871e-08 2.1334063477639265e-05
3492 2.1372029785294617e-05 4.567636571435203e-08 2.141770615100897e-05
3493 2.1455642991208e-05 4.60344616166173e-08 2.1501677452824618e-05
3494 2.1539583314773445e-05 4.639536493740666e-08 2.158597867971085e-05
3495 2.1623852035764364e-05 4.675909768646306e-08 2.1670611133450826e-05
3496 2.1708450438961002e-05 4.7125682046082615e-08 2.1755576121007086e-05
3497 2.1793379814170007e-05 4.7495140372467275e-08 2.1840874954542474e-05
3498 2.1878641456244153e-05 4.786749519708853e-08 2.192650895144124e-05
3499 2.1964236665101885e-05 4.82427692280606e-08 2.2012479434329946e-05
3500 2.2050166745747436e-05 4.86209853515266e-08 2.2098787731098962e-05
3501 2.213643300829051e-05 4.900216663305336e-08 2.218543517492356e-05
3502 2.2223036767966324e-05 4.9386336319038306e-08 2.227242310428536e-05
3503 2.2309979345155654e-05 4.9773517838127184e-08 2.235975286299378e-05
3504 2.2397262065404966e-05 5.0163734802642835e-08 2.244742580020761e-05
3505 2.248488625944667e-05 5.055701101002537e-08 2.2535443270456694e-05
3506 2.2572853263219222e-05 5.095337044428267e-08 2.2623806633663506e-05
3507 2.2661164417887778e-05 5.135283727745431e-08 2.2712517255165233e-05
3508 2.2749821069864447e-05 5.175543587108484e-08 2.2801576505735532e-05
3509 2.2838824570828874e-05 5.216119077770967e-08 2.2890985761606585e-05
3510 2.2928176277748835e-05 5.257012674235244e-08 2.2980746404491186e-05
3511 2.3017877552900945e-05 5.2982268704034116e-08 2.307085982160498e-05
3512 2.3107929763891404e-05 5.3397641797293823e-08 2.31613274056887e-05
3513 2.319833428367692e-05 5.381627135372199e-08 2.325215055503064e-05
3514 2.328909249058543e-05 5.4238182903504254e-08 2.3343330673488933e-05
3515 2.3380205768337407e-05 5.466340217697977e-08 2.3434869170514387e-05
3516 2.3471675506066783e-05 5.509195510620953e-08 2.3526767461172993e-05
3517 2.3563503098342142e-05 5.552386782655797e-08 2.36190269661687e-05
3518 2.365568994518801e-05 5.595916667828691e-08 2.37116491118663e-05
3519 2.3748237452106196e-05 5.6397878208161934e-08 2.3804635330314357e-05
3520 2.3841147030097245e-05 5.6840029171071476e-08 2.3897987059268317e-05
3521 2.3934420095681798e-05 5.728564653165767e-08 2.3991705742213457e-05
3522 2.4028058070922438e-05 5.773475746596209e-08 2.40857928283884e-05
3523 2.412206238344521e-05 5.818738936308224e-08 2.418024977280829e-05
3524 2.4216434466461407e-05 5.8643569826842e-08 2.427507803628825e-05
3525 2.4311175758789448e-05 5.910332667747517e-08 2.4370279085466924e-05
3526 2.4406287704876795e-05 5.9566687953322026e-08 2.4465854392830116e-05
3527 2.4501771754821983e-05 6.003368191253923e-08 2.4561805436734524e-05
3528 2.459762936439678e-05 6.050433703482349e-08 2.465813370143161e-05
3529 2.469386199506818e-05 6.097868202314727e-08 2.475484067709133e-05
3530 2.479047111402098e-05 6.145674580551086e-08 2.485192785982649e-05
3531 2.488745819417996e-05 6.193855753670552e-08 2.4949396751716663e-05
3532 2.498482471423237e-05 6.242414660009167e-08 2.5047248860832463e-05
3533 2.508257215865051e-05 6.291354260939097e-08 2.5145485701259902e-05
3534 2.518070201771432e-05 6.340677541049221e-08 2.5244108793124812e-05
3535 2.5279215787534136e-05 6.39038750832715e-08 2.5343119662617405e-05
3536 2.537811497007352e-05 6.440487194342697e-08 2.5442519842016948e-05
3537 2.547740107317199e-05 6.490979654432652e-08 2.5542310869716315e-05
3538 2.557707561056828e-05 6.541867967887267e-08 2.5642494290247153e-05
3539 2.5677140101923242e-05 6.593155238137947e-08 2.5743071654304622e-05
3540 2.5777596072843052e-05 6.644844592946536e-08 2.5844044518772517e-05
3541 2.5878445054902476e-05 6.696939184596064e-08 2.5945414446748438e-05
3542 2.5979688585668214e-05 6.749442190082993e-08 2.6047183007569043e-05
3543 2.6081328208722403e-05 6.80235681131099e-08 2.6149351776835515e-05
3544 2.6183365473685925e-05 6.855686275286082e-08 2.6251922336438785e-05
3545 2.6285801936242377e-05 6.909433834313635e-08 2.6354896274585513e-05
3546 2.6388639158161546e-05 6.963602766196569e-08 2.6458275185823513e-05
3547 2.64918787073233e-05 7.018196374435295e-08 2.6562060671067648e-05
3548 2.6595522157741465e-05 7.073217988429173e-08 2.6666254337625757e-05
3549 2.6699571089587858e-05 7.128670963679557e-08 2.6770857799224653e-05
3550 2.6804027089216344e-05 7.184558681994436e-08 2.687587267603629e-05
3551 2.6908891749187097e-05 7.240884551694694e-08 2.6981300594704043e-05
3552 2.7014166668290655e-05 7.29765200782186e-08 2.7087143188368873e-05
3553 2.7119853451572626e-05 7.354864512347758e-08 2.7193402096696107e-05
3554 2.7225953710357935e-05 7.41252555438553e-08 2.730007896590179e-05
3555 2.7332469062275456e-05 7.47063865040245e-08 2.740717544877948e-05
3556 2.7439401131282666e-05 7.529207344434365e-08 2.751469320472701e-05
3557 2.7546751547690397e-05 7.588235208301833e-08 2.7622633899773415e-05
3558 2.7654521948187775e-05 7.647725841827994e-08 2.7730999206606054e-05
3559 2.7762713975866916e-05 7.707682873057962e-08 2.7839790804597494e-05
3560 2.7871329280248333e-05 7.76810995848028e-08 2.7949010379833135e-05
3561 2.7980369517305863e-05 7.829010783249791e-08 2.805865962513836e-05
3562 2.808983634949196e-05 7.890389061412398e-08 2.816874024010608e-05
3563 2.8199731445763037e-05 7.952248536131566e-08 2.827925393112435e-05
3564 2.831005648160493e-05 8.014592979916614e-08 2.8390202411404096e-05
3565 2.8420813139058435e-05 8.077426194852765e-08 2.8501587401006962e-05
3566 2.8532003106744998e-05 8.140752012833063e-08 2.861341062687333e-05
3567 2.8643628079892237e-05 8.20457429579191e-08 2.8725673822850154e-05
3568 2.875568976036015e-05 8.268896935940816e-08 2.883837872971956e-05
3569 2.8868189856666808e-05 8.333723856005604e-08 2.895152709522687e-05
3570 2.8981130084014465e-05 8.399059009465683e-08 2.9065120674109123e-05
3571 2.909451216431573e-05 8.464906380795158e-08 2.917916122812368e-05
3572 2.9208337826219787e-05 8.531269985705816e-08 2.9293650526076846e-05
3573 2.9322608805138835e-05 8.598153871392056e-08 2.9408590343852755e-05
3574 2.9437326843274294e-05 8.665562116777573e-08 2.952398246444207e-05
3575 2.9552493689643742e-05 8.733498832764332e-08 2.9639828677971385e-05
3576 2.9668111100107315e-05 8.801968162483108e-08 2.9756130781732145e-05
3577 2.9784180837394567e-05 8.870974281546217e-08 2.987289058021003e-05
3578 2.9900704671131313e-05 8.94052139830214e-08 2.9990109885114336e-05
3579 3.0017684377866648e-05 9.010613754092194e-08 3.010779051540757e-05
3580 3.0135121741099994e-05 9.081255623509176e-08 3.0225934297335088e-05
3581 3.0253018551308378e-05 9.152451314658088e-08 3.0344543064454957e-05
3582 3.0371376605973472e-05 9.224205169418727e-08 3.046361865766766e-05
3583 3.049019770960938e-05 9.296521563710691e-08 3.0583162925246484e-05
3584 3.060948367378988e-05 9.369404907760091e-08 3.070317772286748e-05
3585 3.0729236317176145e-05 9.442859646368574e-08 3.082366491363983e-05
3586 3.084945746554442e-05 9.516890259184343e-08 3.094462636813626e-05
3587 3.097014895181389e-05 9.591501260975392e-08 3.1066063964423646e-05
3588 3.109131261607471e-05 9.666697201904861e-08 3.118797958809376e-05
3589 3.121295030561573e-05 9.742482667808372e-08 3.1310375132293816e-05
3590 3.1335063874953135e-05 9.81886228047393e-08 3.143325249775787e-05
3591 3.1457655185858394e-05 9.895840697923635e-08 3.155661359283763e-05
3592 3.158072610738674e-05 9.973422614697784e-08 3.168046033353372e-05
3593 3.170427851590565e-05 1.0051612762141165e-07 3.180479464352706e-05
3594 3.1828314295123484e-05 1.013041590869162e-07 3.19296184542104e-05
3595 3.1952835336118156e-05 1.0209836860170811e-07 3.2054933704719866e-05
3596 3.2077843537366075e-05 1.0289880460077385e-07 3.218074234196685e-05
3597 3.220334080477081e-05 1.0370551589882166e-07 3.230704632066963e-05
3598 3.232932905169253e-05 1.0451855169326107e-07 3.243384760338579e-05
3599 3.2455810198976946e-05 1.053379615672016e-07 3.2561148160544145e-05
3600 3.258278617498462e-05 1.0616379549247687e-07 3.2688949970477095e-05
3601 3.271025891562038e-05 1.0699610383269226e-07 3.281725501945307e-05
3602 3.283823036436287e-05 1.0783493734629637e-07 3.294606530170917e-05
3603 3.296670247229421e-05 1.0868034718967691e-07 3.307538281948389e-05
3604 3.3095677198129456e-05 1.095323849202786e-07 3.320520958304973e-05
3605 3.3225156508246936e-05 1.1039110249975036e-07 3.3335547610746684e-05
3606 3.335514237671788e-05 1.1125655229711208e-07 3.346639892901499e-05
3607 3.348563678533665e-05 1.1212878709194909e-07 3.3597765572428596e-05
3608 3.361664172365091e-05 1.130078600776307e-07 3.372964958372854e-05
3609 3.3748159188991995e-05 1.1389382486455447e-07 3.386205301385655e-05
3610 3.388019118650532e-05 1.147867354834153e-07 3.3994977921988735e-05
3611 3.401273972918107e-05 1.1568664638850125e-07 3.412842637556957e-05
3612 3.4145806837884575e-05 1.1659361246101249e-07 3.426240045034559e-05
3613 3.427939454138755e-05 1.1750768901241106e-07 3.439690223039996e-05
3614 3.441350487639875e-05 1.1842893178779204e-07 3.453193380818654e-05
3615 3.454813988759508e-05 1.1935739696928382e-07 3.466749728456436e-05
3616 3.4683301627652806e-05 1.2029314117947438e-07 3.480359476883228e-05
3617 3.481899215727879e-05 1.2123622148486418e-07 3.4940228378763655e-05
3618 3.495521354524203e-05 1.2218669539934717e-07 3.507740024064137e-05
3619 3.5091967868404895e-05 1.2314462088771616e-07 3.5215112489292614e-05
3620 3.522925721175523e-05 1.2411005636920079e-07 3.535336726812443e-05
3621 3.536708366843782e-05 1.2508306072102813e-07 3.549216672915885e-05
3622 3.550544933978644e-05 1.2606369328201415e-07 3.563151303306845e-05
3623 3.564435633535583e-05 1.270520138561821e-07 3.577140834921201e-05
3624 3.578380677295389e-05 1.2804808271641008e-07 3.59118548556703e-05
3625 3.592380277867396e-05 1.290519606081063e-07 3.6052854739282065e-05
3626 3.6064346486927324e-05 1.3006370875291471e-07 3.619441019568024e-05
3627 3.620544004047542e-05 1.310833888524461e-07 3.633652342932787e-05
3628 3.6347085590463004e-05 1.3211106309204432e-07 3.647919665355505e-05
3629 3.648928529645058e-05 1.3314679414457647e-07 3.662243209059516e-05
3630 3.663204132644749e-05 1.3419064517425566e-07 3.676623197162174e-05
3631 3.677535585694488e-05 1.3524267984049302e-07 3.691059853678538e-05
3632 3.691923107294895e-05 1.3630296230177994e-07 3.705553403525073e-05
3633 3.706366916801431e-05 1.3737155721960145e-07 3.720104072523391e-05
3634 3.7208672344277095e-05 1.384485297623771e-07 3.734712087403946e-05
3635 3.735424281248908e-05 1.3953394560943917e-07 3.749377675809851e-05
3636 3.750038279205097e-05 1.4062787095503524e-07 3.764101066300601e-05
3637 3.7647094511046417e-05 1.417303725123661e-07 3.778882488355878e-05
3638 3.779438020627592e-05 1.4284151751765407e-07 3.793722172379357e-05
3639 3.794224212329095e-05 1.4396137373424342e-07 3.8086203497025194e-05
3640 3.8090682516428204e-05 1.4509000945673291e-07 3.823577252588494e-05
3641 3.8239703648844016e-05 1.4622749351514142e-07 3.838593114235916e-05
3642 3.8389307792548584e-05 1.4737389527910315e-07 3.8536681687827685e-05
3643 3.853949722844106e-05 1.4852928466210164e-07 3.868802651310317e-05
3644 3.869027424634402e-05 1.4969373212573116e-07 3.883996797846975e-05
3645 3.884164114503844e-05 1.5086730868399427e-07 3.899250845372243e-05
3646 3.8993600232298764e-05 1.5205008590763303e-07 3.9145650318206396e-05
3647 3.914615382492808e-05 1.5324213592849311e-07 3.929939596085657e-05
3648 3.929930424879342e-05 1.5444353144392327e-07 3.9453747780237345e-05
3649 3.945305383886136e-05 1.556543457212093e-07 3.960870818458257e-05
3650 3.960740493923323e-05 1.568746526020397e-07 3.976427959183527e-05
3651 3.9762359903181364e-05 1.581045265070125e-07 3.9920464429688376e-05
3652 3.991792109318468e-05 1.5934404244017184e-07 4.007726513562485e-05
3653 4.0074090880964744e-05 1.6059327599358217e-07 4.023468415695833e-05
3654 4.023087164752194e-05 1.6185230335193848e-07 4.039272395087388e-05
3655 4.0388265783171784e-05 1.6312120129721246e-07 4.0551386984469e-05
3656 4.0546275687581434e-05 1.6440004721333573e-07 4.071067573479477e-05
3657 4.070490376980595e-05 1.6568891909091627e-07 4.087059268889687e-05
3658 4.086415244832553e-05 1.6698789553199892e-07 4.103114034385753e-05
3659 4.102402415108203e-05 1.6829705575485618e-07 4.119232120683689e-05
3660 4.118452131551609e-05 1.6961647959881991e-07 4.135413779511491e-05
3661 4.1345646388604274e-05 1.7094624752915056e-07 4.1516592636133425e-05
3662 4.1507401826896377e-05 1.7228644064194408e-07 4.167968826753832e-05
3663 4.166979009655291e-05 1.736371406690779e-07 4.1843427237221986e-05
3664 4.1832813673382736e-05 1.7499842998319575e-07 4.200781210336593e-05
3665 4.199647504288052e-05 1.7637039160272866e-07 4.2172845434483253e-05
3666 4.216077670026511e-05 1.7775310919696172e-07 4.233852980946207e-05
3667 4.232572115051723e-05 1.7914666709113415e-07 4.250486781760837e-05
3668 4.24913109084178e-05 1.805511502715826e-07 4.2671862058689385e-05
3669 4.265754849858622e-05 1.8196664439092353e-07 4.2839515142977145e-05
3670 4.282443645551891e-05 1.8339323577327772e-07 4.300782969129219e-05
3671 4.2991977323628014e-05 1.8483101141953453e-07 4.3176808335047546e-05
3672 4.3160173657279834e-05 1.8628005901265523e-07 4.334645371629249e-05
3673 4.332902802083432e-05 1.8774046692302457e-07 4.3516768487757345e-05
3674 4.349854298868382e-05 1.892123242138374e-07 4.368775531289765e-05
3675 4.3668721145292397e-05 1.906957206465307e-07 4.3859416865938925e-05
3676 4.3839565085235235e-05 1.9219074668625766e-07 4.403175583192149e-05
3677 4.4011077413238217e-05 1.9369749350740472e-07 4.420477490674562e-05
3678 4.418326074421761e-05 1.9521605299915212e-07 4.437847679721677e-05
3679 4.435611770332006e-05 1.9674651777107831e-07 4.455286422109114e-05
3680 4.45296509259622e-05 1.9828898115880464e-07 4.4727939907121006e-05
3681 4.470386305787142e-05 1.998435372296921e-07 4.4903706595101115e-05
3682 4.487875675512583e-05 2.0141028078857522e-07 4.5080167035914406e-05
3683 4.505433468419483e-05 2.029893073835441e-07 4.525732399157837e-05
3684 4.5230599521979775e-05 2.0458071331177172e-07 4.543518023529155e-05
3685 4.540755395585481e-05 2.0618459562538658e-07 4.561373855148019e-05
3686 4.558520068370788e-05 2.078010521373921e-07 4.5793001735845266e-05
3687 4.5763542413981544e-05 2.0943018142762878e-07 4.597297259540917e-05
3688 4.5942581865714805e-05 2.1107208284879068e-07 4.61536539485636e-05
3689 4.612232176858419e-05 2.1272685653248152e-07 4.633504862511667e-05
3690 4.6302764862945466e-05 2.143946033953217e-07 4.651715946634079e-05
3691 4.648391389987542e-05 2.1607542514510316e-07 4.669998932502053e-05
3692 4.6665771641213804e-05 2.1776942428699144e-07 4.68835410655008e-05
3693 4.684834085960543e-05 2.1947670412977756e-07 4.7067817563735206e-05
3694 4.703162433854255e-05 2.2119736879217883e-07 4.725282170733473e-05
3695 4.721562487240692e-05 2.2293152320918507e-07 4.7438556395616106e-05
3696 4.740034526651296e-05 2.2467927313846372e-07 4.7625024539651424e-05
3697 4.758578833715014e-05 2.2644072516680547e-07 4.781222906231695e-05
3698 4.777195691162605e-05 2.2821598671662557e-07 4.800017289834268e-05
3699 4.795885382830944e-05 2.3000516605251506e-07 4.8188858994361955e-05
3700 4.814648193667355e-05 2.3180837228784322e-07 4.837829030896139e-05
3701 4.833484409733964e-05 2.3362571539141287e-07 4.856846981273106e-05
3702 4.8523943182120204e-05 2.35457306194163e-07 4.8759400488314365e-05
3703 4.871378207406333e-05 2.3730325639593342e-07 4.8951085330459264e-05
3704 4.89043636674963e-05 2.3916367857227323e-07 4.9143527346068574e-05
3705 4.909569086806978e-05 2.41038686181307e-07 4.933672955425109e-05
3706 4.928776659280213e-05 2.429283935706541e-07 4.9530694986372774e-05
3707 4.9480593770123876e-05 2.448329159844022e-07 4.9725426686108276e-05
3708 4.967417533992238e-05 2.467523695701353e-07 4.9920927709492515e-05
3709 4.9868514253586754e-05 2.486868713860185e-07 5.011720112497277e-05
3710 5.00636134740524e-05 2.506365394079321e-07 5.031425001346033e-05
3711 5.025947597584688e-05 2.5260149253667297e-07 5.051207746838355e-05
3712 5.04561047451348e-05 2.545818506052015e-07 5.071068659574e-05
3713 5.065350277976345e-05 2.565777343859504e-07 5.09100805141494e-05
3714 5.085167308930854e-05 2.585892655981906e-07 5.111026235490673e-05
3715 5.105061869512001e-05 2.6061656691545367e-07 5.131123526203546e-05
3716 5.125034263036831e-05 2.6265976197301473e-07 5.151300239234132e-05
3717 5.1450847940090136e-05 2.647189753754277e-07 5.171556691546556e-05
3718 5.16521376812355e-05 2.667943327041308e-07 5.191893201393963e-05
3719 5.1854214922713946e-05 2.6888596052510095e-07 5.212310088323905e-05
3720 5.205708274544143e-05 2.709939863965736e-07 5.2328076731838004e-05
3721 5.226074424238729e-05 2.7311853887682166e-07 5.2533862781264117e-05
3722 5.24652025186214e-05 2.7525974753199574e-07 5.2740462266153395e-05
3723 5.267046069136151e-05 2.7741774294402586e-07 5.294787843430555e-05
3724 5.28765218900209e-05 2.7959265671858594e-07 5.315611454673948e-05
3725 5.308338925625562e-05 2.8178462149311543e-07 5.336517387774873e-05
3726 5.329106594401307e-05 2.8399377094491497e-07 5.357505971495798e-05
3727 5.349955511957965e-05 2.8622023979929406e-07 5.378577535937894e-05
3728 5.3708859961629124e-05 2.884641638377888e-07 5.399732412546691e-05
3729 5.391898366127111e-05 2.907256799064421e-07 5.4209709341177554e-05
3730 5.41299294220997e-05 2.9300492592414944e-07 5.4422934348023846e-05
3731 5.4341700460242435e-05 2.953020408910713e-07 5.463700250113351e-05
3732 5.4554300004408895e-05 2.9761716489710485e-07 5.4851917169306e-05
3733 5.476773129594058e-05 2.999504391304349e-07 5.506768173507101e-05
3734 5.49819975888599e-05 3.0230200588613963e-07 5.528429959474604e-05
3735 5.519710214991987e-05 3.046720085748689e-07 5.550177415849474e-05
3736 5.5413048258653956e-05 3.070605917315912e-07 5.572010885038555e-05
3737 5.562983920742603e-05 3.0946790102440745e-07 5.593930710845044e-05
3738 5.5847478301480605e-05 3.118940832634347e-07 5.615937238474404e-05
3739 5.6065968858993324e-05 3.143392864097609e-07 5.638030814540309e-05
3740 5.628531421112108e-05 3.168036595844628e-07 5.660211787070553e-05
3741 5.650551770205352e-05 3.1928735307770837e-07 5.682480505513123e-05
3742 5.672658268906355e-05 3.217905183579164e-07 5.704837320742147e-05
3743 5.6948512542558645e-05 3.2431330808099594e-07 5.727282585063964e-05
3744 5.717131064613223e-05 3.2685587609965525e-07 5.749816652223189e-05
3745 5.739498039661528e-05 3.294183774727852e-07 5.772439877408806e-05
3746 5.761952520412819e-05 3.3200096847491636e-07 5.795152617260311e-05
3747 5.784494849213236e-05 3.346038066057446e-07 5.81795522987381e-05
3748 5.807125369748303e-05 3.372270505997437e-07 5.8408480748082775e-05
3749 5.8298444270481247e-05 3.398708604358408e-07 5.8638315130917085e-05
3750 5.8526523674926565e-05 3.4253539734717395e-07 5.886905907227374e-05
3751 5.875549538816989e-05 3.452208238309253e-07 5.910071621200081e-05
3752 5.898536290116644e-05 3.479273036582302e-07 5.933329020482467e-05
3753 5.9216129718529026e-05 3.5065500188416567e-07 5.9566784720413194e-05
3754 5.9447799358581574e-05 3.534040848578172e-07 5.980120344343939e-05
3755 5.968037535341229e-05 3.561747202324181e-07 6.003655007364471e-05
3756 5.9913861248928234e-05 3.589670769755824e-07 6.0272828325903814e-05
3757 6.014826060490889e-05 3.6178132537960347e-07 6.0510041930288494e-05
3758 6.0383576995060584e-05 3.64617637071841e-07 6.074819463213243e-05
3759 6.061981400707096e-05 3.6747618502518767e-07 6.0987290192096146e-05
3760 6.0856975242663645e-05 3.7035714356861756e-07 6.122733238623226e-05
3761 6.109506431765335e-05 3.732606883978199e-07 6.146832500605117e-05
3762 6.133408486200044e-05 3.761869965859071e-07 6.171027185858635e-05
3763 6.157404051986706e-05 3.791362465942231e-07 6.195317676646129e-05
3764 6.181493494967218e-05 3.8210861828322033e-07 6.21970435679554e-05
3765 6.205677182414751e-05 3.8510429292343085e-07 6.244187611707095e-05
3766 6.229955483039348e-05 3.881234532065204e-07 6.26876782836e-05
3767 6.254328766993548e-05 3.911662832564304e-07 6.293445395319191e-05
3768 6.278797405878023e-05 3.942329686406059e-07 6.318220702742083e-05
3769 6.303361772747267e-05 3.973236963813157e-07 6.343094142385399e-05
3770 6.32802224211522e-05 4.004386549670494e-07 6.368066107611926e-05
3771 6.352779189961068e-05 4.035780343640241e-07 6.393136993397471e-05
3772 6.377632993734914e-05 4.067420260277616e-07 6.41830719633769e-05
3773 6.402584032363545e-05 4.0993082291476634e-07 6.443577114655021e-05
3774 6.427632686256218e-05 4.1314461949429326e-07 6.468947148205647e-05
3775 6.452779337310453e-05 4.1638361176020736e-07 6.494417698486475e-05
3776 6.478024368917873e-05 4.19647997242938e-07 6.519989168642166e-05
3777 6.503368165969986e-05 4.2293797502151825e-07 6.545661963472139e-05
3778 6.52881111486415e-05 4.262537457357366e-07 6.571436489437723e-05
3779 6.554353603509395e-05 4.295955115983659e-07 6.597313154669232e-05
3780 6.579996021332359e-05 4.329634764074968e-07 6.623292368973109e-05
3781 6.605738759283223e-05 4.3635784555896656e-07 6.649374543839119e-05
3782 6.631582209841672e-05 4.397788260588855e-07 6.67556009244756e-05
3783 6.657526767022879e-05 4.4322662653626103e-07 6.701849429676505e-05
3784 6.683572826383523e-05 4.4670145725572236e-07 6.728242972109096e-05
3785 6.709720785027769e-05 4.502035301303366e-07 6.754741138040803e-05
3786 6.735971041613406e-05 4.5373305873454396e-07 6.78134434748686e-05
3787 6.76232399635786e-05 4.5729025831717347e-07 6.808053022189578e-05
3788 6.788780051044323e-05 4.608753458145736e-07 6.83486758562578e-05
3789 6.815339609027871e-05 4.6448853986384173e-07 6.861788463014255e-05
3790 6.842003075241613e-05 4.681300608161569e-07 6.888816081323229e-05
3791 6.868770856202867e-05 4.7180013075021875e-07 6.915950869277889e-05
3792 6.895643360019375e-05 4.7549897348579295e-07 6.943193257367954e-05
3793 6.92262099639546e-05 4.792268145973528e-07 6.970543677855196e-05
3794 6.949704176638369e-05 4.829838814278479e-07 6.998002564781154e-05
3795 6.976893313664474e-05 4.867704031025604e-07 7.025570353974729e-05
3796 7.004188822005591e-05 4.905866105430807e-07 7.053247483059899e-05
3797 7.031591117815301e-05 4.944327364813904e-07 7.08103439146344e-05
3798 7.059100618875287e-05 4.983090154740546e-07 7.108931520422692e-05
3799 7.086717744601723e-05 5.022156839165293e-07 7.136939312993376e-05
3800 7.114442916051612e-05 5.061529800575696e-07 7.16505821405737e-05
3801 7.142276555929286e-05 5.10121144013771e-07 7.193288670330663e-05
3802 7.170219088592803e-05 5.141204177842061e-07 7.221631130371225e-05
3803 7.198270940060421e-05 5.181510452651833e-07 7.25008604458694e-05
3804 7.226432538017098e-05 5.222132722651223e-07 7.27865386524361e-05
3805 7.254704311821013e-05 5.26307346519544e-07 7.307335046472968e-05
3806 7.283086692510113e-05 5.30433517706179e-07 7.33613004428073e-05
3807 7.311580112808693e-05 5.345920374601958e-07 7.365039316554713e-05
3808 7.340185007133945e-05 5.387831593895395e-07 7.394063323072899e-05
3809 7.368901811602657e-05 5.430071390904093e-07 7.423202525511698e-05
3810 7.397730964037818e-05 5.472642341628391e-07 7.452457387454102e-05
3811 7.426672903975292e-05 5.515547042264079e-07 7.481828374397932e-05
3812 7.455728072670532e-05 5.558788109360745e-07 7.51131595376414e-05
3813 7.484896913105301e-05 5.602368179981326e-07 7.540920594905114e-05
3814 7.514179869994444e-05 5.646289911862973e-07 7.570642769113074e-05
3815 7.543577389792603e-05 5.690555983579019e-07 7.600482949628393e-05
3816 7.573089920701121e-05 5.735169094702492e-07 7.630441611648146e-05
3817 7.60271791267481e-05 5.780131965970642e-07 7.660519232334516e-05
3818 7.632461817428828e-05 5.825447339450897e-07 7.690716290823337e-05
3819 7.662322088445567e-05 5.871117978708083e-07 7.721033268232647e-05
3820 7.692299180981564e-05 5.917146668972963e-07 7.751470647671294e-05
3821 7.722393552074445e-05 5.963536217312097e-07 7.782028914247567e-05
3822 7.752605660549907e-05 6.010289452799046e-07 7.812708555077898e-05
3823 7.78293596702865e-05 6.057409226686819e-07 7.843510059295518e-05
3824 7.813384933933498e-05 6.104898412581897e-07 7.874433918059317e-05
3825 7.843953025496378e-05 6.152759906619379e-07 7.905480624562573e-05
3826 7.874640707765427e-05 6.200996627639638e-07 7.936650674041823e-05
3827 7.90544844861208e-05 6.249611517366314e-07 7.967944563785743e-05
3828 7.936376717738217e-05 6.298607540585724e-07 7.999362793144075e-05
3829 7.96742598668334e-05 6.347987685327699e-07 8.030905863536617e-05
3830 7.998596728831686e-05 6.397754963047694e-07 8.062574278462162e-05
3831 8.029889419419553e-05 6.447912408810608e-07 8.094368543507659e-05
3832 8.061304535542477e-05 6.498463081475771e-07 8.126289166357235e-05
3833 8.092842556162521e-05 6.549410063883513e-07 8.158336656801357e-05
3834 8.124503962115577e-05 6.600756463043171e-07 8.19051152674601e-05
3835 8.1562892361187e-05 6.652505410322576e-07 8.222814290221925e-05
3836 8.188198862777461e-05 6.704660061639011e-07 8.255245463393852e-05
3837 8.220233328593365e-05 6.757223597651715e-07 8.287805564569883e-05
3838 8.252393121971188e-05 6.810199223955737e-07 8.320495114210746e-05
3839 8.284678733226527e-05 6.863590171277589e-07 8.353314634939303e-05
3840 8.317090654593216e-05 6.917399695672181e-07 8.386264651549937e-05
3841 8.349629380230837e-05 6.971631078721399e-07 8.41934569101805e-05
3842 8.382295406232263e-05 7.02628762773425e-07 8.452558282509605e-05
3843 8.415089230631214e-05 7.081372675948544e-07 8.4859029573907e-05
3844 8.448011353409874e-05 7.136889582734213e-07 8.519380249237216e-05
3845 8.481062276506438e-05 7.192841733798057e-07 8.552990693844419e-05
3846 8.514242503822877e-05 7.249232541390405e-07 8.58673482923678e-05
3847 8.54755254123254e-05 7.306065444513085e-07 8.62061319567767e-05
3848 8.580992896587898e-05 7.363343909129197e-07 8.654626335679191e-05
3849 8.614564079728273e-05 7.421071428374463e-07 8.688774794012018e-05
3850 8.648266602487622e-05 7.47925152277028e-07 8.723059117715324e-05
3851 8.682100978702331e-05 7.537887740438397e-07 8.757479856106715e-05
3852 8.716067724219077e-05 7.596983657317351e-07 8.79203756079225e-05
3853 8.750167356902612e-05 7.656542877380404e-07 8.826732785676416e-05
3854 8.784400396643773e-05 7.716569032855527e-07 8.861566086972328e-05
3855 8.818767365367332e-05 7.777065784446788e-07 8.8965380232118e-05
3856 8.853268787039972e-05 7.838036821557621e-07 8.931649155255548e-05
3857 8.887905187678279e-05 7.899485862515847e-07 8.966900046303438e-05
3858 8.922677095356759e-05 7.961416654800412e-07 9.002291261904763e-05
3859 8.957585040215905e-05 8.023832975269978e-07 9.037823369968605e-05
3860 8.992629554470211e-05 8.086738630393109e-07 9.073496940774142e-05
3861 9.027811172416394e-05 8.150137456480628e-07 9.1093125469812e-05
3862 9.063130430441468e-05 8.214033319919414e-07 9.145270763640662e-05
3863 9.098587867030939e-05 8.27843011740826e-07 9.181372168205022e-05
3864 9.134184022777012e-05 8.343331776195484e-07 9.217617340538968e-05
3865 9.169919440386841e-05 8.408742254318453e-07 9.254006862930026e-05
3866 9.205794664690793e-05 8.474665540844947e-07 9.290541320099243e-05
3867 9.241810242650784e-05 8.541105656116493e-07 9.327221299211949e-05
3868 9.277966723368534e-05 8.608066651993385e-07 9.364047389888467e-05
3869 9.314264658094056e-05 8.675552612101999e-07 9.401020184215076e-05
3870 9.350704600233985e-05 8.7435676520837e-07 9.438140276754821e-05
3871 9.387287105360031e-05 8.812115919845871e-07 9.47540826455849e-05
3872 9.424012731217459e-05 8.881201595814875e-07 9.512824747175607e-05
3873 9.460882037733577e-05 8.950828893190984e-07 9.550390326665487e-05
3874 9.497895587026305e-05 9.021002058205377e-07 9.58810560760836e-05
3875 9.535053943412664e-05 9.09172537037894e-07 9.625971197116453e-05
3876 9.572357673417492e-05 9.163003142783474e-07 9.663987704845327e-05
3877 9.609807345782011e-05 9.234839722304589e-07 9.702155743005057e-05
3878 9.64740353147251e-05 9.307239489906825e-07 9.740475926371579e-05
3879 9.685146803689056e-05 9.380206860900834e-07 9.778948872298065e-05
3880 9.723037737874231e-05 9.453746285212645e-07 9.817575200726358e-05
3881 9.761076911721905e-05 9.527862247655043e-07 9.856355534198455e-05
3882 9.799264905186062e-05 9.602559268201118e-07 9.895290497868071e-05
3883 9.837602300489567e-05 9.677841902259762e-07 9.934380719512164e-05
3884 9.876089682133156e-05 9.753714740953699e-07 9.973626829542693e-05
3885 9.914727636904277e-05 9.830182411399347e-07 0.0001001302946101827
3886 9.953516753886043e-05 9.907249576989016e-07 0.00010052589249655933
3887 9.992457624466227e-05 9.984920937675324e-07 0.0001009230683384298
3888 0.00010031550842346268 1.0063201230257812e-06 0.00010132182854648846
3889 0.0001007079700355035 1.014209522867187e-06 0.00010172217955837068
3890 0.00010110196706434403 1.0221607744279705e-06 0.000102124127838772
3891 0.0001014975055169535 1.0301743626164008e-06 0.0001025276798795699
3892 0.00010189459142380186 1.0382507761423515e-06 0.00010293284219994421
3893 0.00010229323083895187 1.0463905075471094e-06 0.00010333962134649897
3894 0.00010269342984015144 1.0545940532334107e-06 0.00010374802389338485
3895 0.00010309519452892632 1.0628619134957161e-06 0.00010415805644242204
3896 0.00010349853103067304 1.0711945925507189e-06 0.00010456972562322376
3897 0.00010390344549475259 1.0795925985681023e-06 0.00010498303809332069
3898 0.00010430994409458332 1.0880564437015098e-06 0.00010539800053828483
3899 0.00010471803302773626 1.0965866441198063e-06 0.00010581461967185606
3900 0.00010512771851602887 1.10518372003854e-06 0.00010623290223606741
3901 0.00010553900680562003 1.113848195751671e-06 0.0001066528550013717
3902 0.00010595190416710527 1.122580599663546e-06 0.00010707448476676881
3903 0.00010636641689561245 1.131381464321123e-06 0.00010749779835993357
3904 0.00010678255131089766 1.1402513264464492e-06 0.00010792280263734411
3905 0.00010720031375744181 1.1491907269693968e-06 0.00010834950448441121
3906 0.00010761971060454652 1.1582002110606342e-06 0.00010877791081560716
3907 0.00010804074824643247 1.1672803281649e-06 0.00010920802857459736
3908 0.00010846343310233608 1.1764316320344933e-06 0.00010963986473437057
3909 0.00010888777161660757 1.1856546807630489e-06 0.00011007342629737061
3910 0.00010931377025880922 1.1949500368195724e-06 0.0001105087202956288
3911 0.00010974143552381401 1.2043182670827428e-06 0.00011094575379089676
3912 0.00011017077393190482 1.2137599428754878e-06 0.00011138453387478031
3913 0.00011060179202887301 1.2232756399998077e-06 0.00011182506766887282
3914 0.00011103449638611953 1.232865938771919e-06 0.00011226736232489143
3915 0.00011146889360075421 1.2425314240576262e-06 0.00011271142502481184
3916 0.00011190499029569658 1.2522726853079947e-06 0.00011315726298100457
3917 0.00011234279311977683 1.2620903165952977e-06 0.00011360488343637213
3918 0.0001127823087478372 1.2719849166492473e-06 0.00011405429366448645
3919 0.00011322354388083369 1.2819570888935073e-06 0.0001145055009697272
3920 0.00011366650524593857 1.292007441482498e-06 0.00011495851268742107
3921 0.00011411119959664187 1.302136587338464e-06 0.00011541333618398034
3922 0.00011455763371285588 1.3123451441888854e-06 0.00011586997885704476
3923 0.00011500581440101745 1.3226337346041272e-06 0.00011632844813562158
3924 0.00011545574849419212 1.3330029860354147e-06 0.00011678875148022754
3925 0.00011590744285217823 1.3434535308530961e-06 0.00011725089638303132
3926 0.00011636090436161152 1.3539860063852104e-06 0.00011771489036799673
3927 0.00011681613993607035 1.364601054956357e-06 0.00011818074099102671
3928 0.00011727315651618021 1.37529932392685e-06 0.00011864845584010707
3929 0.00011773196106972088 1.3860814657322273e-06 0.0001191180425354531
3930 0.00011819256059173175 1.396948137923018e-06 0.00011958950872965477
3931 0.00011865496210461876 1.4079000032048513e-06 0.00012006286210782361
3932 0.00011911917265826138 1.4189377294788686e-06 0.00012053811038774025
3933 0.00011958519933012015 1.4300619898824569e-06 0.0001210152613200026
3934 0.00012005304922534451 1.4412734628302993e-06 0.00012149432268817482
3935 0.00012052272947688152 1.4525728320557568e-06 0.00012197530230893728
3936 0.00012099424724558346 1.4639607866525382e-06 0.000122458208032236
3937 0.00012146760972031858 1.4754380211167633e-06 0.00012294304774143535
3938 0.0001219428241180797 1.487005235389292e-06 0.00012342982935346897
3939 0.00012241989768409448 1.4986631348984161e-06 0.0001239185608189929
3940 0.00012289883769193587 1.5104124306028795e-06 0.00012440925012253875
3941 0.00012337965144363305 1.5222538390352382e-06 0.0001249019052826683
3942 0.00012386234626978295 1.5341880823455613e-06 0.00012539653435212852
3943 0.00012434692952966107 1.5462158883454494e-06 0.00012589314541800652
3944 0.00012483340861133512 1.5583379905524556e-06 0.00012639174660188758
3945 0.0001253217909317767 1.5705551282347951e-06 0.00012689234606001152
3946 0.0001258120839369747 1.5828680464564365e-06 0.00012739495198343113
3947 0.00012630429510204858 1.5952774961225374e-06 0.0001278995725981711
3948 0.0001267984319313627 1.6077842340252423e-06 0.00012840621616538796
3949 0.00012729450195864042 1.6203890228898307e-06 0.00012891489098153025
3950 0.00012779251274707936 1.6330926314212438e-06 0.0001294256053785006
3951 0.00012829247188946564 1.645895834350933e-06 0.00012993836772381658
3952 0.00012879438700829127 1.6587994124841506e-06 0.00013045318642077543
3953 0.00012929826575586918 1.6718041527475373e-06 0.0001309700699086167
3954 0.0001298041158144503 1.684910848237123e-06 0.00013148902666268743
3955 0.00013031194489634062 1.6981202982666913e-06 0.0001320100651946073
3956 0.00013082176074401868 1.7114333084165267e-06 0.0001325331940524352
3957 0.00013133357113025412 1.7248506905825516e-06 0.00013305842182083667
3958 0.00013184738385822484 1.7383732630258087e-06 0.00013358575712125065
3959 0.0001323632067616378 1.7520018504224076e-06 0.0001341152086120602
3960 0.0001328810477048472 1.765737283913788e-06 0.000134646784988761
3961 0.00013340091458297483 1.7795804011574145e-06 0.00013518049498413223
3962 0.00013392281532203026 1.7935320463778623e-06 0.00013571634736840813
3963 0.0001344467578790318 1.8075930704183001e-06 0.0001362543509494501
3964 0.00013497275024212786 1.8217643307923827e-06 0.00013679451457292025
3965 0.00013550080043071884 1.8360466917365497e-06 0.00013733684712245538
3966 0.00013603091649557841 1.8504410242627029e-06 0.00013788135751984111
3967 0.00013656310651897794 1.8649482062113714e-06 0.00013842805472518932
3968 0.00013709737861480848 1.8795691223052145e-06 0.0001389769477371137
3969 0.00013763374092870496 1.8943046642029876e-06 0.00013952804559290796
3970 0.00013817220163817015 1.909155730553915e-06 0.00014008135736872407
3971 0.0001387127689526995 1.9241232270524995e-06 0.000140636892179752
3972 0.0001392554511139065 1.9392080664937603e-06 0.00014119465918040026
3973 0.0001398002563956472 1.9544111688288697e-06 0.00014175466756447607
3974 0.00014034719310414813 1.9697334612213044e-06 0.00014231692656536943
3975 0.00014089626957813176 1.985175878103358e-06 0.00014288144545623513
3976 0.00014144749418894387 2.0007393612331307e-06 0.000143448233550177
3977 0.00014200087534068127 2.0164248597519704e-06 0.00014401730020043325
3978 0.00014255642147031986 2.0322333302423473e-06 0.0001445886548005622
3979 0.00014311414104784329 2.048165736786198e-06 0.0001451623067846295
3980 0.00014367404257637243 2.064223051023728e-06 0.00014573826562739616
3981 0.00014423613459229372 2.080406252212627e-06 0.00014631654084450635
3982 0.00014480042566539125 2.0967163272878496e-06 0.0001468971419926791
3983 0.00014536692439897603 2.1131542709217614e-06 0.0001474800786698978
3984 0.0001459356394300177 2.129721085584814e-06 0.00014806536051560252
3985 0.00014650657942927593 2.146417781606674e-06 0.00014865299721088262
3986 0.0001470797531014329 2.163245377237846e-06 0.00014924299847867076
3987 0.0001476551691852261 2.180204898711775e-06 0.0001498353740839379
3988 0.0001482328364535805 2.197297380307395e-06 0.0001504301338338879
3989 0.00014881276371374398 2.2145238644122597e-06 0.00015102728757815622
3990 0.0001493949598074205 2.231885401586079e-06 0.0001516268452090066
3991 0.00014997943361090522 2.249383050624793e-06 0.00015222881666153
3992 0.0001505661940352197 2.267017878625143e-06 0.00015283321191384485
3993 0.00015115525002624793 2.2847909610497524e-06 0.00015344004098729767
3994 0.00015174661056487255 2.302703381792709e-06 0.00015404931394666526
3995 0.00015234028466711228 2.3207562332456805e-06 0.00015466104090035797
3996 0.00015293628138425794 2.3389506163644922e-06 0.00015527523200062243
3997 0.0001535346098030124 2.3572876407363274e-06 0.00015589189744374873
3998 0.00015413527904562798 2.37576842464736e-06 0.00015651104747027534
3999 0.00015473829827004562 2.3943940951509605e-06 0.00015713269236519657
4000 0.00015534367667003465 2.413165788136427e-06 0.0001577568424581711
4001 0.000155951423475333 2.432084648398264e-06 0.00015838350812373125
4002 0.00015656154795178805 2.451151829706003e-06 0.00015901269978149405
4003 0.00015717405940149687 2.4703684948745267e-06 0.0001596444278963714
4004 0.00015778896716294976 2.4897358158350437e-06 0.0001602787029787848
4005 0.00015840628061117139 2.5092549737065173e-06 0.0001609155355848779
4006 0.00015902600915786416 2.5289271588677095e-06 0.00016155493631673186
4007 0.00015964816225155155 2.548753571029773e-06 0.00016219691582258132
4008 0.00016027274937772227 2.5687354193094172e-06 0.0001628414847970317
4009 0.00016089978005897484 2.588873922302648e-06 0.0001634886539812775
4010 0.00016152926385516313 2.609170308159091e-06 0.00016413843416332222
4011 0.0001621612103635407 2.6296258146568504e-06 0.00016479083617819756
4012 0.00016279562921890932 2.65024168927806e-06 0.00016544587090818738
4013 0.00016343253009376424 2.6710191892849156e-06 0.00016610354928304916
4014 0.00016407192269844224 2.6919595817963605e-06 0.0001667638822802386
4015 0.00016471381678126952 2.7130641438653627e-06 0.0001674268809251349
4016 0.0001653582221287105 2.734334162556796e-06 0.00016809255629126729
4017 0.00016600514856551714 2.7557709350259417e-06 0.0001687609195005431
4018 0.00016665460595487755 2.777375768597551e-06 0.0001694319817234751
4019 0.00016730660419856833 2.79914998084564e-06 0.00017010575417941397
4020 0.00016796115323710416 2.8210948996737984e-06 0.00017078224813677796
4021 0.00016861826304988978 2.8432118633961824e-06 0.00017146147491328595
4022 0.000169277943655372 2.86550222081913e-06 0.00017214344587619115
4023 0.00016994020511119261 2.8879673313234216e-06 0.00017282817244251603
4024 0.0001706050575143416 2.9106085649471805e-06 0.00017351566607928877
4025 0.00017127251100131148 2.933427302469436e-06 0.00017420593830378092
4026 0.00017194257574825041 2.9564249354942832e-06 0.0001748990006837447
4027 0.0001726152619711195 2.979602866535822e-06 0.00017559486483765532
4028 0.0001732905799258472 3.0029625091036435e-06 0.00017629354243495083
4029 0.00017396853990848577 3.026505287789041e-06 0.0001769950451962748
4030 0.00017464915225536858 3.050232638351892e-06 0.00017769938489372046
4031 0.0001753324273432675 3.074146007808218e-06 0.00017840657335107572
4032 0.00017601837558955157 3.098246854518445e-06 0.00017911662244407003
4033 0.00017670700745234428 3.1225366482762858e-06 0.00017982954410062057
4034 0.00017739833343068521 3.1470168703984563e-06 0.00018054535030108366
4035 0.00017809236406468877 3.1716890138149646e-06 0.00018126405307850374
4036 0.00017878910993570512 3.1965545831601656e-06 0.0001819856645188653
4037 0.0001794885816664815 3.22161509486452e-06 0.00018271019676134603
4038 0.00018019078992132434 3.246872077247084e-06 0.0001834376619985714
4039 0.00018089574540626163 3.272327070608702e-06 0.00018416807247687033
4040 0.00018160345886920673 3.297981627325966e-06 0.0001849014404965327
4041 0.0001823139411001206 3.3238373119458247e-06 0.00018563777841206644
4042 0.00018302720293117858 3.3498957012810827e-06 0.00018637709863245967
4043 0.00018374325523693407 3.3761583845065094e-06 0.0001871194136214406
4044 0.00018446210893448468 3.402626963255769e-06 0.00018786473589774044
4045 0.00018518377498363874 3.4293030517190942e-06 0.00018861307803535784
4046 0.00018590826438708222 3.4561882767417267e-06 0.00018936445266382396
4047 0.00018663558819054672 3.4832842779231344e-06 0.00019011887246846984
4048 0.00018736575748297803 3.5105927077170136e-06 0.00019087635019069505
4049 0.00018809878339670386 3.5381152315320116e-06 0.00019163689862823586
4050 0.00018883467710760572 3.5658535278333713e-06 0.0001924005306354391
4051 0.00018957344983528784 3.5938092882452394e-06 0.00019316725912353307
4052 0.0001903151128432486 3.6219842176538447e-06 0.00019393709706090243
4053 0.00019105967743905224 3.6503800343114684e-06 0.0001947100574733637
4054 0.0001918071549745013 3.678998469941236e-06 0.00019548615344444254
4055 0.00019255755684581007 3.7078412698427376e-06 0.0001962653981156528
4056 0.0001933108944937767 3.736910192998406e-06 0.00019704780468677508
4057 0.0001940671794039601 3.7662070121808835e-06 0.000197833386416141
4058 0.0001948264231068534 3.7957335140610657e-06 0.00019862215662091445
4059 0.00019558863717806014 3.825491499317085e-06 0.0001994141286773772
4060 0.0001963538332384708 3.85548278274412e-06 0.00020020931602121494
4061 0.00019712202295444 3.885709193365078e-06 0.0002010077321478051
4062 0.00019789321803796421 3.9161725745421245e-06 0.00020180939061250635
4063 0.00019866743024686093 3.946874784089135e-06 0.00020261430503095006
4064 0.00019944467138494613 3.977817694384915e-06 0.00020342248907933105
4065 0.00020022495330221686 4.009003192487492e-06 0.00020423395649470436
4066 0.00020100828789503008 4.040433180249129e-06 0.0002050487210752792
4067 0.0002017946871062846 4.07210957443233e-06 0.00020586679668071692
4068 0.0002025841629256031 4.10403430682673e-06 0.00020668819723242983
4069 0.00020337672738951487 4.136209324366905e-06 0.00020751293671388178
4070 0.0002041723925816399 4.168636589251128e-06 0.000208341029170891
4071 0.0002049711706328713 4.201318079060964e-06 0.00020917248871193226
4072 0.00020577307372156276 4.23425578688197e-06 0.00021000732950844474
4073 0.00020657811407371262 4.2674517214251825e-06 0.0002108455657951378
4074 0.00020738630396315065 4.3009079071496315e-06 0.00021168721187030028
4075 0.0002081976557117252 4.334626384385806e-06 0.000212532282096111
4076 0.00020901218168949107 4.368609209460083e-06 0.00021338079089895114
4077 0.00020982989431489802 4.402858454820127e-06 0.00021423275276971813
4078 0.00021065080605498068 4.437376209161309e-06 0.00021508818226414198
4079 0.00021147492942554674 4.4721645775539975e-06 0.00021594709400310074
4080 0.0002123022769913705 4.507225681572061e-06 0.00021680950267294257
4081 0.00021313286136638262 4.5425616594221674e-06 0.00021767542302580478
4082 0.00021396669521386294 4.578174666074212e-06 0.00021854486987993714
4083 0.00021480379124663344 4.614066873392728e-06 0.00021941785812002617
4084 0.00021564416222725214 4.650240470269343e-06 0.0002202944026975215
4085 0.00021648782096820812 4.686697662756293e-06 0.00022117451863096438
4086 0.00021733478033211513 4.723440674200874e-06 0.00022205822100631603
4087 0.0002181850532319102 4.760471745381149e-06 0.00022294552497729135
4088 0.0002190386526310489 4.797793134642531e-06 0.00022383644576569147
4089 0.0002198955915437034 4.835407118035525e-06 0.00022473099866173894
4090 0.00022075588303496082 4.8733159894545305e-06 0.00022562919902441536
4091 0.00022161954022102245 4.911522060777738e-06 0.0002265310622818002
4092 0.00022248657626940376 4.950027662008122e-06 0.00022743660393141187
4093 0.0002233570043991356 4.988835141415548e-06 0.00022834583954055114
4094 0.00022423083788096387 5.02794686567991e-06 0.00022925878474664376
4095 0.00022510809003755463 5.06736522003558e-06 0.0002301754552575902
4096 0.00022598877424369538 5.107092608416791e-06 0.00023109586685211215
4097 0.0002268729039264994 5.147131453604264e-06 0.00023202003538010368
4098 0.00022776049256561061 5.187484197372956e-06 0.00023294797676298354
4099 0.00022865155369340885 5.228153300640983e-06 0.00023387970699404983
4100 0.0002295461008952168 5.269141243619706e-06 0.00023481524213883655
4101 0.00023044414780950534 5.310450525964915e-06 0.00023575459833547025
4102 0.000231345708128104 5.352083666929388e-06 0.0002366977917950334
4103 0.00023225079559640812 5.394043205516455e-06 0.00023764483880192458
4104 0.00023315942401358876 5.436331700634847e-06 0.0002385957557142236
4105 0.00023407160723280305 5.478951731254762e-06 0.00023955055896405781
4106 0.00023498735916140554 5.52190589656514e-06 0.0002405092650579707
4107 0.00023590669376116 5.565196816132173e-06 0.0002414718905772922
4108 0.00023682962504845308 5.608827130059088e-06 0.00024243845217851218
4109 0.00023775616709450576 5.652799499147054e-06 0.00024340896659365277
4110 0.00023868633402559098 5.697116605057599e-06 0.0002443834506306486
4111 0.00023962014002324708 5.741781150476054e-06 0.0002453619211737231
4112 0.0002405575993244943 5.786795859276394e-06 0.0002463443951837707
4113 0.00024149872622205215 5.83216347668737e-06 0.0002473308896987395
4114 0.00024244353506455704 5.87788676945991e-06 0.00024832142183401696
4115 0.0002433920402567817 5.9239685260358845e-06 0.0002493160087828176
4116 0.00024434425625985276 5.970411556718061e-06 0.00025031466781657083
4117 0.0002453001975914742 6.017218693841629e-06 0.0002513174162853158
4118 0.0002462598788261467 6.064392791946846e-06 0.00025232427161809353
4119 0.00024722331459539046 6.11193672795314e-06 0.0002533352513233436
4120 0.00024819051958796805 6.159853401334556e-06 0.0002543503729893026
4121 0.0002491615085501085 6.20814573429658e-06 0.0002553696542844051
4122 0.0002501362962857322 6.256816671954361e-06 0.00025639311295768655
4123 0.00025111489765667694 6.305869182512334e-06 0.0002574207668391893
4124 0.00025209732758292255 6.355306257445136e-06 0.00025845263384036767
4125 0.00025308360104282145 6.405130911680201e-06 0.00025948873195450167
4126 0.00025407373307332487 6.4553461837815134e-06 0.00026052907925710637
4127 0.00025506773877021285 6.505955136134955e-06 0.0002615736939063478
4128 0.00025606563328832405 6.556960855135045e-06 0.0002626225941434591
4129 0.0002570674318417871 6.608366451373185e-06 0.00026367579829316025
4130 0.00025807314970425295 6.6601750598273755e-06 0.00026473332476408033
4131 0.0002590828022091257 6.7123898400532935e-06 0.00026579519204917895
4132 0.00026009640474979935 6.765013976377145e-06 0.00026686141872617647
4133 0.0002611139727798907 6.81805067808975e-06 0.0002679320234579804
4134 0.00026213552181347517 6.8715031796422915e-06 0.0002690070249931175
4135 0.00026316106742532355 6.925374740843569e-06 0.0002700864421661671
4136 0.0002641906252511394 6.979668647058798e-06 0.0002711702938981982
4137 0.0002652242109877974 7.034388209409966e-06 0.00027225859919720736
4138 0.000266261840393583 7.089536764977788e-06 0.0002733513771585608
4139 0.00026730352928843116 7.145117677005118e-06 0.0002744486469654363
4140 0.00026834929355417004 7.201134335102212e-06 0.00027555042788927225
4141 0.00026939914913476137 7.25759015545334e-06 0.00027665673929021473
4142 0.00027045311203654403 7.314488581025143e-06 0.0002777676006175692
4143 0.0002715111983284781 7.371833081776616e-06 0.0002788830314102547
4144 0.00027257342414238974 7.429627154870709e-06 0.00028000305129726046
4145 0.0002736398056732178 7.487874324887641e-06 0.00028112767999810545
4146 0.0002747103591792585 7.546578144039721e-06 0.00028225693732329823
4147 0.00027578510098241656 7.60574219238817e-06 0.0002833908431748047
4148 0.0002768640474684519 7.665370078061317e-06 0.00028452941754651315
4149 0.00027794721508723 7.72546543747469e-06 0.00028567268052470473
4150 0.0002790346203529727 7.786031935552762e-06 0.00028682065228852546
4151 0.0002801262798445101 7.847073265952478e-06 0.0002879733531104626
4152 0.0002812222102055329 7.908593151288494e-06 0.0002891308033568214
4153 0.00028232242814484743 7.970595343360253e-06 0.00029029302348820764
4154 0.0002834269504366273 8.033083623380638e-06 0.0002914600340600079
4155 0.0002845357939206732 8.096061802206783e-06 0.00029263185572288
4156 0.00028564897550266725 8.15953372057234e-06 0.0002938085092232396
4157 0.00028676651215443094 8.223503249321739e-06 0.0002949900154037527
4158 0.00028788842091418424 8.287974289646252e-06 0.0002961763952038305
4159 0.0002890147188868054 8.352950773321917e-06 0.00029736766966012736
4160 0.00029014542324409153 8.4184366629493e-06 0.0002985638599070408
4161 0.000291280551225021 8.48443595219521e-06 0.0002997649871772162
4162 0.0002924201201360142 8.550952666036096e-06 0.0003009710728020502
4163 0.0002935641473512005 8.617990861003735e-06 0.00030218213821220423
4164 0.00029471265031268107 8.685554625432463e-06 0.00030339820493811354
4165 0.0002958656465307955 8.753648079708563e-06 0.0003046192946105041
4166 0.00029702315358438836 8.822275376521515e-06 0.0003058454289609099
4167 0.00029818518912107765 8.891440701117284e-06 0.0003070766298221949
4168 0.00029935177085752414 8.961148271553563e-06 0.0003083129191290777
4169 0.0003005229165796992 9.031402338956883e-06 0.00030955431891865605
4170 0.00030169864414315964 9.102207187782086e-06 0.00031080085133094174
4171 0.0003028789714733175 9.173567136073467e-06 0.000312052538609391
4172 0.00030406391656571377 9.245486535728134e-06 0.0003133094031014419
4173 0.00030525349748629306 9.317969772761432e-06 0.0003145714672590545
4174 0.0003064477323716788 9.39102126757441e-06 0.00031583875363925325
4175 0.00030764663942944983 9.46464547522339e-06 0.00031711128490467317
4176 0.0003088502369384187 9.538846885691738e-06 0.00031838908382411044
4177 0.00031005854324890766 9.613630024163474e-06 0.00031967217327307114
4178 0.00031127157678303237 9.68899945129952e-06 0.0003209605762343319
4179 0.0003124893560349802 9.764959763515661e-06 0.00032225431579849587
4180 0.0003137118995712929 9.841515593262896e-06 0.00032355341516455575
4181 0.00031493922603114934 9.918671609309938e-06 0.00032485789764045926
4182 0.0003161713541266503 9.99643251702797e-06 0.00032616778664367824
4183 0.0003174083026431037 1.0074803058677611e-05 0.0003274831057017813
4184 0.000318650090439309 1.0153788013697981e-05 0.00032880387845300697
4185 0.0003198967364478483 1.0233392198998411e-05 0.00033013012864684674
4186 0.0003211482596753724 1.0313620469252042e-05 0.00033146188014462446
4187 0.0003224046792028914 1.0394477717191931e-05 0.0003327991569200833
4188 0.0003236660141860654 1.0475968873909432e-05 0.0003341419830599749
4189 0.0003249322838554969 1.055809890915492e-05 0.0003354903827646518
4190 0.00032620350751702337 1.0640872831640873e-05 0.00033684438034866423
4191 0.000327479704552013 1.0724295689347374e-05 0.0003382040002413604
4192 0.000328760894417657 1.0808372569829782e-05 0.00033956926698748677
4193 0.0003300470966472705 1.0893108600529273e-05 0.0003409402052477998
4194 0.0003313383308505875 1.097850894908534e-05 0.00034231683979967284
4195 0.0003326346167140608 1.1064578823651012e-05 0.0003436991955377117
4196 0.00033393597400116173 1.1151323473210456e-05 0.0003450872974743722
4197 0.000335242422552682 1.12387481878991e-05 0.00034648117074058117
4198 0.0003365539822870363 1.1326858299326273e-05 0.00034788084058636257
4199 0.00033787067320056375 1.1415659180900216e-05 0.00034928633238146396
4200 0.0003391925153678365 1.1505156248156e-05 0.0003506976716159925
4201 0.0003405195289419634 1.1595354959085664e-05 0.00035211488390104903
4202 0.00034185173415489747 1.168626081447107e-05 0.0003535379949693685
4203 0.00034318915131774494 1.1777879358219404e-05 0.00035496703067596435
4204 0.0003445318008210745 1.1870216177701255e-05 0.0003564020169987758
4205 0.0003458797031352282 1.196327690409136e-05 0.0003578429800393196
4206 0.0003472328788106346 1.2057067212712086e-05 0.0003592899460233467
4207 0.00034859134847811874 1.215159282337932e-05 0.00036074294130149806
4208 0.00034995513284922136 1.2246859500751617e-05 0.00036220199234997296
4209 0.0003513242527165117 1.2342873054681536e-05 0.00036366712577119324
4210 0.0003526987289539051 1.2439639340570022e-05 0.0003651383682944751
4211 0.0003540785825169814 1.2537164259723479e-05 0.00036661574677670486
4212 0.00035546383444330437 1.263545375971369e-05 0.0003680992882030181
4213 0.0003568545058527432 1.2734513834740553e-05 0.00036958901968748377
4214 0.0003582506179477916 1.2834350525997454e-05 0.00037108496847378905
4215 0.0003596521920138953 1.2934969922039982e-05 0.00037258716193593527
4216 0.00036105924941977395 1.3036378159157053e-05 0.000374095627578931
4217 0.0003624718116177473 1.313858142174517e-05 0.00037561039303949246
4218 0.0003638899001440624 1.3241585942685572e-05 0.000377131486086748
4219 0.0003653135366192222 1.3345398003724377e-05 0.00037865893462294656
4220 0.0003667427427483146 1.3450023935855647e-05 0.00038019276668417026
4221 0.0003681775403213448 1.355547011970755e-05 0.00038173301044105236
4222 0.000369617951213564 1.3661742985931258e-05 0.00038327969419949524
4223 0.00037106399738580766 1.3768849015593467e-05 0.0003848328464014011
4224 0.00037251570088482725 1.3876794740571407e-05 0.00038639249562539863
4225 0.00037397308384362713 1.3985586743951256e-05 0.0003879586705875784
4226 0.00037543616848180196 1.4095231660429597e-05 0.00038953140014223156
4227 0.00037690497710587566 1.4205736176718066e-05 0.0003911107132825937
4228 0.00037837953210964197 1.4317107031951156e-05 0.0003926966391415931
4229 0.00037985985597450305 1.442935101809702e-05 0.00039428920699260007
4230 0.00038134597126981664 1.4542474980371982e-05 0.0003958884462501886
4231 0.0003828379006532373 1.4656485817657797e-05 0.0003974943864708951
4232 0.0003843356668710624 1.4771390482922426e-05 0.00039910705735398484
4233 0.00038583929275857917 1.4887195983644056e-05 0.00040072648874222325
4234 0.00038734880124041254 1.5003909382238461e-05 0.000402352710622651
4235 0.00038886421533087487 1.51215377964897e-05 0.00040398575312736455
4236 0.0003903855581343177 1.5240088399984276e-05 0.000405625646534302
4237 0.00039191285284548055 1.5359568422548332e-05 0.00040727242126802895
4238 0.0003934461227498496 1.547998515068897e-05 0.0004089261079005386
4239 0.0003949853912240093 1.5601345928038366e-05 0.00041058673715204763
4240 0.00039653068173599966 1.5723658155801667e-05 0.0004122543398918013
4241 0.00039808201784567417 1.5846929293208364e-05 0.00041392894713888255
4242 0.00039963942320505875 1.5971166857967205e-05 0.00041561059006302596
4243 0.0004012029215587135 1.609637842672472e-05 0.0004172992999854382
4244 0.00040277253674409104 1.6222571635527018e-05 0.0004189951083796181
4245 0.0004043482926919052 1.6349754180285862e-05 0.00042069804687219103
4246 0.00040593021342649245 1.647793381724777e-05 0.0004224081472437402
4247 0.0004075183230661789 1.6607118363467054e-05 0.00042412544142964595
4248 0.0004091126458236483 1.673731569728259e-05 0.00042584996152093086
4249 0.0004107132060063109 1.686853375879824e-05 0.0004275817397651092
4250 0.0004123200280166742 1.7000780550367098e-05 0.0004293208085670413
4251 0.0004139331363527158 1.71340641370796e-05 0.0004310672004897954
4252 0.00041555255560825355 1.7268392647255067e-05 0.0004328209482555086
4253 0.0004171783104733255 1.7403774272937837e-05 0.00043458208474626337
4254 0.0004188104257345631 1.7540217270396598e-05 0.00043635064300495967
4255 0.0004204489262755698 1.767772996062795e-05 0.0004381266562361977
4256 0.0004220938370773004 1.781632072986386e-05 0.00043991015780716426
4257 0.00042374518321844227 1.795599803008312e-05 0.0004417011812485254
4258 0.000425402989875798 1.8096770379526828e-05 0.0004434997602553248
4259 0.0004270672823246663 1.8238646363217622e-05 0.0004453059286878839
4260 0.0004287380859392322 1.8381634633483646e-05 0.00044711972057271586
4261 0.0004304154261929508 1.852574391048595e-05 0.00044894117010343677
4262 0.00043209932865893603 1.867098298275032e-05 0.00045077031164168633
4263 0.00043378981901035104 1.881736070770331e-05 0.00045260717971805435
4264 0.00043548692302079924 1.8964886012212352e-05 0.00045445180903301157
4265 0.00043719066656471744 1.9113567893130194e-05 0.00045630423445784765
4266 0.00043890107561777127 1.9263415417843657e-05 0.00045816449103561495
4267 0.0004406181762572475 1.9414437724826282e-05 0.00046003261398207376
4268 0.000442341994662457 1.9566644024196113e-05 0.0004619086386866531
4269 0.00044407255711513045 1.9720043598277082e-05 0.0004637926007134076
4270 0.0004458098899998197 1.9874645802165135e-05 0.0004656845358019848
4271 0.0004475540198043002 2.003046006429879e-05 0.00046758447986859896
4272 0.0004493049731199749 2.0187495887034135e-05 0.000469492469007009
4273 0.0004510627766422803 2.0345762847224363e-05 0.00047140853948950465
4274 0.00045282745717109015 2.0505270596803548e-05 0.0004733327277678937
4275 0.00045459904161112923 2.066602886337572e-05 0.00047526507047450497
4276 0.0004563775569723801 2.0828047450807807e-05 0.00047720560442318795
4277 0.00045816303037049576 2.0991336239827582e-05 0.00047915436661032334
4278 0.0004599554890272129 2.1155905188626257e-05 0.00048111139421583917
4279 0.0004617549602707672 2.132176433346578e-05 0.000483076724604233
4280 0.00046356147153630976 2.148892378929089e-05 0.00048505039532560065
4281 0.0004653750503663264 2.1657393750346086e-05 0.0004870324441166725
4282 0.00046719572441105404 2.1827184490796954e-05 0.000489022908901851
4283 0.0004690235214289074 2.1998306365357276e-05 0.0004910218277942647
4284 0.0004708584692868988 2.217076980992014e-05 0.0004930292390968189
4285 0.0004727005959610641 2.2344585342194516e-05 0.0004950451813032586
4286 0.00047454992953688876 2.251976356234661e-05 0.0004970696930992354
4287 0.00047640649820973667 2.2696315153646382e-05 0.000499102813363383
4288 0.00047827033028528023 2.2874250883119104e-05 0.0005011445811683993
4289 0.0004801414541799288 2.305358160220167e-05 0.0005031950357821305
4290 0.0004820198984212671 2.3234318247404868e-05 0.0005052542166686721
4291 0.00048390569164848677 2.3416471840980035e-05 0.0005073221634894668
4292 0.0004857988626128237 2.3600053491591315e-05 0.000509398916104415
4293 0.00048769944017799634 2.3785074394993103e-05 0.0005114845145729895
4294 0.0004896074533206462 2.3971545834712872e-05 0.000513578999155359
4295 0.0004915229311307788 2.415947918273923e-05 0.000515682410313518
4296 0.0004934459028122092 2.4348885900215624e-05 0.0005177947887124248
4297 0.0004953763976830025 2.453977753813882e-05 0.0005199161752211413
4298 0.000497314445175927 2.4732165738064013e-05 0.000522046610913991
4299 0.0004992600748388993 2.492606223281433e-05 0.0005241861370717136
4300 0.0005012133163354351 2.5121478847196496e-05 0.0005263347951826316
4301 0.000503174199445102 2.5318427498721932e-05 0.000528492626943824
4302 0.0005051427540639738 2.5516920198333633e-05 0.0005306596742623074
4303 0.0005071190102050851 2.5716969051138523e-05 0.0005328359792562237
4304 0.0005091029979988916 2.5918586257145946e-05 0.0005350215842560375
4305 0.0005110947476937237 2.612178411201111e-05 0.0005372165318057348
4306 0.0005130942896562549 2.6326575007785677e-05 0.0005394208646640405
4307 0.0005151016543719605 2.653297143367307e-05 0.0005416346258056336
4308 0.0005171168724455831 2.6740985976790144e-05 0.0005438578584223732
4309 0.0005191399746015996 2.6950631322934947e-05 0.0005460906059245346
4310 0.0005211709916846892 2.7161920257360237e-05 0.0005483329119420494
4311 0.0005232099546602049 2.737486566555337e-05 0.0005505848203257583
4312 0.0005252568946146419 2.7589480534021702e-05 0.0005528463751486636
4313 0.0005273118427561168 2.7805777951085162e-05 0.0005551176207072019
4314 0.0005293748304148403 2.802377110767409e-05 0.0005573986015225144
4315 0.000531445889043595 2.824347329813371e-05 0.0005596893623417287
4316 0.0005335250502182158 2.8464897921034974e-05 0.0005619899481392509
4317 0.0005356123456380706 2.8688058479991595e-05 0.0005643004041180621
4318 0.0005377078071265437 2.8912968584483628e-05 0.0005666207757110273
4319 0.0005398114666315227 2.9139641950687547e-05 0.0005689511085822102
4320 0.0005419233562258804 2.936809240231225e-05 0.0005712914486281927
4321 0.0005440435081079709 2.9598333871442778e-05 0.0005736418419794137
4322 0.0005461719546021158 2.9830380399389564e-05 0.0005760023350015054
4323 0.0005483087281590984 3.0064246137544803e-05 0.0005783729742966432
4324 0.0005504538613566582 3.029994534824551e-05 0.0005807538067049038
4325 0.0005526073868999877 3.0537492405643274e-05 0.000583144879305631
4326 0.0005547693376222322 3.077690179658103e-05 0.0005855462394188133
4327 0.0005569397464849859 3.101818812147604e-05 0.000587957934606462
4328 0.000559118646578801 3.1261366095211015e-05 0.000590380012674012
4329 0.0005613060711236878 3.1506450548031046e-05 0.0005928125216717188
4330 0.0005635020534696225 3.175345642644813e-05 0.0005952555098960706
4331 0.0005657066270970553 3.200239879415268e-05 0.000597709025891208
4332 0.0005679198256174213 3.225329283293222e-05 0.0006001731184503535
4333 0.0005701416827736524 3.250615384359721e-05 0.0006026478366172496
4334 0.0005723722324406936 3.276099724691433e-05 0.0006051332296876079
4335 0.0005746115086260139 3.301783858454636e-05 0.0006076293472105603
4336 0.0005768595454701327 3.3276693520000804e-05 0.0006101362389901334
4337 0.0005791163772471351 3.3537577839584606e-05 0.0006126539550867197
4338 0.0005813820383651958 3.3800507453366994e-05 0.0006151825458185628
4339 0.0005836565633671036 3.406549839614978e-05 0.0006177220617632534
4340 0.0005859399869307882 3.433256682844523e-05 0.0006202725537592335
4341 0.00058823234386985 3.4601729037461744e-05 0.0006228340729073118
4342 0.000590533669134086 3.487300143809662e-05 0.0006254066705721828
4343 0.0005928439978100299 3.5146400573937876e-05 0.0006279903983839678
4344 0.0005951633651214825 3.542194311827271e-05 0.0006305853082397552
4345 0.0005974918064300495 3.5699645875104374e-05 0.0006331914523051539
4346 0.000599829357235681 3.597952578017702e-05 0.000635808883015858
4347 0.0006021760531772124 3.626159990200849e-05 0.0006384376530792209
4348 0.0006045319300329081 3.6545885442931286e-05 0.0006410778154758393
4349 0.000606897023721008 3.683239974014178e-05 0.0006437294234611498
4350 0.0006092713703002701 3.712116026675689e-05 0.000646392530567027
4351 0.0006116550059705282 3.741218463288069e-05 0.0006490671906034088
4352 0.0006140479670732381 3.7705490586677645e-05 0.0006517534576599157
4353 0.0006164502900920332 3.8001096015455194e-05 0.0006544513861074884
4354 0.0006188620116532813 3.829901894675461e-05 0.0006571610306000359
4355 0.000621283168526642 3.859927754945038e-05 0.0006598824460760924
4356 0.0006237137976256295 3.8901890134858474e-05 0.000662615687760488
4357 0.0006261539360081697 3.9206875157852305e-05 0.000665360811166022
4358 0.0006286036208771731 3.951425121798927e-05 0.0006681178720951623
4359 0.0006310628895810969 3.9824037060644365e-05 0.0006708869266417413
4360 0.0006335317796145154 4.013625157815349e-05 0.0006736680311926688
4361 0.0006360103286186924 4.0450913810965706e-05 0.0006764612424296581
4362 0.0006384985743821539 4.076804294880428e-05 0.0006792666173309581
4363 0.0006409965548412655 4.108765833183715e-05 0.0006820842131731027
4364 0.0006435043080808112 4.140977945185636e-05 0.0006849140875326675
4365 0.0006460218723345693 4.173442595346625e-05 0.0006877562982880355
4366 0.0006485492859859027 4.2061617635282426e-05 0.0006906109036211852
4367 0.0006510865875683396 4.239137445113852e-05 0.0006934779620194781
4368 0.0006536338157661617 4.272371651130326e-05 0.0006963575322774649
4369 0.0006561910094149938 4.3058664083706855e-05 0.0006992496734987007
4370 0.0006587582075023967 4.3396237595177076e-05 0.0007021544450975738
4371 0.0006613354491684624 4.373645763268519e-05 0.0007050719068011476
4372 0.0006639227737064054 4.4079344944600684e-05 0.0007080021186510061
4373 0.0006665202205631702 4.442492044195771e-05 0.000710945141005128
4374 0.0006691278293400273 4.4773205199729665e-05 0.0007139010345397569
4375 0.0006717456397931775 4.5124220458114536e-05 0.000716869860251292
4376 0.0006743736918343595 4.5477987623830365e-05 0.0007198516794581899
4377 0.000677012025531457 4.5834528271420615e-05 0.0007228465538028777
4378 0.0006796606811091105 4.6193864144570004e-05 0.0007258545452536805
4379 0.0006823196989493317 4.655601715743066e-05 0.0007288757161067624
4380 0.0006849891195921132 4.692100939595784e-05 0.0007319101289880711
4381 0.0006876689837360557 4.728886311925797e-05 0.0007349578468553137
4382 0.0006903593322389823 4.765960076094535e-05 0.0007380189329999276
4383 0.0006930602061185631 4.803324493051051e-05 0.0007410934510490736
4384 0.0006957716465529404 4.840981841469898e-05 0.0007441814649676394
4385 0.0006984936948813567 4.878934417890098e-05 0.0007472830390602577
4386 0.0007012263926047864 4.91718453685522e-05 0.0007503982379733385
4387 0.0007039697813865625 4.955734531054446e-05 0.0007535271266971069
4388 0.0007067239030530208 4.994586751464956e-05 0.0007566697705676704
4389 0.0007094887995941319 5.033743567495223e-05 0.0007598262352690841
4390 0.000712264513164142 5.073207367129522e-05 0.0007629965868354373
4391 0.0007150510860822167 5.1129805570735774e-05 0.0007661808916529525
4392 0.0007178485608330857 5.1530655629013234e-05 0.0007693792164620989
4393 0.0007206569800676903 5.193464829202833e-05 0.0007725916283597186
4394 0.0007234763866038354 5.234180819733424e-05 0.0007758181948011697
4395 0.0007263068234268367 5.2752160175638214e-05 0.000779058983602475
4396 0.0007291483336901842 5.316572925231722e-05 0.0007823140629425015
4397 0.0007320009607161949 5.358254064894322e-05 0.0007855835013651381
4398 0.0007348647479966745 5.400261978482159e-05 0.0007888673677814961
4399 0.0007377397391935804 5.44259922785412e-05 0.0007921657314721216
4400 0.0007406259781396875 5.485268394953689e-05 0.0007954786620892243
4401 0.000743523508839258 5.5282720819664215e-05 0.0007988062296589222
4402 0.0007464323754687064 5.571612911478559e-05 0.000802148504583492
4403 0.0007493526223772814 5.6152935266370854e-05 0.0008055055576436523
4404 0.0007522842940877371 5.659316591310849e-05 0.0008088774600008456
4405 0.0007552274352970125 5.703684790253033e-05 0.0008122642831995429
4406 0.0007581820908769132 5.7484008292648795e-05 0.000815666099169562
4407 0.0007611483058747957 5.793467435360715e-05 0.0008190829802284028
4408 0.0007641261255142538 5.838887356934251e-05 0.0008225149990835963
4409 0.0007671155951958098 5.884663363926215e-05 0.000825962228835072
4410 0.000770116760497601 5.9307982479931944e-05 0.000829424742977533
4411 0.0007731296671760833 5.9772948226780125e-05 0.0008329026154028634
4412 0.0007761543611667223 6.024155923581228e-05 0.0008363959204025347
4413 0.0007791908885846963 6.071384408534086e-05 0.0008399047326700372
4414 0.0007822392957255984 6.118983157772802e-05 0.0008434291273033264
4415 0.0007852996290661428 6.166955074114214e-05 0.0008469691798072849
4416 0.0007883719352648731 6.215303083132812e-05 0.0008505249660962012
4417 0.0007914562611628758 6.264030133339183e-05 0.0008540965624962676
4418 0.0007945526537844873 6.313139196359712e-05 0.0008576840457480843
4419 0.0007976611603380211 6.362633267117983e-05 0.000861287493009201
4420 0.0008007818282164807 6.412515364017293e-05 0.0008649069818566536
4421 0.0008039147049982841 6.462788529124782e-05 0.0008685425902895319
4422 0.0008070598384479889 6.51345582835694e-05 0.0008721943967315584
4423 0.0008102172765170209 6.564520351666587e-05 0.0008758624800336868
4424 0.0008133870673444063 6.615985213231336e-05 0.0008795469194767196
4425 0.0008165692592574994 6.667853551643412e-05 0.0008832477947739335
4426 0.0008197639007727296 6.720128530101217e-05 0.0008869651860737417
4427 0.0008229710405963335 6.77281333660212e-05 0.0008906991739623547
4428 0.0008261907276251004 6.82591118413693e-05 0.0008944498394664697
4429 0.0008294230109471168 6.87942531088581e-05 0.0008982172640559748
4430 0.0008326679398425153 6.933358980415786e-05 0.0009020015296466731
4431 0.0008359255637842257 6.987715481879756e-05 0.0009058027186030233
4432 0.0008391959324387314 7.042498130217118e-05 0.0009096209137409026
4433 0.000842479095666819 7.097710266355812e-05 0.0009134561983303772
4434 0.0008457751035243497 7.153355257416245e-05 0.0009173086560985121
4435 0.0008490840062630149 7.209436496916515e-05 0.00092117837123218
4436 0.0008524058543311043 7.265957404979398e-05 0.0009250654283808983
4437 0.0008557406983742752 7.322921428540923e-05 0.0009289699126596845
4438 0.0008590885892363244 7.380332041560582e-05 0.0009328919096519302
4439 0.0008624495779599652 7.438192745233221e-05 0.0009368315054122975
4440 0.000865823715787599 7.49650706820245e-05 0.0009407887864696235
4441 0.0008692110541621062 7.555278566775999e-05 0.0009447638398298662
4442 0.0008726116447276243 7.614510825142496e-05 0.0009487567529790493
4443 0.0008760255393303367 7.674207455590072e-05 0.0009527676138862374
4444 0.0008794527900192633 7.734372098726664e-05 0.0009567965110065299
4445 0.0008828934490470537 7.795008423702024e-05 0.000960843533284074
4446 0.0008863475688707844 7.856120128431498e-05 0.0009649087701550992
4447 0.0008898152021527599 7.91771093982157e-05 0.0009689923115509756
4448 0.0008932964017613085 7.979784613997011e-05 0.0009730942479012786
4449 0.0008967912207715994 8.042344936530156e-05 0.000977214670136901
4450 0.0009002997124664447 8.105395722671629e-05 0.000981353669693161
4451 0.0009038219303371129 8.168940817583048e-05 0.0009855113385129433
4452 0.0009073579280841451 8.232984096571527e-05 0.0009896877690498604
4453 0.0009109077596181739 8.297529465326008e-05 0.000993883054271434
4454 0.0009144714790607464 8.362580860155491e-05 0.0009980972876623014
4455 0.0009180491407451425 8.428142248228946e-05 0.001002330563227432
4456 0.0009216407992172145 8.49421762781746e-05 0.0010065829754953891
4457 0.0009252465092362108 8.560811028537935e-05 0.0010108546195215901
4458 0.0009288663257756131 8.627926511598874e-05 0.0010151455908916018
4459 0.000932500304023974 8.69556817004804e-05 0.0010194559857244544
4460 0.0009361484993857593 8.76374012902209e-05 0.0010237859006759803
4461 0.0009398109674821918 8.832446545998134e-05 0.0010281354329421731
4462 0.0009434877641521017 8.90169161104732e-05 0.0010325046802625748
4463 0.0009471789454527701 8.971479547090216e-05 0.0010368937409236721
4464 0.0009508845676607954 9.041814610154578e-05 0.0010413027137623411
4465 0.000954604687272943 9.112701089634734e-05 0.0010457316981692904
4466 0.0009583393610070099 9.184143308553239e-05 0.001050180794092542
4467 0.0009620886458026877 9.256145623824495e-05 0.0010546501020409326
4468 0.0009658525988224322 9.328712426520462e-05 0.0010591397230876368
4469 0.0009696312774523359 9.401848142138489e-05 0.0010636497588737209
4470 0.0009734247393029957 9.475557230871052e-05 0.0010681803116117062
4471 0.0009772330422104026 9.549844187877984e-05 0.0010727314840891823
4472 0.0009810562442368156 9.624713543560463e-05 0.0010773033796724202
4473 0.0009848944036716498 9.700169863837346e-05 0.0010818961023100232
4474 0.0009887475790323634 9.776217750423598e-05 0.0010865097565365995
4475 0.0009926158290653518 9.852861841110958e-05 0.0010911444474764613
4476 0.0009964992127468415 9.93010681005075e-05 0.001095800280847349
4477 0.0010003977892837925 0.00010007957368038992 0.0011004773629641825
4478 0.0010043116181147926 0.0001008641826280353 0.0011051758007428279
4479 0.0010082407589109754 0.00010165494279293796 0.0011098957017039134
4480 0.0010121852715769223 0.00010245190239972478 0.001114637173976647
4481 0.0010161452162515778 0.00010325511005109657 0.0011194003263026743
4482 0.001020120653309166 0.00010406461473079198 0.001124185268039958
4483 0.0010241116433601122 0.00010488046580657496 0.001128992109166687
4484 0.0010281182472519676 0.00010570271303324578 0.0011338209602852133
4485 0.0010321405260703292 0.0001065314065556736 0.0011386719326260029
4486 0.0010361785411397845 0.0001073665969118572 0.0011435451380516417
4487 0.0010402323540248369 0.00010820833503600536 0.0011484406890608422
4488 0.001044302026530847 0.00010905667226164337 0.0011533586987924904
4489 0.0010483876207049748 0.00010991166032474382 0.0011582992810297186
4490 0.001052489198837126 0.00011077335136688155 0.0011632625502040075
4491 0.001056606823460901 0.00011164179793841356 0.0011682486213993144
4492 0.0010607405573545509 0.00011251705300168433 0.0011732576103562352
4493 0.0010648904635419262 0.00011339916993425383 0.00117828963347618
4494 0.00106905660529345 0.00011428820253215553 0.0011833448078256055
4495 0.001073239046127075 0.00011518420501317537 0.0011884232511402504
4496 0.0010774378498092526 0.00011608723202015855 0.001193525081829411
4497 0.0010816530803559067 0.00011699733862434217 0.0011986504189802488
4498 0.0010858848020334085 0.00011791458032871348 0.001203799382362122
4499 0.001090133079359559 0.00011883901307139544 0.0012089720924309544
4500 0.001094397977104564 0.00011977069322905616 0.00121416867033362
4501 0.0010986795602920343 0.00012070967762034978 0.001219389237912384
4502 0.001102977894199969 0.00012165602350937982 0.0012246339177093488
4503 0.0011072930443617524 0.0001226097886091918 0.0012299028329709441
4504 0.001111625076567153 0.00012357103108529287 0.0012351961076524458
4505 0.0011159740568633268 0.00012453980955919917 0.001240513866422526
4506 0.001120340051555825 0.00012551618311201087 0.001245856234667836
4507 0.0011247231272096055 0.00012650021128801544 0.0012512233384976209
4508 0.0011291233506500401 0.00012749195409831736 0.0012566153047483576
4509 0.0011335407889639466 0.00012849147202450065 0.0012620322609884472
4510 0.0011379755095006024 0.00012949882602231557 0.0012674743355229182
4511 0.001142427579872773 0.0001305140775253961 0.001272941657398169
4512 0.0011468970679577445 0.00013153728844900712 0.0012784343564067515
4513 0.0011513840418983568 0.00013256852119381972 0.0012839525630921765
4514 0.0011558885701040457 0.00013360783864971754 0.0012894964087537633
4515 0.001160410721251876 0.00013465530419962994 0.001295066025451506
4516 0.0011649505642876035 0.00013571098172340058 0.001300661546011004
4517 0.001169508168426716 0.00013677493560168121 0.0013062831040283973
4518 0.0011740836031554909 0.000137847230719858 0.0013119308338753488
4519 0.001178676938232055 0.00013892793247200917 0.0013176048707040642
4520 0.001183288243687448 0.00014001710676489254 0.0013233053504523406
4521 0.0011879175898266902 0.00014111482002196525 0.0013290324098486554
4522 0.0011925650472298568 0.00014222113918743503 0.0013347861864172919
4523 0.0011972306867531436 0.00014333613173034038 0.001340566818483484
4524 0.001201914579529963 0.00014445986564866876 0.0013463744451786318
4525 0.0012066167969720183 0.0001455924094735013 0.0013522092064455196
4526 0.0012113374107703945 0.00014673383227319236 0.001358071243043587
4527 0.0012160764928966518 0.00014788420365758205 0.001363960696554234
4528 0.001220834115603923 0.00014904359378224127 0.0013698777093861642
4529 0.001225610351428017 0.0001502120733527507 0.0013758224247807677
4530 0.0012304052731885152 0.00015138971362901047 0.0013817949868175257
4531 0.0012352189539898966 0.0001525765864295894 0.0013877955404194857
4532 0.0012400514672226421 0.00015377276413610275 0.0013938242313587448
4533 0.0012449028865643569 0.0001549783196976268 0.0013998812062619836
4534 0.001249773285980892 0.00015619332663514764 0.0014059666126160397
4535 0.0012546627397274739 0.00015741785904604507 0.0014120805987735189
4536 0.0012595713223498349 0.00015865199160861116 0.001418223313958446
4537 0.0012644991086853542 0.00015989579958660552 0.0014243949082719596
4538 0.0012694461738641865 0.00016114935883384225 0.0014305955326980287
4539 0.0012744125933104244 0.00016241274579882012 0.0014368253391092445
4540 0.0012793984427432374 0.0001636860375293821 0.0014430844802726195
4541 0.001284403798178029 0.00016496931167741472 0.0014493731098554436
4542 0.0012894287359275958 0.00016626264650358374 0.0014556913824311794
4543 0.0012944733326032906 0.00016756612088210694 0.0014620394534853975
4544 0.0012995376651161936 0.00016887981430556483 0.0014684174794217584
4545 0.001304621810678274 0.00017020380688974584 0.0014748256175680199
4546 0.0013097258468035835 0.00017153817937853638 0.0014812640261821198
4547 0.001314849851309427 0.0001728830131488422 0.0014877328644582691
4548 0.0013199939023175516 0.0001742383902155518 0.0014942322925331035
4549 0.0013251580782553387 0.00017560439323653824 0.001500762471491877
4550 0.0013303424578569986 0.0001769811055177 0.0015073235633746985
4551 0.001335547120164771 0.00017836861101804132 0.0015139157311828124
4552 0.0013407721445301338 0.0001797669943547934 0.0015205391388849272
4553 0.0013460176106150005 0.00018117634080857154 0.0015271939514235721
4554 0.0013512835983929528 0.0001825967363285807 0.0015338803347215335
4555 0.0013565701881504473 0.00018402826753785402 0.0015405984556883013
4556 0.0013618774604880438 0.00018547102173853633 0.00154734848222658
4557 0.001367205496321633 0.00018692508691720827 0.0015541305832388413
4558 0.0013725543768836703 0.00018839055175025207 0.0015609449286339225
4559 0.0013779241837244159 0.00018986750560925976 0.0015677916893336754
4560 0.0013833149987131782 0.00019135603856648405 0.0015746710372796621
4561 0.001388726904039553 0.00019285624140032818 0.0015815831454398812
4562 0.0013941599822146925 0.00019436820560088717 0.0015885281878155796
4563 0.001399614316072552 0.00019589202337552374 0.0015955063394480758
4564 0.001405089988771156 0.00019742778765449278 0.001602517776425649
4565 0.0014105870837938664 0.00019897559209660845 0.0016095626758904748
4566 0.0014161056849506535 0.00020053553109495594 0.0016166412160456094
4567 0.0014216458763793788 0.00020210769978264918 0.001623753576162028
4568 0.0014272077425470655 0.0002036921940386291 0.0016308999365856945
4569 0.001432791368251203 0.00020528911049351545 0.0016380804787447184
4570 0.001438396838621029 0.00020689854653549705 0.001645295385156526
4571 0.0014440242391188297 0.00020852060031627148 0.0016525448394351012
4572 0.0014496736555412435 0.0002101553707570312 0.0016598290262982748
4573 0.0014553451740205682 0.0002118029575544958 0.001667148131575064
4574 0.0014610388810260748 0.00021346346118699246 0.0016745023422130674
4575 0.001466754863365329 0.00021513698292058446 0.0016818918462859133
4576 0.0014724932081855017 0.00021682362481524313 0.0016893168330007447
4577 0.0014782540029747166 0.00021852348973107734 0.001696777492705794
4578 0.0014840373355633721 0.0002202366813346033 0.0017042740168979754
4579 0.0014898432941254825 0.00022196330410506688 0.0017118065982305493
4580 0.0014956719671800232 0.00022370346334081603 0.0017193754305208392
4581 0.0015015234435922797 0.0002254572651657218 0.0017269807087580014
4582 0.0015073978125752065 0.00022722481653565175 0.0017346226291108584
4583 0.0015132951636907732 0.0002290062252449884 0.0017423013889357616
4584 0.0015192155868513505 0.0002308015999332093 0.0017500171867845598
4585 0.0015251591723210668 0.00023261105009150814 0.001757770222412575
4586 0.0015311260107171893 0.00023443468606947347 0.0017655606967866629
4587 0.0015371161930115037 0.00023627261908181786 0.0017733888120933217
4588 0.001543129810531703 0.00023812496121516097 0.001781254771746864
4589 0.0015491669549627782 0.00023999182543486464 0.0017891587803976429
4590 0.001555227718348421 0.00024187332559192355 0.0017971010439403446
4591 0.001561312193092413 0.00024376957642990402 0.001805081769522317
4592 0.001567420471960054 0.00024568069359194784 0.0018131011655520017
4593 0.0015735526480795644 0.00024760679362782095 0.0018211594417073852
4594 0.0015797088149435072 0.000249547994001022 0.0018292568089445292
4595 0.0015858890664102135 0.00025150441309594585 0.0018373934795061593
4596 0.0015920934967052142 0.0002534761702251036 0.0018455696669303179
4597 0.0015983222004226794 0.0002554633856363996 0.001853785586059079
4598 0.0016045752725268475 0.00025746618052046064 0.0018620414530473078
4599 0.0016108528083534923 0.0002594846770180333 0.0018703374853715257
4600 0.0016171549036113648 0.0002615189982274282 0.0018786739018387929
4601 0.0016234816543836536 0.0002635692682120285 0.001887050922595682
4602 0.0016298331571294518 0.00026563561200785565 0.0018954687691373074
4603 0.0016362095086852266 0.000267718155631195 0.0019039276643164215
4604 0.0016426108062662951 0.0002698170260862808 0.001912427832352576
4605 0.0016490371474683118 0.00027193235137304265 0.0019209694988413543
4606 0.001655488630268741 0.0002740642604949072 0.0019295528907636481
4607 0.0016619653530283716 0.000276212883466672 0.0019381782364950439
4608 0.0016684674144928043 0.0002783783513224303 0.0019468457658152346
4609 0.0016749949137939584 0.000280560796123563 0.0019555557099175214
4610 0.001681547950451585 0.00028276035096679264 0.001964308301418378
4611 0.0016881266243747835 0.00028497714999230016 0.001973103774367084
4612 0.001694731035863528 0.00028721132839190666 0.0019819423642554344
4613 0.001701361285610183 0.0002894630224173135 0.0019908243080274967
4614 0.0017080174747010604 0.00029173236938841873 0.001999749844089479
4615 0.0017146997046179448 0.0002940195077016867 0.0020087192123196315
4616 0.0017214080772396452 0.00029632457683858926 0.0020177326540782347
4617 0.001728142694843549 0.0002986477173741124 0.0020267904122176616
4618 0.00173490366010718 0.00030098907098532893 0.0020358927310925087
4619 0.0017416910761097644 0.00030334878046003893 0.002045039856569803
4620 0.0017485050463338068 0.0003057269897054788 0.0020542320360392857
4621 0.0017553456746666521 0.0003081238437570924 0.0020634695184237445
4622 0.0017622130654020916 0.00031053948878738364 0.0020727525541894753
4623 0.001769107323241939 0.00031297407211482587 0.002082081395356765
4624 0.00177602855329763 0.00031542774221284724 0.0020914562955104774
4625 0.0017829768610918247 0.0003179006487188856 0.0021008775098107103
4626 0.0017899523525600166 0.0003203929424435138 0.0021103452950035303
4627 0.0017969551340521518 0.0003229047753796387 0.0021198599094317903
4628 0.0018039853123342352 0.0003254363007117648 0.002129421613046
4629 0.00181104299458998 0.0003279876728253442 0.002139030667415324
4630 0.0018181282884224279 0.0003305590473161867 0.0021486873357386147
4631 0.0018252413018555933 0.0003331505809999501 0.0021583918828555434
4632 0.0018323821433361097 0.0003357624319217035 0.002168144575257813
4633 0.0018395509217348834 0.0003383947593655659 0.002177945681100449
4634 0.0018467477463487533 0.00034104772386441993 0.0021877954702131733
4635 0.0018539727269021617 0.00034372148720970374 0.0021976942141118654
4636 0.0018612259735488106 0.00034641621246127177 0.0022076421860100824
4637 0.0018685075968733651 0.0003491320639573478 0.002217639660830713
4638 0.0018758177078931238 0.00035186920732454126 0.002227686915217665
4639 0.0018831564180597153 0.00035462780948794975 0.002237784227547665
4640 0.0018905238392607972 0.00035740803868133844 0.0022479318779421355
4641 0.0018979200838217627 0.00036021006445740065 0.0022581301482791634
4642 0.0019053452645074553 0.0003630340576980985 0.002268379322205554
4643 0.0019127994945238747 0.00036588019062507905 0.0022786796851489537
4644 0.0019202828875199245 0.0003687486368101859 0.0022890315243301105
4645 0.0019277955575891298 0.00037163957118603835 0.0022994351287751683
4646 0.0019353376192713812 0.00037455317005670176 0.002309890789328083
4647 0.00194290918755468 0.00037748961110843865 0.0023203987986631187
4648 0.0019505103778768922 0.0003804490734205457 0.002330959451297438
4649 0.0019581413061275084 0.00038343173747627443 0.002341573043603783
4650 0.0019658020886494138 0.00038643778517383974 0.0023522398738232537
4651 0.0019734928422406473 0.00038946739983750686 0.0023629602420781543
4652 0.001981213684156205 0.00039252076622878034 0.0023737344503849856
4653 0.0019889647321098135 0.0003955980705576662 0.0023845628026674796
4654 0.0019967461042757267 0.00039869950049402917 0.002395445604769756
4655 0.002004557919290528 0.00040182524517903703 0.002406383164469565
4656 0.0020124002962549413 0.00040497549523669753 0.002417375791491639
4657 0.0020202733547356466 0.0004081504427854824 0.002428423797521129
4658 0.002028177214767091 0.00041135028145003954 0.0024395274962171307
4659 0.002036111996853341 0.00041457520637300997 0.0024506872032263507
4660 0.002044077821969903 0.0004178254142269224 0.0024619032361968256
4661 0.002052074811565573 0.00042110110322618824 0.002473175914791761
4662 0.0020601030875642876 0.00042440247313919107 0.0024845055607034786
4663 0.002068162772366984 0.0004277297253004689 0.002495892497667453
4664 0.002076253988853464 0.00043108306262299204 0.002507337051476456
4665 0.002084376860384273 0.00043446268961054 0.0025188395499948133
4666 0.002092531510802565 0.00043786881237016653 0.0025304003231727316
4667 0.002100718064436014 0.00044130163862477926 0.002542019703060793
4668 0.002108936646098693 0.00044476137772580035 0.0025536980238244932
4669 0.0021171873810929827 0.00044824824066593623 0.002565435621758919
4670 0.0021254703952114803 0.00045176244009204465 0.0025772328353035247
4671 0.002133785814738918 0.00045530419031810277 0.0025890900050570204
4672 0.002142133766454088 0.00045887370733827784 0.0026010074737923662
4673 0.0021505143776317814 0.0004624712088401008 0.0026129855864718823
4674 0.002158927776044708 0.0004660969142177348 0.002625024690262443
4675 0.0021673740899654736 0.00046975104458536645 0.00263712513455084
4676 0.0021758534481685163 0.0004734338227906822 0.0026492872709591984
4677 0.0021843659799320758 0.0004771454734284618 0.0026615114533605376
4678 0.0021929118150401626 0.000480886222854274 0.0026737980378944365
4679 0.002201491083784538 0.000484656299198282 0.00268614738298282
4680 0.0022101039169667054 0.0004884559323791574 0.002698559849345863
4681 0.0022187504458998845 0.0004922853541180936 0.002711035800017978
4682 0.002227430802411042 0.0004961447979529498 0.002723575600363992
4683 0.002236145118842884 0.0005000344992524856 0.0027361796180953696
4684 0.0022448935280558763 0.0005039546952307159 0.0027488482232865923
4685 0.0022536761634302715 0.0005079056249613788 0.0027615817883916505
4686 0.002262493158868142 0.0005118875293925145 0.0027743806882606567
4687 0.002271344648795422 0.00051590065136116 0.002787245300156582
4688 0.002280230768163961 0.0005199452356081608 0.002800176003772122
4689 0.0022891516524535622 0.0005240215287930874 0.0028131731812466496
4690 0.0022981074376740777 0.0005281297795092914 0.002826237217183369
4691 0.0023070982603674624 0.0005322702382990572 0.0028393684986665196
4692 0.0023161242576098602 0.0005364431576688826 0.0028525674152787427
4693 0.0023251855670136947 0.0005406487921048798 0.002865834359118575
4694 0.002334282326729766 0.0005448873980882931 0.0028791697248180593
4695 0.0023434146754493634 0.0005491592341111446 0.002892573909560508
4696 0.002352582752406359 0.0005534645606919881 0.0029060473130983473
4697 0.002361786697379362 0.0005578036403918114 0.0029195903377711736
4698 0.0023710266506938265 0.0005621767378300386 0.002933203388523865
4699 0.0023803027532242 0.0005665841197006707 0.0029468868729248705
4700 0.0023896151463960675 0.0005710260547885499 0.0029606412011846175
4701 0.002398963972188311 0.0005755028139857519 0.002974466786174063
4702 0.002408349373135271 0.0005800146703081054 0.0029883640434433764
4703 0.002417771492328928 0.0005845618989118452 0.003002333391240773
4704 0.002427230473421061 0.0005891447771103828 0.0030163752505314436
4705 0.0024367264606254694 0.0005937635843912326 0.003030490045016702
4706 0.0024462595987201513 0.0005984186024330475 0.0030446782011531986
4707 0.002455830033049516 0.0006031101151227986 0.0030589401481723143
4708 0.002465437909526598 0.0006078384085730882 0.003073276318099686
4709 0.0024750833746352867 0.0006126037711395999 0.0030876871457748865
4710 0.002484766575432558 0.0006174064934386843 0.0031021730688712426
4711 0.0024944876595507028 0.0006222468683650742 0.0031167345279157765
4712 0.002504246775199602 0.0006271251911097606 0.0031313719663093624
4713 0.0025140440711689705 0.0006320417591779851 0.0031460858303469555
4714 0.002523879696830629 0.0006369968724073868 0.0031608765692380156
4715 0.002533753802140781 0.0006419908329862864 0.0031757446351270676
4716 0.0025436665376423 0.0006470239454721167 0.003190690483114417
4717 0.0025536180544670243 0.0006520965168099951 0.0032057145712770193
4718 0.0025636085043380607 0.0006572088563514428 0.0032208173606895034
4719 0.0025736380395720987 0.0006623612758732515 0.00323599931544535
4720 0.0025837068130817316 0.0006675540895964957 0.003251260902678227
4721 0.002593814978377799 0.0006727876142057022 0.0032666025925835013
4722 0.0026039626895716862 0.0006780621688681409 0.003282024858439827
4723 0.0026141501013777343 0.0006833780752533218 0.0032975281766310562
4724 0.00262437736911556 0.0006887356575525908 0.0033131130266681507
4725 0.0026346446487124312 0.000694135242498905 0.003328779891211336
4726 0.0026449520967056473 0.0006995771593867599 0.0033445292560924074
4727 0.002655299870244923 0.0007050617400922703 0.0033603616103371928
4728 0.0026656881270947863 0.000710589319093411 0.003376277446188197
4729 0.0026761170256369825 0.000716160233490413 0.0033922772591273957
4730 0.0026865867248728904 0.0007217748230263244 0.0034083615478992147
4731 0.0026970973844259445 0.0007274334301077271 0.0034245308145336717
4732 0.0027076491645440697 0.0007331363998256199 0.0034407855643696895
4733 0.0027182422261021254 0.0007388840799764638 0.003457126306078589
4734 0.0027288767306043564 0.0007446768210833921 0.0034735535516877483
4735 0.0027395528401868564 0.0007505149764175872 0.0034900678166044437
4736 0.00275027071762004 0.0007563989020198251 0.003506669619639865
4737 0.002761030526311135 0.0007623289567221944 0.0035233594830333297
4738 0.002771832430306629 0.0007683055021699554 0.0035401379324765843
4739 0.002782676594294838 0.000774328902843632 0.0035570054971384704
4740 0.002793563183608372 0.0007803995260812144 0.0035739627096895866
4741 0.002804492364226669 0.0007865177421005691 0.0035910101063272378
4742 0.0028154643027785203 0.0007926839240220139 0.0036081482268005343
4743 0.002826479166544618 0.000798898447891076 0.003625377614435694
4744 0.0028375371234601 0.0008051616927014219 0.003642698816161522
4745 0.0028486383421171125 0.0008114740404179731 0.0036601123825350857
4746 0.00285978299176738 0.0008178358760001986 0.003677618867767579
4747 0.002870971242324787 0.000824247587425593 0.00369521882975038
4748 0.0028822032643679657 0.0008307095657133358 0.0037129128300813015
4749 0.0028934792291429 0.0008372222049481391 0.003730701434091039
4750 0.0029047993085655334 0.00084378590230428 0.0037485852108698134
4751 0.0029161636752243923 0.0008504010580698236 0.0037665647332942157
4752 0.0029275725023832286 0.0008570680756710399 0.0037846405780542682
4753 0.002939025963983612 0.0008637873616969801 0.0038028133256805922
4754 0.0029505242346476567 0.000870559325924314 0.0038210835605719706
4755 0.002962067489680633 0.0008773843813422927 0.0038394518710229255
4756 0.002973655905073654 0.0008842629441779412 0.0038579188492515954
4757 0.002985289657506357 0.0008911954339214423 0.003876485091427799
4758 0.002996968924349599 0.0008981822733517193 0.0038951511977013183
4759 0.0030086938836681597 0.0009052238885622193 0.003913917772230379
4760 0.0030204647142234578 0.0009123207089868995 0.003932785423210357
4761 0.0030322815954762737 0.0009194731674264136 0.003951754762902687
4762 0.0030441447075894887 0.0009266817000745093 0.003970826407663998
4763 0.0030560542314308297 0.0009339467465446279 0.003990000977975458
4764 0.003068010348575628 0.0009412687498967146 0.004009279098472342
4765 0.0030800132413095855 0.000948648156664238 0.004028661397973823
4766 0.003092063092631558 0.0009560854168814237 0.004048148509512982
4767 0.0031041600862563535 0.0009635809841107052 0.004067741070367059
4768 0.0031163044066174848 0.0009711353154703554 0.00408743972208784
4769 0.003128496238870057 0.0009787488716624093 0.004107245110532467
4770 0.0031407357688935404 0.0009864221170007299 0.0041271578858942705
4771 0.0031530231832946148 0.0009941555194393306 0.004147178702733945
4772 0.003165358669410018 0.0010019495506009158 0.004167308220010933
4773 0.003177742415309399 0.0010098046858056414 0.004187547101115041
4774 0.0031901746097981873 0.0010177214041001015 0.004207896013898289
4775 0.00320265544242047 0.0010257001882865457 0.004228355630707016
4776 0.003215185103461883 0.0010337415249523198 0.004248926628414203
4777 0.003227763783952511 0.001041845904499543 0.004269609688452054
4778 0.0032403916756698 0.0010500138211750134 0.004290405496844813
4779 0.0032530689711414832 0.0010582457731003509 0.004311314744241834
4780 0.003265795863648513 0.0010665422623023738 0.004332338125950887
4781 0.003278572547228011 0.001074903794743717 0.004353476341971728
4782 0.003291399216676238 0.0010833308803536953 0.004374730097029933
4783 0.0033042760675515096 0.0010918240330593668 0.004396100100610876
4784 0.0033172032961772597 0.0011003837708169278 0.004417587066994188
4785 0.0033301810996449804 0.001109010615643265 0.004439191715288246
4786 0.0033432096758172383 0.0011177050936478003 0.004460914769465038
4787 0.0033562892233306926 0.0011264677350645744 0.004482756958395267
4788 0.0033694199415991236 0.0011352990742845841 0.0045047190158837075
4789 0.0033826020308164724 0.0011441996498883723 0.0045268016807048445
4790 0.003395835691959893 0.0011531700046788725 0.004549005696638766
4791 0.0034091211267928178 0.001162210685714513 0.004571331812507331
4792 0.003422458537868032 0.0011713222443425788 0.004593780782210611
4793 0.0034358481285307624 0.0011805052362328344 0.004616353364763597
4794 0.003449290102921778 0.001189760221411413 0.004639050324333191
4795 0.0034627846659805025 0.0011990877642949701 0.0046618724302754724
4796 0.0034763320234481375 0.001208488433725102 0.0046848204571732395
4797 0.003489932381870816 0.0012179628030030507 0.004707895184873866
4798 0.0035035859486026912 0.001227511449924622 0.004731097398527314
4799 0.0035172929318091867 0.0012371349568154864 0.004754427888624673
4800 0.0035310535404701106 0.0012468339105666504 0.0047778874510367615
4801 0.0035448679843828575 0.0012566089026702582 0.004801476887053116
4802 0.0035587364741656064 0.0012664605292556652 0.004825197003421272
4803 0.003572659221260532 0.0012763893911257912 0.004849048612386324
4804 0.003586636437937029 0.0012863960937937618 0.004873032531730791
4805 0.0036006683372949468 0.0012964812475198355 0.004897149584814782
4806 0.00361475513326784 0.0013066454673486198 0.00492140060061646
4807 0.0036288970406262297 0.0013168893731465808 0.00494578641377281
4808 0.003643094274980878 0.0013272135896398448 0.0049703078646207224
4809 0.003657347052786074 0.0013376187464522982 0.004994965799238372
4810 0.003671655591342937 0.0013481054781439854 0.0050197610694869225
4811 0.0036860201088027254 0.0013586744242498055 0.005044694533052531
4812 0.003700440824170181 0.001369326229318529 0.00506976705348871
4813 0.003714917957306806 0.0013800615429520574 0.005094979500258863
4814 0.0037294517289343074 0.0013908810198451093 0.005120332748779417
4815 0.003744042360637898 0.0014017853198251004 0.005145827680462999
4816 0.003758690074869695 0.0014127751078923953 0.00517146518276209
4817 0.003773395094952107 0.0014238510542608621 0.005197246149212969
4818 0.0037881576450812422 0.0014350138343987462 0.005223171479479988
4819 0.0038029779503303243 0.0014462641290698634 0.005249242079400187
4820 0.0038178562366531243 0.0014576026243751157 0.00527545886102824
4821 0.0038327927308874073 0.001469030011794335 0.005301822742681742
4822 0.003847787660758388 0.001480546988228451 0.005328334648986839
4823 0.0038628412548822057 0.0014921542560419933 0.005354995510924199
4824 0.0038779537427694076 0.0015038525231059257 0.005381806265875333
4825 0.003893125354828448 0.001515642502840813 0.005408767857669261
4826 0.003908356322369203 0.0015275249142603325 0.0054358812366295355
4827 0.003923646877606514 0.0015395004820151345 0.005463147359621648
4828 0.003938997253663656 0.0015515699364369822 0.005490567190100638
4829 0.003954407684575999 0.0015637340135833716 0.005518141698159371
4830 0.003969878405294507 0.0015759934552823658 0.005545871860576873
4831 0.003985409651689333 0.0015883490091778494 0.005573758660867183
4832 0.004001001660553422 0.0016008014287751244 0.005601803089328547
4833 0.004016654669606115 0.001613351473486861 0.005630006143092976
4834 0.004032368917496777 0.001625999908679413 0.00565836882617619
4835 0.004048144643808434 0.001638747505719491 0.005686892149527925
4836 0.004063982089061426 0.0016515950420212069 0.005715577131082632
4837 0.004079881494717074 0.0016645433010934827 0.005744424795810557
4838 0.004095843103181362 0.001677593072587833 0.005773436175769195
4839 0.004111867157808632 0.0016907451523465239 0.005802612310155156
4840 0.004127953902905296 0.0017040003424511063 0.005831954245356402
4841 0.004144103583733556 0.0017173594512713303 0.005861463035004886
4842 0.004160316446515167 0.0017308232935144582 0.0058911397400296245
4843 0.004176592738435116 0.001744392690274894 0.00592098542871001
4844 0.004192932707645499 0.001758068469084342 0.005951001176729842
4845 0.004209336603269234 0.0017718514639622172 0.0059811880672314514
4846 0.004225804675403874 0.001785742515466524 0.006011547190870398
4847 0.004242337175125421 0.0017997424707451135 0.006042079645870535
4848 0.004258934354492157 0.0018138521835873525 0.006072786538079509
4849 0.004275596466548484 0.0018280725144761887 0.0061036689810246725
4850 0.004292323765328782 0.0018424043306406253 0.006134728095969407
4851 0.004309116505861283 0.0018568485061086154 0.006165965011969899
4852 0.00432597494417196 0.0018714059217603593 0.0061973808659323195
4853 0.004342899337288428 0.0018860774653820266 0.006228976802670455
4854 0.0043598899432438646 0.0019008640317198988 0.006260753974963763
4855 0.004376947021080943 0.0019157665225349343 0.006292713543615878
4856 0.004394070830855784 0.0019307858466577643 0.006324856677513549
4857 0.004411261633641934 0.0019459229200441302 0.006357184553686064
4858 0.0044285196915342774 0.0019611786658306853 0.006389698357364963
4859 0.0044458452676531405 0.0019765540143913823 0.006422399282044523
4860 0.004463238626148228 0.0019920499033941525 0.00645528852954238
4861 0.004480700032202673 0.002007667277858103 0.006488367310060776
4862 0.004498229752037073 0.0020234070902111503 0.006521636842248223
4863 0.004515828052913556 0.0020392703003481037 0.00655509835326166
4864 0.004533495203139853 0.002055257875689206 0.006588753078829059
4865 0.004551231472073387 0.002071370791239129 0.006622602263312516
4866 0.004569037130125378 0.002087610029646435 0.006656647159771814
4867 0.004586912448764973 0.0021039765812635083 0.006690889030028482
4868 0.004604857700523379 0.0021204714442069465 0.006725329144730325
4869 0.004622873158998017 0.00213709562441843 0.006759968783416446
4870 0.004640959098856696 0.002153850135726076 0.006794809234582772
4871 0.004659115795841804 0.0021707359999062607 0.006829851795748064
4872 0.004677343526774524 0.002187754246745954 0.006865097773520477
4873 0.004695642569558983 0.002204905914105449 0.0069005484836644326
4874 0.004714013203186601 0.0022221920479817596 0.00693620525116836
4875 0.00473245570774027 0.002239613702572346 0.006972069410312616
4876 0.0047509703643986425 0.002257171940339417 0.00700814230473806
4877 0.00476955745544042 0.0022748678320747297 0.007044425287515151
4878 0.0047882172642486525 0.002292702456964885 0.007080919721213537
4879 0.004806950075315064 0.00231067690265715 0.007117626977972214
4880 0.004825756174244387 0.0023287922653257823 0.007154548439570169
4881 0.004844635847758716 0.002347049649738881 0.007191685497497597
4882 0.004863589383701882 0.0023654501693257646 0.007229039553027646
4883 0.004882617071043841 0.002383994946244873 0.007266612017288714
4884 0.004901719199885074 0.002402685111452197 0.0073044043113372715
4885 0.0049208960614610196 0.0024215218047702576 0.007342417866231277
4886 0.004940147948146505 0.002440506174957612 0.007380654123104117
4887 0.004959475153460228 0.002459639379778935 0.007419114533239162
4888 0.0049788779720691505 0.002478922586075542 0.007457800558144693
4889 0.004998356699793116 0.0024983569698366725 0.007496713669629788
4890 0.005017911633609272 0.002517943716271127 0.007535855349880398
4891 0.005037543071656622 0.002537684019879563 0.007575227091536185
4892 0.005057251313240572 0.002557579084527349 0.0076148303977679205
4893 0.0050770366588374916 0.002577630123517976 0.007654666782355468
4894 0.005096899410099295 0.0025978383596670543 0.00769473776976635
4895 0.005116839869858044 0.0026182050253768883 0.007735044895234932
4896 0.005136858342130557 0.002638731362711629 0.007775589704842186
4897 0.005156955132123053 0.00265941862347303 0.007816373755596084
4898 0.0051771305462358 0.002680268069276779 0.00785739861551258
4899 0.005197384892067787 0.0027012809716294483 0.007898665863697234
4900 0.005217718478421414 0.002722458612006028 0.007940177090427443
4901 0.0052381316153072 0.0027438022819280816 0.007981933897235283
4902 0.005258624613948532 0.0027653132830425344 0.008023937896991067
4903 0.005279197786786322 0.0027869929272009604 0.008066190713987283
4904 0.005299851447483902 0.002808842536539721 0.008108693984023623
4905 0.005320585910931717 0.0028308634435605094 0.008151449354492227
4906 0.005341401493252152 0.0028530569912116315 0.008194458484463783
4907 0.005362298511804346 0.0028754245329699105 0.008237723044774256
4908 0.005383277285189035 0.002897967432923223 0.008281244718112257
4909 0.005404338133253408 0.0029206870658536935 0.008325025199107102
4910 0.005425481377095983 0.0029435848173215325 0.008369066194417515
4911 0.005446707339071504 0.0029666620837495382 0.008413369422821042
4912 0.0054680163427958525 0.002989920272508253 0.008457936615304106
4913 0.005489408713150984 0.003013360802001794 0.008502769515152778
4914 0.005510884776289883 0.003036985101754359 0.008547869878044241
4915 0.005532444859641531 0.0030607946124974 0.008593239472138931
4916 0.005554089291915902 0.0030847907862574884 0.00863888007817339
4917 0.005575818403108996 0.0031089750864448954 0.00868479348955389
4918 0.005597632524507777 0.0031333489879427304 0.008730981512450508
4919 0.005619531988695364 0.003157913977197047 0.008777445965892411
4920 0.00564151712955601 0.003182671552307389 0.0088241886818634
4921 0.005663588282280213 0.003207623223118173 0.008871211505398387
4922 0.005685745783369827 0.003232770511310777 0.008918516294680604
4923 0.005707989970643193 0.003258114950496328 0.008966104921139521
4924 0.005730321183240291 0.003283658086309241 0.009013979269549532
4925 0.005752739761627906 0.0033094014765014702 0.009062141238129377
4926 0.005775246047604827 0.0033353466910375175 0.009110592738642344
4927 0.005797840384307047 0.003361495312190169 0.009159335696497217
4928 0.005820523116213006 0.003387848934636997 0.009208372050850004
4929 0.005843294589148834 0.0034144091655576034 0.009257703754706437
4930 0.005866155150293626 0.0034411776247316437 0.00930733277502527
4931 0.005889105148184741 0.003468155944637602 0.009357261092822342
4932 0.005912144932723132 0.00349534577055238 0.009407490703275512
4933 0.005935274855178587 0.0035227487606515197 0.009458023615830107
4934 0.005958495268195231 0.0035503665861104958 0.009508861854305727
4935 0.005981806525796806 0.0035782009312065256 0.009560007457003332
4936 0.006005208983392089 0.0036062534934213045 0.009611462476813394
4937 0.006028702997780313 0.0036345259835445327 0.009663228981324845
4938 0.006052288927156608 0.003663020125778248 0.009715309052934856
4939 0.0060759671311174605 0.0036917376578419745 0.009767704788959435
4940 0.0060997379706661985 0.0037206803310786993 0.009820418301744897
4941 0.006123601808218489 0.0037498499105616746 0.009873451718780164
4942 0.006147559007607872 0.003779248175202069 0.00992680718280994
4943 0.006171609934091302 0.003808876917857445 0.009980486851948748
4944 0.006195754954354718 0.003838737945441103 0.01003449289979582
4945 0.006219994436518633 0.003868833079032275 0.010088827515550909
4946 0.006244328750143752 0.003899164153987183 0.010143492904130936
4947 0.006268758266236623 0.003929733020050999 0.010198491286287623
4948 0.006293283357255199 0.003960541541470526 0.010253824898725724
4949 0.006317904397114666 0.003991591597108083 0.010309495994222748
4950 0.0063426217611930414 0.004022885080555952 0.010365506841748993
4951 0.006367435826336926 0.004054423900251901 0.010421859726588828
4952 0.006392346970867245 0.004086209979595565 0.01047855695046281
4953 0.00641735557458502 0.004118245257065743 0.010535600831650763
4954 0.006442462018777156 0.004150531686338624 0.01059299370511578
4955 0.006467666686222258 0.004183071236406921 0.010650737922629178
4956 0.006492969961196465 0.004215865891699962 0.010708835852896427
4957 0.006518372229479306 0.004248917652204702 0.010767289881684008
4958 0.0065438738783595895 0.004282228533587697 0.010826102411947286
4959 0.006569475296641299 0.004315800567318028 0.010885275863959328
4960 0.0065951768746495285 0.004349635800791192 0.01094481267544072
4961 0.006620979004236428 0.00438373629745396 0.011004715301690388
4962 0.006646882078787209 0.004418104136930257 0.011064986215717467
4963 0.006672886493226029 0.004452741415147837 0.011125627908373865
4964 0.006698992644022181 0.004487650244466329 0.01118664288848851
4965 0.006725200929196024 0.004522832753805906 0.01124803368300193
4966 0.006751511748325082 0.004558291088777162 0.011309802837102244
4967 0.0067779255025501375 0.004594027411811954 0.01137195291436209
4968 0.0068044425945813425 0.0046300439022952875 0.01143448649687663
4969 0.00683106342870436 0.004666342756698217 0.011497406185402577
4970 0.006857788410786532 0.004702926188711806 0.011560714599498338
4971 0.0068846179482830614 0.004739796429382127 0.011624414377665189
4972 0.006911552450243229 0.004776955727246318 0.011688508177489548
4973 0.006938592327316625 0.004814406348469713 0.011752998675786337
4974 0.006965737991759416 0.004852150576984051 0.011817888568743468
4975 0.006992989857440625 0.004890190714626746 0.011883180572067371
4976 0.007020348339848445 0.004928529081281282 0.011948877421129728
4977 0.0070478138560966 0.0049671680150187225 0.012014981871115323
4978 0.007075386824930588 0.005006109872240134 0.012081496697170721
4979 0.007103067666734244 0.005045357027820545 0.012148424694554788
4980 0.007130856803536027 0.005084911875253605 0.012215768678789632
4981 0.0071587546590154896 0.0051247768267975976 0.012283531485813088
4982 0.007186761658509731 0.0051649543136225535 0.012351715972132284
4983 0.0072148782290198865 0.005205446785958513 0.0124203250149784
4984 0.007243104799217637 0.0052462567132449565 0.012489361512462594
4985 0.007271441799451742 0.005287386584281398 0.01255882838373314
4986 0.007299889661754605 0.005328838907379175 0.012628728569133779
4987 0.007328448819848856 0.005370616210514409 0.012699065030363265
4988 0.007357119709153966 0.005412721041482174 0.012769840750636141
4989 0.0073859027667928885 0.005455155968051884 0.012841058734844773
4990 0.007414798431598719 0.005497923578123882 0.012912722009722601
4991 0.007443807144121386 0.0055410264798872585 0.012984833624008645
4992 0.007472929346634403 0.005584467301978969 0.013057396648613372
4993 0.007502165483141486 0.005628248693643952 0.013130414176785437
4994 0.007531515999383504 0.00567237332489697 0.013203889324280474
4995 0.007560981342845157 0.005716843886685256 0.013277825229530412
4996 0.007590561962761828 0.005761663091052669 0.013352225053814497
4997 0.007620258310126428 0.005806833671305089 0.013427091981431518
4998 0.00765007083769628 0.005852358382177106 0.013502429219873387
4999 0.007680000000000001 0.005898240000000002 0.013578240000000002
